:020000020000FC
:040000003880006FD5
:0400010000000000FB
:0400020000000000FA
:0400030000000000F9
:0400040000000000F8
:0400050000000000F7
:0400060000000000F6
:0400070000000000F5
:04000800FC010113E3
:04000900001120239F
:04000A00005122235C
:04000B000061242349
:04000C000071262336
:04000D0000A1282303
:04000E0000B12A23F0
:04000F0000C12C23DD
:0400100000D12E23CA
:0400110002E12023C5
:0400120002F12223B2
:04001300030124239E
:04001400031126238B
:0400150003C12823D8
:0400160003D12A23C5
:0400170003E12C23B2
:0400180003F12E239F
:0400190034202573F7
:04001A00341025F386
:04001B0034302673E4
:04001C0019C000EF18
:04001D003415107313
:04001E00000120833A
:04001F0000412283F7
:040020000081230335
:0400210000C1238374
:04002200018126032F
:0400230001C126836E
:0400240002012703AB
:0400250002412783EA
:040026000281280328
:0400270002C1288367
:0400280003012E039F
:0400290003412E83DE
:04002A0003812F031C
:04002B0003C12F835B
:04002C0001012503A6
:04002D0001412583E5
:04002E0004010113B5
:04002F00302000730A
:0400300034302673CF
:04003100148000EF48
:0400320034151073FE
:04003300FADFF06F91
:04003400FD010113B6
:0400350002812623FB
:0400360003010413AB
:04003700FCA42E23D4
:04003800FE04262379
:04003900FEC4278357
:04003A000007851323
:04003B0002C12403D7
:04003C0003010113A8
:04003D0000008067D8
:04003E00FF010113AA
:04003F0000812623F3
:0400400001010413A3
:040041000010007338
:0400420000000013A7
:0400430000C12403D1
:0400440001010113A2
:0400450000008067D0
:04004600FD010113A4
:040047000211262359
:0400480002812423EA
:040049000301041398
:04004A00000000139F
:04004B00344027F323
:04004C00FEF420237B
:04004D00304027F325
:04004E00FEF4222377
:04004F00FE04270381
:04005000FE442783C0
:0400510000F777B38A
:040052000107D79338
:04005300FCF42A236C
:04005400FC042E2357
:0400550000100793FD
:04005600FCF42C2367
:04005700FD4427033A
:04005800FD84278379
:0400590000F777B382
:04005A0006078263B0
:04005B000000A7B743
:04005C00D1478713EE
:04005D00FDC4278334
:04005E00003797933D
:04005F0000F707B3EC
:040060000007A703EB
:040061000000A7B73D
:04006200D147869369
:04006300FDC427832E
:040064000037979337
:0400650000F687B367
:040066000047A78325
:0400670000078513F6
:04006800000700E7A6
:040069000000001380
:04006A00344027F304
:04006B00FEF4242358
:04006C00304027F306
:04006D00FEF4262354
:04006E00FE842703E2
:04006F00FEC4278321
:0400700000F777B36B
:040071000107D79319
:040072000200006F19
:04007300FD8427835E
:040074000017979347
:04007500FCF42C2348
:04007600FDC427831B
:040077000017879354
:04007800FCF42E2343
:04007900F79FF06F8E
:04007A00FCF42A2345
:04007B00FD44278396
:04007C00F60790E310
:04007D00000000136C
:04007E00000000136B
:04007F0002C1208317
:0400800002812403D2
:040081000301011363
:040082000000806793
:04008300FD01011367
:04008400021126231C
:0400850002812423AD
:04008600030104135B
:04008700FCA42E2384
:04008800FCB42C2375
:04008900FCC42A2366
:04008A00FDC4270387
:04008B00800007B733
:04008C0000F777B34F
:04008D00FEF4242336
:04008E00FDC4270383
:04008F00800007B72F
:04009000FFF787935C
:0400910000F777B34A
:04009200FEF426232F
:04009300FE8427833D
:04009400080788636E
:04009500FEC427037B
:04009600003007939C
:0400970004F7006307
:04009800FEC4270378
:040099000070079359
:04009A0006F71263F0
:04009B000000A7B703
:04009C00CAC7A783A5
:04009D00080782636B
:04009E00000000134B
:04009F000000A7B7FF
:0400A000CAC7A783A1
:0400A100FD442603F1
:0400A200FD84258331
:0400A300FDC4250370
:0400A400000780E7EA
:0400A5000000001344
:0400A6000600006FE1
:0400A7000000A7B7F7
:0400A800CA87A783D9
:0400A90004078E6357
:0400AA00000000133F
:0400AB000000A7B7F3
:0400AC00CA87A783D5
:0400AD00FD442603E5
:0400AE00FD84258325
:0400AF00FDC4250364
:0400B000000780E7DE
:0400B1000000001338
:0400B2000380006F58
:0400B300FEC427035D
:0400B40000F00793BE
:0400B50002E7FA6301
:0400B600E41FF0EF64
:0400B70002C0006F14
:0400B800FEC425035A
:0400B900DEDFF0EFA7
:0400BA0000050793A3
:0400BB000207906345
:0400BC00E09FF0EFE2
:0400BD000180006F4F
:0400BE00000000132B
:0400BF000100006FCD
:0400C0000000001329
:0400C1000080006F4C
:0400C2000000001327
:0400C300FD8427830E
:0400C4000007851399
:0400C50002C12083D1
:0400C600028124038C
:0400C700030101131D
:0400C800000080674D
:0400C900FE01011320
:0400CA0000112E23D0
:0400CB0000812C2361
:0400CC000201041316
:0400CD00FE042423E6
:0400CE00000077B700
:0400CF00D0078513BE
:0400D00033C020EF2A
:0400D100000077B7FD
:0400D200D347851378
:0400D300330020EFE7
:0400D400FE842783FC
:0400D500FEF42623EC
:0400D600000307B765
:0400D700FEC4270339
:0400D80000E7A0237A
:0400D900FE842783F7
:0400DA0000178793F1
:0400DB000FF7F79391
:0400DC00FEF42423E7
:0400DD00000057B711
:0400DE00E20785139D
:0400DF00218000EF8D
:0400E0000000001309
:0400E100FCDFF06FE1
:0400E2000000029781
:0400E300C9828293B9
:0400E4003052907393
:0400E50008800293FA
:0400E6003002B073C1
:0400E7003040107322
:0400E800344010731D
:0400E90000009197EB
:0400EA0095C18193A8
:0400EB0000020117F7
:0400EC00C5410113F6
:0400ED000000A31755
:0400EE008F43031326
:0400EF000000A397D3
:0400F000CC838393A7
:0400F10000032023C5
:0400F20000430313B1
:0400F300FE736CE349
:0400F4000C8000EF8D
:0400F500000073177D
:0400F6009EC303138F
:0400F70000007397FB
:0400F8009E4383930D
:0400F90000737863B5
:0400FA0000032023BC
:0400FB0000430313A8
:0400FC00FE736CE340
:0400FD0000007297F6
:0400FE009CC282938B
:0400FF000000731773
:040100009C43031306
:0401010000007397F0
:040102009BC3839385
:040103000062FC6337
:040104000002A483CE
:040105000093A023A0
:04010600004282939E
:04010700004383939B
:04010800FE62E8E3C8
:040109000000721769
:04010A0099C2021381
:04010B000E0000EFF3
:04010C000000006F80
:04010D00FE010113DB
:04010E0000812E231B
:04010F0002010413D2
:04011000FEA4262300
:04011100FEB42423F1
:04011200FEC42223E2
:04011300FE8427033C
:04011400FEC427837B
:0401150002F70A6380
:040116000240006F34
:04011700FEC42703F8
:040118000047079302
:04011900FEF42623A7
:04011A00FE842783B5
:04011B000047869380
:04011C00FED42423C6
:04011D0000072703AD
:04011E0000E7A02333
:04011F00FE84270330
:04012000FE442783EF
:04012100FCF71CE3E8
:0401220000000013C6
:0401230001C12403EF
:0401240002010113C0
:0401250000008067EF
:04012600FF010113C1
:04012700001126237A
:04012800008124230B
:0401290001010413B9
:04012A00000087B793
:04012B00534786139D
:04012C00000077B7A1
:04012D00DC078593D3
:04012E00000087B78F
:04012F00534785139A
:04013000F75FF0EF96
:04013100324006133F
:04013200020005932F
:0401330002000513AE
:04013400F65FF0EF93
:04013500000077B798
:04013600DC07861349
:04013700000077B796
:04013800D0078593D4
:04013900000077B794
:04013A00D007851352
:04013B00F49FF0EF4E
:04013C00689000EFD8
:04013D000B4010EF74
:04013E0000000013AA
:04013F0000C1208358
:040140000081240313
:0401410001010113A4
:0401420000008067D2
:04014300FE010113A5
:0401440000112E2355
:0401450000812C23E6
:04014600020104139B
:04014700000005139C
:040148000A8000EF3A
:04014900000000139F
:04014A000D8000EF35
:04014B00000077B782
:04014C00D5878613BA
:04014D00000077B780
:04014E00D587859339
:04014F00000077B77E
:04015000D5878513B7
:0401510032C010EFB9
:040152007A1000EF30
:04015300000017B7DA
:040154005487851334
:04015500219010EFF6
:040156000000A7B747
:04015700CB07A70328
:040158000000A7B745
:04015900CB47A68367
:04015A000000A7B743
:04015B00CB87A78324
:04015C0000078613FF
:04015D000006859380
:04015E00000705137E
:04015F00DA9FF0EF44
:04016000FEA42623B0
:040161000010051372
:0401620079C020EF51
:04016300FEC42503AE
:040164001F1010EF69
:04016500FE01011383
:0401660000112E2333
:0401670000812C23C4
:040168000201041379
:04016900FEA42623A7
:04016A00FEC42503A7
:04016B00545000EFFD
:04016C0000050793F0
:04016D0000078513EF
:04016E0001C1208328
:04016F0001812403E3
:040170000201011374
:0401710000008067A3
:04017200FE01011376
:0401730000112E2326
:0401740000812C23B7
:04017500020104136C
:04017600FEA426239A
:040177005F4010EFE6
:040178000080079369
:040179003007A07338
:04017A00000000136E
:04017B00000000136D
:04017C0001C120831A
:04017D0001812403D5
:04017E000201011366
:04017F000000806795
:04018000FE01011368
:0401810000112E2318
:0401820000812C23A9
:04018300020104135E
:04018400000006135E
:0401850000000593DE
:04018600000077B747
:04018700DE87851377
:040188001E0000EF66
:04018900000077B744
:04018A00DC078513F6
:04018B00595000EFD8
:04018C003E80079317
:04018D00FEF4262333
:04018E000000A7B70F
:04018F00CC07A7836F
:0401900000079A6367
:040191000000A7B70C
:04019200FEC427037D
:04019300CCE7A023F2
:040194000080006F78
:040195000000001353
:04019600000027B787
:04019700E44787931F
:04019800FEF424232A
:040199000000A7B704
:04019A00FE842703B5
:04019B00CAE7A623E6
:04019C00000000134C
:04019D0007D010EF88
:04019E00000000134A
:04019F0001C12083F7
:0401A00001812403B2
:0401A1000201011343
:0401A2000000806772
:0401A300FD01011346
:0401A40002112623FB
:0401A500028124238C
:0401A600030104133A
:0401A700FCA42E2363
:0401A800FCB42C2354
:0401A900FCC42A2345
:0401AA00FDC42783E6
:0401AB000007A7831F
:0401AC00FEF4262314
:0401AD00FEC42783E2
:0401AE00028787132A
:0401AF00FDC42783E1
:0401B0000087A7839A
:0401B100000786932A
:0401B200FD442603DF
:0401B300FD8425831F
:0401B4000007051328
:0401B50064C000EF33
:0401B60000050793A6
:0401B70000078513A5
:0401B80002C12083DD
:0401B9000281240398
:0401BA000301011329
:0401BB000000806759
:0401BC00FD0101132D
:0401BD0002112623E2
:0401BE000281242373
:0401BF000301041321
:0401C000FCA42E234A
:0401C100FCB42C233B
:0401C200FCC42A232C
:0401C300FDC42783CD
:0401C4000007A78306
:0401C500FEF42623FB
:0401C600FEC42783C9
:0401C7000287871311
:0401C800FDC42783C8
:0401C9000087A78381
:0401CA000007869311
:0401CB00FD442603C6
:0401CC00FD84258306
:0401CD00000705130F
:0401CE00015000EFED
:0401CF00000507938D
:0401D000000785138C
:0401D10002C12083C4
:0401D200028124037F
:0401D3000301011310
:0401D4000000806740
:0401D500FD01011314
:0401D60002112623C9
:0401D700028124235A
:0401D8000301041308
:0401D900FCA42E2331
:0401DA00FDC42783B6
:0401DB000007A783EF
:0401DC00FEF42623E4
:0401DD00FEC42783B2
:0401DE0002878713FA
:0401DF00FDC42783B1
:0401E0000087A7836A
:0401E10000078593FB
:0401E20000070513FA
:0401E300428000EF67
:0401E4000005079378
:0401E5000007851377
:0401E60002C12083AF
:0401E700028124036A
:0401E80003010113FB
:0401E900000080672B
:0401EA00FD010113FF
:0401EB0002112623B4
:0401EC000281242345
:0401ED0003010413F3
:0401EE00FCA42E231C
:0401EF00FCB42C230D
:0401F000FCC42A23FE
:0401F100FDC427839F
:0401F2000007A783D8
:0401F300FEF42623CD
:0401F400FEC427839B
:0401F5000287879363
:0401F600FD4426039B
:0401F700FD842583DB
:0401F8000007851364
:0401F90043C000EF10
:0401FA000005079362
:0401FB000007851361
:0401FC0002C1208399
:0401FD000281240354
:0401FE0003010113E5
:0401FF000000806715
:04020000FD010113E8
:04020100021126239D
:04020200028124232E
:0402030003010413DC
:04020400FCA42E2305
:04020500FCB42C23F6
:04020600FCC42A23E7
:04020700FDC4278388
:0402080000100713C8
:0402090002E7A02345
:04020A00FDC4278385
:04020B000207A783BC
:04020C00FEF42623B3
:04020D00FDC4278382
:04020E000007A783BB
:04020F00004787938A
:040210000007871349
:04021100FEC427837D
:0402120000F72023AE
:04021300FD8425033E
:04021400FD442583FD
:0402150000000713CB
:04021600FDC426837A
:04021700000017B715
:040218008C078613B6
:04021900561000EF8C
:04021A00FDC4278375
:04021B000207A22311
:04021C00FDC4278373
:04021D0000878713BC
:04021E000000A7B77E
:04021F00CC07A583E0
:04022000FDC4268370
:04022100000017B70B
:04022200AF87861309
:0402230000070513B8
:040224000F9000EF48
:040225000005079336
:040226000007DA6390
:04022700FDC4278368
:040228008000073714
:04022900FFF70713C1
:04022A0000E7A22324
:04022B0000000013BC
:04022C0002C1208368
:04022D000281240323
:04022E0003010113B4
:04022F0000008067E4
:04023000FA010113BB
:0402310004812E23F3
:0402320006010413AA
:04023300FAA42623E0
:04023400FAC427835E
:04023500FCF4222390
:04023600FC442783DA
:040237000007A78392
:04023800FCF424238B
:04023900FA042C2374
:04023A00FC84278396
:04023B00004787935E
:04023C000007A7838D
:04023D00FCF4262384
:04023E00FCC4278352
:04023F00FCF4282380
:04024000FD0427830F
:040241003007F793F8
:040242001C078E63A4
:04024300FD0427830C
:040244001007F79315
:040245000E078663B7
:04024600000107B7F5
:04024700FAF42E2374
:04024800FC442783C8
:040249000287A783FE
:04024A00001787937F
:04024B007FF7F793AF
:04024C00FCF42A2371
:04024D00FC442783C3
:04024E0002C7A783B9
:04024F00FD44270340
:0402500006F7026348
:04025100FC8427837F
:040252000007A78377
:04025300FCF42C2368
:04025400FD8427837B
:04025500FAF42E2366
:04025600FBC42703BB
:04025700000087B765
:0402580000F777B381
:0402590004078463AF
:04025A00FC442783B6
:04025B000287A783EC
:04025C00FBC42703B5
:04025D000FF777130D
:04025E00FC442683B3
:04025F0000F687B36B
:0402600002E78C2302
:04026100FC442783AF
:040262000287A783E5
:040263000017879366
:040264007FF7F71316
:04026500FC442783AB
:0402660002E7A423E4
:040267000000001380
:04026800F81FF06F1C
:04026900000000137E
:04026A000080006FA1
:04026B00000000137C
:04026C00FBC42703A5
:04026D00000107B7CE
:04026E0004F76463CA
:04026F00FC442783A1
:040270000207A78357
:04027100FFE7F71399
:04027200FC4427839E
:0402730002E7A023DB
:04027400FC4427839C
:040275000207A78352
:04027600FCF42E2343
:04027700FC84278359
:040278000047879321
:0402790000078713E0
:04027A00FDC4278315
:04027B0000F7202345
:04027C00FC84278354
:04027D00004787931C
:04027E000007A7834B
:04027F00FEF4202346
:04028000FD042783CF
:040281002007F793C8
:04028200EE0780E320
:04028300FD042783CC
:040284000107D79304
:04028500FCF4202342
:0402860005C0006F40
:04028700FC44278389
:040288000347A783FE
:04028900FC44270307
:04028A0000F707B3BF
:04028B000000173721
:04028C0000F707B3BD
:04028D008387C78319
:04028E00FEF4222335
:04028F00FC84278341
:04029000FE442703FE
:0402910000E7A023BF
:04029200FC4427837E
:040293000347A783F3
:040294000017879335
:040295007FF7F713E5
:04029600FC4427837A
:0402970002E7AA23AD
:0402980000100793B8
:04029900FAF42C2324
:04029A00FC042783B6
:04029B00FFF787934F
:04029C00FCF420232B
:04029D00FC042783B3
:04029E0000078C6366
:04029F00FC44278371
:0402A0000347A70366
:0402A100FC4427836F
:0402A2000307A78324
:0402A300F8F718E36D
:0402A400FC042783AC
:0402A500E4078AE3FD
:0402A600FC4427836A
:0402A7000207A78320
:0402A800FFD7F71372
:0402A900FC44278367
:0402AA0002E7A023A4
:0402AB00FC44278365
:0402AC000207A7831B
:0402AD00FEF4242314
:0402AE00FC44278362
:0402AF000007A7831A
:0402B00000478793E9
:0402B10000078713A8
:0402B200FE8427831C
:0402B30000F720230D
:0402B400FC8427831C
:0402B50000478793E4
:0402B6000007A78313
:0402B700FEF4262308
:0402B800E09FF06F64
:0402B900000000132E
:0402BA00000000132D
:0402BB0005C1240352
:0402BC000601011323
:0402BD000000806756
:0402BE00FD0101132A
:0402BF00028126236F
:0402C000030104131F
:0402C100FCA42E2348
:0402C200FDC42783CD
:0402C300FEF4202302
:0402C400FE0427838A
:0402C5000007A78304
:0402C60000478793D3
:0402C7000007A78302
:0402C800FEF42223FB
:0402C900FE44278345
:0402CA00FEF42423F7
:0402CB00FE84278303
:0402CC004007F7935D
:0402CD0002078C6335
:0402CE00FE04278380
:0402CF000207A783F8
:0402D0004007E79369
:0402D100FEF42623EE
:0402D200FE0427837C
:0402D3000007A783F6
:0402D40000478793C5
:0402D5000007871384
:0402D600FEC42783B8
:0402D70000F72023E9
:0402D800FE04278376
:0402D9000207A22353
:0402DA000340006F6E
:0402DB00FE04278373
:0402DC000247A7032B
:0402DD00800007B7DF
:0402DE00FFC787933C
:0402DF0002E7E063EF
:0402E000FE0427836E
:0402E1000247A783A6
:0402E2000017871367
:0402E300FE0427836B
:0402E40002E7A22368
:0402E500FE04278369
:0402E6000247A783A1
:0402E7000000A7B7B5
:0402E800CC07A78315
:0402E9000007851372
:0402EA0002C1240326
:0402EB0003010113F7
:0402EC000000806727
:0402ED00FE010113FA
:0402EE0000812E233A
:0402EF0002010413F1
:0402F000FEA426231F
:0402F100FEB4242310
:0402F20001C0006FD8
:0402F300FE8427035B
:0402F400000047B708
:0402F50000F777B3E4
:0402F6000007866314
:0402F700FF5007931A
:0402F8000300006F90
:0402F900FEC4278395
:0402FA000347A7030C
:0402FB00FEC4278393
:0402FC000307A783CA
:0402FD0000F70C6397
:0402FE00FEC4278390
:0402FF000247A70308
:04030000FEC427838D
:040301000047A78387
:04030200FCF762E3BF
:04030300000007935C
:040304000007851356
:0403050001C124030B
:0403060002010113DC
:04030700000080670B
:04030800FD010113DF
:040309000281262324
:04030A0003010413D4
:04030B00FCA42E23FD
:04030C00FCB42C23EE
:04030D00FCC42A23DF
:04030E00FE700793E3
:04030F00FEF42423B1
:04031000FD8427033E
:04031100000077B7BA
:04031200A017879316
:0403130000F70C6380
:04031400FD8427033A
:04031500000077B7B6
:04031600A027879302
:0403170006F7026380
:040318000AC0006FA8
:04031900FDC4278375
:04031A000047A703EE
:04031B00800007B7A0
:04031C00FFF78793CD
:04031D0008F7066374
:04031E00FD442783F0
:04031F000007A783A9
:04032000FEF426239E
:04032100FEC42703EC
:04032200001007932D
:0403230000E7DE63AE
:04032400FEC42703E9
:04032500800007B796
:04032600FFF78793C3
:0403270000F7066372
:04032800FEC4278365
:0403290000C0006FA1
:04032A00800007B791
:04032B00FFE78793CE
:04032C00FDC42703E2
:04032D0000F7222390
:04032E00FE04242382
:04032F000440006F17
:04033000FDC427835E
:040331000047A703D7
:04033200800007B789
:04033300FFF78793B6
:0403340002F70C635D
:04033500FDC4278359
:040336000247A703D0
:04033700FDC4278357
:040338000047A78350
:0403390000F737B3DF
:04033A000FF7F7932F
:04033B00000787131D
:04033C00FD442783D2
:04033D0000E7A02312
:04033E00FE04242372
:04033F0000C0006F8B
:0403400000000013A6
:040341000080006FC9
:0403420000000013A4
:04034300FE8427838A
:040344000007851316
:0403450002C12403CA
:04034600030101139B
:0403470000008067CB
:04034800FC010113A0
:0403490002112E234C
:04034A0002812C23DD
:04034B000401041392
:04034C00FCA42623C4
:04034D00FCB42423B5
:04034E00FCC42223A6
:04034F00FCD4202397
:04035000FC8427837F
:04035100FCF428236D
:040352001280006FA6
:04035300FCC427833C
:040354000287A783F2
:04035500FCF42C2365
:04035600FCC4278339
:0403570002C7A783AF
:04035800FCF42E2360
:04035900FD842703F5
:04035A00FDC4278334
:04035B0000F76C63D8
:04035C00FD842703F2
:04035D00FDC4278331
:04035E0040F707B3AA
:04035F00FCF42A235D
:040360000180006FA9
:04036100000017B7CA
:040362008007871376
:04036300FDC427832B
:0403640040F707B3A4
:04036500FCF42A2357
:04036600FD442783A8
:0403670006078E6394
:04036800FC442783A7
:04036900FD44270325
:04036A0000E7F6634F
:04036B00FC442783A4
:04036C00FCF42A2350
:04036D00FCC4278322
:04036E000387871367
:04036F00FDC427831F
:0403700000F707B3D8
:04037100FD4426031E
:040372000007859368
:04037300FD0425035D
:04037400084020EF2E
:04037500FD04270359
:04037600FD44278398
:0403770000F707B3D1
:04037800FCF4282346
:04037900FC44270316
:04037A00FD44278394
:04037B0040F707B38D
:04037C00FCF4222348
:04037D00FDC4270391
:04037E00FD44278390
:04037F0000F707B3C9
:040380007FF7F713F9
:04038100FCC427830E
:0403820002E7A623C5
:04038300FC4427838C
:04038400F2F04EE362
:040385000080006F85
:040386000000001360
:04038700FD04270347
:04038800FC84278347
:0403890004F71C63F6
:04038A00FC04270345
:04038B00000047B770
:04038C0000F777B34C
:04038D000407986366
:04038E000000001358
:04038F00FCC4278300
:040390000287A783B6
:04039100FD842703BD
:0403920000F71C63F1
:04039300FCC42783FC
:040394000247A70372
:04039500FCC42783FA
:040396000047A783F2
:04039700FEF760E32A
:04039800FCC42783F7
:040399000287A783AD
:04039A00FD842703B4
:04039B0002F7006302
:04039C00FC44278373
:04039D00ECF04CE351
:04039E000180006F6B
:04039F000000001347
:0403A0000100006FE9
:0403A1000000001345
:0403A2000080006F68
:0403A3000000001343
:0403A400FD0427032A
:0403A500FC8427832A
:0403A60006F70463EF
:0403A7000080079338
:0403A8003007B7F370
:0403A900FEF4262315
:0403AA00FEC42783E3
:0403AB00FEF4202319
:0403AC00FCC42783E3
:0403AD000207A78319
:0403AE000017E7133A
:0403AF00FCC42783E0
:0403B00002E7A0239D
:0403B100FCC42783DE
:0403B2000207A78314
:0403B300FEF422230F
:0403B400FCC42783DB
:0403B5000007A78313
:0403B60000478793E2
:0403B70000078713A1
:0403B800FE44278355
:0403B90000F7202306
:0403BA00FE04278393
:0403BB00FEF4242305
:0403BC00FE84278311
:0403BD000087F7932B
:0403BE003007A073F1
:0403BF000000001327
:0403C000FD0427030E
:0403C100FC8427830E
:0403C20000F70A63D3
:0403C300FD0427030B
:0403C400FC8427830B
:0403C50040F707B343
:0403C6000200006FC2
:0403C700FC04270308
:0403C800000047B733
:0403C90000F777B30F
:0403CA00000786633F
:0403CB00FF50079345
:0403CC000080006F3E
:0403CD00FFB00793E3
:0403CE00000785138C
:0403CF0003C12083C3
:0403D000038124037E
:0403D100040101130F
:0403D2000000806740
:0403D300FC01011315
:0403D40002112E23C1
:0403D50002812C2352
:0403D6000401041307
:0403D700FCA4262339
:0403D800FCB424232A
:0403D900FCC422231B
:0403DA00FCD420230C
:0403DB00FC042823D3
:0403DC00FC842783F3
:0403DD00FCF42C23DD
:0403DE000EC0006FDE
:0403DF00FCC42783B0
:0403E0000307A783E5
:0403E100FCF42E23D7
:0403E200FCC42783AD
:0403E3000347A783A2
:0403E400FCF42823DA
:0403E500FDC4270329
:0403E600FD04278368
:0403E70000F77E633A
:0403E800FD042703E6
:0403E900FDC42783A5
:0403EA0040F707B31E
:0403EB00FFF78793FE
:0403EC00FCF42A23D0
:0403ED000340006F5A
:0403EE00FD04278360
:0403EF0000078E6312
:0403F000000017B73B
:0403F10080078713E7
:0403F200FDC427839C
:0403F30040F707B315
:0403F400FCF42A23C8
:0403F5000140006F54
:0403F6007FF007137A
:0403F700FDC4278397
:0403F80040F707B310
:0403F900FCF42A23C3
:0403FA00FD44278314
:0403FB00080782630A
:0403FC00FC44278313
:0403FD00FD44270391
:0403FE0000E7F663BB
:0403FF00FC44278310
:04040000FCF42A23BB
:04040100FCC427030D
:04040200000017B728
:0404030083878793D1
:0404040000F70733C3
:04040500FDC4278388
:0404060000F707B341
:04040700FD44260387
:04040800FC842583C8
:040409000007851350
:04040A0062D010EFBD
:04040B00FC84270343
:04040C00FD44278301
:04040D0000F707B33A
:04040E00FCF42423B3
:04040F00FC4427037F
:04041000FD442783FD
:0404110040F707B3F6
:04041200FCF42223B1
:04041300FDC42703FA
:04041400FD442783F9
:0404150000F707B332
:040416007FF7F71362
:04041700FCC4278377
:0404180002E7A8232C
:04041900FC442783F5
:04041A00F0F04AE3D1
:04041B000080006FEE
:04041C0000000013C9
:04041D0000800793C1
:04041E003007B7F3F9
:04041F00FEF426239E
:04042000FEC427836C
:04042100FEF42023A2
:04042200FCC427836C
:040423000207A783A2
:040424000027E713B3
:04042500FCC4278369
:0404260002E7A02326
:04042700FCC4278367
:040428000207A7839D
:04042900FEF4222398
:04042A00FCC4278364
:04042B000007A7839C
:04042C00004787936B
:04042D00000787132A
:04042E00FE442783DE
:04042F0000F720238F
:04043000FE0427831C
:04043100FEF424238E
:04043200FE8427839A
:040433000087F793B4
:040434003007A0737A
:0404350000000013B0
:04043600FC442783D8
:0404370004F0546316
:04043800FC04270396
:04043900000047B7C1
:04043A0000F777B39D
:04043B0004079263BD
:04043C0000000013A9
:04043D00FCC4278351
:04043E000347A78346
:04043F00FD0427038E
:0404400000F71C6342
:04044100FCC427834D
:040442000247A703C3
:04044300FCC427834B
:040444000047A78343
:04044500FEF760E37B
:04044600FCC4278348
:040447000247A7833E
:0404480000079C63AA
:04044900FC442783C5
:04044A00F2F04EE39B
:04044B000100006F3D
:04044C000000001399
:04044D000080006FBC
:04044E000000001397
:04044F00FC842703FF
:04045000FD8427837D
:0404510000F70A6343
:04045200FC842703FC
:04045300FD8427837A
:0404540040F707B3B3
:040455000200006F32
:04045600FC04270378
:04045700000047B7A3
:0404580000F777B37F
:0404590000078663AF
:04045A00FF500793B5
:04045B000080006FAE
:04045C00FFB0079353
:04045D0000078513FC
:04045E0003C1208333
:04045F0003812403EE
:04046000040101137F
:0404610000008067B0
:04046200FC01011385
:0404630002812E23C1
:040464000401041378
:04046500FCA42623AA
:04046600FCB424239B
:04046700FCC422238C
:04046800FCD420237D
:040469000000071375
:04046A0000000793F4
:04046B00FEE4242364
:04046C00FEF4262351
:04046D000000A7B72D
:04046E00CC07A7838D
:04046F00120780638D
:04047000FCC427831E
:040471001007886385
:04047200FCC427831C
:04047300FC4427031B
:0404740000E7A823D2
:04047500FCC4278319
:04047600FC04270358
:0404770000E7AA23CD
:040478000080079366
:040479003007B7F39E
:04047A00FEF4222347
:04047B00FE44278391
:04047C00FCF42A233F
:04047D000000A7B71D
:04047E00CC87A7037D
:04047F00CCC7A783BC
:04048000FEE424234F
:04048100FEF426233C
:04048200FC8427834C
:0404830000078813D3
:0404840000000893D9
:04048500FE842603C8
:04048600FEC4268307
:0404870000C807336F
:0404880000070593D1
:040489000105B5B301
:04048A0000D887B35C
:04048B0000F586B33F
:04048C00000687934C
:04048D00000706134B
:04048E00000786934A
:04048F000010051341
:0404900000000593D0
:0404910000A6073387
:040492000007081344
:0404930000C8383332
:0404940000B687B374
:0404950000F806B3B2
:040496000006879342
:04049700FCC42683F8
:0404980000E6A423B3
:0404990000F6A623A0
:04049A00FCC42783F4
:04049B0081818713C1
:04049C00FCE42E232B
:04049D00FEF4202326
:04049E00FE042783AE
:04049F00FDC427036E
:0404A00000E7A223AC
:0404A100FDC42783EC
:0404A2000007A703A5
:0404A300FE042783A9
:0404A40000E7A023AA
:0404A500FDC42783E8
:0404A6000007A78321
:0404A700FE04270325
:0404A80000E7A223A4
:0404A900FDC42783E4
:0404AA00FE04270322
:0404AB0000E7A023A3
:0404AC000000001339
:0404AD00FD44278360
:0404AE00FCF42C230B
:0404AF00FD8427831E
:0404B0000087F79337
:0404B1003007A073FD
:0404B2000000001333
:0404B30000000793AB
:0404B4000100006FD4
:0404B500FEA007930B
:0404B6000080006F53
:0404B700F7A0079310
:0404B80000078513A1
:0404B90003C1240354
:0404BA000401011325
:0404BB000000806756
:0404BC00FD0101132A
:0404BD0002112623DF
:0404BE000281242370
:0404BF00030104131E
:0404C000FCA42E2347
:0404C1000F9000EFA9
:0404C200FDC427034B
:0404C3000007079394
:0404C40000179793F3
:0404C50000E787B312
:0404C60000379793D1
:0404C70000E787B310
:0404C80000179793EF
:0404C900FEF42423F6
:0404CA00FE042623E3
:0404CB00000000131A
:0404CC0010D000EF5D
:0404CD00000507130C
:0404CE00000587930B
:0404CF00FEC42683BE
:0404D0000007861388
:0404D100FED666E30A
:0404D200FEC42683BB
:0404D3000007861385
:0404D40000C6986363
:0404D500FE842683F8
:0404D6000007079381
:0404D700FCD7EAE381
:0404D8000000079386
:0404D9000007851380
:0404DA0002C12083B8
:0404DB000281240373
:0404DC000301011304
:0404DD000000806734
:0404DE00FF01011306
:0404DF00008126234F
:0404E00001010413FF
:0404E1000000001304
:0404E20000C124032E
:0404E30001010113FF
:0404E400000080672D
:0404E500FE01011300
:0404E60000812E2340
:0404E70002010413F7
:0404E800FEA4262325
:0404E900FEB4242316
:0404EA00FEC4222307
:0404EB00FE44278321
:0404EC00000785136D
:0404ED0001C1240322
:0404EE0002010113F3
:0404EF000000806722
:0404F000FE010113F5
:0404F10000112E23A5
:0404F20000812C2336
:0404F30002010413EB
:0404F400FEA4262319
:0404F500000087B7C5
:0404F6005087859313
:0404F700FEC4250317
:0404F800060000EF0B
:0404F9000005079360
:0404FA00000785135F
:0404FB0001C1208398
:0404FC000181240353
:0404FD0002010113E4
:0404FE000000806713
:0404FF00FF010113E5
:04050000001126239D
:04050100008124232E
:0405020001010413DC
:040503008141A78308
:0405040000078A63FF
:040505008141A78306
:04050600000780E783
:040507000005079351
:0405080000C0006FC0
:040509000000A7B790
:04050A00CDC787933F
:04050B00000785134D
:04050C0000C1208387
:04050D000081240342
:04050E0001010113D3
:04050F000000806701
:04051000FD010113D5
:04051100021126238A
:04051200028124231B
:0405130003010413C9
:04051400FCA42E23F2
:04051500FCB42C23E3
:04051600FDC4278376
:0405170000078863EE
:04051800FDC4278374
:040519000087A7832D
:04051A0000079E63D5
:04051B00F91FF0EFE5
:04051C0000050713BC
:04051D0001600793DF
:04051E0000F720239F
:04051F00FEA00793A0
:040520000540006F23
:04052100FDC427836B
:04052200FD8427032A
:04052300FEE42423AB
:04052400FEF4262398
:04052500FEC4278366
:04052600FE84270325
:0405270000E7A22324
:04052800FE842783A3
:040529000007A7031D
:04052A00FEC4278361
:04052B0000E7A02322
:04052C00FE8427839F
:04052D000007A78399
:04052E00FEC42703DD
:04052F0000E7A2231C
:04053000FE8427839B
:04053100FEC42703DA
:0405320000E7A0231B
:0405330000000013B1
:040534000000079329
:040535000007851323
:0405360002C120835B
:040537000281240316
:0405380003010113A7
:0405390000008067D7
:04053A00FE010113AA
:04053B0000112E235A
:04053C0000812C23EB
:04053D0002010413A0
:04053E00000077B78B
:04053F00CF87879348
:04054000FEF426237C
:0405410001C0006F86
:04054200FEC4278349
:040543000007A78383
:04054400000780E745
:04054500FEC4278346
:040546000047879350
:04054700FEF4262375
:04054800FEC42703C3
:04054900000077B780
:04054A00D0078793BC
:04054B00FCF76EE368
:04054C000000001398
:04054D000000001397
:04054E0001C1208344
:04054F0001812403FF
:040550000201011390
:0405510000008067BF
:04055200FE01011392
:0405530000112E2342
:0405540000812C23D3
:040555000201041388
:04055600000077B773
:04055700CFC78793F0
:04055800FEF4262364
:0405590001C0006F6E
:04055A00FEC4278331
:04055B000007A7836B
:04055C00000780E72D
:04055D00FEC427832E
:04055E00FFC78793B9
:04055F00FEF426235D
:04056000FEC42703AB
:04056100000077B768
:04056200D0078793A4
:04056300FCF77EE340
:040564000000001380
:04056500000000137F
:0405660001C120832C
:0405670001812403E7
:040568000201011378
:0405690000008067A7
:04056A00FF01011379
:04056B0000812623C2
:04056C000101041372
:04056D000000001377
:04056E0000C12403A1
:04056F000101011372
:0405700000008067A0
:04057100FD01011374
:040572000211262329
:0405730002812423BA
:040574000301041368
:04057500FEA4262397
:04057600FEB4242388
:04057700FEC4222379
:04057800FED420236A
:04057900FCE42E234D
:04057A00FDC4270392
:04057B00FE042683D1
:04057C00FE44260310
:04057D00FE84258350
:04057E00FEC425038F
:04057F0001C000EFC8
:0405800000050793D8
:0405810000078513D7
:0405820002C120830F
:0405830002812403CA
:04058400030101135B
:04058500000080678B
:04058600FA01011362
:0405870004812E239A
:040588000601041351
:04058900FAA42E237F
:04058A00FAB42C2370
:04058B00FAC42A2361
:04058C00FAD4282352
:04058D00FAE4262343
:04058E00FEA0079331
:04058F00FCF4222333
:04059000FB8427833E
:04059100FCF424232F
:04059200FC842703BB
:0405930000F00793DA
:0405940012E7C8633F
:040595000080079348
:040596003007B7F380
:04059700FCF4282325
:04059800FD042783B4
:04059900FCF4262325
:04059A000000A7B7FF
:04059B00D1478713AA
:04059C00FC84278331
:04059D0000379793F9
:04059E0000F707B3A8
:04059F00FB442703EF
:0405A00000E7A023AD
:0405A1000000A7B7F8
:0405A200D1478713A3
:0405A300FC8427832A
:0405A40000379793F2
:0405A50000F707B3A1
:0405A600FB04270328
:0405A70000E7A223A4
:0405A800FB44278366
:0405A900060782635C
:0405AA00FC84278323
:0405AB00FBC4270363
:0405AC00FCE42A231E
:0405AD00FCF42C230B
:0405AE00FD8427039E
:0405AF0000F00793BE
:0405B00000E7E86315
:0405B100FD8427831B
:0405B2000107879323
:0405B3000080006F55
:0405B400FFF00793BA
:0405B500FCF42E2301
:0405B600FDC42783D6
:0405B7000007D66300
:0405B800FDC42783D4
:0405B9000800006FC7
:0405BA00FDC42783D2
:0405BB00FCF42C23FD
:0405BC00FD84278310
:0405BD000010071310
:0405BE0000F717B378
:0405BF003047A073AE
:0405C000000007939D
:0405C1000600006FC1
:0405C200FC8427830B
:0405C300FBC427034B
:0405C400FEE420230E
:0405C500FEF42223FB
:0405C600FE442703C5
:0405C70000F00793A6
:0405C80000E7E863FD
:0405C900FE44278342
:0405CA00010787930B
:0405CB000080006F3D
:0405CC00FFF00793A2
:0405CD00FEF42423F1
:0405CE00FE842783FD
:0405CF000007D663E8
:0405D000FE842783FB
:0405D1000200006FB5
:0405D200FE842783F9
:0405D300FEF42223ED
:0405D400FE44278337
:0405D50000100713F8
:0405D60000F717B360
:0405D7003047B07386
:0405D8000000079385
:0405D900FCF42223E9
:0405DA00FCC42783B3
:0405DB00FEF42623E1
:0405DC00FEC42783AF
:0405DD000087F79309
:0405DE003007A073CF
:0405DF000000001305
:0405E000FC4427832D
:0405E1000007851377
:0405E20005C1240328
:0405E30006010113F9
:0405E400000080672C
:0405E500FD01011300
:0405E60002112623B5
:0405E7000281242346
:0405E80003010413F4
:0405E900FCA42E231D
:0405EA00FCB42C230E
:0405EB00FCC42A23FF
:0405EC00FCD42823F0
:0405ED00FD042603E0
:0405EE00FD44258320
:0405EF00FD8425035F
:0405F000570010EFB1
:0405F100FEA426231B
:0405F200FEC4278399
:0405F3000807C863CA
:0405F400000087B7C5
:0405F500E48786937E
:0405F600FEC4270315
:0405F700000707935F
:0405F80000179793BE
:0405F90000E787B3DD
:0405FA0000279793AC
:0405FB0000F687B3CC
:0405FC000007A7034A
:0405FD00FDC427838F
:0405FE0000E7A0234F
:0405FF00000087B7BA
:04060000E487869372
:04060100FEC4270309
:040602000007079353
:0406030000179793B2
:0406040000E787B3D1
:0406050000279793A0
:0406060000F687B3C0
:040607000047A703FE
:04060800FDC4278383
:0406090000E7A22341
:04060A00000087B7AE
:04060B00E487869367
:04060C00FEC42703FE
:04060D000007079348
:04060E0000179793A7
:04060F0000E787B3C6
:040610000027979395
:0406110000F687B3B5
:040612000087A703B3
:04061300FDC4278378
:0406140000E7A42334
:04061500FEC42503F7
:04061600114000EFA0
:0406170000000013CC
:0406180002C1208378
:040619000281240333
:04061A0003010113C4
:04061B0000008067F4
:04061C00FE010113C7
:04061D0000112E2377
:04061E0000812C2308
:04061F0002010413BD
:04062000FEA42623EB
:04062100FEB42423DC
:04062200FEC42223CD
:040623001FF006932B
:0406240000100613A9
:04062500FEC4258367
:04062600000087B792
:04062700E54785130B
:04062800EF5FF0EFA1
:040629001FF0069325
:04062A0000000613B3
:04062B00FE842583A1
:04062C00000087B78C
:04062D00E4878513C6
:04062E00EDDFF0EF1D
:04062F001FF006931F
:04063000001006139D
:04063100FE442583DB
:04063200000087B786
:04063300E60785133E
:04063400EC5FF0EF98
:040635008201A78314
:040636000047A7834F
:040637000107A7838D
:0406380002079063C2
:040639008201A78310
:04063A000047A7834B
:04063B000000069322
:04063C000020061381
:04063D000000059321
:04063E000007851319
:04063F0058D000EFA0
:040640008201A78309
:040641000087A78304
:040642000107A78382
:0406430002079063B7
:040644008201A78305
:040645000087A78300
:040646000000069317
:040647000020061376
:040648000000059316
:04064900000785130E
:04064A00561000EF57
:04064B008201A783FE
:04064C0000C7A783B9
:04064D000107A78377
:04064E0002079063AC
:04064F008201A783FA
:0406500000C7A783B5
:04065100000006930C
:04065200002006136B
:04065300000005930B
:040654000007851303
:04065500535000EF0F
:04065600000000138D
:0406570001C120833A
:0406580001812403F5
:040659000201011386
:04065A0000008067B5
:04065B00FE01011388
:04065C0000812E23C8
:04065D00020104137F
:04065E00FEA42623AD
:04065F00FEC42703AB
:0406600000200793DC
:0406610004E7D66371
:04066200000087B756
:04066300E48786930F
:04066400FEC42703A6
:0406650000070793F0
:04066600001797934F
:0406670000E787B36E
:04066800002797933D
:0406690000F687B35D
:04066A000007A423BE
:04066B00000087B74D
:04066C00E487869306
:04066D00FEC427039D
:04066E0000070793E7
:04066F000017979346
:0406700000E787B365
:040671000027979334
:0406720000F687B354
:040673000007A023B9
:04067400000000136F
:0406750001C1240398
:040676000201011369
:040677000000806798
:04067800FD0101136C
:0406790002812623B1
:04067A000301041361
:04067B00FCA42E238A
:04067C000080079360
:04067D003007B7F398
:04067E00FEF426233D
:04067F00FEC427830B
:04068000FEF4202341
:04068100FDC427830A
:04068200FEF424233B
:04068300FE84278347
:040684000007A78341
:04068500FE842703C5
:0406860000472703FF
:0406870000E7A223C3
:04068800FE84278342
:040689000047A783FC
:04068A00FE842703C0
:04068B00000727033A
:04068C0000E7A023C0
:04068D00FE8427833D
:04068E00FE842703BC
:04068F0000E7A223BB
:04069000FE8427833A
:04069100FE842703B9
:0406920000E7A023BA
:040693000000001350
:04069400FE042783B6
:04069500FEF422232A
:04069600FE44278374
:040697000087F7934E
:040698003007A07314
:04069900000000134A
:04069A000000001349
:04069B0002C1240371
:04069C000301011342
:04069D000000806772
:04069E00FE01011345
:04069F0000112E23F5
:0406A00000812C2386
:0406A10001212A23E6
:0406A20001312823D7
:0406A3000201041339
:0406A4008181879336
:0406A5000007A78320
:0406A600FEF4222319
:0406A7000000A7B7F1
:0406A800CC87A70351
:0406A900CCC7A78390
:0406AA000010051324
:0406AB0000000593B3
:0406AC0000A706336A
:0406AD000006081328
:0406AE0000E83833F5
:0406AF0000B786B357
:0406B00000D807B3B4
:0406B1000007869325
:0406B2000006071324
:0406B3000006879323
:0406B4000000A6B7E5
:0406B500CCE6A423C8
:0406B600CCF6A623B5
:0406B7000C80006F44
:0406B800FE44278352
:0406B9000007A7830C
:0406BA00FEF4242303
:0406BB00FE4427834F
:0406BC000087A6030A
:0406BD0000C7A68349
:0406BE000000A7B7DA
:0406BF00CC87A7033A
:0406C000CCC7A78379
:0406C1000006851397
:0406C2000007859315
:0406C30008A5E8633B
:0406C4000006851394
:0406C5000007859312
:0406C60000B5186300
:0406C7000006069390
:0406C800000707938D
:0406C90006D7EC6301
:0406CA00FE44278340
:0406CB000107A783F9
:0406CC00FE442703BE
:0406CD0001472703B7
:0406CE000007051309
:0406CF00000780E7B9
:0406D000FEA426233B
:0406D100FEC42783B9
:0406D2000007986322
:0406D300FE442503B9
:0406D400E91FF0EF3B
:0406D5000480006F2E
:0406D600FE44278334
:0406D7000087A703EE
:0406D80000C7A7832D
:0406D900FEC42683B2
:0406DA00000689137A
:0406DB00000009937F
:0406DC0001270633B9
:0406DD00000605937B
:0406DE0000E5B5B3CB
:0406DF00013786B3A6
:0406E00000D587B307
:0406E10000078693F5
:0406E20000060713F4
:0406E30000068793F3
:0406E400FE44268327
:0406E50000E6A42364
:0406E60000F6A62351
:0406E700FE842783E3
:0406E800FEF42223D7
:0406E900FE442703A1
:0406EA0081818793F0
:0406EB00F2F71AE325
:0406EC0000000013F7
:0406ED0000000013F6
:0406EE0001C12083A3
:0406EF00018124035E
:0406F0000141290398
:0406F1000101298357
:0406F20002010113ED
:0406F300000080671C
:0406F400FF010113EE
:0406F5000081262337
:0406F60001010413E7
:0406F700FFF0079376
:0406F8003047B07364
:0406F9000030079333
:0406FA003057B07352
:0406FB0000000013E8
:0406FC0000C1240312
:0406FD0001010113E3
:0406FE000000806711
:0406FF00FF010113E3
:04070000001126239B
:04070100008124232C
:0407020001010413DA
:040703000AC000EF39
:0407040000050713D2
:0407050000058793D1
:040706000000A6B792
:04070700CCE6A82371
:04070800CCF6AA235E
:040709000000079352
:04070A00000785134C
:04070B0000C1208386
:04070C000081240341
:04070D0001010113D2
:04070E000000806700
:04070F00FF010113D2
:04071000001126238B
:04071100008124231C
:0407120001010413CA
:0407130006C000EF2D
:0407140000050613C3
:0407150000058693C2
:040716000000A7B781
:04071700CD07A50362
:04071800CD47A583A1
:0407190040A60733BC
:04071A0000070813B9
:04071B000106383368
:04071C0040B687B3A9
:04071D00410786B357
:04071E0000068793B7
:04071F0000070513B7
:0407200000078593B6
:0407210000C1208370
:04072200008124032B
:0407230001010113BC
:0407240000008067EA
:04072500FF010113BC
:040726000081262305
:0407270001010413B5
:0407280002FAF7B723
:0407290008078793A3
:04072A00000785132C
:04072B0000C12403E2
:04072C0001010113B3
:04072D0000008067E1
:04072E00FE010113B4
:04072F0000812E23F4
:0407300002010413AB
:040731000003033787
:040732000443031366
:040733000003230399
:04073400FE64242318
:040735000003033783
:0407360004030313A2
:040737000003230395
:04073800FE64262312
:04073900000303377F
:04073A00044303135E
:04073B000003230391
:04073C00FE842E0306
:04073D00FC6E18E353
:04073E00FE8423030F
:04073F000003081398
:04074000000008931A
:040741000008179302
:040742000000071399
:04074300FEC42803C5
:040744000008061390
:040745000000069317
:0407460000C7653350
:0407470000D7E5B33F
:04074800000507138E
:04074900000587938D
:04074A00000705138C
:04074B00000785938B
:04074C0001C12403C0
:04074D000201011391
:04074E0000008067C0
:04074F00FD01011394
:0407500002812623D9
:040751000301041389
:04075200FCA42C23B4
:04075300FCB42E23A1
:04075400F14026F357
:04075500FED4262385
:04075600FEC42603B4
:04075700000066B781
:0407580000968693EE
:0407590000D606B30D
:04075A00003696933C
:04075B00FED4242381
:04075C00FE8426836E
:04075D000046869339
:04075E00FFF006138F
:04075F0000C6A0230D
:04076000FD842603EB
:04076100FE84268369
:0407620000C6A0230A
:04076300FDC4268328
:040764000006D713A1
:0407650000000793F6
:04076600FE84268364
:04076700004686932F
:0407680000070793EC
:0407690000F6A023D3
:04076A000000001378
:04076B0002C12403A0
:04076C000301011371
:04076D0000008067A1
:04076E00FE01011374
:04076F0000812E23B4
:04077000020104136B
:04077100F1402373BD
:04077200FE642623D8
:04077300FEC42E038F
:0407740000006337E7
:0407750000930313D7
:04077600006E0333DB
:040777000033131325
:04077800FE642023D8
:04077900FE04230354
:04077A000003230352
:04077B00FE642223D3
:04077C00FE04230351
:04077D00004303131F
:04077E00000323034E
:04077F00FE642423CD
:04078000FE842303CD
:040781000003081356
:0407820000000893D8
:0407830000081793C0
:040784000000071357
:04078500FE44280303
:04078600000806134E
:0407870000000693D5
:0407880000C765330E
:0407890000D7E5B3FD
:04078A00000507134C
:04078B00000587934B
:04078C00000705134A
:04078D000007859349
:04078E0001C124037E
:04078F00020101134F
:04079000000080677E
:04079100FC01011353
:0407920002112E23FF
:0407930002812C2390
:040794000401041345
:04079500FCA4262377
:04079600FCB4242368
:04079700FCC4222359
:04079800E59FF0EFFA
:04079900FEA4242373
:04079A00FEB4262360
:04079B00FE842703AE
:04079C00FEC42783ED
:04079D000000C5375C
:04079E003505051305
:04079F0000000593BE
:0407A00000A7063375
:0407A1000006081333
:0407A20000E8383300
:0407A30000B786B362
:0407A40000D807B3BF
:0407A5000007869330
:0407A600000607132F
:0407A700000687932E
:0407A800000705132E
:0407A900000785932D
:0407AA00E95FF0EF24
:0407AB000080079330
:0407AC003007B7F368
:0407AD00FEF4222311
:0407AE00FE4427835B
:0407AF00FCF42E2305
:0407B000BB9FF0EF0C
:0407B100FDC42783D9
:0407B200FEF420230E
:0407B300FE04278396
:0407B4000087F79330
:0407B5003007A073F6
:0407B600000000132C
:0407B700000000132B
:0407B80003C12083D6
:0407B9000381240391
:0407BA000401011322
:0407BB000000806753
:0407BC00FE01011326
:0407BD0000112E23D6
:0407BE0000812C2367
:0407BF00020104131C
:0407C000DB9FF0EFDC
:0407C100FEA424234B
:0407C200FEB4262338
:0407C300FE84270386
:0407C400FEC42783C5
:0407C5000000C53734
:0407C60035050513DD
:0407C7000000059396
:0407C80000A706334D
:0407C900000608130B
:0407CA0000E83833D8
:0407CB0000B786B33A
:0407CC0000D807B397
:0407CD000007869308
:0407CE000006071307
:0407CF000006879306
:0407D0000007051306
:0407D1000007859305
:0407D200DF5FF0EF06
:0407D3000800079380
:0407D4003047A07397
:0407D500000000130D
:0407D600000000130C
:0407D70001C12083B9
:0407D8000181240374
:0407D9000201011305
:0407DA000000806734
:0407DB00000505937D
:0407DC000000069380
:0407DD0000000613FF
:0407DE0000000513FF
:0407DF001080106F07
:0407E000FF01011301
:0407E100000005937C
:0407E200008124234B
:0407E30000112623B8
:0407E40000050413F5
:0407E5001DC010EF34
:0407E60000008797F1
:0407E700D407A78309
:0407E800000784631F
:0407E900000780E79E
:0407EA0000040513EF
:0407EB000CD030EF0F
:0407EC00000066178C
:0407ED000186061368
:0407EE00000025974B
:0407EF00F785859372
:0407F0000000651789
:0407F1000185051366
:0407F2004CC0006F88
:0407F3000045258315
:0407F400FF010113ED
:0407F5000081242338
:0407F60000112623A5
:0407F70000008797E0
:0407F800DB87879381
:0407F90000050413E0
:0407FA0000F584631F
:0407FB00745010EF37
:0407FC0000842583CD
:0407FD0000008797DA
:0407FE00E087879376
:0407FF0000F5866318
:0408000000040513D8
:0408010072D010EFB2
:0408020000C4258386
:0408030000008797D3
:04080400E58787936A
:0408050000F58C630B
:0408060000040513D2
:040807000081240345
:0408080000C1208388
:0408090001010113D5
:04080A007090106F6B
:04080B0000C1208385
:04080C000081240340
:04080D0001010113D1
:04080E0000008067FF
:04080F000645A78370
:040810000017F79343
:0408110000079863E1
:0408120000C5D783C3
:040813002007F79330
:0408140000078663F0
:0408150000000513C7
:0408160000008067F7
:040817000585A503AB
:04081800FF010113C8
:040819000011262381
:04081A004A1000EF91
:04081B0000C1208375
:04081C0000000513C0
:04081D0001010113C1
:04081E0000008067EF
:04081F000645A78360
:040820000017F79333
:0408210000079863D1
:0408220000C5D783B3
:040823002007F79320
:0408240000078663E0
:0408250000000513B7
:0408260000008067E7
:040827000585A5039B
:04082800FF010113B8
:040829000011262371
:04082A00479000EF04
:04082B0000C1208365
:04082C0000000513B0
:04082D0001010113B1
:04082E0000008067DF
:04082F00FE010113B2
:040830000000079726
:04083100EF078793B3
:0408320000112E2360
:0408330000812C23F1
:0408340000912A23E2
:040835000000841724
:04083600CC040413D7
:040837000121282350
:040838000131262341
:040839000141242332
:04083A000080061321
:04083B000000059321
:04083C00000087171A
:04083D00BEF72423BB
:04083E00000085171A
:04083F00CF85051349
:0408400000400793DA
:0408410000F4262376
:04084200000420236B
:040843000004222368
:040844000004242365
:040845000604222360
:04084600000428235F
:0408470000042A235C
:0408480000042C2359
:04084900455000EF27
:04084A0000000A1789
:04084B007F8A0A1383
:04084C0000001997F8
:04084D0085498993BD
:04084E000000191776
:04084F008D490913B3
:0408500000001497F9
:0408510094448493B4
:040852000000851706
:04085300CA4505137A
:040854000344202316
:040855000334222323
:040856000324242330
:0408570002942623BE
:0408580000842E23C7
:04085900395000EF23
:04085A00000107B7DB
:04085B0000878793F8
:04085C0000800613FF
:04085D0000000593FF
:04085E0000008517FA
:04085F00CE050513AA
:0408600006F42A234D
:040861000604242342
:04086200060426233F
:04086300060428233C
:040864000C04262337
:0408650006042C2336
:0408660006042E2333
:04086700080420233E
:040868003D9000EFD0
:04086900000087976D
:04086A00C587879324
:04086B0000008517ED
:04086C00CA85051321
:04086D0008F4222346
:04086E0009442423F2
:04086F0009342623FF
:04087000092428230C
:0408710008942A239A
:04087200331000EF50
:04087300000207B7C1
:04087400012787933E
:0408750000800613E6
:0408760000000593E6
:0408770000008517E1
:04087800CE45051351
:040879000CF42E232A
:04087A000C0428231F
:04087B000C042A231C
:04087C000C042C2319
:04087D0012042A2314
:04087E000E04202321
:04087F000E0422231E
:040880000E0424231B
:04088100375000EFFD
:040882000000879754
:04088300C5C78793CB
:040884000F442823D2
:040885000F342A23DF
:040886000F242C23EC
:040887000E942E237A
:040888000EF4262321
:0408890001812403C2
:04088A0001C1208305
:04088B000141248380
:04088C00010129033A
:04088D0000C12983FA
:04088E0000812A03B8
:04088F0000008517C9
:04089000C80505137F
:04089100020101134C
:040892002B10006FB8
:04089300FE0101134E
:0408940001312623E5
:0408950000050993BE
:0408960000008517C2
:04089700AA45051356
:0408980000112E23FA
:0408990000812C238B
:04089A0000912A237C
:04089B0001212823EC
:04089C00299000EFB0
:04089D000000879739
:04089E00A647A7833F
:04089F001007826359
:0408A00000006917D4
:0408A100D4890913DA
:0408A200FFF00493CC
:0408A300004927835E
:0408A40000892403A0
:0408A500FFF787933F
:0408A6000007D8630C
:0408A7000940006F95
:0408A80006840413AB
:0408A90008978663C3
:0408AA0000C417036C
:0408AB00FFF7879339
:0408AC00FE0718E348
:0408AD00FFFF07B78B
:0408AE000017879315
:0408AF0000F4262308
:0408B00005840513A3
:0408B10006042223F4
:0408B200231000EF20
:0408B30000008517A5
:0408B400A305051380
:0408B50024D000EF5C
:0408B60000800613A5
:0408B70000042023F6
:0408B80000042423F1
:0408B90000042223F2
:0408BA0000042823EB
:0408BB0000042A23E8
:0408BC0000042C23E5
:0408BD00000005939F
:0408BE0005C4051355
:0408BF0027D000EF4F
:0408C00002042823E3
:0408C10002042A23E0
:0408C20004042223E5
:0408C30004042423E2
:0408C40001C12083CB
:0408C5000004051313
:0408C6000181240385
:0408C7000141248344
:0408C80001012903FE
:0408C90000C12983BE
:0408CA000201011313
:0408CB000000806742
:0408CC0000092403F8
:0408CD0000040663BA
:0408CE000004091306
:0408CF00F51FF06FB2
:0408D0001AC00593B2
:0408D1000009851382
:0408D2003F4010EFA4
:0408D3000005041305
:0408D40002050C63AA
:0408D50000C5051342
:0408D6000040079344
:0408D70000042023D6
:0408D80000F42223E3
:0408D90000A4242330
:0408DA001A000613E7
:0408DB000000059381
:0408DC00209000EF79
:0408DD00008920234B
:0408DE0000040913F6
:0408DF00F11FF06FA6
:0408E000D3DFF0EF83
:0408E100EFDFF06FE6
:0408E20000092023C6
:0408E3000000851775
:0408E400970505135C
:0408E50018D000EF38
:0408E60000C00793B4
:0408E70000F9A02351
:0408E800F71FF06F97
:0408E900FF010113F7
:0408EA000081242342
:0408EB0000050413ED
:0408EC00000085176C
:0408ED0094C5051396
:0408EE0000112623AC
:0408EF0014D000EF32
:0408F0000344278313
:0408F10000079E63FB
:0408F2000000079764
:0408F300C0478793E0
:0408F40002F42A23BD
:0408F50000008797E1
:0408F6009047A783FD
:0408F70000078E6305
:0408F8000081240354
:0408F90000C1208397
:0408FA00000085175E
:0408FB00914505130B
:0408FC0001010113E2
:0408FD0012D0006FA6
:0408FE00CC5FF0EFEC
:0408FF00008124034D
:0409000000C120838F
:040901000000851756
:040902008F850513C5
:0409030001010113DA
:040904001110006F5F
:040905000000851752
:040906008E850513C2
:040907000ED0006F9F
:04090800000085174F
:040909008DC5051380
:04090A000F90006FDB
:04090B00FF010113D4
:04090C00000085174B
:04090D008CC505137D
:04090E00001126238B
:04090F000CD000EF19
:0409100000C120837F
:040911000000661765
:04091200B8460613CA
:040913000000059744
:04091400BF05859303
:0409150000000513C6
:0409160001010113C7
:040917000380006FEA
:04091800FF010113C7
:04091900000066175D
:04091A00B6460613C4
:04091B00000005973C
:04091C00C1058593F9
:04091D0000000513BE
:04091E00001126237B
:04091F00018000EF64
:0409200000C120836F
:040921000000851736
:0409220087850513AD
:0409230001010113BA
:040924000910006F47
:04092500FD010113BC
:040926000321202366
:0409270001312E2349
:0409280001412C233A
:0409290001512A232B
:04092A00016128231C
:04092B00017126230D
:04092C00021126236B
:04092D0002812423FC
:04092E0002912223ED
:04092F0000050B13A1
:0409300000058B93A0
:0409310000060A931F
:0409320000000A13A4
:040933000010099314
:04093400FFF00913B4
:04093500004AA4834D
:04093600008AA4038C
:04093700FFF48493B2
:040938000204C8638A
:0409390000C457831C
:04093A0000F9FE635F
:04093B0000E417833A
:04093C00000405931B
:04093D00000B051393
:04093E0001278663A4
:04093F00000B80E742
:0409400000AA6A336C
:04094100FFF48493A8
:040942000684041310
:04094300FD249CE310
:04094400000AAA8378
:04094500FC0A90E335
:0409460002C1208347
:040947000281240302
:0409480002412483C1
:04094900020129037B
:04094A0001C129833B
:04094B0001412A83B9
:04094C0001012B0377
:04094D0000C12B8337
:04094E00000A051383
:04094F0001812A03F5
:04095000030101138B
:0409510000008067BB
:04095200FD0101138F
:0409530002912223C8
:040954000005049303
:040955000005851301
:0409560002812423D3
:040957000211262340
:0409580000058413FF
:04095900295000EF32
:04095A00001507136A
:04095B0000005697AB
:04095C0082068693F6
:04095D0000E126236C
:04095E000344A78324
:04095F000101071378
:0409600000D12C2373
:0409610000E122236C
:0409620000100693E8
:040963000020071356
:0409640000812823C3
:0409650000A12A23A0
:0409660000D12E236B
:0409670000E1242364
:040968000084A40360
:040969000C07826392
:04096A000644278395
:04096B0000C41703AA
:04096C000017F693E7
:04096D000006966387
:04096E002007769355
:04096F0008068C6387
:0409700001271693B2
:040971000206C06357
:04097200FFFFE6B7E6
:04097300FFF6869372
:040974000000263722
:0409750000C767331D
:0409760000D7F7B3FC
:0409770000E416235F
:0409780006F422233C
:0409790001279713A8
:04097A0008074663C1
:04097B00004106131E
:04097C0000040593DB
:04097D0000048513DA
:04097E006B1010EFFB
:04097F000644278380
:0409800006051A63EB
:0409810000A004933B
:040982000017F793D0
:04098300000798636E
:0409840000C45783D1
:040985002007F793BD
:0409860000078E6375
:0409870002C1208306
:0409880002812403C1
:0409890000048513CE
:04098A00024124837F
:04098B000301011350
:04098C000000806780
:04098D0005842503B5
:04098E006E8000EF88
:04098F0002C12083FE
:0409900002812403B9
:0409910000048513C6
:040992000241248377
:040993000301011348
:040994000000806778
:0409950005842503AD
:040996006B0000EF03
:0409970000C417037E
:040998000644278367
:04099900F5DFF06F27
:04099A0000048513BD
:04099B00D39FF0EF07
:04099C00F39FF06F66
:04099D00FFF00493D0
:04099E00F91FF06FDE
:04099F0000050593B7
:0409A0008201A50328
:0409A100EC5FF06FA8
:0409A200FD0101133F
:0409A3000281242386
:0409A4000291222377
:0409A50003212023E7
:0409A60001312E23CA
:0409A70001412C23BB
:0409A80002112623EF
:0409A9008201AA031A
:0409AA00000504132D
:0409AB0000058913A7
:0409AC0000060993A5
:0409AD000006849329
:0409AE00000A0663D2
:0409AF00034A27834D
:0409B00020078A632F
:0409B1000020079388
:0409B20000F988635D
:0409B3000010079396
:0409B4002137E8639C
:0409B5002004C663F1
:0409B6000644278349
:0409B7000017F7939B
:0409B8001007886339
:0409B900000405939E
:0409BA00000A051317
:0409BB0040D010EF29
:0409BC000304258388
:0409BD0000058C6342
:0409BE000404079393
:0409BF0000F5866356
:0409C000000A051311
:0409C100519000EF62
:0409C20002042823E0
:0409C30000C41783D2
:0409C40000042C23DC
:0409C50000042223E5
:0409C6000807F71314
:0409C700140712639C
:0409C800FFFFF737FF
:0409C90035C7071314
:0409CA0000E7F7B398
:0409CB0000F41623FB
:0409CC0000200713ED
:0409CD0014E98A633C
:0409CE0000C10693CB
:0409CF00008106138A
:0409D0000004059387
:0409D100000A051300
:0409D20040C020EF12
:0409D30000C4578382
:0409D40000A7E7B3DE
:0409D50000F41623F1
:0409D6000A04886324
:0409D7000A0908639E
:0409D800034A278324
:0409D9000C0786631E
:0409DA00008127036E
:0409DB0000C41783BA
:0409DC0000970A6313
:0409DD0000001737C8
:0409DE008007071374
:0409DF0000E7E7B393
:0409E00000F41623E6
:0409E10000100713E8
:0409E20000E996632F
:0409E3000017E7937F
:0409E40000F41623E2
:0409E50001242023A6
:0409E600012428239D
:0409E70000942A232B
:0409E8000087F7137A
:0409E90008070C638C
:0409EA000017F713E8
:0409EB00120700638C
:0409EC000644270393
:0409ED00409004B37F
:0409EE0000042423BA
:0409EF0000942C2321
:0409F0000017771362
:0409F100080704638C
:0409F200000004936A
:0409F30002C120839A
:0409F4000281240355
:0409F50002012903CF
:0409F60001C129838F
:0409F70001812A034D
:0409F800000485135F
:0409F9000241248310
:0409FA0003010113E1
:0409FB000000806711
:0409FC0000C4578359
:0409FD002007F79345
:0409FE00EE0796E387
:0409FF000584250343
:040A0000508000EF33
:040A0100EE1FF06F85
:040A020000812483C8
:040A03000004851353
:040A0400715000EF3E
:040A050000050913CC
:040A06000C05086370
:040A070000C457834D
:040A08000807E79361
:040A090000F41623BC
:040A0A00034A2783F1
:040A0B00F2079EE36D
:040A0C00000A0513C4
:040A0D00B71FF0EF30
:040A0E00F31FF06F73
:040A0F000004242398
:040A1000064427036E
:040A11000017771340
:040A1200F80710E3EE
:040A13002007F7932E
:040A1400F6079CE362
:040A1500058425032C
:040A16004C8000EF21
:040A1700F6DFF06FA7
:040A1800010425832D
:040A1900000A0513B7
:040A1A003B5000EF5E
:040A1B0000C4178379
:040A1C00FFFFF737AA
:040A1D0035C70713BF
:040A1E0000E7F7B343
:040A1F0000F41623A6
:040A20000020071398
:040A2100EAE99AE381
:040A22000000049339
:040A2300064427035B
:040A240004340693FD
:040A25000027E613AD
:040A260000D42023B5
:040A270000D42823AC
:040A28000010069321
:040A290000C41623CC
:040A2A00000424237D
:040A2B0000D42A23A6
:040A2C000017771325
:040A2D00F0071CE3CF
:040A2E002007F79313
:040A2F00F00798E351
:040A30000584250311
:040A310045C000EFCD
:040A3200F05FF06F12
:040A330000942423E4
:040A3400F71FF06F49
:040A3500000A05139B
:040A3600ACDFF0EF52
:040A3700DE9FF06FDF
:040A3800FFF0049334
:040A3900EE9FF06FCD
:040A3A0001512A2319
:040A3B0000812A8389
:040A3C00029A806337
:040A3D00000A851313
:040A3E0062D000EF93
:040A3F000005091392
:040A4000000A849391
:040A41000005066343
:040A420001412A83C1
:040A4300F11FF06F40
:040A440000C4178350
:040A450001412A83BE
:040A4600FFF0049326
:040A4700F71FF06F36
:040A4800FF01011396
:040A490000812423E1
:040A4A00000584130C
:040A4B0000E59583AA
:040A4C00001126234C
:040A4D002F8000EF07
:040A4E0002054063FA
:040A4F0005042783F0
:040A500000C120833E
:040A510000A787B3C0
:040A520004F428235D
:040A530000812403F7
:040A54000101011388
:040A550000008067B6
:040A560000C45783FE
:040A5700FFFFF7376F
:040A5800FFF707138A
:040A590000E7F7B308
:040A5A0000C1208334
:040A5B0000F416236A
:040A5C0000812403EE
:040A5D00010101137F
:040A5E0000008067AD
:040A5F00000005137B
:040A600000008067AB
:040A610000C59783B2
:040A6200FE0101137D
:040A630000812C23BF
:040A640000912A23B0
:040A65000121282320
:040A66000131262311
:040A670000112E2329
:040A68001007F71369
:040A690000058413ED
:040A6A0000050493EC
:040A6B000006091365
:040A6C000006899364
:040A6D000407106307
:040A6E00FFFFF73758
:040A6F00FFF7071373
:040A700000E7F7B3F1
:040A710000E4158305
:040A720000F4162353
:040A730001812403D6
:040A740001C1208319
:040A7500000986935B
:040A7600000906135A
:040A770000C129830E
:040A7800010129034C
:040A790000048513DD
:040A7A00014124838F
:040A7B000201011360
:040A7C002A00006FDD
:040A7D0000E5958378
:040A7E0000200693BB
:040A7F00000006135A
:040A80001C8000EFE7
:040A810000C4178313
:040A8200FB1FF06FF7
:040A8300FF0101135B
:040A840000812423A6
:040A850000058413D1
:040A860000E595836F
:040A87000011262311
:040A88001A8000EFE1
:040A8900FFF00793E0
:040A8A0002F5086306
:040A8B0000C45783C9
:040A8C000000173718
:040A8D0000C1208301
:040A8E0000E7E7B3E3
:040A8F000107979331
:040A90004107D793B0
:040A910004A428236E
:040A920000F4162333
:040A930000812403B7
:040A94000101011348
:040A95000000806776
:040A960000C45783BE
:040A9700FFFFF7372F
:040A9800FFF707134A
:040A990000E7F7B3C8
:040A9A000107979326
:040A9B004107D793A5
:040A9C0000C12083F2
:040A9D0000F4162328
:040A9E0000812403AC
:040A9F00010101133D
:040AA000000080676B
:040AA10000E5958354
:040AA2000040006FA1
:040AA300FF0101133B
:040AA4000081242386
:040AA5000005041331
:040AA60000058513AF
:040AA700000077973D
:040AA8002407A0235C
:040AA90000112623EF
:040AAA004F1020EFDA
:040AAB00FFF00793BE
:040AAC0000F50A63E4
:040AAD0000C12083E1
:040AAE00008124039C
:040AAF00010101132D
:040AB000000080675B
:040AB1000000779733
:040AB2002187A7836E
:040AB300FE0784E3D3
:040AB40000C12083DA
:040AB50000F4202306
:040AB6000081240394
:040AB7000101011325
:040AB8000000806753
:040AB9008201A7838C
:040ABA000CA78E6394
:040ABB000445258346
:040ABC00FE01011323
:040ABD0000912A2357
:040ABE0000112E23D2
:040ABF0000812C2363
:040AC0000005049396
:040AC100040588633D
:040AC20001212823C3
:040AC30001312623B4
:040AC4000000091312
:040AC5000800099389
:040AC600012587B3CC
:040AC7000007A4037D
:040AC80000040E63B5
:040AC900000405938D
:040ACA0000042403FD
:040ACB00000485138B
:040ACC000ED000EF59
:040ACD00FE0418E328
:040ACE000444A583B4
:040ACF0000490913BE
:040AD000FD391CE3ED
:040AD1000004851385
:040AD2000D5000EFD4
:040AD30001012903F1
:040AD40000C12983B1
:040AD5000384A5836E
:040AD600000586632E
:040AD700000485137F
:040AD8000BD000EF50
:040AD9000404A4036A
:040ADA0000040C63A5
:040ADB00000405937B
:040ADC0000042403EB
:040ADD000004851379
:040ADE000A5000EFCB
:040ADF00FE0418E316
:040AE00004C4A58322
:040AE1000005866323
:040AE2000004851374
:040AE300091000EF07
:040AE4000344A7839D
:040AE50000078E6315
:040AE6000181240363
:040AE70001C12083A6
:040AE800000485136E
:040AE9000141248320
:040AEA0002010113F1
:040AEB000007806719
:040AEC0001C12083A1
:040AED00018124035C
:040AEE00014124831B
:040AEF0002010113EC
:040AF000000080671B
:040AF100000080671A
:040AF200FF010113EC
:040AF3000005871360
:040AF4000081242336
:040AF500000605935F
:040AF60000050413E0
:040AF700000686135C
:040AF80000070513DB
:040AF90000007797EB
:040AFA000E07AC2314
:040AFB00001126239D
:040AFC00751020EF62
:040AFD00FFF007936C
:040AFE0000F50A6392
:040AFF0000C120838F
:040B00000081240349
:040B010001010113DA
:040B02000000806708
:040B030000007797E0
:040B04000D07A783AF
:040B0500FE0784E380
:040B060000C1208387
:040B070000F42023B3
:040B08000081240341
:040B090001010113D2
:040B0A000000806700
:040B0B00FF010113D2
:040B0C000005871346
:040B0D00008124231C
:040B0E000006059345
:040B0F0000050413C6
:040B10000006861342
:040B110000070513C1
:040B120000007797D1
:040B13000807AA2302
:040B14000011262383
:040B15002A4030EF53
:040B1600FFF0079352
:040B170000F50A6378
:040B180000C1208375
:040B19000081240330
:040B1A0001010113C1
:040B1B0000008067EF
:040B1C0000007797C7
:040B1D0006C7A783DD
:040B1E00FE0784E367
:040B1F0000C120836E
:040B200000F420239A
:040B21000081240328
:040B220001010113B9
:040B230000008067E7
:040B2400FF010113B9
:040B2500000587132D
:040B26000081242303
:040B2700000605932C
:040B280000050413AD
:040B29000006861329
:040B2A0000070513A8
:040B2B0000007797B8
:040B2C000207A823F1
:040B2D00001126236A
:040B2E00440030EF60
:040B2F00FFF0079339
:040B300000F50A635F
:040B310000C120835C
:040B32000081240317
:040B330001010113A8
:040B340000008067D6
:040B350000007797AE
:040B36000087A7830A
:040B3700FE0784E34E
:040B380000C1208355
:040B390000F4202381
:040B3A00008124030F
:040B3B0001010113A0
:040B3C0000008067CE
:040B3D0000008067CD
:040B3E0000008067CC
:040B3F0000008067CB
:040B400000008067CA
:040B410000008067C9
:040B420000008067C8
:040B43000010051386
:040B440000008067C6
:040B45000010051384
:040B460000008067C4
:040B470000008067C3
:040B480000008067C2
:040B4900000505930B
:040B4A008201A5037C
:040B4B00D61FF06F52
:040B4C00FC01011394
:040B4D0002C124239A
:040B4E0002D1262387
:040B4F0002F12A2362
:040B50000006069302
:040B51000281079383
:040B52000005861301
:040B53000005059301
:040B54008201A50372
:040B550000112E233A
:040B560002E128236D
:040B570003012C2347
:040B580003112E2334
:040B590000F126235E
:040B5A00180020EF70
:040B5B0001C1208331
:040B5C00040101137C
:040B5D0000008067AD
:040B5E0000F003138D
:040B5F000005071373
:040B600002C37E63EB
:040B610000F777938F
:040B62000A0790638B
:040B6300080592638C
:040B6400FF0676937F
:040B650000F676130D
:040B660000E686B36C
:040B670000B7202390
:040B680000B722238D
:040B690000B724238A
:040B6A0000B7262387
:040B6B000107071364
:040B6C00FED766E367
:040B6D000006146307
:040B6E00000080679C
:040B6F0040C306B3C6
:040B70000026969332
:040B710000000297E7
:040B7200005686B3F0
:040B730000C68067D1
:040B740000B707239C
:040B750000B706A31C
:040B760000B706239B
:040B770000B705A31B
:040B780000B705239A
:040B790000B704A31A
:040B7A0000B7042399
:040B7B0000B703A319
:040B7C0000B7032398
:040B7D0000B702A318
:040B7E0000B7022397
:040B7F0000B701A317
:040B800000B7012396
:040B810000B700A316
:040B820000B7002395
:040B83000000806787
:040B84000FF5F593E1
:040B850000859693BE
:040B860000D5E5B3FE
:040B8700010596933B
:040B880000D5E5B3FC
:040B8900F6DFF06F34
:040B8A000027969317
:040B8B0000000297CD
:040B8C00005686B3D6
:040B8D00000082934F
:040B8E00FA0680E7FC
:040B8F00000280934D
:040B9000FF07879341
:040B910040F70733EF
:040B920000F6063330
:040B9300F6C378E34A
:040B9400F3DFF06F2C
:040B950000A5C7B33D
:040B96000037F7939A
:040B970000C508B3DA
:040B98000607946355
:040B9900003007938E
:040B9A0006C7F06337
:040B9B000035779317
:040B9C000005071336
:040B9D0006079A634A
:040B9E00FFC8F61383
:040B9F0040E606B373
:040BA00002000793B5
:040BA10008D7CE6340
:040BA2000005869331
:040BA30000070793AD
:040BA40002C77863A9
:040BA5000006A8039B
:040BA60000478793EA
:040BA70000468693EB
:040BA800FF07AE2372
:040BA900FEC7E8E3B8
:040BAA00FFF60793B8
:040BAB0040E787B3E5
:040BAC00FFC7F793F5
:040BAD0000478793E3
:040BAE0000F7073312
:040BAF0000F585B315
:040BB000011768635E
:040BB1000000806759
:040BB2000005071320
:040BB3000515786349
:040BB4000005C783EE
:040BB500001707130B
:040BB600001585930E
:040BB700FEF70FA393
:040BB800FEE898E3D8
:040BB9000000806751
:040BBA000005C683E9
:040BBB000017071305
:040BBC0000377793F4
:040BBD00FED70FA3AD
:040BBE000015859306
:040BBF00F6078EE3C4
:040BC0000005C683E3
:040BC10000170713FF
:040BC20000377793EE
:040BC300FED70FA3A7
:040BC4000015859300
:040BC500FC079AE3AC
:040BC600F61FF06FB7
:040BC7000000806743
:040BC800FF01011315
:040BC900008126235E
:040BCA00020004130E
:040BCB000005A383FB
:040BCC000045A283BB
:040BCD000085AF836D
:040BCE0000C5AF03AC
:040BCF000105AE83EB
:040BD0000145AE032A
:040BD1000185A303F4
:040BD20001C5A803AE
:040BD3000205A683EE
:040BD40002470713BA
:040BD50040E607B33C
:040BD600FC772E2357
:040BD700FE57202382
:040BD800FFF72223DE
:040BD900FFE72423EB
:040BDA00FFD72623F8
:040BDB00FFC7282305
:040BDC00FE672A2363
:040BDD00FF072C23BF
:040BDE00FED72E23ED
:040BDF0002458593B3
:040BE000FAF446E3FA
:040BE10000058693F2
:040BE200000707936E
:040BE30002C778636A
:040BE4000006A8035C
:040BE50000478793AB
:040BE60000468693AC
:040BE700FF07AE2333
:040BE800FEC7E8E379
:040BE900FFF6079379
:040BEA0040E787B3A6
:040BEB00FFC7F793B6
:040BEC0000478793A4
:040BED0000F70733D3
:040BEE0000F585B3D6
:040BEF00011768631F
:040BF00000C1240319
:040BF10001010113EA
:040BF2000000806718
:040BF3000005C783AF
:040BF40000170713CC
:040BF50000158593CF
:040BF600FEF70FA354
:040BF700FEE882E3AF
:040BF8000005C783AA
:040BF90000170713C7
:040BFA0000158593CA
:040BFB00FEF70FA34F
:040BFC00FCE89EE390
:040BFD00FCDFF06FBA
:040BFE0000357793B4
:040BFF0000050713D3
:040C000004079C63E6
:040C01007F7F86B7B4
:040C0200F7F68693E8
:040C0300FFF0059366
:040C040000072603BC
:040C0500004707138A
:040C060000D677B3EA
:040C070000D787B3D8
:040C080000C7E7B387
:040C090000D7E7B376
:040C0A00FEB784E3CA
:040C0B00FFC7468356
:040C0C0040A707B343
:040C0D0004068463F2
:040C0E00FFD7468343
:040C0F0002068C63EA
:040C1000FFE74503B2
:040C110000A03533D7
:040C120000F50533B1
:040C1300FFE50513E1
:040C140000008067F5
:040C1500FA0688E370
:040C16000007478309
:040C170000170713A8
:040C18000037769398
:040C1900FE0798E357
:040C1A0040A70733B5
:040C1B00FFF70513C7
:040C1C0000008067ED
:040C1D00FFD7851365
:040C1E0000008067EB
:040C1F00FFC7851373
:040C200000008067E9
:040C2100FE010113BC
:040C22000121282361
:040C2300824189136E
:040C240000812C23FC
:040C250000050413AF
:040C26000009250399
:040C270000912A23EB
:040C2800013126234D
:040C2900014124233E
:040C2A0000112E2364
:040C2B0000058493A9
:040C2C0000060A13A1
:040C2D0000068993A1
:040C2E00C51FF0EFFF
:040C2F000000771733
:040C3000C44707139B
:040C3100000727830E
:040C320008078663C6
:040C33000047A703CC
:040C340001F0059333
:040C3500000925038A
:040C360008E5C663A4
:040C370000271593EA
:040C380002041E6331
:040C39000017071386
:040C3A0000E7A2230A
:040C3B0000B787B3C4
:040C3C000097A42356
:040C3D00C2DFF0EF33
:040C3E00000005139A
:040C3F0001C120834C
:040C40000181240307
:040C410001412483C6
:040C42000101290380
:040C430000C1298340
:040C440000812A03FE
:040C45000201011394
:040C460000008067C3
:040C470000B7883337
:040C48000948242310
:040C49001887A683DF
:040C4A00001006137D
:040C4B0000E6163376
:040C4C0000C6E6B345
:040C4D0018D7A423ED
:040C4E001138242312
:040C4F0000200693E8
:040C5000FAD412E3DD
:040C510018C7A68397
:040C520000C6E6B33F
:040C530018D7A623E5
:040C5400F95FF06FE5
:040C5500000077978D
:040C5600D787879322
:040C570000F720235F
:040C5800F6DFF06F64
:040C5900BBDFF0EF1E
:040C5A00FFF005138F
:040C5B00F91FF06F1E
:040C5C00FD01011382
:040C5D0001712623D8
:040C5E0082418B93B1
:040C5F0001612823E4
:040C600000050B136D
:040C6100000BA503DC
:040C620001412C23FD
:040C630000007A17FC
:040C6400B74A0A136E
:040C65000321202324
:040C660001812423C1
:040C6700021126232D
:040C680000058C13E4
:040C6900B65FF0EF93
:040C6A00000A290350
:040C6B0008090C6305
:040C6C0001312E2301
:040C6D0001512A23E4
:040C6E0002812423B8
:040C6F0002912223A9
:040C700001912223A9
:040C7100FFF00993F4
:040C720000100A93D1
:040C7300004924838D
:040C7400FFF48413F2
:040C750004044E63C2
:040C7600002494932F
:040C7700009904B329
:040C7800080C1463ED
:040C79000049278384
:040C7A000044A68309
:040C7B00FFF7879365
:040C7C000C878063FE
:040C7D000004A223AA
:040C7E000206866381
:040C7F001889278326
:040C8000008A97331C
:040C810000492C8377
:040C820000F777B34D
:040C830006079A6363
:040C8400000680E7FF
:040C850000492703F8
:040C8600000A2783B6
:040C87000997146352
:040C88000927926343
:040C8900FFF404135D
:040C8A00FFC484938C
:040C8B00FB341AE339
:040C8C0002812403BA
:040C8D000241248379
:040C8E0001C12983F4
:040C8F0001412A8372
:040C900000412C8370
:040C9100000BA503AC
:040C920002C12083F8
:040C9300020129032E
:040C940001812A03AD
:040C950001012B032B
:040C960000C12B83EB
:040C970000812C03A9
:040C98000301011340
:040C9900ABDFF06F6E
:040C9A001044A783D8
:040C9B00F7878CE368
:040C9C00FFF404134A
:040C9D00FFC4849379
:040C9E00FF3418E324
:040C9F00FB5FF06F98
:040CA00018C92783C5
:040CA1000844A583DB
:040CA20000F77733AD
:040CA30002071663CB
:040CA400000B051329
:040CA500000680E7DE
:040CA60000492703D7
:040CA700000A278395
:040CA800F99700E3D5
:040CA900F80786E3DF
:040CAA0000078913A3
:040CAB00F21FF06FD5
:040CAC000089222376
:040CAD00F45FF06F91
:040CAE0000058513A5
:040CAF00000680E7D4
:040CB000F55FF06F8D
:040CB10000000793A5
:040CB200000788634C
:040CB3000000251701
:040CB400CD850513D2
:040CB500C99FE06F84
:040CB6000000806753
:040CB700FE01011326
:040CB80000812C2368
:040CB90000912A2359
:040CBA0001212823C9
:040CBB0001312623BA
:040CBC0001412423AB
:040CBD000005899312
:040CBE0000112E23D0
:040CBF000005091310
:040CC00000005A17BF
:040CC100DF8A0A13A9
:040CC200411000EFEE
:040CC300008A270379
:040CC400000017B75E
:040CC500FEF787931C
:040CC600004724833C
:040CC70000001737DB
:040CC800FFC4F493DE
:040CC90000F484337C
:040CCA00413404337A
:040CCB0000C45413FA
:040CCC00FFF404131A
:040CCD0000C4141338
:040CCE0000E44E638D
:040CCF000000059389
:040CD00000090513FF
:040CD100409010EF50
:040CD200008A2783EA
:040CD300009787B34C
:040CD40002F50863BA
:040CD50000090513FA
:040CD6003CD000EF1F
:040CD70001C12083B4
:040CD800018124036F
:040CD900014124832E
:040CDA0001012903E8
:040CDB0000C12983A8
:040CDC0000812A0366
:040CDD0000000513FB
:040CDE0002010113FB
:040CDF00000080672A
:040CE000408005B398
:040CE10000090513EE
:040CE2003C5010EF83
:040CE300FFF0079384
:040CE40004F50A63A6
:040CE500000077177D
:040CE600CC8707139D
:040CE7000007278358
:040CE800008A2683D5
:040CE900408484B30C
:040CEA000014E4937B
:040CEB00408787B304
:040CEC0000090513E3
:040CED000096A223A8
:040CEE0000F72023C8
:040CEF00369000EF4C
:040CF00001C120839B
:040CF1000181240356
:040CF2000141248315
:040CF30001012903CF
:040CF40000C129838F
:040CF50000812A034D
:040CF60000100513D2
:040CF70002010113E2
:040CF8000000806711
:040CF900000005935F
:040CFA0000090513D5
:040CFB00361010EFB0
:040CFC00008A270340
:040CFD0000F006936A
:040CFE0040E507B313
:040CFF00F4F6DCE348
:040D00008281A683C3
:040D010040D50533A1
:040D02000017E7935C
:040D030000007697DF
:040D0400C4A6A823B6
:040D050000F72223AE
:040D0600F3DFF06FB8
:040D070018058263E6
:040D0800FF010113D3
:040D0900008124231E
:040D0A00009122230F
:040D0B000005841348
:040D0C000005049347
:040D0D000011262388
:040D0E002E1000EFB4
:040D0F00FFC4258375
:040D1000FF84071342
:040D11000000551772
:040D1200CB450513B5
:040D1300FFE5F7936E
:040D140000F70633AB
:040D150000462683EB
:040D16000085280329
:040D1700FFC6F6938A
:040D18001AC8026390
:040D190000D62223BB
:040D1A000015F59338
:040D1B0000D60833C3
:040D1C000A059063D1
:040D1D00FF84230329
:040D1E0000482583E1
:040D1F0000005897E1
:040D2000C8488893A4
:040D210040670733ED
:040D2200008728031B
:040D2300006787B32B
:040D24000015F5932E
:040D25001518026338
:040D260000C72303DC
:040D27000068262317
:040D2800010324237C
:040D29001A058863BC
:040D2A000017E69335
:040D2B0000D72223A8
:040D2C0000F620238A
:040D2D001FF006931A
:040D2E0006F6EC6376
:040D2F00FF87F693B1
:040D30000086869320
:040D310000452583D1
:040D320000D506B32F
:040D33000006A6030D
:040D34000057D81379
:040D35000010079310
:040D3600010797B367
:040D370000B7E7B367
:040D3800FF8685931A
:040D390000B72623B6
:040D3A0000C72423A7
:040D3B0000F522237A
:040D3C0000E6A0230A
:040D3D0000E6262383
:040D3E000081240309
:040D3F0000C120834C
:040D40000004851313
:040D410000412483C6
:040D42000101011397
:040D43002190006F8C
:040D440000482583BB
:040D45000015F5930D
:040D460008058663B3
:040D47000017E69318
:040D4800FED42E2384
:040D490000F620236D
:040D4A001FF00693FD
:040D4B00F8F6F8E3DB
:040D4C000097D693A3
:040D4D000040061349
:040D4E0012D66263F4
:040D4F000067D693D0
:040D500003968593EE
:040D5100038686137C
:040D52000035959340
:040D530000B505B32F
:040D54000005A6836D
:040D5500FF858593FE
:040D560000D59863C9
:040D57001580006F94
:040D58000086A683E8
:040D590000D58863D6
:040D5A000046A603A6
:040D5B00FFC6761346
:040D5C00FEC7E8E303
:040D5D0000C6A583A4
:040D5E0000B7262391
:040D5F0000D7242372
:040D600000812403E7
:040D610000C120832A
:040D620000E5A423E1
:040D630000048513F0
:040D640000412483A3
:040D650000E6A623DB
:040D66000101011373
:040D67001890006F71
:040D680000008067A0
:040D690000D787B375
:040D6A000000589796
:040D6B00B58888932C
:040D6C000086268354
:040D6D000D168E636E
:040D6E0000C6280390
:040D6F000017E593F1
:040D700000F706334F
:040D71000106A623AE
:040D720000D824235E
:040D730000B7222380
:040D740000F6202342
:040D7500EE1FF06F0E
:040D760012059E6361
:040D7700008625834A
:040D780000C6260388
:040D790000F686B347
:040D7A000016E793E5
:040D7B0000C5A623E6
:040D7C0000B6242376
:040D7D0000F7222336
:040D7E0000D7073360
:040D7F0000D7202356
:040D8000EF9FF06F82
:040D81000015F593D1
:040D820000D786B35D
:040D83000205906372
:040D8400FF84258340
:040D850040B7073339
:040D860000C72783F8
:040D870000872603B8
:040D880000B686B378
:040D890000F6262327
:040D8A0000C7A423D7
:040D8B000016E793D4
:040D8C0000F7222327
:040D8D0000E5242336
:040D8E0082C1A783F4
:040D8F00EAF6EEE3AF
:040D90000000659763
:040D91006CC5A58305
:040D920000048513C1
:040D9300C91FF0EF95
:040D9400EA9FF06F73
:040D950000D787B349
:040D9600F59FF06F66
:040D970001400613FE
:040D980002D67063AC
:040D990005400613F8
:040D9A0006D66463B2
:040D9B0000C7D69324
:040D9C0006F685933F
:040D9D0006E68613CD
:040D9E0000359593F4
:040D9F00ED1FF06FE5
:040DA00005C685936C
:040DA10005B68613FA
:040DA20000359593F0
:040DA300EC1FF06FE2
:040DA40000E52A2319
:040DA50000E528231A
:040DA6000017E693B9
:040DA70001172623E7
:040DA80001172423E8
:040DA90000D722232A
:040DAA0000F7073314
:040DAB0000F720230A
:040DAC00E49FF06F61
:040DAD0000452803D2
:040DAE004026561372
:040DAF000010079396
:040DB00000C797B32E
:040DB1000107E7B39C
:040DB20000F5222303
:040DB300EADFF06F14
:040DB40015400613CD
:040DB50000D66C6395
:040DB60000F7D693D9
:040DB7000786859393
:040DB8000776861321
:040DB90000359593D9
:040DBA00E65FF06F91
:040DBB005540061386
:040DBC0000D66C638E
:040DBD000127D693A1
:040DBE0007D685933C
:040DBF0007C68613CA
:040DC00000359593D2
:040DC100E49FF06F4C
:040DC2003F800593D6
:040DC30007E006132C
:040DC400E3DFF06F0A
:040DC5000017E6939A
:040DC60000D722230D
:040DC70000F62023EF
:040DC800DD9FF06F4C
:040DC9000005059389
:040DCA008201A503FA
:040DCB000100006FB4
:040DCC000005059386
:040DCD008201A503F7
:040DCE00CE5FF06F95
:040DCF00FD0101130E
:040DD00003212023B8
:040DD10002112623C2
:040DD2000281242353
:040DD3000291222344
:040DD40001312E2398
:040DD50000B587934B
:040DD600016007139E
:040DD70000050913F7
:040DD80008F7626353
:040DD900010007937B
:040DDA0020B7E663F5
:040DDB007AC000EFEB
:040DDC0001800793F8
:040DDD00002005935A
:040DDE000100049379
:040DDF000000599720
:040DE00097C9899393
:040DE10000F987B3DB
:040DE2000047A4031F
:040DE300FF878713EC
:040DE40036E402638C
:040DE500004427831C
:040DE60000C426839C
:040DE700008426035B
:040DE800FFC7F793B7
:040DE90000F407B358
:040DEA000047A70314
:040DEB0000D62623E5
:040DEC0000C6A42376
:040DED000017671371
:040DEE0000090513E0
:040DEF0000E7A22354
:040DF000764000EF5A
:040DF1000084051362
:040DF20002C1208397
:040DF3000281240352
:040DF4000241248311
:040DF50002012903CB
:040DF60001C129838B
:040DF70003010113E0
:040DF8000000806710
:040DF900FF87F493E9
:040DFA001807C663AD
:040DFB0018B4E463E1
:040DFC00728000EF12
:040DFD001F700793C9
:040DFE004097F863BF
:040DFF000094D793F2
:040E000018078263EA
:040E01000040071393
:040E020034F76E63F0
:040E03000064D7931D
:040E04000397859338
:040E050003878813C4
:040E0600003596130A
:040E070000005997F7
:040E08008DC9899374
:040E090000C9863363
:040E0A000046240377
:040E0B00FF86061345
:040E0C0002860863EF
:040E0D0000F00513D9
:040E0E000140006F30
:040E0F0000C4268372
:040E10002A075663F4
:040E110000D60E6396
:040E1200000684133F
:040E130000442783ED
:040E1400FFC7F7938A
:040E15004097873348
:040E1600FEE552E3C0
:040E17000008059337
:040E18000109A40325
:040E190000005897E6
:040E1A0089C8889368
:040E1B0027140C6329
:040E1C0000442783E4
:040E1D0000F0069348
:040E1E00FFC7F79380
:040E1F00409787333E
:040E200038E6CA6383
:040E21000119AA23E6
:040E22000119A823E7
:040E230034075E63CF
:040E24001FF00713A1
:040E25000049A503D8
:040E260026F76663E2
:040E2700FF87F71337
:040E28000087071325
:040E290000E9873322
:040E2A000007268314
:040E2B000057D61383
:040E2C000010079318
:040E2D0000C797B3B0
:040E2E0000F5653333
:040E2F00FF8707939F
:040E300000F4262381
:040E310000D42423A2
:040E320000A9A2234E
:040E330000872023F1
:040E34000086A6236B
:040E35004025D793EA
:040E3600001006138F
:040E370000F6163378
:040E38000AC56A631A
:040E390000A677B3E5
:040E3A0002079463B4
:040E3B000016161374
:040E3C00FFC5F59366
:040E3D0000A677B3E1
:040E3E000045859353
:040E3F0000079A63AB
:040E4000001616136F
:040E410000A677B3DD
:040E4200004585934F
:040E4300FE078AE339
:040E440000F008139F
:040E450000359313CE
:040E46000069833389
:040E4700000305138C
:040E480000C5278337
:040E490000058E13FF
:040E4A0026F5006326
:040E4B000047A703B2
:040E4C000007841304
:040E4D0000C7A783B0
:040E4E00FFC7771350
:040E4F00409706B30F
:040E500026D84063FD
:040E5100FE06C2E3F4
:040E520000E407337E
:040E530000472683AB
:040E540000842603ED
:040E55000009051378
:040E56000016E69309
:040E570000D722237B
:040E580000F6262357
:040E590000C7A42307
:040E5A005BC000EF8A
:040E5B0000840513F7
:040E5C00E59FF06FAF
:040E5D0000C0079337
:040E5E0000F9202354
:040E5F000000051377
:040E6000E49FF06FAC
:040E61002000061354
:040E620004000593F0
:040E630003F008137D
:040E6400E8DFF06F64
:040E65000089A40359
:040E660001612823DB
:040E67000044278399
:040E6800FFC7FB13B2
:040E6900009B68631F
:040E6A00409B07336F
:040E6B0000F00793F9
:040E6C000EE7C86362
:040E6D0001912223AA
:040E6E0082818C935E
:040E6F00000CA703C9
:040E700001412C23ED
:040E710001512A23DE
:040E720001712623C1
:040E730000006A977A
:040E7400340AAA830F
:040E7500FFF00793F0
:040E760001640A33D6
:040E770001548AB3E5
:040E78003EF70263DC
:040E7900000017B7A7
:040E7A0000F7879363
:040E7B0000FA8AB33C
:040E7C00FFFFF7B7C6
:040E7D0000FAFAB3CA
:040E7E00000A85934E
:040E7F00000905134E
:040E800054C010EF5B
:040E8100FFF00793E4
:040E820000050B93C9
:040E830046F50663C7
:040E840001812423A1
:040E85002545686334
:040E860000006C17E5
:040E8700644C0C1398
:040E8800000C2583B2
:040E890000BA85B373
:040E8A0000BC202365
:040E8B0000058713C4
:040E8C002CAA106319
:040E8D000145179371
:040E8E002A079C6330
:040E8F000089AB83A8
:040E9000015B07B348
:040E91000017E793CC
:040E920000FBA2239C
:040E930000006717DD
:040E94002BC707134E
:040E950000072683A9
:040E960000B6F4634B
:040E970000B720235D
:040E980000006717D8
:040E99002A470713CA
:040E9A0000072683A4
:040E9B0000B6F46346
:040E9C0000B7202358
:040E9D0000812C03A1
:040E9E00000B8413AE
:040E9F00FFC7F793FF
:040EA00040978733BD
:040EA1003897EC632F
:040EA20000F00793C2
:040EA30038E7D863F1
:040EA40001812A039B
:040EA50001412A835A
:040EA60000C12B83D9
:040EA70000412C8357
:040EA8000014E793B8
:040EA90000F422230C
:040EAA00009404B3F9
:040EAB000099A423E3
:040EAC0000176713B1
:040EAD000009051320
:040EAE0000E4A22397
:040EAF00468000EF8A
:040EB00002C12083D8
:040EB10000840513A1
:040EB2000281240392
:040EB30001012B030B
:040EB4000241248350
:040EB500020129030A
:040EB60001C12983CA
:040EB700030101131F
:040EB800000080674F
:040EB9000049A50344
:040EBA00DEDFF06F18
:040EBB000084260386
:040EBC00CB5FF06FA9
:040EBD0000C7A403C3
:040EBE0000258593F3
:040EBF00D68782E36D
:040EC000C95FF06FA7
:040EC1000097D713AC
:040EC2000040069353
:040EC30014E6F263DC
:040EC4000140069350
:040EC50032E6E663C8
:040EC60005C7061343
:040EC70005B70693D2
:040EC80000361613C7
:040EC90000C98633A3
:040ECA0000062703F4
:040ECB00FF86061385
:040ECC0000E61863C1
:040ECD002980006F09
:040ECE00008727036F
:040ECF0000E60863CE
:040ED000004726832E
:040ED100FFC6F693CF
:040ED200FED7E8E37C
:040ED30000C726032B
:040ED40000C426230D
:040ED50000E42423EE
:040ED600008624234B
:040ED7000087262347
:040ED800D75FF06F81
:040ED90001400713BA
:040EDA0010F7786332
:040EDB0005400713B4
:040EDC002EF7666324
:040EDD0000C4D793E3
:040EDE0006F78593FB
:040EDF0006E7881387
:040EE0000035961330
:040EE100C99FF06F46
:040EE200001E0E13CD
:040EE300003E7793C3
:040EE400008505136D
:040EE500100780630F
:040EE60000C5278399
:040EE700D8DFF06FF1
:040EE8000084260359
:040EE9000014E59379
:040EEA0000B422230B
:040EEB0000F62623C4
:040EEC0000C7A42374
:040EED00009404B3B6
:040EEE000099AA239A
:040EEF000099A8239B
:040EF0000016E7936E
:040EF1000114A6231F
:040EF2000114A42320
:040EF30000F4A22342
:040EF40000E40733DC
:040EF50000090513D8
:040EF60000D72023DE
:040EF700348000EF54
:040EF800008405135A
:040EF900BE5FF06F79
:040EFA0000F407B346
:040EFB000047A70302
:040EFC0000090513D1
:040EFD000017671360
:040EFE0000E7A22344
:040EFF00328000EF4E
:040F00000084051351
:040F0100BC5FF06F72
:040F02000034D5934F
:040F0300008487934C
:040F0400B6DFF06FF5
:040F05000014E6935B
:040F060000D42223CE
:040F0700009404B39B
:040F08000099AA237F
:040F09000099A82380
:040F0A0000176693D3
:040F0B000114A62304
:040F0C000114A42305
:040F0D0000D4A22347
:040F0E0000F407B331
:040F0F0000090513BD
:040F100000E7A02333
:040F11002E0000EFBF
:040F1200008405133F
:040F1300B7DFF06FE5
:040F14000067D71388
:040F15000397061325
:040F160003870693B4
:040F17000036161377
:040F1800EC5FF06F2B
:040F190007340C632A
:040F1A000089A403A3
:040F1B0000812C0322
:040F1C0000442783E3
:040F1D00E09FF06FF2
:040F1E0005C78593EB
:040F1F0005B7881377
:040F200000359613EF
:040F2100B99FF06F15
:040F2200008327839E
:040F2300FFF58593BE
:040F24002867906347
:040F25000035F79309
:040F2600FF8303132F
:040F2700FE0796E348
:040F28000049A703D2
:040F2900FFF64793F5
:040F2A0000E7F7B332
:040F2B0000F9A22304
:040F2C000016161382
:040F2D00CEC7E0E368
:040F2E00CC060EE3FC
:040F2F0000F677331E
:040F300000071A6339
:040F3100001616137D
:040F320000F677331B
:040F3300004E0E134B
:040F3400FE070AE3C7
:040F3500000E059312
:040F3600C3DFF06FB6
:040F370000006C1733
:040F3800380C0C1352
:040F3900000C27037E
:040F3A0000EA87330F
:040F3B0000EC202383
:040F3C00000CA6837C
:040F3D00FFF0079327
:040F3E0018F68663B8
:040F3F00414B87B3E8
:040F400000E787B38C
:040F410000FC20236D
:040F4200007BFC93A1
:040F43000C0C8C63A3
:040F4400419B8BB38F
:040F4500000017B7DA
:040F46000087879306
:040F4700008B8B93FD
:040F4800419785B395
:040F4900015B8AB30B
:040F4A00415585B3D5
:040F4B000145959334
:040F4C000145DA136E
:040F4D00000A0593FE
:040F4E00000905137E
:040F4F00210010EF7E
:040F5000FFF0079314
:040F510018F500632C
:040F520041750533AD
:040F530001450AB397
:040F5400000C270363
:040F55000179A42357
:040F5600001AE79303
:040F570000EA05B3F4
:040F580000BC202396
:040F590000FBA223D4
:040F5A00CF3402E3AB
:040F5B0000F0069309
:040F5C000B66F063CD
:040F5D000044270322
:040F5E00FF4B0793AB
:040F5F00FF87F7937E
:040F600000177713EC
:040F610000F76733FB
:040F620000E4222362
:040F63000050061321
:040F640000F407335B
:040F650000C722237C
:040F660000C7242379
:040F670000F6E66347
:040F6800004BA78310
:040F6900CA9FF06FBC
:040F6A000084059367
:040F6B000009051361
:040F6C00E6CFF0EFED
:040F6D000089AB83C9
:040F6E00000C2583CB
:040F6F00004BA78309
:040F7000C8DFF06F77
:040F7100010A8A9354
:040F7200C31FF06F3A
:040F73004026D693AB
:040F740000100793CF
:040F750000D797B357
:040F760000F56533EA
:040F770000A9A22308
:040F7800D71FF06F20
:040F7900015B85B3E0
:040F7A0040B005B3CB
:040F7B000145959304
:040F7C000145DA133E
:040F7D00000A0593CE
:040F7E00000905134E
:040F7F00150010EF5A
:040F8000FFF00793E4
:040F8100F4F512E38E
:040F820000000A134E
:040F8300F45FF06FB8
:040F840000812C03B9
:040F850000100793BE
:040F860000FBA223A7
:040F87000009051345
:040F8800104000EF26
:040F8900000005134C
:040F8A0001812A03B4
:040F8B0001412A8373
:040F8C0001012B0331
:040F8D0000C12B83F1
:040F8E0000412C836F
:040F8F0098DFF06F88
:040F9000054006937F
:040F910004E6E4632B
:040F920000C7D713AA
:040F930006F7061344
:040F940006E70693D3
:040F950000361613F9
:040F9600CCDFF06F4D
:040F970015400713E7
:040F980004F7646393
:040F990000F4D793F6
:040F9A0007878593AD
:040F9B000777881339
:040F9C000035961373
:040F9D009A9FF06FB8
:040F9E000089A4031F
:040F9F000044278360
:040FA000BFDFF06F50
:040FA100017CA0230C
:040FA200E81FF06FE5
:040FA300154006935C
:040FA40004E6E46318
:040FA50000F7D71367
:040FA60007870613A0
:040FA700077706932F
:040FA80000361613E6
:040FA900C81FF06FFE
:040FAA005540071394
:040FAB0004F7646380
:040FAC000124D793B2
:040FAD0007D785934A
:040FAE0007C78813D6
:040FAF000035961360
:040FB00095DFF06F6A
:040FB100FF8C8C9392
:040FB200019A8AB363
:040FB300417A8AB342
:040FB40000000A131C
:040FB500E7DFF06F13
:040FB6005540069309
:040FB70002E6E46307
:040FB8000127D71323
:040FB90007D706133D
:040FBA0007C70693CC
:040FBB0000361613D3
:040FBC00C35FF06FB0
:040FBD003F80061358
:040FBE0007F00593A0
:040FBF0007E008132C
:040FC00091DFF06F5E
:040FC1003F80061354
:040FC20007E00693AB
:040FC300C19FF06F6B
:040FC4000049A783B6
:040FC500D9DFF06F11
:040FC60000006517AB
:040FC700DD850513AC
:040FC800DE9FE06F59
:040FC90000006517A8
:040FCA00DCC505136A
:040FCB00DF5FE06F95
:040FCC00FF0101130D
:040FCD0000112623C6
:040FCE0001212023BA
:040FCF000E05826326
:040FD0000081242355
:040FD1000091222346
:040FD200000584137F
:040FD300000504937E
:040FD40000050663AB
:040FD5000345278326
:040FD600100780631D
:040FD7000644278322
:040FD80000C4170337
:040FD9000017F79373
:040FDA000A07966309
:040FDB002007771361
:040FDC000E07086391
:040FDD000004059374
:040FDE000004851373
:040FDF00130000EF0C
:040FE00002C427839D
:040FE10000050913EB
:040FE20000078A6317
:040FE30001C425839D
:040FE400000485136D
:040FE500000780E79A
:040FE6000A05406355
:040FE70000C4578368
:040FE8000807F7936C
:040FE9000A079263FE
:040FEA000304258354
:040FEB0000058C630E
:040FEC00040407935F
:040FED0000F5866322
:040FEE000004851363
:040FEF00C60FF0EF4A
:040FF00002042823AC
:040FF100044425830C
:040FF200000588630B
:040FF300000485135E
:040FF400C4CFF0EF87
:040FF50004042223AB
:040FF600C3CFE0EF96
:040FF7000644278302
:040FF80000041623B8
:040FF9000017F79353
:040FFA000A078663F9
:040FFB000584250341
:040FFC00D11FE0EF32
:040FFD00C2CFE0EF90
:040FFE0000C120838B
:040FFF000081240346
:041000000041248304
:0410010000090513CA
:0410020000012903BD
:0410030001010113D3
:041004000000806701
:04100500F60710E3F7
:04100600008124033E
:0410070000412483FD
:0410080000000913C8
:0410090000C120837F
:04100A0000090513C1
:04100B0000012903B4
:04100C0001010113CA
:04100D0000008067F8
:04100E0000C4578340
:04100F00FFF00913D2
:041010000807F79343
:04101100F60782E379
:04101200010425832D
:04101300000485133D
:04101400BCCFF0EF6E
:04101500F55FF06F24
:04101600B4CFE0EF84
:04101700F01FF06F67
:041018000584250323
:04101900CA5FE0EFDB
:04101A0000C4178374
:04101B00F00794E363
:04101C0006442783DC
:04101D000017F7932E
:04101E00FA0790E35A
:04101F00058425031C
:0410200000000913B0
:04102100C9DFE0EF54
:041022000081240322
:0410230000412483E1
:04102400F95FF06F11
:041025000584250316
:04102600C89FE0EF90
:04102700F51FF06F52
:041028000005059327
:041029008201A50398
:04102A00E89FF06FDC
:04102B0000C5970362
:04102C00FE010113AD
:04102D0000812C23EF
:04102E000131262343
:04102F0000112E235B
:04103000008777932B
:04103100000584131F
:041032000005099319
:0410330012079063AD
:04103400000017B7EA
:041035008007879316
:041036000045A68348
:0410370000F767B3A4
:0410380000F5962306
:0410390018D0526316
:04103A000284280301
:04103B000E08046334
:04103C0000912A23D2
:04103D0001371693CE
:04103E000009A4837E
:04103F000009A023E1
:0410400001C425833F
:041041001606CE635E
:041042000000061391
:041043000010069300
:041044000009851307
:04104500000800E7B8
:04104600FFF007931D
:041047000005061387
:041048001AF504632E
:0410490000C4178345
:04104A0002842803F1
:04104B0001C4258334
:04104C000047F793CF
:04104D0000078E63A7
:04104E000044270330
:04104F0003042783EC
:0410500040E606333D
:0410510000078663AB
:0410520003C4278329
:0410530040F606332A
:0410540000000693FF
:0410550000098513F6
:04105600000800E7A7
:04105700FFF007930C
:0410580012F5146316
:041059000009A68361
:04105A0001D0079327
:04105B0000C41703B3
:04105C0016D7EA6356
:04105D00204007B771
:04105E00001787935D
:04105F0000D7D7B32C
:041060000017F793EB
:04106100160780638B
:04106200010426035C
:04106300FFFFF7B7DD
:041064007FF78793F8
:0410650000F777B366
:0410660000F4162359
:04106700000422233C
:0410680000C420237D
:0410690001371793A1
:04106A000007D46344
:04106B001006826386
:04106C0003042583D1
:04106D000099A02323
:04106E001005846382
:04106F0004040793DB
:0410700000F586639E
:0410710000098513DA
:04107200A54FF0EFA7
:041073000141248390
:041074000204282327
:04107500000005135F
:0410760001C1208311
:0410770001812403CC
:0410780000C1298307
:04107900020101135C
:04107A00000080678B
:04107B000121282304
:04107C000105A903BE
:04107D0008090263F9
:04107E0000912A2390
:04107F000005A48341
:0410800000377713AB
:041081000125A02382
:04108200412484B3CE
:0410830000000793CF
:0410840000071463EA
:041085000145A783F7
:0410860000F424232B
:04108700009048632A
:041088000540006FB0
:0410890000A909337E
:04108A000490566315
:04108B000244278371
:04108C0001C42583F3
:04108D000004869342
:04108E00000906133C
:04108F0000098513BC
:04109000000780E7EE
:0410910040A484B340
:04109200FCA04EE38D
:0410930000C417037B
:04109400010129032A
:0410950004076713D2
:04109600014124836D
:0410970000E4162338
:04109800FFF005134D
:04109900F75FF06F9E
:04109A0003C5A68361
:04109B00E6D04EE36A
:04109C00F65FF06F9C
:04109D000141248366
:04109E000101290320
:04109F00F59FF06F5A
:0410A000050426031A
:0410A100EADFF06F23
:0410A20000C417036C
:0410A300010426839B
:0410A400FFFFF7B79C
:0410A5007FF78793B7
:0410A60000F777B325
:0410A70000F4162318
:0410A80000042223FB
:0410A90000D420232C
:0410AA000137179360
:0410AB00F007D2E395
:0410AC000304258391
:0410AD0004A428234C
:0410AE000099A023E2
:0410AF00F00590E3D5
:0410B0000141248353
:0410B100F11FF06FCC
:0410B2000009A78307
:0410B300E4078CE3DF
:0410B40001D007134D
:0410B50000E78C6361
:0410B60001600713BB
:0410B70000E7886363
:0410B80000C4170356
:0410B90004076713AE
:0410BA00F71FF06FBD
:0410BB000099A023D5
:0410BC000141248347
:0410BD00EE1FF06FC3
:0410BE00FF0101131A
:0410BF000081242365
:0410C0000091222356
:0410C10000112623D1
:0410C20001212023C5
:0410C300000504938D
:0410C400000584138C
:0410C50000050663B9
:0410C6000345278334
:0410C7000A078A6327
:0410C80000C41783C6
:0410C9000000091307
:0410CA000407806334
:0410CB0006442703AD
:0410CC00001777137F
:0410CD00000716639F
:0410CE002007F7936D
:0410CF00040784632B
:0410D0000004059380
:0410D100000485137F
:0410D200D65FF0EF06
:0410D3000644278325
:0410D40000050913F7
:0410D5000017F79376
:0410D6000007986314
:0410D70000C4578377
:0410D8002007F79363
:0410D9000407846321
:0410DA0000C12083AE
:0410DB000081240369
:0410DC000041248328
:0410DD0000090513EE
:0410DE0000012903E1
:0410DF0001010113F7
:0410E0000000806725
:0410E100058425035A
:0410E200981FE0EF84
:0410E300000405936D
:0410E400000485136C
:0410E500D19FF0EFB8
:0410E6000644278312
:0410E70000050913E4
:0410E8000017F79363
:0410E900FC0792E38B
:0410EA00FB5FF06F49
:0410EB000584250350
:0410EC00971FE0EF7B
:0410ED0000C120839B
:0410EE000081240356
:0410EF000041248315
:0410F00000090513DB
:0410F10000012903CE
:0410F20001010113E4
:0410F3000000806712
:0410F400FD5FD0EFDD
:0410F500F4DFF06FC5
:0410F6000A050A637A
:0410F700FF010113E1
:0410F800008124232C
:0410F900012120238E
:0410FA000011262398
:0410FB00009122231B
:0410FC008201A903C1
:0410FD0000050413D3
:0410FE00000906637C
:0410FF0003492783F7
:0411000006078463F7
:0411010000C417838C
:041102000000049352
:0411030004078063FA
:041104000644270373
:041105000017771345
:041106000007166365
:041107002007F79333
:0411080004078A63EB
:041109000004059346
:04110A0000090513C0
:04110B00C81FF0EF1A
:04110C0006442783EB
:04110D000005049342
:04110E000017F7933C
:04110F0000079863DA
:0411100000C457833D
:041111002007F79329
:0411120002078C63E1
:0411130000C1208374
:04111400008124032F
:0411150000012903A9
:041116000004851339
:0411170000412483EC
:0411180001010113BD
:0411190000008067EB
:04111A0000090513B0
:04111B00F39FD0EF7F
:04111C00F95FF06F18
:04111D00058425031D
:04111E00891FE0EF56
:04111F00FA9FF06FD4
:04112000058425031A
:0411210089DFE0EF93
:04112200FC5FF06F0F
:04112300000046176B
:04112400B3C6061335
:04112500000005972A
:04112600E645859382
:041127000000451768
:04112800B3C5051333
:04112900FF1FD06F65
:04112A000086278391
:04112B002C078463A6
:04112C0000C59683E1
:04112D00FD010113AC
:04112E0002812423F3
:04112F0001412C232B
:04113000016128230E
:04113100021126235E
:041132000086F793A9
:0411330000060B1394
:0411340000050A1395
:04113500000584131A
:0411360008078E63B5
:041137000105A78384
:0411380008078A63B7
:0411390002912223DA
:04113A00032120234A
:04113B0001312E232D
:04113C0001512A2310
:04113D000026F793FE
:04113E00000B2483FB
:04113F000A078463B4
:0411400002442783BB
:0411410001C425833D
:0411420080000AB768
:04114300000009930C
:04114400000009138B
:04114500C00A8A93BF
:041146000009861303
:04114700000A051382
:041148000409026331
:041149000009069300
:04114A00012AF4631F
:04114B00000A86937D
:04114C00000780E731
:04114D0046A0526303
:04114E00008B278368
:04114F0000A989B3B7
:0411500040A9093376
:0411510040A787B379
:0411520000FB242357
:041153001A0786638E
:0411540002442783A7
:0411550001C4258329
:0411560000098613F3
:04115700000A051372
:04115800FC0912E399
:041159000004A98362
:04115A000044A903A1
:04115B0000848493F5
:04115C00FA9FF06F97
:04115D0000040593F2
:04115E00000A05136B
:04115F006B0000EF32
:041160001C051C63EB
:0411610000C416832D
:0411620002912223B1
:041163000321202321
:0411640001312E2304
:0411650001512A23E7
:041166000026F793D5
:04116700000B2483D2
:04116800F60790E313
:0411690001712623C7
:04116A0001812423B8
:04116B000016F793E0
:04116C001C07966363
:04116D0000042783D0
:04116E0000842703CF
:04116F0080000AB73B
:0411700001912223A4
:0411710000000B93DC
:0411720000000993DD
:04117300FFFA8A9362
:0411740000078513D8
:0411750000070C1350
:041176001009826377
:041177002006F61345
:0411780028060863DA
:0411790000070C93CC
:04117A0032E9E8630B
:04117B004806F71318
:04117C0008070A63F3
:04117D000144260300
:04117E0001042583C0
:04117F00001617132C
:0411800000C707336A
:0411810040B78933B7
:0411820001F75C1302
:0411830000EC0C333D
:0411840000190793B4
:04118500401C5C139B
:04118600013787B3F3
:04118700000C06133F
:0411880000FC76638E
:0411890000078C13BC
:04118A0000078613C1
:04118B004006F69391
:04118C003206806344
:04118D0000060593C0
:04118E00000A05133B
:04118F00900FF0EFDE
:0411900000050C93B7
:0411910034050E63B0
:0411920001042583AC
:041193000009061336
:04119400805FE0EFA9
:0411950000C45783B8
:04119600B7F7F7931D
:041197000807E793CB
:0411980000F4162326
:04119900012C85336D
:04119A00412C07B32A
:04119B000194282370
:04119C0001842A237D
:04119D0000A4202367
:04119E0000098C13A5
:04119F0000F4242311
:0411A00000098C9323
:0411A100000C8613A5
:0411A200000B859326
:0411A300175000EFF2
:0411A4000084270399
:0411A5000004278398
:0411A60000098913A0
:0411A7004187073342
:0411A800019787B371
:0411A90000E4242317
:0411AA0000F420230A
:0411AB0000000993A4
:0411AC00008B27830A
:0411AD00012B8BB3D4
:0411AE00412787B39B
:0411AF0000FB2423FA
:0411B0000207866349
:0411B100000427838C
:0411B200008427038B
:0411B30000C41683DB
:0411B4000007851398
:0411B50000070C1310
:0411B600F00992E3C7
:0411B7000004AB8302
:0411B8000044A983C3
:0411B9000084849397
:0411BA00EE9FF06F45
:0411BB0000C12B83C1
:0411BC0000812C037F
:0411BD0000412C833E
:0411BE0002C12083C7
:0411BF000281240382
:0411C0000241248341
:0411C10002012903FB
:0411C20001C12983BB
:0411C30001412A8339
:0411C40001812A0378
:0411C50001012B03F6
:0411C600000005130D
:0411C700030101130C
:0411C800000080673C
:0411C9000004059386
:0411CA00000A0513FF
:0411CB00BCDFF0EFA6
:0411CC000A050E639F
:0411CD0000C41783C0
:0411CE0000C12B83AE
:0411CF0000812C036C
:0411D0000241248331
:0411D10002012903EB
:0411D20001C12983AB
:0411D30001412A8329
:0411D4000407E79392
:0411D50000F41623E9
:0411D60002C12083AF
:0411D700028124036A
:0411D80001812A0364
:0411D90001012B03E2
:0411DA00FFF005130A
:0411DB0003010113F8
:0411DC000000806728
:0411DD0000000513F6
:0411DE000000806726
:0411DF0000000A936F
:0411E00000000513F3
:0411E10000000C13EB
:0411E200000009936D
:0411E3000809826312
:0411E40008050A638D
:0411E500000A8793E2
:0411E60000098B93DE
:0411E7000137F46375
:0411E80000078B93DE
:0411E90000042503D6
:0411EA000104278352
:0411EB000084290350
:0411EC000144268311
:0411ED0000A7F663FE
:0411EE0000D90933E8
:0411EF0009794463D3
:0411F00016DBC263E5
:0411F100024427830A
:0411F20001C425838C
:0411F300000C0613D3
:0411F400000A0513D5
:0411F500000780E788
:0411F60000050913D4
:0411F700F4A05CE321
:0411F800412A8AB34B
:0411F90000100513CA
:0411FA00F20A8EE384
:0411FB00008B2783BB
:0411FC00012C0C3383
:0411FD00412989B348
:0411FE00412787B34B
:0411FF0000FB2423AA
:04120000F80796E372
:0412010000C12B837A
:0412020000812C0338
:04120300EEDFF06FBB
:041204000044A98376
:0412050000048793C7
:041206000084849349
:04120700FE098AE36F
:041208000007AC032C
:04120900000986133F
:04120A0000A00593A8
:04120B00000C0513BB
:04120C0053C000EFDC
:04120D0014050C6355
:04120E0000150513AF
:04120F0041850AB358
:04121000F55FF06F27
:04121100000C059335
:0412120000090613B6
:041213007B4000EF2D
:041214000004278328
:041215000004059339
:04121600000A0513B2
:04121700012787B371
:0412180000F420239B
:04121900A95FF0EFEA
:04121A00F6050CE3E6
:04121B00EC9FF06FE5
:04121C000104268320
:04121D0004F6E4638C
:04121E0001442583DF
:04121F0004B9E063CB
:041220000009891325
:04122100013AF46337
:04122200000A891322
:0412230000090513A6
:04122400695000EF1E
:0412250002442783D5
:0412260001C4258357
:0412270040A906B321
:04122800000B86131E
:04122900000A05139F
:04122A00000780E752
:04122B00000509139E
:04122C0004A05A635D
:04122D00412989B317
:04122E00DF9FF06FDF
:04122F000007091398
:0412300000E9F4637A
:041231000009891314
:041232000007851319
:041233000009061395
:04123400000B859393
:0412350072C000EF94
:041236000084270306
:041237000004278305
:041238004127073310
:04123900012787B34F
:04123A0000E4242385
:04123B0000F4202378
:04123C00FC0712E3B6
:04123D000004059311
:04123E00000A05138A
:04123F009FDFF0EF4E
:04124000FA050AE3BE
:0412410000C417834B
:0412420000C12B8339
:0412430000812C03F7
:0412440000412C83B6
:04124500E2DFF06F85
:0412460000098C13FC
:0412470000098C937B
:04124800D65FF06F0E
:04124900000B8613FD
:04124A00000C0593FC
:04124B006D4000EF03
:04124C0000842703F0
:04124D0000042783EF
:04124E00000B8913F5
:04124F0041770733A9
:04125000017787B3E8
:0412510000E424236E
:0412520000F4202361
:04125300E95FF06FF0
:04125400000A051374
:041255007B8000EFAB
:0412560000050C93F0
:04125700D00514E3C7
:0412580001042583E5
:04125900000A05136F
:04125A00AB5FE0EFB7
:04125B0000C4178331
:04125C0000C00713B4
:04125D0000C12B831E
:04125E0000812C03DC
:04125F0000412C839B
:0412600000EA20235D
:04126100F7F7F79311
:04126200DB9FF06FAF
:041263000019879354
:0412640000078A9362
:04126500E05FF06FE7
:0412660000C4178326
:04126700DA5FF06FEB
:0412680000C00713A8
:0412690000C4178323
:04126A0000C12B8311
:04126B0000812C03CF
:04126C0000412C838E
:04126D0000EA202350
:04126E00D89FF06FA6
:04126F0000C597839C
:04127000F80101136D
:0412710006812C23A3
:0412720006112E2310
:041273000027F71346
:0412740000058413DA
:041275000207046305
:041276000435879321
:0412770000F5A023BB
:0412780000F5A823B2
:0412790000100793C7
:04127A0000F5AA23AE
:04127B0007C1208304
:04127C0007812403BF
:04127D000801011350
:04127E000000806785
:04127F0000E595836E
:0412800006912A2386
:0412810007212823F6
:0412820007312623E7
:0412830007412423D8
:0412840000050493CA
:041285000805C6632F
:0412860000810613CA
:04128700414000EFF3
:0412880006054E63A6
:0412890000C12783F6
:04128A000000F93730
:04128B00000019B78F
:04128C0000F97933B9
:04128D00FFFFE7B7C1
:04128E0000F9093327
:04128F0000193913F6
:0412900040000A13FD
:0412910080098993B4
:04129200000A0593B6
:0412930000048513BB
:04129400CEDFE0EFDA
:0412950000C41783F7
:0412960006050863DE
:041297000807E793CA
:0412980000A420236B
:0412990000A4282362
:04129A0000F4162323
:04129B0001442A23BD
:04129C000A091063C8
:04129D000137E7B37B
:04129E0007C12083E1
:04129F0000F416231E
:0412A000078124039B
:0412A100074124835A
:0412A2000701290314
:0412A30006C12983D4
:0412A40006812A0392
:0412A5000801011328
:0412A600000080675D
:0412A70000C41783E5
:0412A8000807F793A9
:0412A9000000091325
:0412AA0004078E6344
:0412AB0004000A131E
:0412AC00000A05939C
:0412AD0000048513A1
:0412AE00C85FE0EF46
:0412AF0000C41783DD
:0412B000000009939E
:0412B100F8051CE33D
:0412B2002007F71307
:0412B30004071E63AB
:0412B400FFC7F793E6
:0412B5000027E79394
:0412B60004340713E2
:0412B70000F4162306
:0412B8000010079388
:0412B9000741248342
:0412BA0007012903FC
:0412BB0006C12983BC
:0412BC0006812A037A
:0412BD0000E4202306
:0412BE0000E42823FD
:0412BF0000F42A23EA
:0412C000EEDFF06FFE
:0412C10040000A13CC
:0412C200000009938C
:0412C300F3DFF06FF6
:0412C40000E41583AA
:0412C5000004851389
:0412C600378000EF7E
:0412C70002051063A9
:0412C80000C41783C4
:0412C900F51FF06FAE
:0412CA000741248331
:0412CB0007012903EB
:0412CC0006C12983AB
:0412CD0006812A0369
:0412CE00EB5FF06F73
:0412CF0000C457837D
:0412D000FFC7F793CA
:0412D1000017E79388
:0412D20001079793E6
:0412D3004107D79365
:0412D400F25FF06F66
:0412D500F901011307
:0412D6000681242346
:0412D7000005841377
:0412D80000E5958315
:0412D9000691222335
:0412DA0007212023A5
:0412DB0006112623AF
:0412DC000006049371
:0412DD00000689136B
:0412DE000405CA63D6
:0412DF000081061371
:0412E0002B0000EFF0
:0412E1000405446359
:0412E20000C127031D
:0412E3000000F7B759
:0412E40006C120839C
:0412E50000E7F7B374
:0412E600FFFFE737E8
:0412E70000E787B3E2
:0412E8000681240354
:0412E9000017B793A0
:0412EA0000F92023C4
:0412EB0040000713A5
:0412EC0000E4A02357
:0412ED0000001537B1
:0412EE00064124830E
:0412EF0006012903C8
:0412F000800505135D
:0412F10007010113DD
:0412F2000000806711
:0412F30000C4578359
:0412F4000807F7935D
:0412F5000207886301
:0412F60006C120838A
:0412F7000681240345
:0412F8000000079358
:0412F90000F92023B5
:0412FA0004000713D2
:0412FB0000E4A02348
:0412FC0006012903BB
:0412FD0006412483FF
:0412FE0000000513D4
:0412FF0007010113CF
:041300000000806702
:0413010006C120837E
:041302000681240339
:0413030000F92023AA
:04130400400007138B
:0413050000E4A0233D
:0413060006012903B0
:0413070006412483F4
:0413080000000513C9
:0413090007010113C4
:04130A0000008067F8
:04130B00FF010113CA
:04130C000081242315
:04130D000091222306
:04130E000011262381
:04130F008201A7832D
:04131000000504933D
:04131100000584133C
:0413120000078663E7
:041313000347A703E2
:041314000E070C6351
:0413150000C4178376
:041316000087F71342
:0413170006070A6358
:0413180001042703A2
:041319000807066358
:04131A000017F6932F
:04131B0002068863DB
:04131C0001442683DF
:04131D000004242381
:04131E0000000513B3
:04131F0040D006B301
:0413200000D42C23A6
:0413210002070A6352
:0413220000C1208363
:04132300008124031E
:0413240000412483DD
:0413250001010113AE
:0413260000008067DC
:041327000027F69312
:0413280000000613A8
:0413290000069463C3
:04132A000144260351
:04132B0000C42423B3
:04132C0000000513A5
:04132D00FC071AE3BC
:04132E000807F713A2
:04132F00FC0706E3CE
:041330000407E79334
:0413310000F416238B
:04133200FFF00513B0
:04133300FBDFF06F7D
:041334000107F713A3
:041335000807006342
:041336000047F71362
:0413370002071C632A
:041338000104270382
:041339000087E793AF
:04133A0000F4162382
:04133B00F6071EE3B0
:04133C002807F693F5
:04133D002000061373
:04133E00F6C688E384
:04133F00000405930E
:04134000000485130D
:04134100CB9FF0EF5F
:0413420000C4178349
:041343000104270377
:04134400F59FF06FB2
:0413450003042583F5
:0413460000058E63AD
:041347000404071380
:0413480000E58863D1
:041349000004851304
:04134A00EF4FE0EF92
:04134B0000C4178340
:04134C00020428234C
:04134D00010427036D
:04134E00FDB7F7935D
:04134F000004222351
:0413500000E4202372
:04135100FA1FF06F20
:0413520000078513F8
:04135300E58FD0EF63
:04135400F05FF06FE7
:0413550000900713EA
:0413560000E4A023EC
:041357000407E7930D
:0413580000F4162364
:04135900FFF0051389
:04135A00F21FF06F1F
:04135B00003577934F
:04135C000FF5F69300
:04135D0002078A6396
:04135E00FFF60793FC
:04135F0002060E6311
:04136000FFF0061381
:041361000180006F98
:04136200001505135A
:0413630000357713C7
:0413640000070E630D
:04136500FFF7879374
:0413660002C78063D7
:041367000005470333
:04136800FED714E3B5
:041369000000806799
:04136A0000060793DF
:04136B000030071334
:04136C0000F76863BB
:04136D00060790637C
:04136E000000051363
:04136F000000806793
:041370000FF5F593ED
:041371000085971349
:0413720000B705B308
:0413730001059713C6
:04137400FEFF08B7B9
:0413750080808837B5
:0413760000E585B356
:04137700EFF8889370
:041378000808081346
:04137900003003132A
:04137A000100006FFF
:04137B00FFC787938E
:04137C000045051310
:04137D00FCF370E32A
:04137E00000527033C
:04137F0000E5C7338B
:041380000117063318
:04138100FFF7471318
:0413820000E67733D7
:0413830001077733B4
:04138400FC070EE371
:0413850000F507B3B5
:0413860000C0006F34
:041387000015051335
:04138800F8F50CE385
:041389000005470311
:04138A00FED71AE38D
:04138B000000806777
:04138C00FF01011349
:04138D0000058713BD
:04138E000081242393
:04138F0000060593BC
:04139000000504133D
:041391000007051339
:041392000000579769
:04139300E807AA239A
:0413940000112623FB
:041395002A9000EFAB
:04139600FFF00793CA
:0413970000F50A63F0
:0413980000C12083ED
:0413990000812403A8
:04139A000101011339
:04139B000000806767
:04139C00000057975F
:04139D00E6C7A78375
:04139E00FE0784E3DF
:04139F0000C12083E6
:0413A00000F4202312
:0413A10000812403A0
:0413A2000101011331
:0413A300000080675F
:0413A400FF01011331
:0413A500008124237C
:0413A6000005041327
:0413A70000058513A5
:0413A8000000579753
:0413A900E207AE2386
:0413AA0000112623E5
:0413AB00355000EFCA
:0413AC00FFF00793B4
:0413AD0000F50A63DA
:0413AE0000C12083D7
:0413AF000081240392
:0413B0000101011323
:0413B1000000806751
:0413B2000000579749
:0413B300E147A783E4
:0413B400FE0784E3C9
:0413B50000C12083D0
:0413B60000F42023FC
:0413B700008124038A
:0413B800010101131B
:0413B9000000806749
:0413BA00FF0101131B
:0413BB00000587138F
:0413BC000081242365
:0413BD00000605938E
:0413BE00000504130F
:0413BF00000686138B
:0413C000000705130A
:0413C100000057973A
:0413C200DC07AC2375
:0413C30000112623CC
:0413C40063D000EF03
:0413C500FFF007939B
:0413C60000F50A63C1
:0413C70000C12083BE
:0413C8000081240379
:0413C900010101130A
:0413CA000000806738
:0413CB000000579730
:0413CC00DB07A78311
:0413CD00FE0784E3B0
:0413CE0000C12083B7
:0413CF0000F42023E3
:0413D0000081240371
:0413D1000101011302
:0413D2000000806730
:0413D300FF01011302
:0413D400008124234D
:0413D50000050413F8
:0413D6000005851376
:0413D7000000579724
:0413D800D807A0236F
:0413D90000112623B6
:0413DA00098010EF87
:0413DB00FFF0079385
:0413DC0000F50A63AB
:0413DD0000C12083A8
:0413DE000081240363
:0413DF0001010113F4
:0413E0000000806722
:0413E100000057971A
:0413E200D587A78381
:0413E300FE0784E39A
:0413E40000C12083A1
:0413E50000F42023CD
:0413E600008124035B
:0413E70001010113EC
:0413E800000080671A
:0413E900FF010113EC
:0413EA000081242337
:0413EB000000279740
:0413EC00D5478793C7
:0413ED0000002417C1
:0413EE00D4C404134C
:0413EF0040F404338F
:0413F0000091222323
:0413F100001126239E
:0413F20040245493AC
:0413F300020480630D
:0413F400FFC404131B
:0413F50000F40433C9
:0413F6000004278345
:0413F700FFF48493E8
:0413F800FFC4041317
:0413F900000780E782
:0413FA00FE0498E372
:0413FB0000C120838A
:0413FC000081240345
:0413FD000041248304
:0413FE0001010113D5
:0413FF000000806703
:0414000002A5F663E8
:0414010000C5873368
:0414020002E572632A
:0414030000C507B366
:041404000406066371
:04140500FFF7468324
:04140600FFF78793D2
:04140700FFF70713D1
:0414080000D7802366
:04140900FEF518E3F1
:04140A0000008067F7
:04140B0000F0079353
:04140C0002C7E863C8
:04140D00000507933C
:04140E00FFF606934C
:04140F000C06026362
:0414100000168693A9
:0414110000D786B3C7
:041412000005C70307
:0414130000178793A4
:0414140000158593A7
:04141500FEE78FA3BC
:04141600FED798E382
:0414170000008067EA
:0414180000B567B301
:041419000037F7930E
:04141A0008079663C6
:04141B00FF0608932D
:04141C00FF08F8933A
:04141D0001088893A7
:04141E00011506B3FB
:04141F00000587132A
:041420000005079329
:041421000007280395
:0414220001070713A4
:0414230001078793A3
:04142400FF07A823F3
:04142500FF47280352
:04142600FF07AA23EF
:04142700FF87280310
:04142800FF07AC23EB
:04142900FFC72803CE
:04142A00FF07AE23E7
:04142B00FCD79CE36B
:04142C0000C678136B
:04142D00011585B36D
:04142E0000F677133A
:04142F000408046346
:04143000FFC70813D7
:04143100FFC8781365
:041432000048081353
:04143300010687B374
:041434000005871315
:041435000007288301
:041436000046869353
:041437000047071350
:04143800FF16AE23CA
:04143900FEF698E340
:04143A0000367613EF
:04143B00010585B36F
:04143C00F49FF06FBA
:04143D00FFF606931D
:04143E00000507930B
:04143F00F45FF06FF7
:0414400000008067C1
:041441000007061387
:04144200F31FF06F35
:04144300FD01011393
:0414440002912223CC
:041445000211262347
:041446000006049305
:041447001E05886393
:0414480002812423D6
:041449000321202338
:04144A000005841302
:04144B0001312E231A
:04144C0001512A23FD
:04144D0001412C230A
:04144E000005091379
:04144F00DDDFE0EF0E
:04145000FFC42703AB
:0414510000B48793C9
:04145200016006939C
:04145300FF840A9375
:04145400FFC77993C2
:0414550010F6F26338
:04145600FF87FA13FF
:041457001007C26355
:04145800109A606323
:041459001349D263FE
:04145A0001812423C5
:04145B0000003C173A
:04145C00F8CC0C13A9
:04145D00008C2603D6
:04145E00013A86B316
:04145F000046A78319
:041460001CD608632B
:04146100FFE7F61398
:0414620000C6863307
:041463000046260316
:0414640000167613E5
:0414650014061A63EC
:04146600FFC7F79332
:0414670000F98633CF
:041468000D46586372
:0414690000177713DE
:04146A0002071C63F6
:04146B0001712623C2
:04146C00FF842B834B
:04146D0001612823CE
:04146E00417A8BB381
:04146F00004BA70384
:04147000FFC7771328
:0414710000E787B356
:0414720001378B3380
:04147300334B5C6338
:0414740000E98B33CD
:04147500294B586344
:0414760001012B0342
:0414770000C12B8302
:041478000004859354
:04147900000905134E
:04147A00D54FE0EF7B
:04147B0000050493D1
:04147C0040050863BC
:04147D00FFC42783FE
:04147E00FF850713CC
:04147F00FFE7F793F9
:0414800000FA87B334
:0414810024E7866373
:04148200FFC9861305
:041483000240079389
:041484002EC7E46328
:041485000130071318
:0414860020C76A63AE
:0414870000050793C2
:041488000004071342
:0414890000072683AF
:04148A0000D7A023C4
:04148B00004726836D
:04148C0000D7A223C0
:04148D0000872703AA
:04148E0000E7A423AC
:04148F0000040593BD
:041490000009051337
:041491009D8FE0EF5C
:041492000009051335
:04149300CD9FE0EF1A
:0414940000812C03A4
:0414950006C0006F1E
:0414960001000A1334
:04149700F09A74E370
:0414980000C00793F6
:0414990000F9202313
:04149A0000000493B7
:04149B000540006F99
:04149C0000C6A7835C
:04149D000086A7031B
:04149E0000812C039A
:04149F0000060993A7
:0414A00000F7262308
:0414A10000E7A42399
:0414A200004AA783D2
:0414A300414986B382
:0414A40000F006133B
:0414A5000017F793A2
:0414A600013A87334D
:0414A70008D662639E
:0414A8000137E7B36E
:0414A90000FAA22380
:0414AA00004727834D
:0414AB000017E793AC
:0414AC0000F7222300
:0414AD00000905131A
:0414AE00C6DFE0EFC6
:0414AF00000404939E
:0414B000028124038E
:0414B10002C12083D1
:0414B2000201290307
:0414B30001C12983C7
:0414B40001812A0385
:0414B50001412A8344
:0414B6000004851396
:0414B7000241248347
:0414B8000301011318
:0414B9000000806748
:0414BA00001777138D
:0414BB00EE071AE33B
:0414BC000171262371
:0414BD00FF842B83FA
:0414BE00016128237D
:0414BF00417A8BB330
:0414C000004BA70333
:0414C100FFC77713D7
:0414C200EC9FF06F3C
:0414C30002C12083BF
:0414C400024124833A
:0414C5000006059385
:0414C600030101130A
:0414C700C20FE06F01
:0414C8000147E7B33E
:0414C90000FAA22360
:0414CA00014A85B39B
:0414CB000016E6938E
:0414CC0000D5A22382
:0414CD00004727832A
:0414CE00008585937D
:0414CF0000090513F8
:0414D0000017E79387
:0414D10000F72223DB
:0414D2008D4FE0EF6B
:0414D300F69FF06F21
:0414D400FFC7F793C4
:0414D500013786B3A2
:0414D600010A0613EE
:0414D70026C6D063F2
:0414D800001777136F
:0414D900E6071EE321
:0414DA000171262353
:0414DB00FF842B83DC
:0414DC00016128235F
:0414DD00417A8BB312
:0414DE00004BA70315
:0414DF00FFC77713B9
:0414E00000E787B3E7
:0414E10001378B3311
:0414E200E4CB44E330
:0414E30000CBA78310
:0414E400008BA703CF
:0414E500FFC98613A2
:0414E6000240069327
:0414E70000F72623C1
:0414E80000E7A42352
:0414E900008B84935D
:0414EA0028C6E463C9
:0414EB0001300713B2
:0414EC0000048793DE
:0414ED0002C772635D
:0414EE0000042703CC
:0414EF0001B00793AE
:0414F00000EBA42346
:0414F1000044270389
:0414F20000EBA62342
:0414F30026C7EA63BB
:0414F4000084041359
:0414F500010B8793CD
:0414F60000042703C4
:0414F70000E7A02347
:0414F8000044270382
:0414F90000E7A22343
:0414FA000084270340
:0414FB0000E7A4233F
:0414FC00014B8733E6
:0414FD00414B07B3A5
:0414FE0000EC2423B7
:0414FF000017E79358
:0415000000F72223AB
:04150100004BA78371
:0415020000090513C4
:041503000017F79343
:041504000147E7B301
:0415050000FBA22322
:04150600B0DFE0EF83
:0415070001012B03B0
:0415080000C12B8370
:0415090000812C032E
:04150A00E99FF06FF6
:04150B00000426832F
:04150C0001B0071310
:04150D0000D52023C2
:04150E0000442683EC
:04150F0000D52223BE
:0415100014C76E632B
:041511000084071338
:0415120000850793B6
:04151300DD9FF06FF9
:04151400FFC5278365
:0415150000812C0322
:04151600FFC7F79381
:0415170000F989B39B
:04151800E29FF06FEF
:0415190000CBA783D9
:04151A00008BA70398
:04151B00FFC986136B
:04151C0002400693F0
:04151D0000F726238A
:04151E0000E7A4231B
:04151F00008B849326
:0415200010C6E663A8
:04152100013007137B
:0415220000048793A7
:0415230002C77C631C
:041524000004270395
:0415250001B0079377
:0415260000EBA4230F
:041527000044270352
:0415280000EBA6230B
:0415290014C7F86388
:04152A00008427838F
:04152B0000FBA823F6
:04152C0000C427834D
:04152D0000FBAA23F2
:04152E000AD60C636A
:04152F00010404139C
:04153000018B879311
:041531000004270388
:0415320000E7A0230B
:041533000044270346
:0415340000E7A22307
:041535000084270304
:0415360000E7A42303
:04153700000B099309
:04153800000B8A9387
:0415390001012B037E
:04153A0000C12B833E
:04153B0000812C03FC
:04153C000004841310
:04153D00D95FF06F13
:04153E00000405930D
:04153F00B05FF0EFBA
:04154000D3DFF06F96
:0415410000C6A783B6
:041542000086A70375
:04154300FFC9861343
:0415440002400693C8
:0415450000F7262362
:0415460000E7A423F3
:04154700008BA7036B
:0415480000CBA783AA
:04154900008B8493FC
:04154A0000F726235D
:04154B0000E7A423EE
:04154C0004C6EE6380
:04154D00013007134F
:04154E00000487937B
:04154F00F8C774E382
:041550000004270369
:0415510001B007934B
:0415520000EBA423E3
:041553000044270326
:0415540000EBA623DF
:041555000AC7F0636E
:0415560000842703E3
:0415570002400793B4
:0415580000EBA823D9
:0415590000C42703A0
:04155A0000EBAA23D5
:04155B00F4F618E3A7
:04155C00010427035C
:04155D00020B879363
:04155E0001840413ED
:04155F0000EBAC23CE
:04156000FFC427039A
:0415610000EBAE23CA
:04156200F3DFF06F54
:0415630000040593E8
:0415640000048513E7
:04156500A6DFF0EF1E
:04156600F45FF06FCF
:0415670000842703D2
:0415680000E5242353
:0415690000C4270390
:04156A0000E526234F
:04156B0006F6046319
:04156C00010407135C
:04156D0001050793DA
:04156E00C6DFF06F75
:04156F00014A8AB3F0
:04157000414687B3B6
:04157100015C2423D2
:041572000017E793E4
:0415730000FAA223B5
:04157400FFC4278306
:041575000009051351
:0415760000040493D6
:041577000017F793CF
:041578000147E7B38D
:04157900FEF42E232B
:04157A0093DFE0EF2C
:04157B0000812C03BC
:04157C00CD1FF06F20
:04157D0000840413CF
:04157E00010B879343
:04157F00EC9FF06F7E
:041580000009051346
:04158100921FE0EFE6
:0415820000000493CE
:0415830000812C03B4
:04158400CB1FF06F1A
:0415850001042683B4
:0415860001840713C2
:041587000185079340
:0415880000D528233F
:041589000144268370
:04158A0000D52A233B
:04158B00BF9FF06F9F
:04158C0000040593BF
:04158D0000048513BE
:04158E009C9FF0EF3F
:04158F00DB5FF06FBF
:041590000084278329
:0415910000FBA82390
:0415920000C42783E7
:0415930000FBAA238C
:0415940000D6086312
:041595000104041336
:04159600018B8793AB
:04159700D7DFF06F3B
:041598000104270320
:04159900020B879327
:04159A0001840413B1
:04159B0000EBAC2392
:04159C00FFC427035E
:04159D0000EBAE238E
:04159E00D61FF06FF5
:04159F00000506132A
:0415A000000005132F
:0415A1000015F693A8
:0415A2000006846358
:0415A30000C5053347
:0415A4000015D593C6
:0415A5000016161303
:0415A600FE0596E3C5
:0415A7000000806759
:0415A8000605406391
:0415A9000605C6630A
:0415AA00000586139F
:0415AB00000505939F
:0415AC00FFF0051334
:0415AD0002060C63C3
:0415AE000010069390
:0415AF0000B67A63A5
:0415B00000C05863BC
:0415B10000161613F7
:0415B20000169693F6
:0415B300FEB66AE333
:0415B400000005131B
:0415B50000C5E66324
:0415B60040C585B3F4
:0415B70000D56533C3
:0415B8000016D693B0
:0415B90000165613AF
:0415BA00FE0696E3B0
:0415BB000000806745
:0415BC000000829316
:0415BD00FB5FF0EFF1
:0415BE00000585138C
:0415BF00000280673F
:0415C00040A005330F
:0415C10000B04863CB
:0415C20040B005B37D
:0415C300F9DFF06FED
:0415C40040B005B37B
:0415C500000082930D
:0415C600F91FF0EF2A
:0415C70040A0053308
:0415C8000002806736
:0415C9000000829309
:0415CA000005CA63EB
:0415CB0000054C6368
:0415CC00F79FF0EFA6
:0415CD00000585137D
:0415CE000002806730
:0415CF0040B005B370
:0415D000FE0558E3D9
:0415D10040A00533FE
:0415D200F61FF0EF21
:0415D30040B00533EC
:0415D400000280672A
:0415D500FF010113FE
:0415D60000112623B7
:0415D7000081242348
:0415D80001010413F6
:0415D9008141A78322
:0415DA0000078A6319
:0415DB008141A78320
:0415DC00000780E79D
:0415DD00000507936B
:0415DE0000C0006FDA
:0415DF000000A7B7AA
:0415E000CDC7879359
:0415E1000007851367
:0415E20000C12083A1
:0415E300008124035C
:0415E40001010113ED
:0415E500000080671B
:0415E600FD010113EF
:0415E70002112623A4
:0415E8000281242335
:0415E90003010413E3
:0415EA00FCA42E230C
:0415EB00FDC4278391
:0415EC000207C463CB
:0415ED00FDC427030F
:0415EE000007079358
:0415EF0000179793B7
:0415F00000E787B3D6
:0415F10000279793A5
:0415F2000000873737
:0415F300E48707136F
:0415F40000E787B3D2
:0415F5000080006F03
:0415F6000000079357
:0415F700FEF42423B7
:0415F800FE842783C3
:0415F90006078663F8
:0415FA00FE842783C1
:0415FB000007A783BB
:0415FC000107A783B9
:0415FD0002078063FE
:0415FE00FE842783BD
:0415FF000007A783B7
:041600000107A783B4
:04160100FE8425033B
:04160200000780E776
:041603000005079344
:041604000080006FF3
:041605000000079347
:04160600FEF42623A5
:04160700FDC42503F6
:0416080094CFC0EFCC
:04160900FEC4278371
:04160A000207D063A0
:04160B00F29FF0EF6B
:04160C0000050713BB
:04160D00FEC427836D
:04160E0040F007B3EE
:04160F0000F720239D
:04161000FFF007934D
:041611000200006F64
:04161200000007933A
:041613000180006FE3
:04161400F05FF0EFA4
:0416150000050713B2
:041616000510079321
:0416170000F7202395
:04161800FFF0079345
:04161900000785132E
:04161A0002C1208366
:04161B000281240321
:04161C0003010113B2
:04161D0000008067E2
:04161E00FD010113B6
:04161F0002812623FB
:0416200003010413AB
:04162100FCA42E23D4
:0416220000000013B1
:04162300FDC4278358
:04162400FEF4262387
:04162500FEC42503D7
:041626000005079321
:0416270000078663CF
:041628007C103013EF
:041629000080006FCE
:04162A007C203013DD
:04162B0000000013A8
:04162C0000000013A7
:04162D00FFDFF06F7C
:04162E00FF010113A4
:04162F00001126235D
:0416300000812423EE
:04163100010104139C
:041632008141A783C8
:0416330000078A63BF
:041634008141A783C6
:04163500000780E743
:041636000005079311
:0416370000C0006F80
:041638000000A7B750
:04163900CDC78793FF
:04163A00000785130D
:04163B0000C1208347
:04163C000081240302
:04163D000101011393
:04163E0000008067C1
:04163F00FD01011395
:04164000021126234A
:0416410002812423DB
:041642000301041389
:04164300FCA42E23B2
:04164400FCB42C23A3
:04164500FDC4278336
:041646000207C46370
:04164700FDC42703B4
:0416480000070793FD
:04164900001797935C
:04164A0000E787B37B
:04164B00002797934A
:04164C0000008737DC
:04164D00E487071314
:04164E0000E787B377
:04164F000080006FA8
:0416500000000793FC
:04165100FEF426235A
:04165200FEC4278328
:0416530004078463A1
:04165400FEC4278326
:041655000007A78360
:041656000207A7835D
:0416570002078263A1
:04165800FEC4278322
:041659000007A7835C
:04165A000207A78359
:04165B00FD84258362
:04165C00FEC42503A0
:04165D00000780E71B
:04165E0000050793E9
:04165F0002C0006F56
:04166000FD8427835B
:041661000000273727
:0416620000E7A223D8
:0416630000000793E9
:041664000180006F92
:04166500F25FF0EF51
:041666000005071361
:0416670005100793D0
:0416680000F7202344
:04166900FFF00793F4
:04166A0000078513DD
:04166B0002C1208315
:04166C0002812403D0
:04166D000301011361
:04166E000000806791
:04166F00FF01011363
:04167000001126231C
:0416710000812423AD
:04167200010104135B
:041673008141A78387
:0416740000078A637E
:041675008141A78385
:04167600000780E702
:0416770000050793D0
:0416780000C0006F3F
:041679000000A7B70F
:04167A00CDC78793BE
:04167B0000078513CC
:04167C0000C1208306
:04167D0000812403C1
:04167E000101011352
:04167F000000806780
:04168000F70101135A
:041681000811262303
:041682000881242394
:041683000901041342
:04168400F6A42E2377
:041685000000A7B703
:04168600D107A703DE
:04168700FEE4262334
:041688000000071344
:04168900F8042A2314
:04168A00F7C42783F7
:04168B000207C4632B
:04168C00F7C4270375
:04168D0000070793B8
:04168E000017979317
:04168F0000E787B336
:041690000027979305
:041691000000873797
:04169200E4870713CF
:0416930000E787B332
:041694000080006F63
:0416950000000793B7
:04169600F8F426231B
:04169700F8C42783E9
:0416980004078A6356
:04169900F8C42783E7
:04169A000007A7831B
:04169B000207A78318
:04169C00000796634A
:04169D00001007939F
:04169E000500006FD4
:04169F00F9040793B0
:0416A0000007859327
:0416A100F7C4250362
:0416A200291000EF1C
:0416A30000050793A4
:0416A4000007D66302
:0416A50000000793A7
:0416A6000300006FCE
:0416A700F9442703D8
:0416A800FFFFE7B7A2
:0416A90000F707B38C
:0416AA000017B793DB
:0416AB000FF7F793AB
:0416AC000180006F4A
:0416AD00F09FF0EFCB
:0416AE000005071319
:0416AF000510079388
:0416B00000F72023FC
:0416B100000007939B
:0416B2000007871393
:0416B3000000A7B7D5
:0416B400FEC42683C7
:0416B500D107A7832F
:0416B60000F6C7B3C0
:0416B7000000069396
:0416B8000007846340
:0416B900245000EFCA
:0416BA00000705130D
:0416BB0008C12083BF
:0416BC00088124037A
:0416BD00090101130B
:0416BE000000806741
:0416BF00FF01011313
:0416C00000112623CC
:0416C100008124235D
:0416C200010104130B
:0416C3008141A78337
:0416C40000078A632E
:0416C5008141A78335
:0416C600000780E7B2
:0416C7000005079380
:0416C80000C0006FEF
:0416C9000000A7B7BF
:0416CA00CDC787936E
:0416CB00000785137C
:0416CC0000C12083B6
:0416CD000081240371
:0416CE000101011302
:0416CF000000806730
:0416D000FD01011304
:0416D10002112623B9
:0416D200028124234A
:0416D30003010413F8
:0416D400FCA42E2321
:0416D500FCB42C2312
:0416D600FCC42A2303
:0416D700FE042423C6
:0416D800FDC42783A3
:0416D9000207C463DD
:0416DA00FDC4270321
:0416DB00000707936A
:0416DC0000179793C9
:0416DD0000E787B3E8
:0416DE0000279793B7
:0416DF000000873749
:0416E000E487071381
:0416E10000E787B3E4
:0416E2000080006F15
:0416E3000000079369
:0416E400FEF42623C7
:0416E500FEC4278395
:0416E6000407826310
:0416E700FEC4278393
:0416E8000007A783CD
:0416E90001C7A7830B
:0416EA00020784630C
:0416EB00FEC427838F
:0416EC000007A783C9
:0416ED0001C7A78307
:0416EE00FD4426038E
:0416EF00FD842583CE
:0416F000FEC425030C
:0416F100000780E787
:0416F200FEA424230B
:0416F3000180006F03
:0416F400F7A00793C1
:0416F500FEF42423B8
:0416F60000C0006FC1
:0416F700FAF007936B
:0416F800FEF42423B5
:0416F900FE842783C1
:0416FA000207D063B0
:0416FB00F11FF0EFFC
:0416FC0000050713CB
:0416FD00FE842783BD
:0416FE0040F007B3FE
:0416FF0000F72023AD
:04170000FFF007935C
:04170100FEF42423AB
:04170200FE842783B7
:041703000007851343
:0417040002C120837B
:041705000281240336
:0417060003010113C7
:0417070000008067F7
:04170800FF010113C9
:041709000011262382
:04170A000081242313
:04170B0001010413C1
:04170C008141A783ED
:04170D0000078A63E4
:04170E008141A783EB
:04170F00000780E768
:041710000005079336
:0417110000C0006FA5
:041712000000A7B775
:04171300CDC7879324
:041714000007851332
:0417150000C120836C
:041716000081240327
:0417170001010113B8
:0417180000008067E6
:04171900FD010113BA
:04171A0002812623FF
:04171B0003010413AF
:04171C00FCA42E23D8
:04171D00FDC427835D
:04171E000087A70396
:04171F00400007B7C8
:0417200000F7673334
:04172100FDC4278359
:0417220000E7A42315
:04172300FE04262377
:041724000980006FC9
:04172500000087B782
:04172600E48786933B
:04172700FEC42703D2
:04172800000707931C
:04172900001797937B
:04172A0000E787B39A
:04172B000027979369
:04172C0000F687B389
:04172D000007A70307
:04172E00FDC427834C
:04172F000007A78385
:0417300004F71E6339
:04173100000087B776
:04173200E48786932F
:04173300FEC42703C6
:041734000007079310
:04173500001797936F
:0417360000E787B38E
:04173700002797935D
:0417380000F687B37D
:041739000087A783FB
:04173A000207DA6365
:04173B00FEC42703BE
:04173C000007079308
:04173D000017979367
:04173E0000E787B386
:04173F000027979355
:0417400000008737E7
:04174100E48707131F
:0417420000E787B382
:04174300FDC42703B7
:0417440000F7066341
:04174500FF300793D7
:041746000240006FEE
:04174700FEC4278332
:04174800001787936C
:04174900FEF4262361
:04174A008101A783EF
:04174B0000078713F9
:04174C00FEC427832D
:04174D00F6F770E358
:04174E0000000793FD
:04174F0000078513F7
:0417500002C12403AB
:04175100030101137C
:0417520000008067AC
:04175300FC01011381
:0417540002112E232D
:0417550002812C23BE
:041756000401041373
:04175700FCA42623A5
:04175800FCB4242396
:04175900FCC4222387
:04175A00FFF0079302
:04175B00FEF4202355
:04175C00FED0079321
:04175D00FEF4222351
:04175E00FE0424233E
:04175F00000087B748
:041760005087859396
:04176100FCC425039C
:04176200474000EF0D
:04176300FCA42E2391
:04176400FDC4278316
:0417650000079C637A
:04176600FCC4250397
:04176700580000EF37
:04176800FCA42E238C
:0417690000100793D2
:04176A00FEF4242342
:04176B00FDC427830F
:04176C000A078C6379
:04176D00FDC425038F
:04176E006A0000EF1E
:04176F00FEA4202391
:04177000FE042783C9
:041771000007D86332
:04177200FE042783C7
:04177300FEF422233B
:041774000A00006FF8
:04177500FE04270344
:0417760000070793CE
:04177700001797932D
:0417780000E787B34C
:04177900002797931B
:04177A0000008737AD
:04177B00E4870713E5
:04177C0000E787B348
:04177D00FEF426232D
:04177E00FC842703BD
:04177F00400007B768
:04178000FFF7879355
:0417810000F77733C3
:04178200FEC42783F7
:0417830000E7A423B4
:04178400FE84278335
:0417850000079C635A
:04178600FEC4250375
:04178700E49FF0EFFC
:04178800FEA4222376
:04178900FE44278370
:04178A000407C46329
:04178B00FDC42783EF
:04178C0000C7A78368
:04178D000207846368
:04178E00FDC42783EC
:04178F0000C7A78365
:04179000FC4426836C
:04179100FC842603AB
:04179200FCC42583EB
:04179300FEC4250368
:04179400000780E7E3
:0417950000050793B1
:041796000080006F60
:0417970000000793B4
:04179800FEF4222316
:0417990000C0006F1D
:04179A00FED00793E3
:04179B00FEF4222313
:04179C00FE4427835D
:04179D000207D46308
:04179E00FE0425031D
:04179F00AF1FB0EFD9
:0417A000DA1FF0EF6D
:0417A1000005071325
:0417A200FE44278357
:0417A30040F007B358
:0417A40000F7202307
:0417A500FFF00793B7
:0417A6000080006F50
:0417A700FE04278392
:0417A800000785139E
:0417A90003C12083D5
:0417AA000381240390
:0417AB000401011321
:0417AC000000806752
:0417AD00FF01011324
:0417AE0000112623DD
:0417AF00008124236E
:0417B000010104131C
:0417B1008141A78348
:0417B20000078A633F
:0417B3008141A78346
:0417B400000780E7C3
:0417B5000005079391
:0417B60000C0006F00
:0417B7000000A7B7D0
:0417B800CDC787937F
:0417B900000785138D
:0417BA0000C12083C7
:0417BB000081240382
:0417BC000101011313
:0417BD000000806741
:0417BE00FD01011315
:0417BF0002112623CA
:0417C000028124235B
:0417C1000301041309
:0417C200FCA42E2332
:0417C300FCB42C2323
:0417C400FCC42A2314
:0417C500FDC42783B5
:0417C6000207C463EF
:0417C700FDC4270333
:0417C800000707937C
:0417C90000179793DB
:0417CA0000E787B3FA
:0417CB0000279793C9
:0417CC00000087375B
:0417CD00E487071393
:0417CE0000E787B3F6
:0417CF000080006F27
:0417D000000007937B
:0417D100FEF42423DB
:0417D200FE842783E7
:0417D300080786631A
:0417D400FE842783E5
:0417D5000087A7835F
:0417D6000037F713CE
:0417D7000010079364
:0417D80006F70263AB
:0417D900FE842783E0
:0417DA000007A783DA
:0417DB000147A78398
:0417DC0004078A6311
:0417DD00FE842783DC
:0417DE000007A783D6
:0417DF000147A78394
:0417E000FD4427039A
:0417E10000070613E4
:0417E200FD842583DA
:0417E300FE84250358
:0417E400000780E793
:0417E500FEA4262315
:0417E600FEC4278393
:0417E7000207D063C2
:0417E800F15FF0EFCE
:0417E90000050713DD
:0417EA00FEC427838F
:0417EB0040F007B310
:0417EC0000F72023BF
:0417ED00FFF007936F
:0417EE000340006F45
:0417EF00FEC427838A
:0417F00002C0006FC4
:0417F100EF1FF0EF07
:0417F20000050713D4
:0417F30000D0079388
:0417F40000F72023B7
:0417F5000140006F40
:0417F600EDDFF0EF44
:0417F70000050713CF
:0417F800051007933E
:0417F90000F72023B2
:0417FA00FFF0079362
:0417FB00000785134B
:0417FC0002C1208383
:0417FD00028124033E
:0417FE0003010113CF
:0417FF0000008067FF
:04180000FC010113D3
:0418010002812E230F
:0418020004010413C6
:04180300FCA42623F8
:0418040000800793C6
:041805003007B7F3FE
:04180600FEF42223A7
:04180700FE442783F1
:04180800FCF42E239B
:041809008301A7832D
:04180A000037879389
:04180B00FFC7F79389
:04180C000007871337
:04180D0082E1A823A9
:04180E008301A703A8
:04180F00FCC427836B
:0418100000F70733A3
:04181100000207B713
:0418120000078793B1
:0418130002E7F26393
:04181400FDC4278365
:04181500FEF4242396
:04181600FE842783A2
:041817000087F793BC
:041818003007A07382
:0418190000000013B8
:04181A00FFF0079341
:04181B000380006FD7
:04181C008301A7831A
:04181D00FEF4202392
:04181E008301A70398
:04181F00FCC427835B
:0418200000F7073393
:0418210082E1A82395
:04182200FDC4278357
:04182300FEF4262386
:04182400FEC4278354
:041825000087F793AE
:041826003007A07374
:0418270000000013AA
:04182800FE04278310
:04182900000785131C
:04182A0003C12403CF
:04182B0004010113A0
:04182C0000008067D1
:04182D00FF010113A3
:04182E00001126235C
:04182F0000812423ED
:04183000010104139B
:041831008141A783C7
:0418320000078A63BE
:041833008141A783C5
:04183400000780E742
:041835000005079310
:0418360000C0006F7F
:041837000000A7B74F
:04183800CDC78793FE
:04183900000785130C
:04183A0000C1208346
:04183B000081240301
:04183C000101011392
:04183D0000008067C0
:04183E00FD01011394
:04183F000211262349
:0418400002812423DA
:041841000301041388
:04184200FCA42E23B1
:04184300FCB42C23A2
:04184400FCC42A2393
:04184500FDC4278334
:041846000207C4636E
:04184700FDC42703B2
:0418480000070793FB
:04184900001797935A
:04184A0000E787B379
:04184B000027979348
:04184C0000008737DA
:04184D00E487071312
:04184E0000E787B375
:04184F000080006FA6
:0418500000000793FA
:04185100FEF424235A
:04185200FE84278366
:04185300080784639B
:04185400FE84278364
:041855000087A783DE
:041856000037F793CD
:04185700060782639B
:04185800FE84278360
:041859000007A7835A
:04185A000187A783D8
:04185B0004078A6391
:04185C00FE8427835C
:04185D000007A78356
:04185E000187A783D4
:04185F00FD4427031A
:041860000007061364
:04186100FD8425835A
:04186200FE842503D8
:04186300000780E713
:04186400FEA4262395
:04186500FEC4278313
:041866000207D06342
:04186700F19FF0EF0E
:04186800000507135D
:04186900FEC427830F
:04186A0040F007B390
:04186B0000F720233F
:04186C00FFF00793EF
:04186D000340006FC5
:04186E00FEC427830A
:04186F0002C0006F44
:04187000EF5FF0EF47
:041871000005071354
:0418720000D0079308
:0418730000F7202337
:041874000140006FC0
:04187500EE1FF0EF83
:04187600000507134F
:0418770005100793BE
:0418780000F7202332
:04187900FFF00793E2
:04187A0000078513CB
:04187B0002C1208303
:04187C0002812403BE
:04187D00030101134F
:04187E00000080677F
:04187F00FD01011353
:041880000281262398
:041881000301041348
:04188200FCA42E2371
:04188300FCB42C2362
:04188400FE04222319
:04188500FE04242316
:041886003E80079306
:04188700FEF4262322
:04188800FD84278331
:04188900000796635B
:04188A0000000793C0
:04188B000E00006FDC
:04188C00FD8427832D
:04188D000007A78326
:04188E00FEF422231F
:04188F000C00006FDA
:04189000FE0424230B
:041891000380006F61
:04189200FE44278366
:041893000087A70320
:04189400FE84278324
:0418950000F707B39E
:041896000007C7037D
:04189700FE84278321
:04189800FDC42683E2
:0418990000F687B31B
:04189A000007C783F9
:04189B0004F71663D5
:04189C00FE8427831C
:04189D000017879316
:04189E00FEF424230D
:04189F00FE84278319
:0418A000FDC4270359
:0418A10000F707B392
:0418A2000007C783F1
:0418A300020788634D
:0418A400FE44278354
:0418A5000087A7030E
:0418A600FE84278312
:0418A70000F707B38C
:0418A8000007C783EB
:0418A90000078C6345
:0418AA00FE8427038E
:0418AB00FEC42783CD
:0418AC00F8F74CE31A
:0418AD000080006F48
:0418AE000000001323
:0418AF00FE84278309
:0418B000FDC4270349
:0418B10000F707B382
:0418B2000007C783E1
:0418B3000207926333
:0418B400FE44278344
:0418B5000087A703FE
:0418B600FE84278302
:0418B70000F707B37C
:0418B8000007C783DB
:0418B900000796632B
:0418BA00FE4427833E
:0418BB000200006FB8
:0418BC00FE4427833C
:0418BD000007A783F6
:0418BE00FEF42223EF
:0418BF00FE442703B9
:0418C000FD842783F9
:0418C100F2F71EE339
:0418C2000000079388
:0418C3000007851382
:0418C40002C1240336
:0418C5000301011307
:0418C6000000806737
:0418C700FD0101130B
:0418C8000281262350
:0418C9000301041300
:0418CA00FCA42E2329
:0418CB00000087B7DB
:0418CC0050078793A7
:0418CD000007A783E6
:0418CE00FEF42223DF
:0418CF00FE042423CC
:0418D0003E800793BC
:0418D100FEF42623D8
:0418D2000EC0006FD5
:0418D300FE042423C8
:0418D4000BC0006FD6
:0418D500FE44278323
:0418D6000087A703DD
:0418D700FE842783E1
:0418D80000F707B35B
:0418D9000007C7033A
:0418DA0002F007937E
:0418DB0002F710639D
:0418DC00FE4427831C
:0418DD000087A703D6
:0418DE00FE842783DA
:0418DF0000178793D4
:0418E00000F707B353
:0418E1000007C783B2
:0418E20000078E630A
:0418E300FE44278315
:0418E4000087A703CF
:0418E500FE842783D3
:0418E60000F707B34D
:0418E7000007C783AC
:0418E80002079C63F4
:0418E900FE842783CF
:0418EA00FDC427030F
:0418EB0000F707B348
:0418EC000007C70327
:0418ED0002F007936B
:0418EE0000F70C6390
:0418EF00FE842783C9
:0418F000FDC4270309
:0418F10000F707B342
:0418F2000007C783A1
:0418F30004079863EB
:0418F400FE44278304
:0418F5000740006F39
:0418F600FE44278302
:0418F7000087A703BC
:0418F800FE842783C0
:0418F90000F707B33A
:0418FA000007C70319
:0418FB00FE842783BD
:0418FC00FDC426837E
:0418FD0000F687B3B7
:0418FE000007C78395
:0418FF0002F7146375
:04190000FE842783B7
:0419010000178793B1
:04190200FEF42423A8
:04190300FE84270334
:04190400FEC4278373
:04190500F4F740E3D0
:041906000100006F6D
:0419070000000013C9
:041908000080006FEC
:0419090000000013C7
:04190A00FE442783ED
:04190B000007A783A7
:04190C00FEF42223A0
:04190D00FE4427036A
:04190E00000087B797
:04190F005007879363
:04191000F0F716E3F3
:041911000000079338
:041912000007851332
:0419130002C12403E6
:0419140003010113B7
:0419150000008067E7
:04191600FD010113BB
:041917000281262300
:0419180003010413B0
:04191900FCA42E23D9
:04191A00FE800793B1
:04191B00FEF426238D
:04191C00FE0424237E
:04191D000800006F4F
:04191E00000087B787
:04191F00E487869340
:04192000FE84270317
:041921000007079321
:041922000017979380
:0419230000E787B39F
:04192400002797936E
:0419250000F687B38E
:041926000007A7838C
:0419270004079663B8
:04192800000087B77D
:04192900E487869336
:04192A00FE8427030D
:04192B000007079317
:04192C000017979376
:04192D0000E787B395
:04192E000027979364
:04192F0000F687B384
:04193000FDC42703C8
:0419310000E7A02308
:041932008101A78305
:04193300FE84270304
:0419340000E7D6638F
:04193500FE84270302
:0419360080E1A82381
:04193700FE84278380
:04193800FEF4262370
:041939000200006F39
:04193A00FE8427837D
:04193B000017879377
:04193C00FEF424236E
:04193D00FE842703FA
:04193E0001F007931A
:04193F00F6E7DEE306
:041940000000001390
:04194100FEC4278336
:041942000007851302
:0419430002C12403B6
:041944000301011387
:0419450000008067B7
:0419460000058613FF
:0419470000050593FF
:041948008201A50370
:0419490090DFE06FDC
:04194A0000001797EB
:04194B008687879371
:04194C000007AF835E
:04194D000047AF039D
:04194E000087AE83DD
:04194F0000C7AE031C
:041950000107A303E5
:041951000147A8831F
:041952000187A8035E
:041953000247A6831E
:041954000287A7035C
:0419550001C7A5839E
:041956000207A603DB
:0419570002C7C78379
:04195800FC0101137A
:041959000001051371
:04195A0002112E2325
:04195B0001F1202353
:04195C0001E1222360
:04195D0001D124236D
:04195E0001C126237A
:04195F0000612823D8
:0419600001112A2324
:0419610001012C2331
:0419620002D1222369
:0419630002E1242356
:0419640002F1062363
:0419650000B12E237C
:0419660002C1202377
:04196700A5DFC0EF49
:04196800000506135D
:0419690000010593E1
:04196A000020051341
:04196B005E0000EF2B
:04196C0000600513FF
:04196D002D0000EF5A
:04196E0007F0051366
:04196F00ABCFF0EF1B
:04197000FF0101135F
:041971000011262318
:04197200F61FF0EF7D
:0419730000003797A2
:04197400744787939A
:041975000007A703BD
:0419760000071663ED
:04197700FF0A073725
:0419780000E7A023C1
:041979000000806783
:04197A001185278329
:04197B000007866378
:04197C00000005134F
:04197D00000080677F
:04197E00FF01011351
:04197F0008000593C4
:04198000008124239B
:041981000011262308
:041982000005041345
:04198300930FD0EFFF
:0419840010A42C235C
:0419850002050463F0
:0419860008050793B6
:041987000005202314
:0419880000450513FE
:04198900FEF51CE368
:04198A000000051341
:04198B0000C12083F4
:04198C0000812403AF
:04198D000101011340
:04198E00000080676E
:04198F00FFF005134D
:04199000FEDFF06F17
:04199100FE0101133F
:0419920000912A2373
:0419930000112E23EE
:0419940001F00793C4
:0419950000050493B2
:0419960002B7EC6345
:04199700118527830C
:0419980000812C237B
:0419990000058413AE
:04199A0002078C6351
:04199B0000241413FD
:04199C00008787B386
:04199D00018124039D
:04199E000007A50396
:04199F0000C7A023BA
:0419A00001C12083DE
:0419A1000141248359
:0419A200020101132A
:0419A3000000806759
:0419A4000160079344
:0419A50000F5202306
:0419A600FFF0051336
:0419A700FE5FF06F80
:0419A800080005939B
:0419A90000C1262330
:0419AA00894FD0EFA2
:0419AB0010A4AC23B5
:0419AC0000C126034D
:0419AD000005079397
:0419AE000005071316
:0419AF00080506938E
:0419B00000050A63C1
:0419B10000072023E8
:0419B20000470713D0
:0419B300FED71CE35C
:0419B400F9DFF06FF8
:0419B5000181240385
:0419B600FFF0051326
:0419B700FA5FF06F74
:0419B800FF01011317
:0419B9000091222354
:0419BA0000112623CF
:0419BB0001F007939D
:0419BC00000504938B
:0419BD000AB7E06322
:0419BE0011852783E5
:0419BF00008124235C
:0419C0000005841387
:0419C1000407846330
:0419C2000025971352
:0419C30000E787B3FF
:0419C4000007A7036E
:0419C50002070C63A6
:0419C6000010069374
:0419C70000D70C63D6
:0419C800FFF0069393
:0419C90004D70863D4
:0419CA000007A0234F
:0419CB00000585137B
:0419CC00000700E729
:0419CD00008124036E
:0419CE0000000513FD
:0419CF0000C12083B0
:0419D000004124832B
:0419D10001010113FC
:0419D200000080672A
:0419D3000004851374
:0419D400438000EF5D
:0419D50000040613F1
:0419D6000081240365
:0419D70000C12083A8
:0419D800000505936E
:0419D900000485136E
:0419DA000041248321
:0419DB0001010113F2
:0419DC003B80006FDD
:0419DD00008124035E
:0419DE0000C12083A1
:0419DF000160079309
:0419E00000F52023CB
:0419E100004124831A
:0419E20000100513D9
:0419E30001010113EA
:0419E4000000806718
:0419E5000160079303
:0419E60000F52023C5
:0419E700FFF00513F5
:0419E800F9DFF06FC4
:0419E90001F007936F
:0419EA000CB7EA63E9
:0419EB0011852783B8
:0419EC00FF010113E3
:0419ED00008124232E
:0419EE00009122231F
:0419EF00001126239A
:0419F0000005841357
:0419F1000005049356
:0419F20008078063FF
:0419F30000241713A2
:0419F40000E787B3CE
:0419F5000007A7033D
:0419F60002070C6375
:0419F700FFF0069364
:0419F80006D70063AB
:0419F9000010069341
:0419FA0004D70063AB
:0419FB0000040513CC
:0419FC000007A0231D
:0419FD00000700E7F8
:0419FE0000000513CD
:0419FF0000C1208380
:041A0000008124033A
:041A010000412483F9
:041A020001010113CA
:041A030000008067F8
:041A040000C120837A
:041A05000081240335
:041A060000412483F4
:041A070000100513B3
:041A080001010113C4
:041A090000008067F2
:041A0A0000C1208374
:041A0B00008124032F
:041A0C0000412483EE
:041A0D00003005138D
:041A0E0001010113BE
:041A0F0000008067EC
:041A1000002005139A
:041A1100FB9FF06FD8
:041A12000800059330
:041A1300EF1FC0EF12
:041A140010A4AC234B
:041A1500000507932E
:041A160000050E6356
:041A170000050713AC
:041A18000805069324
:041A1900000720237F
:041A1A000047071367
:041A1B00FED71CE3F3
:041A1C00F5DFF06F93
:041A1D00FFF00513BE
:041A1E00F85FF06F0E
:041A1F00FFF00513BC
:041A200000008067DB
:041A2100FF010113AD
:041A220000912223EA
:041A23000011262365
:041A240001F0079333
:041A25008201A48313
:041A260008A7EE63BC
:041A27001184A783FC
:041A280000812423F2
:041A2900000504139D
:041A2A0004078263C8
:041A2B000025171368
:041A2C0000E787B395
:041A2D000007A70304
:041A2E0002070A633E
:041A2F00001006930A
:041A300000D70A636E
:041A3100FFF0069329
:041A320004D706636C
:041A33000007A023E5
:041A3400000700E7C0
:041A35000081240305
:041A36000000051394
:041A370000C1208347
:041A380000412483C2
:041A39000101011393
:041A3A0000008067C1
:041A3B00000485130B
:041A3C00298000EF0E
:041A3D000004061388
:041A3E0000812403FC
:041A3F0000C120833F
:041A40000005059305
:041A41000004851305
:041A420000412483B8
:041A43000101011389
:041A44002180006F8E
:041A450000812403F5
:041A460000C1208338
:041A470001600793A0
:041A480000F4A023E3
:041A49000010051371
:041A4A0000412483B0
:041A4B000101011381
:041A4C0000008067AF
:041A4D00016007939A
:041A4E0000F4A023DD
:041A4F00FFF005138C
:041A5000F9DFF06F5B
:041A5100FF0101137D
:041A5200012120232B
:041A53000011262335
:041A540001F0079303
:041A55008201A9035E
:041A560004A7E2639C
:041A570000812423C3
:041A5800000504136E
:041A590011892503C7
:041A5A0000912223B2
:041A5B00000584936B
:041A5C0002050E630E
:041A5D00002414133A
:041A5E00008507B345
:041A5F000007A503D4
:041A600000812403DA
:041A61000097A02327
:041A62000041248398
:041A630000C120831B
:041A64000001290351
:041A65000101011367
:041A66000000806795
:041A67000160079380
:041A680000F920233E
:041A6900FFF0051372
:041A6A00FE5FF06FBC
:041A6B0008000593D7
:041A6C000009051355
:041A6D00D89FC0EF4F
:041A6E0010A92C236C
:041A6F0000050793D4
:041A7000080507134B
:041A710000050A63FF
:041A72000007A023A6
:041A7300004787930E
:041A7400FEF71CE37A
:041A7500FA1FF06FF5
:041A760000812403C4
:041A77000041248383
:041A7800FFF0051363
:041A7900FA9FF06F71
:041A7A00FF01011354
:041A7B00008124239F
:041A7C008201A4033C
:041A7D001184278326
:041A7E00001126230A
:041A7F0000078C636D
:041A8000000005134A
:041A810000C12083FD
:041A820000812403B8
:041A83000101011349
:041A84000000806777
:041A850008000593BD
:041A86000004051340
:041A8700D21FC0EFBB
:041A880010A42C2357
:041A890000050C63E5
:041A8A0008050793B1
:041A8B00000520230F
:041A8C0000450513F9
:041A8D00FEF51CE363
:041A8E00FC9FF06F5A
:041A8F00FFF005134C
:041A9000FC5FF06F98
:041A9100FF0101133D
:041A9200009122237A
:041A930000112623F5
:041A940001F00793C3
:041A95008201A483A3
:041A96000CA7E46352
:041A97001184A7838C
:041A98000081242382
:041A9900000504132D
:041A9A000807826354
:041A9B0000241713F9
:041A9C0000E787B325
:041A9D000007A70394
:041A9E0002070C63CC
:041A9F00FFF00693BB
:041AA00006D7006302
:041AA1000010069398
:041AA20004D7006302
:041AA3000004051323
:041AA4000007A02374
:041AA500000700E74F
:041AA6000081240394
:041AA7000000051323
:041AA80000C12083D6
:041AA9000041248351
:041AAA000101011322
:041AAB000000806750
:041AAC00008124038E
:041AAD0000C12083D1
:041AAE00004124834C
:041AAF00001005130B
:041AB000010101131C
:041AB100000080674A
:041AB2000081240388
:041AB30000C12083CB
:041AB4000041248346
:041AB50000300513E5
:041AB6000101011316
:041AB7000000806744
:041AB8000081240382
:041AB90000200513F1
:041ABA00FB9FF06F2F
:041ABB000800059387
:041ABC00000485138A
:041ABD00C49FC0EF13
:041ABE0010A4AC23A1
:041ABF000005079384
:041AC00000050E63AC
:041AC1000005071302
:041AC200080506937A
:041AC30000072023D5
:041AC40000470713BD
:041AC500FEE69CE3BA
:041AC600F55FF06F69
:041AC7000081240373
:041AC800FFF0051313
:041AC900F7DFF06FE4
:041ACA00FF01011304
:041ACB000005871378
:041ACC00008124234E
:041ACD000006059377
:041ACE0000050413F8
:041ACF0000070513F4
:041AD0000000379744
:041AD1001807AE2321
:041AD20000112623B6
:041AD3000B8000EF95
:041AD400FFF0079385
:041AD50000F50A63AB
:041AD60000C12083A8
:041AD7000081240363
:041AD80001010113F4
:041AD9000000806722
:041ADA00000037973A
:041ADB001747A7837F
:041ADC00FE0784E39A
:041ADD0000C12083A1
:041ADE0000F42023CD
:041ADF00008124035B
:041AE00001010113EC
:041AE100000080671A
:041AE2000180006F10
:041AE3000006069360
:041AE4000005861360
:041AE5000005059360
:041AE6008201A503D1
:041AE7008F4FC06FEE
:041AE800FF010113E6
:041AE900008126232F
:041AEA0001010413DF
:041AEB00000007935D
:041AEC000007851357
:041AED0000C124030D
:041AEE0001010113DE
:041AEF00000080670C
:041AF000FF010113DE
:041AF1000011262397
:041AF2000081242328
:041AF30001010413D6
:041AF4008141A78302
:041AF50000078A63F9
:041AF6008141A78300
:041AF700000780E77D
:041AF800000507934B
:041AF90000C0006FBA
:041AFA000000A7B78A
:041AFB00CDC7879339
:041AFC000007851347
:041AFD0000C1208381
:041AFE00008124033C
:041AFF0001010113CD
:041B000000008067FA
:041B0100FD010113CE
:041B02000211262383
:041B03000281242314
:041B040003010413C2
:041B0500FCA42E23EB
:041B0600FCB42C23DC
:041B0700FE0426238F
:041B0800FDC427836E
:041B090006F04E6331
:041B0A00FD842783AC
:041B0B0008078463E0
:041B0C00FD842783AA
:041B0D000607C063A4
:041B0E00FD84270328
:041B0F0001F0079347
:041B100004E7CA63B9
:041B1100FD84270325
:041B12000030079305
:041B130004F744632C
:041B1400FD842783A2
:041B150000100713A2
:041B160000F717B30A
:041B1700CF8107373C
:041B1800F787071331
:041B190000E7F733B7
:041B1A0000E037337D
:041B1B000FF7771336
:041B1C0000071E633D
:041B1D000011073775
:041B1E0000E7F7B332
:041B1F0000F037B3E8
:041B20000FF7F79331
:041B210002079C63B8
:041B220000C0006F90
:041B230000000513A6
:041B2400BE9FE0EF91
:041B250001600793C1
:041B2600FEF4262380
:041B27000240006F09
:041B2800FDC427834E
:041B290000F05E6307
:041B2A0000300793ED
:041B2B00FEF426237B
:041B2C000100006F45
:041B2D0000000013A1
:041B2E000080006FC4
:041B2F00000000139F
:041B3000FEC4278345
:041B310000078E63B8
:041B3200EF9FF0EF42
:041B3300000507138F
:041B3400FEC4278341
:041B350000F7202372
:041B3600FFF0079322
:041B37000080006FBB
:041B3800000007930F
:041B39000007851309
:041B3A0002C1208341
:041B3B0002812403FC
:041B3C00030101138D
:041B3D0000008067BD
:041B3E00000032C4AD
:041B3F00000065CC71
:041B4000202D2D2DFA
:041B4100616D654429
:041B420067617272F3
:041B43007564206540
:041B44006F694E2057
:041B45002056207393
:041B4600637241285D
:041B470065746968F0
:041B480072757463DB
:041B49004952206578
:041B4A00562D43537E
:041B4B002D2D2029F3
:041B4C000000002D68
:041B4D006F766E45FC
:041B4E006564206941
:041B4F006C6176202F
:041B500073727565D2
:041B5100322D3020E1
:041B520061203535A4
:041B53005750207552
:041B54002E2E2E4DB6
:041B5500000000008C
:041B56007665642F1D
:041B570061746A2F1C
:041B580061755F67ED
:041B5900305F747213
:041B5A000000000087
:041B5B007665642F18
:041B5C0061746A2F17
:041B5D0061755F67E8
:041B5E00305F74720E
:041B5F000000000082
:041B60007665642F13
:041B61006C756E2F02
:041B62000000006C13
:041B63000000000A74
:041B6400202A2A2ADF
:041B650063617473D1
:041B66006D73206B10
:041B670069687361D5
:041B68006420676E20
:041B690063657465D7
:041B6A00206465741A
:041B6B003A2A2A2ABE
:041B6C00726574200A
:041B6D00616E696DCF
:041B6E000A6465742C
:041B6F000000000072
:041B70000000000071
:041B71000000000070
:041B7200000000006F
:041B7300000000006E
:041B7400000000006D
:041B7500000000006C
:041B7600000000006B
:041B7700000000006A
:041B78000000000069
:041B79000000000068
:041B7A000000000067
:041B7B000000000066
:041B7C000000000065
:041B7D000000000064
:041B7E000000000063
:041B7F000000000062
:041B80000000000061
:041B81000000000060
:041B8200000000005F
:041B8300000000005E
:041B8400000000005D
:041B8500000000005C
:041B8600000000005B
:041B8700000000005A
:041B88000000000059
:041B89000000000058
:041B8A000000000057
:041B8B000000000056
:041B8C000000000055
:041B8D000000000054
:041B8E000000000053
:041B8F000000000052
:041B90000000000051
:041B91000000000050
:041B9200000000004F
:041B9300000000004E
:041B9400000000004D
:041B9500000000004C
:041B9600000000004B
:041B9700000000004A
:041B98000000000049
:041B99000000000048
:041B9A000000000047
:041B9B000000000046
:041B9C000000000045
:041B9D000000000044
:041B9E000000000043
:041B9F000000000042
:041BA0000000000041
:041BA1000000000040
:041BA200000000003F
:041BA300000000003E
:041BA400000000003D
:041BA500000000003C
:041BA600000000003B
:041BA700000000003A
:041BA8000000000039
:041BA9000000000038
:041BAA000000000037
:041BAB000000000036
:041BAC000000000035
:041BAD000000000034
:041BAE000000000033
:041BAF000000000032
:041BB0000000000031
:041BB1000000000030
:041BB200000000002F
:041BB300000000002E
:041BB400000000002D
:041BB500000000002C
:041BB600000000002B
:041BB700000000002A
:041BB8000000000029
:041BB9000000000028
:041BBA000000000027
:041BBB000000000026
:041BBC000000000025
:041BBD000000000024
:041BBE000000000023
:041BBF000000000022
:041BC0000000000021
:041BC1000000000020
:041BC200000000001F
:041BC300000000001E
:041BC400000000001D
:041BC500000000001C
:041BC600000000001B
:041BC700000000001A
:041BC8000000000019
:041BC9000000000018
:041BCA000000000017
:041BCB000000000016
:041BCC000000000015
:041BCD000000000014
:041BCE000000000013
:041BCF000000000012
:041BD0000000000011
:041BD1000000000010
:041BD200000000000F
:041BD300000000000E
:041BD400000000000D
:041BD500000000000C
:041BD600000000000B
:041BD700000000000A
:041BD8000000000009
:041BD9000000000008
:041BDA000000000007
:041BDB000000000006
:041BDC000000000005
:041BDD000000000004
:041BDE000000000003
:041BDF000000000002
:041BE0000000000001
:041BE1000000000000
:041BE20000000000FF
:041BE30000000000FE
:041BE40000000000FD
:041BE50000000000FC
:041BE60000000000FB
:041BE70000000000FA
:041BE80000000000F9
:041BE90000000000F8
:041BEA0000000000F7
:041BEB0000000000F6
:041BEC0000000000F5
:041BED0000000000F4
:041BEE0000000000F3
:041BEF0000000000F2
:041BF00000000000F1
:041BF10000000000F0
:041BF20000000000EF
:041BF30000000000EE
:041BF40000000000ED
:041BF50000000000EC
:041BF60000000000EB
:041BF70000000000EA
:041BF80000000000E9
:041BF90000000000E8
:041BFA0000000000E7
:041BFB0000000000E6
:041BFC0000000000E5
:041BFD0000000000E4
:041BFE0000000000E3
:041BFF0000000000E2
:041C000000000000E0
:041C010000000000DF
:041C020000000000DE
:041C030000000000DD
:041C040000000000DC
:041C050000000000DB
:041C060000000000DA
:041C070000000000D9
:041C080000000000D8
:041C090000000000D7
:041C0A0000000000D6
:041C0B0000000000D5
:041C0C0000000000D4
:041C0D0000000000D3
:041C0E0000000000D2
:041C0F0000000000D1
:041C100000000000D0
:041C110000000000CF
:041C120000000000CE
:041C130000000000CD
:041C140000000000CC
:041C150000000000CB
:041C160000000000CA
:041C170000000000C9
:041C180000000000C8
:041C190000000000C7
:041C1A0000000000C6
:041C1B0000000000C5
:041C1C0000000000C4
:041C1D0000000000C3
:041C1E0000000000C2
:041C1F0000000000C1
:041C200000000000C0
:041C210000000000BF
:041C220000000000BE
:041C230000000000BD
:041C240000000000BC
:041C250000000000BB
:041C260000000000BA
:041C270000000000B9
:041C280000000000B8
:041C290000000000B7
:041C2A0000000000B6
:041C2B0000000000B5
:041C2C0000000000B4
:041C2D0000000000B3
:041C2E0000000000B2
:041C2F0000000000B1
:041C300000000000B0
:041C310000000000AF
:041C320000000000AE
:041C330000000000AD
:041C340000000000AC
:041C350000000000AB
:041C360000000000AA
:041C370000000000A9
:041C380000000000A8
:041C390000000000A7
:041C3A0000000000A6
:041C3B0000000000A5
:041C3C0000000000A4
:041C3D0000000000A3
:041C3E0000000000A2
:041C3F0000000000A1
:041C400000000000A0
:041C4100000000009F
:041C4200000000009E
:041C4300000000009D
:041C4400000000009C
:041C4500000000009B
:041C4600000000009A
:041C47000000000099
:041C48000000000098
:041C49000000000097
:041C4A000000000096
:041C4B000000000095
:041C4C000000000094
:041C4D000000000093
:041C4E000000000092
:041C4F000000000091
:041C50000000000090
:041C5100000000008F
:041C5200000000008E
:041C5300000000008D
:041C5400000000008C
:041C5500000000008B
:041C5600000000008A
:041C57000000000089
:041C58000000000088
:041C59000000000087
:041C5A000000000086
:041C5B000000000085
:041C5C000000000084
:041C5D000000000083
:041C5E000000000082
:041C5F000000000081
:041C60000000000080
:041C6100000000007F
:041C6200000000007E
:041C6300000000007D
:041C6400000000007C
:041C6500000000007B
:041C6600000000007A
:041C67000000000079
:041C68000000000078
:041C69000000000077
:041C6A000000000076
:041C6B000000000075
:041C6C000000000074
:041C6D000000000073
:041C6E000000000072
:041C6F000000000071
:041C70000000000070
:041C7100000000006F
:041C7200000000006E
:041C7300000000006D
:041C7400000000006C
:041C7500000000006B
:041C7600000000006A
:041C77000000000069
:041C78000000000068
:041C79000000000067
:041C7A000000000066
:041C7B000000000065
:041C7C000000000064
:041C7D000000000063
:041C7E000000000062
:041C7F000000000061
:041C80000000000060
:041C8100000000005F
:041C8200000000005E
:041C8300000000005D
:041C8400000000005C
:041C8500000000005B
:041C8600000000005A
:041C87000000000059
:041C88000000000058
:041C89000000000057
:041C8A000000000056
:041C8B000000000055
:041C8C000000000054
:041C8D000000000053
:041C8E000000000052
:041C8F000000000051
:041C90000000000050
:041C9100000000004F
:041C9200000000004E
:041C9300000000004D
:041C9400000000004C
:041C9500000000004B
:041C9600000000004A
:041C97000000000049
:041C98000000000048
:041C99000000000047
:041C9A000000000046
:041C9B000000000045
:041C9C000000000044
:041C9D000000000043
:041C9E000000000042
:041C9F000000000041
:041CA0000000000040
:041CA100000000003F
:041CA200000000003E
:041CA300000000003D
:041CA400000000003C
:041CA500000000003B
:041CA600000000003A
:041CA7000000000039
:041CA8000000000038
:041CA9000000000037
:041CAA000000000036
:041CAB000000000035
:041CAC000000000034
:041CAD000000000033
:041CAE000000000032
:041CAF000000000031
:041CB0000000000030
:041CB100000000002F
:041CB200000000002E
:041CB300000000002D
:041CB400000000002C
:041CB500000000002B
:041CB600000000002A
:041CB7000000000029
:041CB8000000000028
:041CB9000000000027
:041CBA000000000026
:041CBB000000000025
:041CBC000000000024
:041CBD000000000023
:041CBE000000000022
:041CBF000000000021
:041CC0000000000020
:041CC100000000001F
:041CC200000000001E
:041CC300000000001D
:041CC400000000001C
:041CC500000000001B
:041CC600000000001A
:041CC7000000000019
:041CC8000000000018
:041CC9000000000017
:041CCA000000000016
:041CCB000000000015
:041CCC000000000014
:041CCD000000000013
:041CCE000000000012
:041CCF000000000011
:041CD0000000000010
:041CD100000000000F
:041CD200000000000E
:041CD300000000000D
:041CD400000000000C
:041CD500000000000B
:041CD600000000000A
:041CD7000000000009
:041CD8000000000008
:041CD9000000000007
:041CDA000000000006
:041CDB000000000005
:041CDC000000000004
:041CDD000000000003
:041CDE000000000002
:041CDF000000000001
:041CE0000000000000
:041CE10000000000FF
:041CE20000000000FE
:041CE30000000000FD
:041CE40000000000FC
:041CE50000000000FB
:041CE60000000000FA
:041CE70000000000F9
:041CE80000000000F8
:041CE90000000000F7
:041CEA0000000000F6
:041CEB0000000000F5
:041CEC0000000000F4
:041CED0000000000F3
:041CEE0000000000F2
:041CEF0000000000F1
:041CF00000000000F0
:041CF10000000000EF
:041CF20000000000EE
:041CF30000000000ED
:041CF40000000000EC
:041CF50000000000EB
:041CF60000000000EA
:041CF70000000000E9
:041CF80000000000E8
:041CF90000000000E7
:041CFA0000000000E6
:041CFB0000000000E5
:041CFC0000000000E4
:041CFD0000000000E3
:041CFE0000000000E2
:041CFF0000000000E1
:041D000000000000DF
:041D010000000000DE
:041D020000000000DD
:041D030000000000DC
:041D040000000000DB
:041D050000000000DA
:041D060000000000D9
:041D070000000000D8
:041D080000000000D7
:041D090000000000D6
:041D0A0000000000D5
:041D0B0000000000D4
:041D0C0000000000D3
:041D0D0000000000D2
:041D0E0000000000D1
:041D0F0000000000D0
:041D100000000000CF
:041D110000000000CE
:041D120000000000CD
:041D130000000000CC
:041D140000000000CB
:041D150000000000CA
:041D160000000000C9
:041D170000000000C8
:041D180000000000C7
:041D190000000000C6
:041D1A0000000000C5
:041D1B0000000000C4
:041D1C0000000000C3
:041D1D0000000000C2
:041D1E0000000000C1
:041D1F0000000000C0
:041D200000000000BF
:041D210000000000BE
:041D220000000000BD
:041D230000000000BC
:041D240000000000BB
:041D250000000000BA
:041D260000000000B9
:041D270000000000B8
:041D280000000000B7
:041D290000000000B6
:041D2A0000000000B5
:041D2B0000000000B4
:041D2C0000000000B3
:041D2D0000000000B2
:041D2E0000000000B1
:041D2F0000000000B0
:041D300000000000AF
:041D310000000000AE
:041D320000000000AD
:041D330000000000AC
:041D340000000000AB
:041D350000000000AA
:041D360000000000A9
:041D370000000000A8
:041D380000000000A7
:041D390000000000A6
:041D3A0000000000A5
:041D3B0000000000A4
:041D3C0000000000A3
:041D3D0000000000A2
:041D3E0000000000A1
:041D3F0000000000A0
:041D4000000000009F
:041D4100000000009E
:041D4200000000009D
:041D4300000000009C
:041D4400000000009B
:041D4500000000009A
:041D46000000000099
:041D47000000000098
:041D48000000000097
:041D49000000000096
:041D4A000000000095
:041D4B000000000094
:041D4C000000000093
:041D4D000000000092
:041D4E000000000091
:041D4F000000000090
:041D5000000000008F
:041D5100000000008E
:041D5200000000008D
:041D5300000000008C
:041D5400000000008B
:041D5500000000008A
:041D56000000000089
:041D57000000000088
:041D58000000000087
:041D59000000000086
:041D5A000000000085
:041D5B000000000084
:041D5C000000000083
:041D5D000000000082
:041D5E000000000081
:041D5F000000000080
:041D6000000000007F
:041D6100000000007E
:041D6200000000007D
:041D6300000000007C
:041D6400000000007B
:041D6500000000007A
:041D66000000000079
:041D67000000000078
:041D68000000000077
:041D69000000000076
:041D6A000000000075
:041D6B000000000074
:041D6C000000000073
:041D6D000000000072
:041D6E000000000071
:041D6F000000000070
:041D7000000000006F
:041D7100000000006E
:041D7200000000006D
:041D7300000000006C
:041D7400000000006B
:041D7500000000006A
:041D76000000000069
:041D77000000000068
:041D78000000000067
:041D79000000000066
:041D7A000000000065
:041D7B000000000064
:041D7C000000000063
:041D7D000000000062
:041D7E000000000061
:041D7F000000000060
:041D8000000000005F
:041D8100000000005E
:041D8200000000005D
:041D8300000000005C
:041D8400000000005B
:041D8500000000005A
:041D86000000000059
:041D87000000000058
:041D88000000000057
:041D89000000000056
:041D8A000000000055
:041D8B000000000054
:041D8C000000000053
:041D8D000000000052
:041D8E000000000051
:041D8F000000000050
:041D9000000000004F
:041D9100000000004E
:041D9200000000004D
:041D9300000000004C
:041D9400000000004B
:041D9500000000004A
:041D96000000000049
:041D97000000000048
:041D98000000000047
:041D99000000000046
:041D9A000000000045
:041D9B000000000044
:041D9C000000000043
:041D9D000000000042
:041D9E000000000041
:041D9F000000000040
:041DA000000000003F
:041DA100000000003E
:041DA200000000003D
:041DA300000000003C
:041DA400000000003B
:041DA500000000003A
:041DA6000000000039
:041DA7000000000038
:041DA8000000000037
:041DA9000000000036
:041DAA000000000035
:041DAB000000000034
:041DAC000000000033
:041DAD000000000032
:041DAE000000000031
:041DAF000000000030
:041DB000000000002F
:041DB100000000002E
:041DB200000000002D
:041DB300000000002C
:041DB400000000002B
:041DB500000000002A
:041DB6000000000029
:041DB7000000000028
:041DB8000000000027
:041DB9000000000026
:041DBA000000000025
:041DBB000000000024
:041DBC000000000023
:041DBD000000000022
:041DBE000000000021
:041DBF000000000020
:041DC000000000001F
:041DC100000000001E
:041DC200000000001D
:041DC300000000001C
:041DC400000000001B
:041DC500000000001A
:041DC6000000000019
:041DC7000000000018
:041DC8000000000017
:041DC9000000000016
:041DCA000000000015
:041DCB000000000014
:041DCC000000000013
:041DCD000000000012
:041DCE000000000011
:041DCF000000000010
:041DD000000000000F
:041DD100000000000E
:041DD200000000000D
:041DD300000000000C
:041DD400000000000B
:041DD500000000000A
:041DD6000000000009
:041DD7000000000008
:041DD8000000000007
:041DD9000000000006
:041DDA000000000005
:041DDB000000000004
:041DDC000000000003
:041DDD000000000002
:041DDE000000000001
:041DDF000000000000
:041DE00000000000FF
:041DE10000000000FE
:041DE20000000000FD
:041DE30000000000FC
:041DE40000000000FB
:041DE50000000000FA
:041DE60000000000F9
:041DE70000000000F8
:041DE80000000000F7
:041DE90000000000F6
:041DEA0000000000F5
:041DEB0000000000F4
:041DEC0000000000F3
:041DED0000000000F2
:041DEE0000000000F1
:041DEF0000000000F0
:041DF00000000000EF
:041DF10000000000EE
:041DF20000000000ED
:041DF30000000000EC
:041DF40000000000EB
:041DF50000000000EA
:041DF60000000000E9
:041DF70000000000E8
:041DF80000000000E7
:041DF90000000000E6
:041DFA0000000000E5
:041DFB0000000000E4
:041DFC0000000000E3
:041DFD0000000000E2
:041DFE0000000000E1
:041DFF0000000000E0
:041E000000000000DE
:041E010000000000DD
:041E020000000000DC
:041E030000000000DB
:041E040000000000DA
:041E050000000000D9
:041E060000000000D8
:041E070000000000D7
:041E080000000000D6
:041E090000000000D5
:041E0A0000000000D4
:041E0B0000000000D3
:041E0C0000000000D2
:041E0D0000000000D1
:041E0E0000000000D0
:041E0F0000000000CF
:041E100000000000CE
:041E110000000000CD
:041E120000000000CC
:041E130000000000CB
:041E140000000000CA
:041E150000000000C9
:041E160000000000C8
:041E170000000000C7
:041E180000000000C6
:041E190000000000C5
:041E1A0000000000C4
:041E1B0000000000C3
:041E1C0000000000C2
:041E1D0000000000C1
:041E1E0000000000C0
:041E1F0000000000BF
:041E200000000000BE
:041E210000000000BD
:041E220000000000BC
:041E230000000000BB
:041E240000000000BA
:041E250000000000B9
:041E260000000000B8
:041E270000000000B7
:041E280000000000B6
:041E290000000000B5
:041E2A0000000000B4
:041E2B0000000000B3
:041E2C0000000000B2
:041E2D0000000000B1
:041E2E0000000000B0
:041E2F0000000000AF
:041E300000000000AE
:041E310000000000AD
:041E320000000000AC
:041E330000000000AB
:041E340000000000AA
:041E350000000000A9
:041E360000000000A8
:041E370000000000A7
:041E380000000000A6
:041E390000000000A5
:041E3A0000000000A4
:041E3B0000000000A3
:041E3C0000000000A2
:041E3D0000000000A1
:041E3E0000000000A0
:041E3F00000000009F
:041E4000000000009E
:041E4100000000009D
:041E4200000000009C
:041E4300000000009B
:041E4400000000009A
:041E45000000000099
:041E46000000000098
:041E47000000000097
:041E48000000000096
:041E49000000000095
:041E4A000000000094
:041E4B000000000093
:041E4C000000000092
:041E4D000000000091
:041E4E000000000090
:041E4F00000000008F
:041E5000000000008E
:041E5100000000008D
:041E5200000000008C
:041E5300000000008B
:041E5400000000008A
:041E55000000000089
:041E56000000000088
:041E57000000000087
:041E58000000000086
:041E59000000000085
:041E5A000000000084
:041E5B000000000083
:041E5C000000000082
:041E5D000000000081
:041E5E000000000080
:041E5F00000000007F
:041E6000000000007E
:041E6100000000007D
:041E6200000000007C
:041E6300000000007B
:041E6400000000007A
:041E65000000000079
:041E66000000000078
:041E67000000000077
:041E68000000000076
:041E69000000000075
:041E6A000000000074
:041E6B000000000073
:041E6C000000000072
:041E6D000000000071
:041E6E000000000070
:041E6F00000000006F
:041E7000000000006E
:041E7100000000006D
:041E7200000000006C
:041E7300000000006B
:041E7400000000006A
:041E75000000000069
:041E76000000000068
:041E77000000000067
:041E78000000000066
:041E79000000000065
:041E7A000000000064
:041E7B000000000063
:041E7C000000000062
:041E7D000000000061
:041E7E000000000060
:041E7F00000000005F
:041E8000000000005E
:041E8100000000005D
:041E8200000000005C
:041E8300000000005B
:041E8400000000005A
:041E85000000000059
:041E86000000000058
:041E87000000000057
:041E88000000000056
:041E89000000000055
:041E8A000000000054
:041E8B000000000053
:041E8C000000000052
:041E8D000000000051
:041E8E000000000050
:041E8F00000000004F
:041E9000000000004E
:041E9100000000004D
:041E9200000000004C
:041E9300000000004B
:041E9400000000004A
:041E95000000000049
:041E96000000000048
:041E97000000000047
:041E98000000000046
:041E99000000000045
:041E9A000000000044
:041E9B000000000043
:041E9C000000000042
:041E9D000000000041
:041E9E000000000040
:041E9F00000000003F
:041EA000000000003E
:041EA100000000003D
:041EA200000000003C
:041EA300000000003B
:041EA400000000003A
:041EA5000000000039
:041EA6000000000038
:041EA7000000000037
:041EA8000000000036
:041EA9000000000035
:041EAA000000000034
:041EAB000000000033
:041EAC000000000032
:041EAD000000000031
:041EAE000000000030
:041EAF00000000002F
:041EB000000000002E
:041EB100000000002D
:041EB200000000002C
:041EB300000000002B
:041EB400000000002A
:041EB5000000000029
:041EB6000000000028
:041EB7000000000027
:041EB8000000000026
:041EB9000000000025
:041EBA000000000024
:041EBB000000000023
:041EBC000000000022
:041EBD000000000021
:041EBE000000000020
:041EBF00000000001F
:041EC000000000001E
:041EC100000000001D
:041EC200000000001C
:041EC300000000001B
:041EC400000000001A
:041EC5000000000019
:041EC6000000000018
:041EC7000000000017
:041EC8000000000016
:041EC9000000000015
:041ECA000000000014
:041ECB000000000013
:041ECC000000000012
:041ECD000000000011
:041ECE000000000010
:041ECF00000000000F
:041ED000000000000E
:041ED100000000000D
:041ED200000000000C
:041ED300000000000B
:041ED400000000000A
:041ED5000000000009
:041ED6000000000008
:041ED7000000000007
:041ED8000000000006
:041ED9000000000005
:041EDA000000000004
:041EDB000000000003
:041EDC000000000002
:041EDD000000000001
:041EDE000000000000
:041EDF0000000000FF
:041EE00000000000FE
:041EE10000000000FD
:041EE20000000000FC
:041EE30000000000FB
:041EE40000000000FA
:041EE50000000000F9
:041EE60000000000F8
:041EE70000000000F7
:041EE80000000000F6
:041EE90000000000F5
:041EEA0000000000F4
:041EEB0000000000F3
:041EEC0000000000F2
:041EED0000000000F1
:041EEE0000000000F0
:041EEF0000000000EF
:041EF00000000000EE
:041EF10000000000ED
:041EF20000000000EC
:041EF30000000000EB
:041EF40000000000EA
:041EF50000000000E9
:041EF60000000000E8
:041EF70000000000E7
:041EF80000000000E6
:041EF90000000000E5
:041EFA0000000000E4
:041EFB0000000000E3
:041EFC0000000000E2
:041EFD0000000000E1
:041EFE0000000000E0
:041EFF0000000000DF
:041F000000000000DD
:041F010000000000DC
:041F020000000000DB
:041F030000000000DA
:041F040000000000D9
:041F050000000000D8
:041F060000000000D7
:041F070000000000D6
:041F080000000000D5
:041F090000000000D4
:041F0A0000000000D3
:041F0B0000000000D2
:041F0C0000000000D1
:041F0D0000000000D0
:041F0E0000000000CF
:041F0F0000000000CE
:041F100000000000CD
:041F110000000000CC
:041F120000000000CB
:041F130000000000CA
:041F140000000000C9
:041F150000000000C8
:041F160000000000C7
:041F170000000000C6
:041F180000000000C5
:041F190000000000C4
:041F1A0000000000C3
:041F1B0000000000C2
:041F1C0000000000C1
:041F1D0000000000C0
:041F1E0000000000BF
:041F1F0000000000BE
:041F200000000000BD
:041F210000000000BC
:041F220000000000BB
:041F230000000000BA
:041F240000000000B9
:041F250000000000B8
:041F260000000000B7
:041F270000000000B6
:041F280000000000B5
:041F290000000000B4
:041F2A0000000000B3
:041F2B0000000000B2
:041F2C0000000000B1
:041F2D0000000000B0
:041F2E0000000000AF
:041F2F0000000000AE
:041F300000000000AD
:041F310000000000AC
:041F320000000000AB
:041F330000000000AA
:041F340000000000A9
:041F350000000000A8
:041F360000000000A7
:041F370000000000A6
:041F380000000000A5
:041F390000000000A4
:041F3A0000000000A3
:041F3B0000000000A2
:041F3C0000000000A1
:041F3D0000000000A0
:041F3E00000000009F
:041F3F00000000009E
:041F4000000000009D
:041F4100000000009C
:041F4200000000009B
:041F4300000000009A
:041F44000000000099
:041F45000000000098
:041F46000000000097
:041F47000000000096
:041F48000000000095
:041F49000000000094
:041F4A000000000093
:041F4B000000000092
:041F4C000000000091
:041F4D000000000090
:041F4E00000000008F
:041F4F00000000008E
:041F5000000000008D
:041F5100000000008C
:041F5200000000008B
:041F5300000000008A
:041F54000000000089
:041F55000000000088
:041F56000000000087
:041F57000000000086
:041F58000000000085
:041F59000000000084
:041F5A000000000083
:041F5B000000000082
:041F5C000000000081
:041F5D000000000080
:041F5E00000000007F
:041F5F00000000007E
:041F6000000000007D
:041F6100000000007C
:041F6200000000007B
:041F6300000000007A
:041F64000000000079
:041F65000000000078
:041F66000000000077
:041F67000000000076
:041F68000000000075
:041F69000000000074
:041F6A000000000073
:041F6B000000000072
:041F6C000000000071
:041F6D000000000070
:041F6E00000000006F
:041F6F00000000006E
:041F7000000000006D
:041F7100000000006C
:041F7200000000006B
:041F7300000000006A
:041F74000000000069
:041F75000000000068
:041F76000000000067
:041F77000000000066
:041F78000000000065
:041F79000000000064
:041F7A000000000063
:041F7B000000000062
:041F7C000000000061
:041F7D000000000060
:041F7E00000000005F
:041F7F00000000005E
:041F8000000000005D
:041F8100000000005C
:041F8200000000005B
:041F8300000000005A
:041F84000000000059
:041F85000000000058
:041F86000000000057
:041F87000000000056
:041F88000000000055
:041F89000000000054
:041F8A000000000053
:041F8B000000000052
:041F8C000000000051
:041F8D000000000050
:041F8E00000000004F
:041F8F00000000004E
:041F9000000000004D
:041F9100000000004C
:041F9200000000004B
:041F9300000000004A
:041F94000000000049
:041F95000000000048
:041F96000000000047
:041F97000000000046
:041F98000000000045
:041F99000000000044
:041F9A000000000043
:041F9B000000000042
:041F9C000000000041
:041F9D000000000040
:041F9E00000000003F
:041F9F00000000003E
:041FA000000000003D
:041FA100000000003C
:041FA200000000003B
:041FA300000000003A
:041FA4000000000039
:041FA5000000000038
:041FA6000000000037
:041FA7000000000036
:041FA8000000000035
:041FA9000000000034
:041FAA000000000033
:041FAB000000000032
:041FAC000000000031
:041FAD000000000030
:041FAE00000000002F
:041FAF00000000002E
:041FB000000000002D
:041FB100000000002C
:041FB200000000002B
:041FB300000000002A
:041FB4000000000029
:041FB5000000000028
:041FB6000000000027
:041FB7000000000026
:041FB8000000000025
:041FB9000000000024
:041FBA000000000023
:041FBB000000000022
:041FBC000000000021
:041FBD000000000020
:041FBE00000000001F
:041FBF00000000001E
:041FC000000000001D
:041FC100000000001C
:041FC200000000001B
:041FC300000000001A
:041FC4000000000019
:041FC5000000000018
:041FC6000000000017
:041FC7000000000016
:041FC8000000000015
:041FC9000000000014
:041FCA000000000013
:041FCB000000000012
:041FCC000000000011
:041FCD000000000010
:041FCE00000000000F
:041FCF00000000000E
:041FD000000000000D
:041FD100000000000C
:041FD200000000000B
:041FD300000000000A
:041FD4000000000009
:041FD5000000000008
:041FD6000000000007
:041FD7000000000006
:041FD8000000000005
:041FD9000000000004
:041FDA000000000003
:041FDB000000000002
:041FDC000000000001
:041FDD000000000000
:041FDE0000000000FF
:041FDF0000000000FE
:041FE00000000000FD
:041FE10000000000FC
:041FE20000000000FB
:041FE30000000000FA
:041FE40000000000F9
:041FE50000000000F8
:041FE60000000000F7
:041FE70000000000F6
:041FE80000000000F5
:041FE90000000000F4
:041FEA0000000000F3
:041FEB0000000000F2
:041FEC0000000000F1
:041FED0000000000F0
:041FEE0000000000EF
:041FEF0000000000EE
:041FF00000000000ED
:041FF10000000000EC
:041FF20000000000EB
:041FF30000000000EA
:041FF40000000000E9
:041FF50000000000E8
:041FF60000000000E7
:041FF70000000000E6
:041FF80000000000E5
:041FF90000000000E4
:041FFA0000000000E3
:041FFB0000000000E2
:041FFC0000000000E1
:041FFD0000000000E0
:041FFE0000000000DF
:041FFF0000000000DE
:0420000000000000DC
:0420010000000000DB
:0420020000000000DA
:0420030000000000D9
:0420040000000000D8
:0420050000000000D7
:0420060000000000D6
:0420070000000000D5
:0420080000000000D4
:0420090000000000D3
:04200A0000000000D2
:04200B0000000000D1
:04200C0000000000D0
:04200D0000000000CF
:04200E0000000000CE
:04200F0000000000CD
:0420100000000000CC
:0420110000000000CB
:0420120000000000CA
:0420130000000000C9
:0420140000000000C8
:0420150000000000C7
:0420160000000000C6
:0420170000000000C5
:0420180000000000C4
:0420190000000000C3
:04201A0000000000C2
:04201B0000000000C1
:04201C0000000000C0
:04201D0000000000BF
:04201E0000000000BE
:04201F0000000000BD
:0420200000000000BC
:0420210000000000BB
:0420220000000000BA
:0420230000000000B9
:0420240000000000B8
:0420250000000000B7
:0420260000000000B6
:0420270000000000B5
:0420280000000000B4
:0420290000000000B3
:04202A0000000000B2
:04202B0000000000B1
:04202C0000000000B0
:04202D0000000000AF
:04202E0000000000AE
:04202F0000000000AD
:0420300000000000AC
:0420310000000000AB
:0420320000000000AA
:0420330000000000A9
:0420340000000000A8
:0420350000000000A7
:0420360000000000A6
:0420370000000000A5
:0420380000000000A4
:0420390000000000A3
:04203A0000000000A2
:04203B0000000000A1
:04203C0000000000A0
:04203D00000000009F
:04203E00000000009E
:04203F00000000009D
:04204000000000009C
:04204100000000009B
:04204200000000009A
:042043000000000099
:042044000000000098
:042045000000000097
:042046000000000096
:042047000000000095
:042048000000000094
:042049000000000093
:04204A000000000092
:04204B000000000091
:04204C000000000090
:04204D00000000008F
:04204E00000000008E
:04204F00000000008D
:04205000000000008C
:04205100000000008B
:04205200000000008A
:042053000000000089
:042054000000000088
:042055000000000087
:042056000000000086
:042057000000000085
:042058000000000084
:042059000000000083
:04205A000000000082
:04205B000000000081
:04205C000000000080
:04205D00000000007F
:04205E00000000007E
:04205F00000000007D
:04206000000000007C
:04206100000000007B
:04206200000000007A
:042063000000000079
:042064000000000078
:042065000000000077
:042066000000000076
:042067000000000075
:042068000000000074
:042069000000000073
:04206A000000000072
:04206B000000000071
:04206C000000000070
:04206D00000000006F
:04206E00000000006E
:04206F00000000006D
:04207000000000006C
:04207100000000006B
:04207200000000006A
:042073000000000069
:042074000000000068
:042075000000000067
:042076000000000066
:042077000000000065
:042078000000000064
:042079000000000063
:04207A000000000062
:04207B000000000061
:04207C000000000060
:04207D00000000005F
:04207E00000000005E
:04207F00000000005D
:04208000000000005C
:04208100000000005B
:04208200000000005A
:042083000000000059
:042084000000000058
:042085000000000057
:042086000000000056
:042087000000000055
:042088000000000054
:042089000000000053
:04208A000000000052
:04208B000000000051
:04208C000000000050
:04208D00000000004F
:04208E00000000004E
:04208F00000000004D
:04209000000000004C
:04209100000000004B
:04209200000000004A
:042093000000000049
:042094000000000048
:042095000000000047
:042096000000000046
:042097000000000045
:042098000000000044
:042099000000000043
:04209A000000000042
:04209B000000000041
:04209C000000000040
:04209D00000000003F
:04209E00000000003E
:04209F00000000003D
:0420A000000000003C
:0420A100000000003B
:0420A200000000003A
:0420A3000000000039
:0420A4000000000038
:0420A5000000000037
:0420A6000000000036
:0420A7000000000035
:0420A8000000000034
:0420A9000000000033
:0420AA000000000032
:0420AB000000000031
:0420AC000000000030
:0420AD00000000002F
:0420AE00000000002E
:0420AF00000000002D
:0420B000000000002C
:0420B100000000002B
:0420B200000000002A
:0420B3000000000029
:0420B4000000000028
:0420B5000000000027
:0420B6000000000026
:0420B7000000000025
:0420B8000000000024
:0420B9000000000023
:0420BA000000000022
:0420BB000000000021
:0420BC000000000020
:0420BD00000000001F
:0420BE00000000001E
:0420BF00000000001D
:0420C000000000001C
:0420C100000000001B
:0420C200000000001A
:0420C3000000000019
:0420C4000000000018
:0420C5000000000017
:0420C6000000000016
:0420C7000000000015
:0420C8000000000014
:0420C9000000000013
:0420CA000000000012
:0420CB000000000011
:0420CC000000000010
:0420CD00000000000F
:0420CE00000000000E
:0420CF00000000000D
:0420D000000000000C
:0420D100000000000B
:0420D200000000000A
:0420D3000000000009
:0420D4000000000008
:0420D5000000000007
:0420D6000000000006
:0420D7000000000005
:0420D8000000000004
:0420D9000000000003
:0420DA000000000002
:0420DB000000000001
:0420DC000000000000
:0420DD0000000000FF
:0420DE0000000000FE
:0420DF0000000000FD
:0420E00000000000FC
:0420E10000000000FB
:0420E20000000000FA
:0420E30000000000F9
:0420E40000000000F8
:0420E50000000000F7
:0420E60000000000F6
:0420E70000000000F5
:0420E80000000000F4
:0420E90000000000F3
:0420EA0000000000F2
:0420EB0000000000F1
:0420EC0000000000F0
:0420ED0000000000EF
:0420EE0000000000EE
:0420EF0000000000ED
:0420F00000000000EC
:0420F10000000000EB
:0420F20000000000EA
:0420F30000000000E9
:0420F40000000000E8
:0420F50000000000E7
:0420F60000000000E6
:0420F70000000000E5
:0420F80000000000E4
:0420F90000000000E3
:0420FA0000000000E2
:0420FB0000000000E1
:0420FC0000000000E0
:0420FD0000000000DF
:0420FE0000000000DE
:0420FF0000000000DD
:0421000000000000DB
:0421010000000000DA
:0421020000000000D9
:0421030000000000D8
:0421040000000000D7
:0421050000000000D6
:0421060000000000D5
:0421070000000000D4
:0421080000000000D3
:0421090000000000D2
:04210A0000000000D1
:04210B0000000000D0
:04210C0000000000CF
:04210D0000000000CE
:04210E0000000000CD
:04210F0000000000CC
:0421100000000000CB
:0421110000000000CA
:0421120000000000C9
:0421130000000000C8
:0421140000000000C7
:0421150000000000C6
:0421160000000000C5
:0421170000000000C4
:0421180000000000C3
:0421190000000000C2
:04211A0000000000C1
:04211B0000000000C0
:04211C0000000000BF
:04211D0000000000BE
:04211E0000000000BD
:04211F0000000000BC
:0421200000000000BB
:0421210000000000BA
:0421220000000000B9
:0421230000000000B8
:0421240000000000B7
:0421250000000000B6
:0421260000000000B5
:0421270000000000B4
:0421280000000000B3
:0421290000000000B2
:04212A0000000000B1
:04212B0000000000B0
:04212C0000000000AF
:04212D0000000000AE
:04212E0000000000AD
:04212F0000000000AC
:0421300000000000AB
:0421310000000000AA
:0421320000000000A9
:0421330000000000A8
:0421340000000000A7
:0421350000000000A6
:0421360000000000A5
:0421370000000000A4
:0421380000000000A3
:0421390000000000A2
:04213A0000000000A1
:04213B0000000000A0
:04213C00000000009F
:04213D00000000009E
:04213E00000000009D
:04213F00000000009C
:04214000000000009B
:04214100000000009A
:042142000000000099
:042143000000000098
:042144000000000097
:042145000000000096
:042146000000000095
:042147000000000094
:042148000000000093
:042149000000000092
:04214A000000000091
:04214B000000000090
:04214C00000000008F
:04214D00000000008E
:04214E00000000008D
:04214F0000006D6CB3
:04215000000000008B
:04215100000007542F
:042152000000068CF7
:04215300000006F092
:042154000000000087
:042155000000000086
:04215600000007A8D6
:042157000003001071
:042158000000000A79
:042159000000000082
:04215A000000000081
:04215B000000000080
:04215C00000000007F
:04215D00000000007E
:04215E00000000007D
:04215F00000000007C
:04216000000000007B
:04216100000000007A
:042162000000000079
:042163000000000078
:042164000000000077
:042165000000000076
:042166000000000075
:042167000000000074
:042168000000000073
:042169000000000072
:04216A000000000071
:04216B000000000070
:04216C00000000006F
:04216D00000000006E
:04216E00000000006D
:04216F00000000006C
:04217000000000006B
:04217100000000006A
:042172000000000069
:042173000000000068
:042174000000000067
:042175000000000066
:042176000000000065
:042177000000000064
:042178000000000063
:042179000000000062
:04217A000000000061
:04217B000000000060
:04217C00000000005F
:04217D00000000005E
:04217E00000000005D
:04217F00000000005C
:04218000000000005B
:04218100000000005A
:042182000000000059
:042183000000000058
:042184000000000057
:042185000000000056
:042186000000000055
:042187000000000054
:042188000000000053
:042189000000000052
:04218A000000000051
:04218B000000000050
:04218C00000000004F
:04218D00000000004E
:04218E00000000004D
:04218F00000000004C
:04219000000000004B
:04219100000000004A
:042192000000000049
:042193000000000048
:042194000000000047
:042195000000000046
:042196000000000045
:042197000000000044
:042198000000000043
:042199000000000042
:04219A000000000041
:04219B000000000040
:04219C00000000003F
:04219D00000000003E
:04219E00000000003D
:04219F00000000003C
:0421A000000000003B
:0421A100000000003A
:0421A2000000000039
:0421A3000000000038
:0421A4000000000037
:0421A5000000000036
:0421A6000000000035
:0421A7000000000034
:0421A8000000000033
:0421A9000000000032
:0421AA000000000031
:0421AB000000000030
:0421AC00000000002F
:0421AD00000000002E
:0421AE00000000002D
:0421AF00000000002C
:0421B000000000002B
:0421B100000000002A
:0421B2000000000029
:0421B3000000000028
:0421B4000000000027
:0421B5000000000026
:0421B6000000000025
:0421B7000000000024
:0421B8000000000023
:0421B9000000000022
:0421BA000000000021
:0421BB000000000020
:0421BC00000000001F
:0421BD00000000001E
:0421BE00000000001D
:0421BF00000000001C
:0421C000000000001B
:0421C100000000001A
:0421C2000000000019
:0421C3000000000018
:0421C4000000000017
:0421C5000000000016
:0421C6000000000015
:0421C7000000000014
:0421C8000000000013
:0421C9000000000012
:0421CA000000000011
:0421CB000000000010
:0421CC00000000000F
:0421CD00000000000E
:0421CE00000000000D
:0421CF00000000000C
:0421D000000000000B
:0421D100000000000A
:0421D2000000000009
:0421D3000000000008
:0421D4000000000007
:0421D5000000000006
:0421D6000000000005
:0421D7000000000004
:0421D8000000000003
:0421D9000000000002
:0421DA000000000001
:0421DB000000000000
:0421DC0000000000FF
:0421DD0000000000FE
:0421DE0000000000FD
:0421DF0000000000FC
:0421E00000000000FB
:0421E10000000000FA
:0421E20000000000F9
:0421E30000000000F8
:0421E40000000000F7
:0421E50000000000F6
:0421E60000000000F5
:0421E70000000000F4
:0421E80000000000F3
:0421E90000000000F2
:0421EA0000000000F1
:0421EB0000000000F0
:0421EC0000000000EF
:0421ED0000000000EE
:0421EE0000000000ED
:0421EF0000000000EC
:0421F00000000000EB
:0421F10000000000EA
:0421F20000000000E9
:0421F30000000000E8
:0421F40000000000E7
:0421F50000000000E6
:0421F60000000000E5
:0421F70000000000E4
:0421F80000000000E3
:0421F90000000000E2
:0421FA0000000000E1
:0421FB0000000000E0
:0421FC0000000000DF
:0421FD0000000000DE
:0421FE0000000000DD
:0421FF0000000000DC
:0422000000000000DA
:0422010000000000D9
:0422020000000000D8
:0422030000000000D7
:0422040000000000D6
:0422050000000000D5
:0422060000000000D4
:0422070000000000D3
:0422080000000000D2
:0422090000000000D1
:04220A0000000000D0
:04220B0000000000CF
:04220C0000000000CE
:04220D0000000000CD
:04220E0000000000CC
:04220F0000000000CB
:0422100000000000CA
:0422110000000000C9
:0422120000000000C8
:0422130000000000C7
:0422140000000000C6
:0422150000000000C5
:0422160000000000C4
:0422170000000000C3
:0422180000000000C2
:0422190000000000C1
:04221A0000000000C0
:04221B0000000000BF
:04221C0000000000BE
:04221D0000000000BD
:04221E0000000000BC
:04221F0000000000BB
:0422200000000000BA
:0422210000000000B9
:0422220000000000B8
:0422230000000000B7
:0422240000000000B6
:0422250000000000B5
:0422260000000000B4
:0422270000000000B3
:0422280000000000B2
:0422290000000000B1
:04222A0000000000B0
:04222B0000000000AF
:04222C0000000000AE
:04222D0000000000AD
:04222E0000000000AC
:04222F0000000000AB
:0422300000000000AA
:0422310000000000A9
:0422320000000000A8
:0422330000000000A7
:0422340000000000A6
:0422350000000000A5
:0422360000000000A4
:0422370000000000A3
:0422380000000000A2
:0422390000000000A1
:04223A0000000000A0
:04223B00000000009F
:04223C00000000009E
:04223D00000000009D
:04223E00000000009C
:04223F00000000009B
:04224000000000009A
:042241000000000099
:042242000000000098
:042243000000000097
:042244000000000096
:042245000000000095
:042246000000000094
:042247000000000093
:042248000000000092
:042249000000000091
:04224A000000000090
:04224B00000000008F
:04224C00000000008E
:04224D00000000008D
:04224E00000000008C
:04224F00000000008B
:04225000000000008A
:042251000000000089
:042252000000000088
:042253000000000087
:042254000000000086
:042255000000000085
:042256000000000084
:042257000000000083
:042258000000000082
:042259000000000081
:04225A000000000080
:04225B00000000007F
:04225C00000000007E
:04225D00000000007D
:04225E00000000007C
:04225F00000000007B
:04226000000000007A
:042261000000000079
:042262000000000078
:042263000000000077
:042264000000000076
:042265000000000075
:042266000000000074
:042267000000000073
:042268000000000072
:042269000000000071
:04226A000000000070
:04226B00000000006F
:04226C00000000006E
:04226D00000000006D
:04226E00000000006C
:04226F00000000006B
:04227000000000006A
:042271000000000069
:042272000000000068
:042273000000000067
:042274000000000066
:042275000000000065
:042276000000000064
:042277000000000063
:042278000000000062
:042279000000000061
:04227A000000000060
:04227B00000000005F
:04227C00000000005E
:04227D00000000005D
:04227E00000000005C
:04227F00000000005B
:04228000000000005A
:042281000000000059
:042282000000000058
:042283000000000057
:042284000000000056
:042285000000000055
:042286000000000054
:042287000000000053
:042288000000000052
:042289000000000051
:04228A000000000050
:04228B00000000004F
:04228C00000000004E
:04228D00000000004D
:04228E00000000004C
:04228F00000000004B
:04229000000000004A
:042291000000000049
:042292000000000048
:042293000000000047
:042294000000000046
:042295000000000045
:042296000000000044
:042297000000000043
:042298000000000042
:042299000000000041
:04229A000000000040
:04229B00000000003F
:04229C00000000003E
:04229D00000000003D
:04229E00000000003C
:04229F00000000003B
:0422A000000000003A
:0422A1000000000039
:0422A2000000000038
:0422A3000000000037
:0422A4000000000036
:0422A5000000000035
:0422A6000000000034
:0422A7000000000033
:0422A8000000000032
:0422A9000000000031
:0422AA000000000030
:0422AB00000000002F
:0422AC00000000002E
:0422AD00000000002D
:0422AE00000000002C
:0422AF00000000002B
:0422B000000000002A
:0422B1000000000029
:0422B2000000000028
:0422B3000000000027
:0422B4000000000026
:0422B5000000000025
:0422B6000000000024
:0422B7000000000023
:0422B8000000000022
:0422B9000000000021
:0422BA000000000020
:0422BB00000000001F
:0422BC00000000001E
:0422BD00000000001D
:0422BE00000000001C
:0422BF00000000001B
:0422C000000000001A
:0422C1000000000019
:0422C2000000000018
:0422C3000000000017
:0422C4000000000016
:0422C5000000000015
:0422C6000000000014
:0422C7000000000013
:0422C8000000000012
:0422C9000000000011
:0422CA000000000010
:0422CB00000000000F
:0422CC00000000000E
:0422CD00000000000D
:0422CE00000000000C
:0422CF00000000000B
:0422D000000000000A
:0422D1000000000009
:0422D2000000000008
:0422D3000000000007
:0422D4000000000006
:0422D5000000000005
:0422D6000000000004
:0422D7000000000003
:0422D8000000000002
:0422D9000000000001
:0422DA000000000000
:0422DB0000000000FF
:0422DC0000000000FE
:0422DD0000000000FD
:0422DE0000000000FC
:0422DF0000000000FB
:0422E00000000000FA
:0422E10000000000F9
:0422E20000000000F8
:0422E30000000000F7
:0422E40000000000F6
:0422E50000000000F5
:0422E60000000000F4
:0422E70000000000F3
:0422E80000000000F2
:0422E90000000000F1
:0422EA0000000000F0
:0422EB0000000000EF
:0422EC0000000000EE
:0422ED0000000000ED
:0422EE0000000000EC
:0422EF0000000000EB
:0422F00000000000EA
:0422F10000000000E9
:0422F20000000000E8
:0422F30000000000E7
:0422F40000000000E6
:0422F50000000000E5
:0422F60000000000E4
:0422F70000000000E3
:0422F80000000000E2
:0422F90000000000E1
:0422FA0000000000E0
:0422FB0000000000DF
:0422FC0000000000DE
:0422FD0000000000DD
:0422FE0000000000DC
:0422FF0000000000DB
:0423000000000000D9
:0423010000000000D8
:0423020000000000D7
:0423030000000000D6
:0423040000000000D5
:0423050000000000D4
:0423060000000000D3
:0423070000000000D2
:0423080000000000D1
:0423090000000000D0
:04230A0000000000CF
:04230B0000000000CE
:04230C0000000000CD
:04230D0000000000CC
:04230E0000000000CB
:04230F0000000000CA
:0423100000000000C9
:0423110000000000C8
:0423120000000000C7
:0423130000000000C6
:0423140000000000C5
:0423150000000000C4
:0423160000000000C3
:0423170000000000C2
:0423180000000000C1
:0423190000000000C0
:04231A0000000000BF
:04231B0000000000BE
:04231C0000000000BD
:04231D0000000000BC
:04231E0000000000BB
:04231F0000000000BA
:0423200000000000B9
:0423210000000000B8
:0423220000000000B7
:0423230000000000B6
:0423240000000000B5
:0423250000000000B4
:0423260000000000B3
:0423270000000000B2
:0423280000000000B1
:0423290000000000B0
:04232A0000000000AF
:04232B0000000000AE
:04232C0000000000AD
:04232D0000000000AC
:04232E0000000000AB
:04232F0000000000AA
:0423300000000000A9
:0423310000000000A8
:0423320000000000A7
:0423330000000000A6
:0423340000000000A5
:0423350000000000A4
:0423360000000000A3
:0423370000000000A2
:0423380000000000A1
:0423390000000000A0
:04233A00000000009F
:04233B00000000009E
:04233C00000000009D
:04233D00000000009C
:04233E00000000009B
:04233F00000000009A
:042340000000000099
:042341000000000098
:042342000000000097
:042343000000000096
:042344000000000095
:042345000000000094
:042346000000000093
:042347000000000092
:042348000000000091
:042349000000000090
:04234A00000000008F
:04234B00000000008E
:04234C00000000008D
:04234D00000000008C
:04234E00000000008B
:04234F00000000008A
:042350000000000089
:042351000000000088
:042352000000000087
:042353000000000086
:042354000000000085
:042355000000000084
:042356000000000083
:042357000000000082
:042358000000000081
:042359000000000080
:04235A00000000007F
:04235B00000000007E
:04235C00000000007D
:04235D00000000007C
:04235E00000000007B
:04235F00000000007A
:042360000000000079
:042361000000000078
:042362000000000077
:042363000000000076
:042364000000000075
:042365000000000074
:042366000000000073
:042367000000000072
:042368000000000071
:042369000000000070
:04236A00000000006F
:04236B00000000006E
:04236C00000000006D
:04236D00000000006C
:04236E00000000006B
:04236F00000000006A
:042370000000000069
:042371000000000068
:042372000000000067
:042373000000000066
:042374000000000065
:042375000000000064
:042376000000000063
:042377000000000062
:042378000000000061
:042379000000000060
:04237A00000000005F
:04237B00000000005E
:04237C00000000005D
:04237D00000000005C
:04237E00000000005B
:04237F00000000005A
:042380000000000059
:042381000000000058
:042382000000000057
:042383000000000056
:042384000000000055
:042385000000000054
:042386000000000053
:042387000000000052
:042388000000000051
:042389000000000050
:04238A00000000004F
:04238B00000000004E
:04238C00000000004D
:04238D00000000004C
:04238E00000000004B
:04238F00000000004A
:042390000000000049
:042391000000000048
:042392000000000047
:042393000000000046
:042394000000000045
:042395000000000044
:042396000000000043
:042397000000000042
:042398000000000041
:042399000000000040
:04239A00000000003F
:04239B00000000003E
:04239C00000000003D
:04239D00000000003C
:04239E00000000003B
:04239F00000000003A
:0423A0000000000039
:0423A1000000000038
:0423A2000000000037
:0423A3000000000036
:0423A4000000000035
:0423A5000000000034
:0423A6000000000033
:0423A7000000000032
:0423A8000000000031
:0423A9000000000030
:0423AA00000000002F
:0423AB00000000002E
:0423AC00000000002D
:0423AD00000000002C
:0423AE00000000002B
:0423AF00000000002A
:0423B0000000000029
:0423B1000000000028
:0423B2000000000027
:0423B3000000000026
:0423B4000000000025
:0423B5000000000024
:0423B6000000000023
:0423B7000000000022
:0423B8000000000021
:0423B9000000000020
:0423BA00000000001F
:0423BB00000000001E
:0423BC00000000001D
:0423BD00000000001C
:0423BE00000000001B
:0423BF00000000001A
:0423C0000000000019
:0423C1000000000018
:0423C2000000000017
:0423C3000000000016
:0423C4000000000015
:0423C5000000000014
:0423C6000000000013
:0423C7000000000012
:0423C8000000000011
:0423C9000000000010
:0423CA00000000000F
:0423CB00000000000E
:0423CC00000000000D
:0423CD00000000000C
:0423CE00000000000B
:0423CF00000000000A
:0423D0000000000009
:0423D1000000000008
:0423D2000000000007
:0423D3000000000006
:0423D4000000000005
:0423D5000000000004
:0423D6000000000003
:0423D7000000000002
:0423D8000000000001
:0423D9000000000000
:0423DA0000000000FF
:0423DB0000000000FE
:0423DC0000000000FD
:0423DD0000000000FC
:0423DE0000000000FB
:0423DF0000000000FA
:0423E00000000000F9
:0423E10000000000F8
:0423E20000000000F7
:0423E30000000000F6
:0423E40000000000F5
:0423E50000000000F4
:0423E60000000000F3
:0423E70000000000F2
:0423E80000000000F1
:0423E90000000000F0
:0423EA0000000000EF
:0423EB0000000000EE
:0423EC0000000000ED
:0423ED0000000000EC
:0423EE0000000000EB
:0423EF0000000000EA
:0423F00000000000E9
:0423F10000000000E8
:0423F20000000000E7
:0423F30000000000E6
:0423F40000000000E5
:0423F50000000000E4
:0423F60000000000E3
:0423F70000000000E2
:0423F80000000000E1
:0423F90000000000E0
:0423FA0000000000DF
:0423FB0000000000DE
:0423FC0000000000DD
:0423FD0000000000DC
:0423FE0000000000DB
:0423FF0000000000DA
:0424000000000000D8
:0424010000000000D7
:0424020000000000D6
:0424030000000000D5
:0424040000000000D4
:0424050000000000D3
:0424060000000000D2
:0424070000000000D1
:0424080000000000D0
:0424090000000000CF
:04240A0000000000CE
:04240B0000000000CD
:04240C0000000000CC
:04240D0000000000CB
:04240E0000000000CA
:04240F0000000000C9
:0424100000000000C8
:0424110000000000C7
:0424120000000000C6
:0424130000000000C5
:0424140000000000C4
:0424150000000000C3
:0424160000000000C2
:0424170000000000C1
:0424180000000000C0
:0424190000000000BF
:04241A0000000000BE
:04241B0000000000BD
:04241C0000000000BC
:04241D0000000000BB
:04241E0000000000BA
:04241F0000000000B9
:0424200000000000B8
:0424210000000000B7
:0424220000000000B6
:0424230000000000B5
:0424240000000000B4
:0424250000000000B3
:0424260000000000B2
:0424270000000000B1
:0424280000000000B0
:0424290000000000AF
:04242A0000000000AE
:04242B0000000000AD
:04242C0000000000AC
:04242D0000000000AB
:04242E0000000000AA
:04242F0000000000A9
:0424300000000000A8
:0424310000000000A7
:0424320000000000A6
:0424330000000000A5
:0424340000000000A4
:0424350000000000A3
:0424360000000000A2
:0424370000000000A1
:0424380000000000A0
:04243900000000009F
:04243A00000000009E
:04243B00000000009D
:04243C00000000009C
:04243D00000000009B
:04243E00000000009A
:04243F000000000099
:042440000000000098
:042441000000000097
:042442000000000096
:042443000000000095
:042444000000000094
:042445000000000093
:042446000000000092
:042447000000000091
:042448000000000090
:04244900000000008F
:04244A00000000008E
:04244B00000000008D
:04244C00000000008C
:04244D00000000008B
:04244E00000000008A
:04244F000000000089
:042450000000000088
:042451000000000087
:042452000000000086
:042453000000000085
:042454000000000084
:042455000000000083
:042456000000000082
:042457000000000081
:042458000000000080
:04245900000000007F
:04245A00000000007E
:04245B00000000007D
:04245C00000000007C
:04245D00000000007B
:04245E00000000007A
:04245F000000000079
:042460000000000078
:042461000000000077
:042462000000000076
:042463000000000075
:042464000000000074
:042465000000000073
:042466000000000072
:042467000000000071
:042468000000000070
:04246900000000006F
:04246A00000000006E
:04246B00000000006D
:04246C00000000006C
:04246D00000000006B
:04246E00000000006A
:04246F000000000069
:042470000000000068
:042471000000000067
:042472000000000066
:042473000000000065
:042474000000000064
:042475000000000063
:042476000000000062
:042477000000000061
:042478000000000060
:04247900000000005F
:04247A00000000005E
:04247B00000000005D
:04247C00000000005C
:04247D00000000005B
:04247E00000000005A
:04247F000000000059
:042480000000000058
:042481000000000057
:042482000000000056
:042483000000000055
:042484000000000054
:042485000000000053
:042486000000000052
:042487000000000051
:042488000000000050
:04248900000000004F
:04248A00000000004E
:04248B00000000004D
:04248C00000000004C
:04248D00000000004B
:04248E00000000004A
:04248F000000000049
:042490000000000048
:042491000000000047
:042492000000000046
:042493000000000045
:042494000000000044
:042495000000000043
:042496000000000042
:042497000000000041
:042498000000000040
:04249900000000003F
:04249A00000000003E
:04249B00000000003D
:04249C00000000003C
:04249D00000000003B
:04249E00000000003A
:04249F000000000039
:0424A0000000000038
:0424A1000000000037
:0424A2000000000036
:0424A3000000000035
:0424A4000000000034
:0424A5000000000033
:0424A6000000000032
:0424A7000000000031
:0424A8000000000030
:0424A900000000002F
:0424AA00000000002E
:0424AB00000000002D
:0424AC00000000002C
:0424AD00000000002B
:0424AE00000000002A
:0424AF000000000029
:0424B0000000000028
:0424B1000000000027
:0424B2000000000026
:0424B3000000000025
:0424B4000000000024
:0424B5000000000023
:0424B6000000000022
:0424B7000000000021
:0424B8000000000020
:0424B900000000001F
:0424BA00000000001E
:0424BB00000000001D
:0424BC00000000001C
:0424BD00000000001B
:0424BE00000000001A
:0424BF000000000019
:0424C0000000000018
:0424C1000000000017
:0424C2000000000016
:0424C3000000000015
:0424C4000000000014
:0424C5000000000013
:0424C6000000000012
:0424C7000000000011
:0424C8000000000010
:0424C900000000000F
:0424CA00000000000E
:0424CB00000000000D
:0424CC00000000000C
:0424CD00000000000B
:0424CE00000000000A
:0424CF000000000009
:0424D0000000000008
:0424D1000000000007
:0424D2000000000006
:0424D3000000000005
:0424D4000000000004
:0424D5000000000003
:0424D6000000000002
:0424D7000000000001
:0424D8000000000000
:0424D90000000000FF
:0424DA0000000000FE
:0424DB0000000000FD
:0424DC0000000000FC
:0424DD0000000000FB
:0424DE0000000000FA
:0424DF0000000000F9
:0424E00000000000F8
:0424E10000000000F7
:0424E20000000000F6
:0424E30000000000F5
:0424E40000000000F4
:0424E50000000000F3
:0424E60000000000F2
:0424E70000000000F1
:0424E80000000000F0
:0424E90000000000EF
:0424EA0000000000EE
:0424EB0000000000ED
:0424EC0000000000EC
:0424ED0000000000EB
:0424EE0000000000EA
:0424EF0000000000E9
:0424F00000000000E8
:0424F10000000000E7
:0424F20000000000E6
:0424F30000000000E5
:0424F40000000000E4
:0424F50000000000E3
:0424F60000000000E2
:0424F70000000000E1
:0424F80000000000E0
:0424F90000000000DF
:0424FA0000000000DE
:0424FB0000000000DD
:0424FC0000000000DC
:0424FD0000000000DB
:0424FE0000000000DA
:0424FF0000000000D9
:0425000000000000D7
:0425010000000000D6
:0425020000000000D5
:0425030000000000D4
:0425040000000000D3
:0425050000000000D2
:0425060000000000D1
:0425070000000000D0
:0425080000000000CF
:0425090000000000CE
:04250A0000000000CD
:04250B0000000000CC
:04250C0000000000CB
:04250D0000000000CA
:04250E0000000000C9
:04250F0000000000C8
:0425100000000000C7
:0425110000000000C6
:0425120000000000C5
:0425130000000000C4
:0425140000000000C3
:0425150000000000C2
:0425160000000000C1
:0425170000000000C0
:0425180000000000BF
:0425190000000000BE
:04251A0000000000BD
:04251B0000000000BC
:04251C0000000000BB
:04251D0000000000BA
:04251E0000000000B9
:04251F0000000000B8
:0425200000000000B7
:0425210000000000B6
:0425220000000000B5
:0425230000000000B4
:0425240000000000B3
:0425250000000000B2
:0425260000000000B1
:0425270000000000B0
:0425280000000000AF
:0425290000000000AE
:04252A0000000000AD
:04252B0000000000AC
:04252C0000000000AB
:04252D0000000000AA
:04252E0000000000A9
:04252F0000000000A8
:0425300000000000A7
:0425310000000000A6
:0425320000000000A5
:0425330000000000A4
:0425340000000000A3
:0425350000000000A2
:0425360000000000A1
:0425370000000000A0
:04253800000000009F
:04253900000000009E
:04253A00000000009D
:04253B00000000009C
:04253C00000000009B
:04253D00000000009A
:04253E000000000099
:04253F000000000098
:042540000000000097
:042541000000000096
:042542000000000095
:042543000000000094
:042544000000000093
:042545000000000092
:042546000000000091
:042547000000000090
:04254800000000008F
:04254900000000008E
:04254A00000000008D
:04254B00000000008C
:04254C00000000008B
:04254D00000000008A
:04254E000000000089
:04254F000000000088
:042550000000000087
:042551000000000086
:042552000000000085
:042553000000000084
:042554000000000083
:042555000000000082
:042556000000000081
:042557000000000080
:04255800000000007F
:04255900000000007E
:04255A00000000007D
:04255B00000000007C
:04255C00000000007B
:04255D00000000007A
:04255E000000000079
:04255F000000000078
:042560000000000077
:042561000000000076
:042562000000000075
:042563000000000074
:042564000000000073
:0425650000008508E5
:0425660000008508E4
:0425670000006D8083
:04256800000000006F
:04256900000000006E
:04256A00000000006D
:04256B0000001394C5
:04256C00000000006B
:04256D00000000006A
:04256E000000000069
:04256F0000007E20CA
:042570000000000067
:042571000000000066
:0425720000007E20C7
:042573000000000064
:042574000000000063
:0425750000007E20C4
:042576000000000061
:042577000000000060
:04257800000000005F
:04257900000000005E
:04257A00000000005D
:04257B00000000005C
:04257C00000000005B
:04257D00000000005A
:04257E000000000059
:04257F000000000058
:042580000000000057
:042581000000000056
:042582000000000055
:042583000000000054
:042584000000000053
:042585000000000052
:042586000000000051
:042587000000000050
:04258800000000004F
:04258900000000004E
:04258A00000000004D
:04258B00000000004C
:04258C00000000004B
:04258D00000000004A
:04258E000000000049
:04258F000000000048
:042590000000000047
:042591000000000046
:042592000000000045
:042593000000000044
:042594000000000043
:042595000000000042
:042596000000000041
:042597000000000040
:04259800000000003F
:04259900000000003E
:04259A00000000003D
:04259B00000000003C
:04259C00000000003B
:04259D00000000003A
:04259E000000000039
:04259F000000000038
:0425A0000000000037
:0425A1000000000036
:0425A2000000000035
:0425A3000000000034
:0425A4000000000033
:0425A5000000000032
:0425A6000000000031
:0425A7000000000030
:0425A800000000002F
:0425A900000000002E
:0425AA00000000002D
:0425AB00000000002C
:0425AC00000000002B
:0425AD00000000002A
:0425AE000000000029
:0425AF000000000028
:0425B0000000000027
:0425B1000000000026
:0425B2000000000025
:0425B3000000000024
:0425B4000000000023
:0425B5000000000022
:0425B6000000000021
:0425B7000000000020
:0425B800000000001F
:0425B900000000001E
:0425BA00000000001D
:0425BB00000000001C
:0425BC00000000001B
:0425BD00000000001A
:0425BE000000000019
:0425BF000000000018
:0425C0000000000017
:0425C1000000000016
:0425C2000000000015
:0425C3000000000014
:0425C4000000000013
:0425C5000000000012
:0425C6000000000011
:0425C7000000000010
:0425C800000000000F
:0425C900000000000E
:0425CA00000000000D
:0425CB00000000000C
:0425CC00000000000B
:0425CD00000000000A
:0425CE000000000009
:0425CF000000000008
:0425D0000000000304
:0425D10000009D94D5
:0425D2000000000005
:0425D3000000000004
:0425D40000009D94D2
:0425D50000009DFC69
:0425D60000009E64FF
:0425D7000000000000
:0425D80000000000FF
:0425D90000000000FE
:0425DA0000000000FD
:0425DB0000000000FC
:0425DC0000000000FB
:0425DD0000000000FA
:0425DE0000000000F9
:0425DF0000000000F8
:0425E00000000000F7
:0425E10000000000F6
:0425E20000000000F5
:0425E30000000000F4
:0425E40000000000F3
:0425E50000000000F2
:0425E60000000000F1
:0425E70000000000F0
:0425E80000000000EF
:0425E90000000000EE
:0425EA0000000000ED
:0425EB0000000000EC
:0425EC0000000000EB
:0425ED0000000000EA
:0425EE0000000000E9
:0425EF0000000000E8
:0425F00000000000E7
:0425F10000000000E6
:0425F20000000000E5
:0425F30000000000E4
:0425F40000000000E3
:0425F50000000000E2
:0425F60000000000E1
:0425F70000000000E0
:0425F80000000000DF
:0425F90000000001DD
:0425FA0000000000DD
:0425FB00ABCD330E23
:0425FC00E66D123442
:0425FD000005DEEC0B
:0425FE000000000BCE
:0425FF0000000000D8
:0426000000000000D6
:0426010000000000D5
:0426020000000000D4
:0426030000000000D3
:0426040000000000D2
:0426050000000000D1
:0426060000000000D0
:0426070000000000CF
:0426080000000000CE
:0426090000000000CD
:04260A0000000000CC
:04260B0000000000CB
:04260C0000000000CA
:04260D0000000000C9
:04260E0000000000C8
:04260F0000000000C7
:0426100000000000C6
:0426110000000000C5
:0426120000000000C4
:0426130000000000C3
:0426140000000000C2
:0426150000000000C1
:0426160000000000C0
:0426170000000000BF
:0426180000000000BE
:0426190000000000BD
:04261A0000000000BC
:04261B0000000000BB
:04261C0000000000BA
:04261D00000080F841
:04261E00000080F840
:04261F000000810036
:042620000000810035
:04262100000081082C
:04262200000081082B
:042623000000811022
:042624000000811021
:042625000000811818
:042626000000811817
:04262700000081200E
:04262800000081200D
:042629000000812804
:04262A000000812803
:04262B0000008130FA
:04262C0000008130F9
:04262D0000008138F0
:04262E0000008138EF
:04262F0000008140E6
:0426300000008140E5
:0426310000008148DC
:0426320000008148DB
:0426330000008150D2
:0426340000008150D1
:0426350000008158C8
:0426360000008158C7
:0426370000008160BE
:0426380000008160BD
:0426390000008168B4
:04263A0000008168B3
:04263B0000008170AA
:04263C0000008170A9
:04263D0000008178A0
:04263E00000081789F
:04263F000000818096
:042640000000818095
:04264100000081888C
:04264200000081888B
:042643000000819082
:042644000000819081
:042645000000819878
:042646000000819877
:04264700000081A06E
:04264800000081A06D
:04264900000081A864
:04264A00000081A863
:04264B00000081B05A
:04264C00000081B059
:04264D00000081B850
:04264E00000081B84F
:04264F00000081C046
:04265000000081C045
:04265100000081C83C
:04265200000081C83B
:04265300000081D032
:04265400000081D031
:04265500000081D828
:04265600000081D827
:04265700000081E01E
:04265800000081E01D
:04265900000081E814
:04265A00000081E813
:04265B00000081F00A
:04265C00000081F009
:04265D00000081F800
:04265E00000081F8FF
:04265F0000008200F5
:0426600000008200F4
:0426610000008208EB
:0426620000008208EA
:0426630000008210E1
:0426640000008210E0
:0426650000008218D7
:0426660000008218D6
:0426670000008220CD
:0426680000008220CC
:0426690000008228C3
:04266A0000008228C2
:04266B0000008230B9
:04266C0000008230B8
:04266D0000008238AF
:04266E0000008238AE
:04266F0000008240A5
:0426700000008240A4
:04267100000082489B
:04267200000082489A
:042673000000825091
:042674000000825090
:042675000000825887
:042676000000825886
:04267700000082607D
:04267800000082607C
:042679000000826873
:04267A000000826872
:04267B000000827069
:04267C000000827068
:04267D00000082785F
:04267E00000082785E
:04267F000000828055
:042680000000828054
:04268100000082884B
:04268200000082884A
:042683000000829041
:042684000000829040
:042685000000829837
:042686000000829836
:04268700000082A02D
:04268800000082A02C
:04268900000082A823
:04268A00000082A822
:04268B00000082B019
:04268C00000082B018
:04268D00000082B80F
:04268E00000082B80E
:04268F00000082C005
:04269000000082C004
:04269100000082C8FB
:04269200000082C8FA
:04269300000082D0F1
:04269400000082D0F0
:04269500000082D8E7
:04269600000082D8E6
:04269700000082E0DD
:04269800000082E0DC
:04269900000082E8D3
:04269A00000082E8D2
:04269B00000082F0C9
:04269C00000082F0C8
:04269D00000082F8BF
:04269E00000082F8BE
:04269F0000008300B4
:0426A00000008300B3
:0426A10000008308AA
:0426A20000008308A9
:0426A30000008310A0
:0426A400000083109F
:0426A5000000831896
:0426A6000000831895
:0426A700000083208C
:0426A800000083208B
:0426A9000000832882
:0426AA000000832881
:0426AB000000833078
:0426AC000000833077
:0426AD00000083386E
:0426AE00000083386D
:0426AF000000834064
:0426B0000000834063
:0426B100000083485A
:0426B2000000834859
:0426B3000000835050
:0426B400000083504F
:0426B5000000835846
:0426B6000000835845
:0426B700000083603C
:0426B800000083603B
:0426B9000000836832
:0426BA000000836831
:0426BB000000837028
:0426BC000000837027
:0426BD00000083781E
:0426BE00000083781D
:0426BF000000838014
:0426C0000000838013
:0426C100000083880A
:0426C2000000838809
:0426C3000000839000
:0426C40000008390FF
:0426C50000008398F6
:0426C60000008398F5
:0426C700000083A0EC
:0426C800000083A0EB
:0426C900000083A8E2
:0426CA00000083A8E1
:0426CB00000083B0D8
:0426CC00000083B0D7
:0426CD00000083B8CE
:0426CE00000083B8CD
:0426CF00000083C0C4
:0426D000000083C0C3
:0426D100000083C8BA
:0426D200000083C8B9
:0426D300000083D0B0
:0426D400000083D0AF
:0426D500000083D8A6
:0426D600000083D8A5
:0426D700000083E09C
:0426D800000083E09B
:0426D900000083E892
:0426DA00000083E891
:0426DB00000083F088
:0426DC00000083F087
:0426DD00000083F87E
:0426DE00000083F87D
:0426DF000000840073
:0426E0000000840072
:0426E1000000840869
:0426E2000000840868
:0426E300000084105F
:0426E400000084105E
:0426E5000000841855
:0426E6000000841854
:0426E700000084204B
:0426E800000084204A
:0426E9000000842841
:0426EA000000842840
:0426EB000000843037
:0426EC000000843036
:0426ED00000084382D
:0426EE00000084382C
:0426EF000000844023
:0426F0000000844022
:0426F1000000844819
:0426F2000000844818
:0426F300000084500F
:0426F400000084500E
:0426F5000000845805
:0426F6000000845804
:0426F70000008460FB
:0426F80000008460FA
:0426F90000008468F1
:0426FA0000008468F0
:0426FB0000008470E7
:0426FC0000008470E6
:0426FD0000008478DD
:0426FE0000008478DC
:0426FF0000008480D3
:0427000000008480D1
:0427010000008488C8
:0427020000008488C7
:0427030000008490BE
:0427040000008490BD
:0427050000008498B4
:0427060000008498B3
:04270700000084A0AA
:04270800000084A0A9
:04270900000084A8A0
:04270A00000084A89F
:04270B00000084B096
:04270C00000084B095
:04270D00000084B88C
:04270E00000084B88B
:04270F00000084C082
:04271000000084C081
:04271100000084C878
:04271200000084C877
:04271300000084D06E
:04271400000084D06D
:04271500000084D864
:04271600000084D863
:04271700000084E05A
:04271800000084E059
:04271900000084E850
:04271A00000084E84F
:04271B00000084F046
:04271C00000084F045
:04271D000000850033
:04271E000000850032
:04271F0000007E2018
:0427200000007E2017
:04272100FFFFFFFFB8
:0427220000000000B3
:042723000000851815
:042724000000851814
:0427250000007FD859
:0427260000009CF81B
:04272700FFFFFFFFB2
:0427280000020000AB
:042729000000A08488
:04272A0000000000AB
:04272B0000000000AA
:04272C0000000000A9
:04272D0000000000A8
:04272E0000000000A7
:04272F0000000000A6
:0427300000000000A5
:0427310000000000A4
:0427320000000000A3
:0427330000000000A2
:0427340000000000A1
:0427350000000000A0
:04273600000000009F
:04273700000000009E
:04273800000000009D
:04273900000000009C
:04273A00000000009B
:04273B00000000009A
:04273C000000000099
:04273D000000000098
:04273E000000000097
:04273F000000000096
:042740000000000095
:042741000000000094
:042742000000000093
:042743000000000092
:042744000000000091
:042745000000000090
:04274600000000008F
:04274700000000008E
:04274800000000008D
:04274900000000008C
:04274A00000000008B
:04274B00000000008A
:04274C000000000089
:04274D000000000088
:04274E000000000087
:04274F000000000086
:042750000000000085
:042751000000000084
:042752000000000083
:042753000000000082
:042754000000000081
:042755000000000080
:04275600000000007F
:04275700000000007E
:04275800000000007D
:04275900000000007C
:04275A00000000007B
:04275B00000000007A
:04275C000000000079
:04275D000000000078
:04275E000000000077
:04275F000000000076
:042760000000000075
:042761000000000074
:042762000000000073
:042763000000000072
:042764000000000071
:042765000000000070
:04276600000000006F
:04276700000000006E
:04276800000000006D
:04276900000000006C
:04276A00000000006B
:04276B00000000006A
:04276C000000000069
:04276D000000000068
:04276E000000000067
:04276F000000000066
:042770000000000065
:042771000000000064
:042772000000000063
:042773000000000062
:042774000000000061
:042775000000000060
:04277600000000005F
:04277700000000005E
:04277800000000005D
:04277900000000005C
:04277A00000000005B
:04277B00000000005A
:04277C000000000059
:04277D000000000058
:04277E000000000057
:04277F000000000056
:042780000000000055
:042781000000000054
:042782000000000053
:042783000000000052
:042784000000000051
:042785000000000050
:04278600000000004F
:04278700000000004E
:04278800000000004D
:04278900000000004C
:04278A00000000004B
:04278B00000000004A
:04278C000000000049
:04278D000000000048
:04278E000000000047
:04278F000000000046
:042790000000000045
:042791000000000044
:042792000000000043
:042793000000000042
:042794000000000041
:042795000000000040
:04279600000000003F
:04279700000000003E
:04279800000000003D
:04279900000000003C
:04279A00000000003B
:04279B00000000003A
:04279C000000000039
:04279D000000000038
:04279E000000000037
:04279F000000000036
:0427A0000000000035
:0427A1000000000034
:0427A2000000000033
:0427A3000000000032
:0427A4000000000031
:0427A5000000000030
:0427A600000000002F
:0427A700000000002E
:0427A800000000002D
:0427A900000000002C
:0427AA00000000002B
:0427AB00000000002A
:0427AC000000000029
:0427AD000000000028
:0427AE000000000027
:0427AF000000000026
:0427B0000000000025
:0427B1000000000024
:0427B2000000000023
:0427B3000000000022
:0427B4000000000021
:0427B5000000000020
:0427B600000000001F
:0427B700000000001E
:0427B800000000001D
:0427B900000000001C
:0427BA00000000001B
:0427BB00000000001A
:0427BC000000000019
:0427BD000000000018
:0427BE000000000017
:0427BF000000000016
:0427C0000000000015
:0427C1000000000014
:0427C2000000000013
:0427C3000000000012
:0427C4000000000011
:0427C5000000000010
:0427C600000000000F
:0427C700000000000E
:0427C800000000000D
:0427C900000000000C
:0427CA00000000000B
:0427CB00000000000A
:0427CC000000000009
:0427CD000000000008
:0427CE000000000007
:0427CF000000000006
:0427D0000000000005
:0427D1000000000004
:0427D2000000000003
:0427D3000000000002
:0427D4000000000001
:0427D5000000000000
:0427D60000000000FF
:0427D70000000000FE
:0427D80000000000FD
:0427D90000000000FC
:0427DA0000000000FB
:0427DB0000000000FA
:0427DC0000000000F9
:0427DD0000000000F8
:0427DE0000000000F7
:0427DF0000000000F6
:0427E00000000000F5
:0427E10000000000F4
:0427E20000000000F3
:0427E30000000000F2
:0427E40000000000F1
:0427E50000000000F0
:0427E60000000000EF
:0427E70000000000EE
:0427E80000000000ED
:0427E90000000000EC
:0427EA0000000000EB
:0427EB0000000000EA
:0427EC0000000000E9
:0427ED0000000000E8
:0427EE0000000000E7
:0427EF0000000000E6
:0427F00000000000E5
:0427F10000000000E4
:0427F20000000000E3
:0427F30000000000E2
:0427F40000000000E1
:0427F50000000000E0
:0427F60000000000DF
:0427F70000000000DE
:0427F80000000000DD
:0427F90000000000DC
:0427FA0000000000DB
:0427FB0000000000DA
:0427FC0000000000D9
:0427FD0000000000D8
:0427FE0000000000D7
:0427FF0000000000D6
:0428000000000000D4
:0428010000000000D3
:0428020000000000D2
:0428030000000000D1
:0428040000000000D0
:0428050000000000CF
:0428060000000000CE
:0428070000000000CD
:0428080000000000CC
:0428090000000000CB
:04280A0000000000CA
:04280B0000000000C9
:04280C0000000000C8
:04280D0000000000C7
:04280E0000000000C6
:04280F0000000000C5
:0428100000000000C4
:0428110000000000C3
:0428120000000000C2
:0428130000000000C1
:0428140000000000C0
:0428150000000000BF
:0428160000000000BE
:0428170000000000BD
:0428180000000000BC
:0428190000000000BB
:04281A0000000000BA
:04281B0000000000B9
:04281C0000000000B8
:04281D0000000000B7
:04281E0000000000B6
:04281F0000000000B5
:0428200000000000B4
:0428210000000000B3
:0428220000000000B2
:0428230000000000B1
:0428240000000000B0
:0428250000000000AF
:0428260000000000AE
:0428270000000000AD
:0428280000000000AC
:0428290000000000AB
:04282A0000000000AA
:04282B0000000000A9
:04282C0000000000A8
:04282D0000000000A7
:04282E0000000000A6
:04282F0000000000A5
:0428300000000000A4
:0428310000000000A3
:0428320000000000A2
:0428330000000000A1
:0428340000000000A0
:04283500000000009F
:04283600000000009E
:04283700000000009D
:04283800000000009C
:04283900000000009B
:04283A00000000009A
:04283B000000000099
:04283C000000000098
:04283D000000000097
:04283E000000000096
:04283F000000000095
:042840000000000094
:042841000000000093
:042842000000000092
:042843000000000091
:042844000000000090
:04284500000000008F
:04284600000000008E
:04284700000000008D
:04284800000000008C
:04284900000000008B
:04284A00000000008A
:04284B000000000089
:04284C000000000088
:04284D000000000087
:04284E000000000086
:04284F000000000085
:042850000000000084
:042851000000000083
:042852000000000082
:042853000000000081
:042854000000000080
:04285500000000007F
:04285600000000007E
:04285700000000007D
:04285800000000007C
:04285900000000007B
:04285A00000000007A
:04285B000000000079
:04285C000000000078
:04285D000000000077
:04285E000000000076
:04285F000000000075
:042860000000000074
:042861000000000073
:042862000000000072
:042863000000000071
:042864000000000070
:04286500000000006F
:04286600000000006E
:04286700000000006D
:04286800000000006C
:04286900000000006B
:04286A00000000006A
:04286B000000000069
:04286C000000000068
:04286D000000000067
:04286E000000000066
:04286F000000000065
:042870000000000064
:042871000000000063
:042872000000000062
:042873000000000061
:042874000000000060
:04287500000000005F
:04287600000000005E
:04287700000000005D
:04287800000000005C
:04287900000000005B
:04287A00000000005A
:04287B000000000059
:04287C000000000058
:04287D000000000057
:04287E000000000056
:04287F000000000055
:042880000000000054
:042881000000000053
:042882000000000052
:042883000000000051
:042884000000000050
:04288500000000004F
:04288600000000004E
:04288700000000004D
:04288800000000004C
:04288900000000004B
:04288A00000000004A
:04288B000000000049
:04288C000000000048
:04288D000000000047
:04288E000000000046
:04288F000000000045
:042890000000000044
:042891000000000043
:042892000000000042
:042893000000000041
:042894000000000040
:04289500000000003F
:04289600000000003E
:04289700000000003D
:04289800000000003C
:04289900000000003B
:04289A00000000003A
:04289B000000000039
:04289C000000000038
:04289D000000000037
:04289E000000000036
:04289F000000000035
:0428A0000000000034
:0428A1000000000033
:0428A2000000000032
:0428A3000000000031
:0428A4000000000030
:0428A500000000002F
:0428A600000000002E
:0428A700000000002D
:0428A800000000002C
:0428A900000000002B
:0428AA00000000002A
:0428AB000000000029
:0428AC000000000028
:0428AD000000000027
:0428AE000000000026
:0428AF000000000025
:0428B0000000000024
:0428B1000000000023
:0428B2000000000022
:0428B3000000000021
:0428B4000000000020
:0428B500000000001F
:0428B600000000001E
:0428B700000000001D
:0428B800000000001C
:0428B900000000001B
:0428BA00000000001A
:0428BB000000000019
:0428BC000000000018
:0428BD000000000017
:0428BE000000000016
:0428BF000000000015
:0428C0000000000014
:0428C1000000000013
:0428C2000000000012
:0428C3000000000011
:0428C4000000000010
:0428C500000000000F
:0428C600000000000E
:0428C700000000000D
:0428C800000000000C
:0428C900000000000B
:0428CA00000000000A
:0428CB000000000009
:0428CC000000000008
:0428CD000000000007
:0428CE000000000006
:0428CF000000000005
:0428D0000000000004
:0428D1000000000003
:0428D2000000000002
:0428D3000000000001
:0428D4000000000000
:0428D50000000000FF
:0428D60000000000FE
:0428D70000000000FD
:0428D80000000000FC
:0428D90000000000FB
:0428DA0000000000FA
:0428DB0000000000F9
:0428DC0000000000F8
:0428DD0000000000F7
:0428DE0000000000F6
:0428DF0000000000F5
:0428E00000000000F4
:0428E10000000000F3
:0428E20000000000F2
:0428E30000000000F1
:0428E40000000000F0
:0428E50000000000EF
:0428E60000000000EE
:0428E70000000000ED
:0428E80000000000EC
:0428E90000000000EB
:0428EA0000000000EA
:0428EB0000000000E9
:0428EC0000000000E8
:0428ED0000000000E7
:0428EE0000000000E6
:0428EF0000000000E5
:0428F00000000000E4
:0428F10000000000E3
:0428F20000000000E2
:0428F30000000000E1
:0428F40000000000E0
:0428F50000000000DF
:0428F60000000000DE
:0428F70000000000DD
:0428F80000000000DC
:0428F90000000000DB
:0428FA0000000000DA
:0428FB0000000000D9
:0428FC0000000000D8
:0428FD0000000000D7
:0428FE0000000000D6
:0428FF0000000000D5
:0429000000000000D3
:0429010000000000D2
:0429020000000000D1
:0429030000000000D0
:0429040000000000CF
:0429050000000000CE
:0429060000000000CD
:0429070000000000CC
:0429080000000000CB
:0429090000000000CA
:04290A0000000000C9
:04290B0000000000C8
:04290C0000000000C7
:04290D0000000000C6
:04290E0000000000C5
:04290F0000000000C4
:0429100000000000C3
:0429110000000000C2
:0429120000000000C1
:0429130000000000C0
:0429140000000000BF
:0429150000000000BE
:0429160000000000BD
:0429170000000000BC
:0429180000000000BB
:0429190000000000BA
:04291A0000000000B9
:04291B0000000000B8
:04291C0000000000B7
:04291D0000000000B6
:04291E0000000000B5
:04291F0000000000B4
:0429200000000000B3
:0429210000000000B2
:0429220000000000B1
:0429230000000000B0
:0429240000000000AF
:0429250000000000AE
:0429260000000000AD
:0429270000000000AC
:0429280000000000AB
:0429290000000000AA
:04292A0000000000A9
:04292B0000000000A8
:04292C0000000000A7
:04292D0000000000A6
:04292E0000000000A5
:04292F0000000000A4
:0429300000000000A3
:0429310000000000A2
:0429320000000000A1
:0429330000000000A0
:04293400000000009F
:04293500000000009E
:04293600000000009D
:04293700000000009C
:04293800000000009B
:04293900000000009A
:04293A000000000099
:04293B000000000098
:04293C000000000097
:04293D000000000096
:04293E000000000095
:04293F000000000094
:042940000000000093
:042941000000000092
:042942000000000091
:042943000000000090
:04294400000000008F
:04294500000000008E
:04294600000000008D
:04294700000000008C
:04294800000000008B
:04294900000000008A
:04294A000000000089
:04294B000000000088
:04294C000000000087
:04294D000000000086
:04294E000000000085
:04294F000000000084
:042950000000000083
:042951000000000082
:042952000000000081
:042953000000000080
:04295400000000007F
:04295500000000007E
:04295600000000007D
:04295700000000007C
:04295800000000007B
:04295900000000007A
:04295A000000000079
:04295B000000000078
:04295C000000000077
:04295D000000000076
:04295E000000000075
:04295F000000000074
:042960000000000073
:042961000000000072
:042962000000000071
:042963000000000070
:04296400000000006F
:04296500000000006E
:04296600000000006D
:04296700000000006C
:04296800000000006B
:04296900000000006A
:04296A000000000069
:04296B000000000068
:04296C000000000067
:04296D000000000066
:04296E000000000065
:04296F000000000064
:042970000000000063
:042971000000000062
:042972000000000061
:042973000000000060
:04297400000000005F
:04297500000000005E
:04297600000000005D
:04297700000000005C
:04297800000000005B
:04297900000000005A
:04297A000000000059
:04297B000000000058
:04297C000000000057
:04297D000000000056
:04297E000000000055
:04297F000000000054
:042980000000000053
:042981000000000052
:042982000000000051
:042983000000000050
:04298400000000004F
:04298500000000004E
:04298600000000004D
:04298700000000004C
:04298800000000004B
:04298900000000004A
:04298A000000000049
:04298B000000000048
:04298C000000000047
:04298D000000000046
:04298E000000000045
:04298F000000000044
:042990000000000043
:042991000000000042
:042992000000000041
:042993000000000040
:04299400000000003F
:04299500000000003E
:04299600000000003D
:04299700000000003C
:04299800000000003B
:04299900000000003A
:04299A000000000039
:04299B000000000038
:04299C000000000037
:04299D000000000036
:04299E000000000035
:04299F000000000034
:0429A0000000000033
:0429A1000000000032
:0429A2000000000031
:0429A3000000000030
:0429A400000000002F
:0429A500000000002E
:0429A600000000002D
:0429A700000000002C
:0429A800000000002B
:0429A900000000002A
:0429AA000000000029
:0429AB000000000028
:0429AC000000000027
:0429AD000000000026
:0429AE000000000025
:0429AF000000000024
:0429B0000000000023
:0429B1000000000022
:0429B2000000000021
:0429B3000000000020
:0429B400000000001F
:0429B500000000001E
:0429B600000000001D
:0429B700000000001C
:0429B800000000001B
:0429B900000000001A
:0429BA000000000019
:0429BB000000000018
:0429BC000000000017
:0429BD000000000016
:0429BE000000000015
:0429BF000000000014
:0429C0000000000013
:0429C1000000000012
:0429C2000000000011
:0429C3000000000010
:0429C400000000000F
:0429C500000000000E
:0429C600000000000D
:0429C700000000000C
:0429C800000000000B
:0429C900000000000A
:0429CA000000000009
:0429CB000000000008
:0429CC000000000007
:0429CD000000000006
:0429CE000000000005
:0429CF000000000004
:0429D0000000000003
:0429D1000000000002
:0429D2000000000001
:0429D3000000000000
:0429D40000000000FF
:0429D50000000000FE
:0429D60000000000FD
:0429D70000000000FC
:0429D80000000000FB
:0429D90000000000FA
:0429DA0000000000F9
:0429DB0000000000F8
:0429DC0000000000F7
:0429DD0000000000F6
:0429DE0000000000F5
:0429DF0000000000F4
:0429E00000000000F3
:0429E10000000000F2
:0429E20000000000F1
:0429E30000000000F0
:0429E40000000000EF
:0429E50000000000EE
:0429E60000000000ED
:0429E70000000000EC
:0429E80000000000EB
:0429E90000000000EA
:0429EA0000000000E9
:0429EB0000000000E8
:0429EC0000000000E7
:0429ED0000000000E6
:0429EE0000000000E5
:0429EF0000000000E4
:0429F00000000000E3
:0429F10000000000E2
:0429F20000000000E1
:0429F30000000000E0
:0429F40000000000DF
:0429F50000000000DE
:0429F60000000000DD
:0429F70000000000DC
:0429F80000000000DB
:0429F90000000000DA
:0429FA0000000000D9
:0429FB0000000000D8
:0429FC0000000000D7
:0429FD0000000000D6
:0429FE0000000000D5
:0429FF0000000000D4
:042A000000000000D2
:042A010000000000D1
:042A020000000000D0
:042A030000000000CF
:042A040000000000CE
:042A050000000000CD
:042A060000000000CC
:042A070000000000CB
:042A080000000000CA
:042A090000000000C9
:042A0A0000000000C8
:042A0B0000000000C7
:042A0C0000000000C6
:042A0D0000000000C5
:042A0E0000000000C4
:042A0F0000000000C3
:042A100000000000C2
:042A110000000000C1
:042A120000000000C0
:042A130000000000BF
:042A140000000000BE
:042A150000000000BD
:042A160000000000BC
:042A170000000000BB
:042A180000000000BA
:042A190000000000B9
:042A1A0000000000B8
:042A1B0000000000B7
:042A1C0000000000B6
:042A1D0000000000B5
:042A1E0000000000B4
:042A1F0000000000B3
:042A200000000000B2
:042A210000000000B1
:042A220000000000B0
:042A230000000000AF
:042A240000000000AE
:042A250000000000AD
:042A260000000000AC
:042A270000000000AB
:042A280000000000AA
:042A290000000000A9
:042A2A0000000000A8
:042A2B0000000000A7
:042A2C0000000000A6
:042A2D0000000000A5
:042A2E0000000000A4
:042A2F0000000000A3
:042A300000000000A2
:042A310000000000A1
:042A320000000000A0
:042A3300000000009F
:042A3400000000009E
:042A3500000000009D
:042A3600000000009C
:042A3700000000009B
:042A3800000000009A
:042A39000000000099
:042A3A000000000098
:042A3B000000000097
:042A3C000000000096
:042A3D000000000095
:042A3E000000000094
:042A3F000000000093
:042A40000000000092
:042A41000000000091
:042A42000000000090
:042A4300000000008F
:042A4400000000008E
:042A4500000000008D
:042A4600000000008C
:042A4700000000008B
:042A4800000000008A
:042A49000000000089
:042A4A000000000088
:042A4B000000000087
:042A4C000000000086
:042A4D000000000085
:042A4E000000000084
:042A4F000000000083
:042A50000000000082
:042A51000000000081
:042A52000000000080
:042A5300000000007F
:042A5400000000007E
:042A5500000000007D
:042A5600000000007C
:042A5700000000007B
:042A5800000000007A
:042A59000000000079
:042A5A000000000078
:042A5B000000000077
:042A5C000000000076
:042A5D000000000075
:042A5E000000000074
:042A5F000000000073
:042A60000000000072
:042A61000000000071
:042A62000000000070
:042A6300000000006F
:042A6400000000006E
:042A6500000000006D
:042A6600000000006C
:042A6700000000006B
:042A6800000000006A
:042A69000000000069
:042A6A000000000068
:042A6B000000000067
:042A6C000000000066
:042A6D000000000065
:042A6E000000000064
:042A6F000000000063
:042A70000000000062
:042A71000000000061
:042A72000000000060
:042A7300000000005F
:042A7400000000005E
:042A7500000000005D
:042A7600000000005C
:042A7700000000005B
:042A7800000000005A
:042A79000000000059
:042A7A000000000058
:042A7B000000000057
:042A7C000000000056
:042A7D000000000055
:042A7E000000000054
:042A7F000000000053
:042A80000000000052
:042A81000000000051
:042A82000000000050
:042A8300000000004F
:042A8400000000004E
:042A8500000000004D
:042A8600000000004C
:042A8700000000004B
:042A8800000000004A
:042A89000000000049
:042A8A000000000048
:042A8B000000000047
:042A8C000000000046
:042A8D000000000045
:042A8E000000000044
:042A8F000000000043
:042A90000000000042
:042A91000000000041
:042A92000000000040
:042A9300000000003F
:042A9400000000003E
:042A9500000000003D
:042A9600000000003C
:042A9700000000003B
:042A9800000000003A
:042A99000000000039
:042A9A000000000038
:042A9B000000000037
:042A9C000000000036
:042A9D000000000035
:042A9E000000000034
:042A9F000000000033
:042AA0000000000032
:042AA1000000000031
:042AA2000000000030
:042AA300000000002F
:042AA400000000002E
:042AA500000000002D
:042AA600000000002C
:042AA700000000002B
:042AA800000000002A
:042AA9000000000029
:042AAA000000000028
:042AAB000000000027
:042AAC000000000026
:042AAD000000000025
:042AAE000000000024
:042AAF000000000023
:042AB0000000000022
:042AB1000000000021
:042AB2000000000020
:042AB300000000001F
:042AB400000000001E
:042AB500000000001D
:042AB600000000001C
:042AB700000000001B
:042AB800000000001A
:042AB9000000000019
:042ABA000000000018
:042ABB000000000017
:042ABC000000000016
:042ABD000000000015
:042ABE000000000014
:042ABF000000000013
:042AC0000000000012
:042AC1000000000011
:042AC2000000000010
:042AC300000000000F
:042AC400000000000E
:042AC500000000000D
:042AC600000000000C
:042AC700000000000B
:042AC800000000000A
:042AC9000000000009
:042ACA000000000008
:042ACB000000000007
:042ACC000000000006
:042ACD000000000005
:042ACE000000000004
:042ACF000000000003
:042AD0000000000002
:042AD1000000000001
:042AD2000000000000
:042AD30000000000FF
:042AD40000000000FE
:042AD50000000000FD
:042AD60000000000FC
:042AD70000000000FB
:042AD80000000000FA
:042AD90000000000F9
:042ADA0000000000F8
:042ADB0000000000F7
:042ADC0000000000F6
:042ADD0000000000F5
:042ADE0000000000F4
:042ADF0000000000F3
:042AE00000000000F2
:042AE10000000000F1
:042AE20000000000F0
:042AE30000000000EF
:042AE40000000000EE
:042AE50000000000ED
:042AE60000000000EC
:042AE70000000000EB
:042AE80000000000EA
:042AE90000000000E9
:042AEA0000000000E8
:042AEB0000000000E7
:042AEC0000000000E6
:042AED0000000000E5
:042AEE0000000000E4
:042AEF0000000000E3
:042AF00000000000E2
:042AF10000000000E1
:042AF20000000000E0
:042AF30000000000DF
:042AF40000000000DE
:042AF50000000000DD
:042AF60000000000DC
:042AF70000000000DB
:042AF80000000000DA
:042AF90000000000D9
:042AFA0000000000D8
:042AFB0000000000D7
:042AFC0000000000D6
:042AFD0000000000D5
:042AFE0000000000D4
:042AFF0000000000D3
:042B000000000000D1
:042B010000000000D0
:042B020000000000CF
:042B030000000000CE
:042B040000000000CD
:042B050000000000CC
:042B060000000000CB
:042B070000000000CA
:042B080000000000C9
:042B090000000000C8
:042B0A0000000000C7
:042B0B0000000000C6
:042B0C0000000000C5
:042B0D0000000000C4
:042B0E0000000000C3
:042B0F0000000000C2
:042B100000000000C1
:042B110000000000C0
:042B120000000000BF
:042B130000000000BE
:042B140000000000BD
:042B150000000000BC
:042B160000000000BB
:042B170000000000BA
:042B180000000000B9
:042B190000000000B8
:042B1A0000000000B7
:042B1B0000000000B6
:042B1C0000000000B5
:042B1D0000000000B4
:042B1E0000000000B3
:042B1F0000000000B2
:042B200000000000B1
:042B210000000000B0
:042B220000000000AF
:042B230000000000AE
:042B240000000000AD
:042B250000000000AC
:042B260000000000AB
:042B270000000000AA
:042B280000000000A9
:042B290000000000A8
:042B2A0000000000A7
:042B2B0000000000A6
:042B2C0000000000A5
:042B2D0000000000A4
:042B2E0000000000A3
:042B2F0000000000A2
:042B300000000000A1
:042B310000000000A0
:042B3200000000009F
:042B3300000000009E
:042B3400000000009D
:042B3500000000009C
:042B3600000000009B
:042B3700000000009A
:042B38000000000099
:042B39000000000098
:042B3A000000000097
:042B3B000000000096
:042B3C000000000095
:042B3D000000000094
:042B3E000000000093
:042B3F000000000092
:042B40000000000091
:042B41000000000090
:042B4200000000008F
:042B4300000000008E
:042B4400000000008D
:042B4500000000008C
:042B4600000000008B
:042B4700000000008A
:042B48000000000089
:042B49000000000088
:042B4A000000000087
:042B4B000000000086
:042B4C000000000085
:042B4D000000000084
:042B4E000000000083
:042B4F000000000082
:042B50000000000081
:042B51000000000080
:042B5200000000007F
:042B5300000000007E
:042B5400000000007D
:042B5500000000007C
:042B5600000000007B
:042B5700000000007A
:042B58000000000079
:042B59000000000078
:042B5A000000000077
:042B5B000000000076
:042B5C000000000075
:042B5D000000000074
:042B5E000000000073
:042B5F000000000072
:042B60000000000071
:042B61000000000070
:042B6200000000006F
:042B6300000000006E
:042B6400000000006D
:042B6500000000006C
:042B6600000000006B
:042B6700000000006A
:042B68000000000069
:042B69000000000068
:042B6A000000000067
:042B6B000000000066
:042B6C000000000065
:042B6D000000000064
:042B6E000000000063
:042B6F000000000062
:042B70000000000061
:042B71000000000060
:042B7200000000005F
:042B7300000000005E
:042B7400000000005D
:042B7500000000005C
:042B7600000000005B
:042B7700000000005A
:042B78000000000059
:042B79000000000058
:042B7A000000000057
:042B7B000000000056
:042B7C000000000055
:042B7D000000000054
:042B7E000000000053
:042B7F000000000052
:042B80000000000051
:042B81000000000050
:042B8200000000004F
:042B8300000000004E
:042B8400000000004D
:042B8500000000004C
:042B8600000000004B
:042B8700000000004A
:042B88000000000049
:042B89000000000048
:042B8A000000000047
:042B8B000000000046
:042B8C000000000045
:042B8D000000000044
:042B8E000000000043
:042B8F000000000042
:042B90000000000041
:042B91000000000040
:042B9200000000003F
:042B9300000000003E
:042B9400000000003D
:042B9500000000003C
:042B9600000000003B
:042B9700000000003A
:042B98000000000039
:042B99000000000038
:042B9A000000000037
:042B9B000000000036
:042B9C000000000035
:042B9D000000000034
:042B9E000000000033
:042B9F000000000032
:042BA0000000000031
:042BA1000000000030
:042BA200000000002F
:042BA300000000002E
:042BA400000000002D
:042BA500000000002C
:042BA600000000002B
:042BA700000000002A
:042BA8000000000029
:042BA9000000000028
:042BAA000000000027
:042BAB000000000026
:042BAC000000000025
:042BAD000000000024
:042BAE000000000023
:042BAF000000000022
:042BB0000000000021
:042BB1000000000020
:042BB200000000001F
:042BB300000000001E
:042BB400000000001D
:042BB500000000001C
:042BB600000000001B
:042BB700000000001A
:042BB8000000000019
:042BB9000000000018
:042BBA000000000017
:042BBB000000000016
:042BBC000000000015
:042BBD000000000014
:042BBE000000000013
:042BBF000000000012
:042BC0000000000011
:042BC1000000000010
:042BC200000000000F
:042BC300000000000E
:042BC400000000000D
:042BC500000000000C
:042BC600000000000B
:042BC700000000000A
:042BC8000000000009
:042BC9000000000008
:042BCA000000000007
:042BCB000000000006
:042BCC000000000005
:042BCD000000000004
:042BCE000000000003
:042BCF000000000002
:042BD0000000000001
:042BD1000000000000
:042BD20000000000FF
:042BD30000000000FE
:042BD40000000000FD
:042BD50000000000FC
:042BD60000000000FB
:042BD70000000000FA
:042BD80000000000F9
:042BD90000000000F8
:042BDA0000000000F7
:042BDB0000000000F6
:042BDC0000000000F5
:042BDD0000000000F4
:042BDE0000000000F3
:042BDF0000000000F2
:042BE00000000000F1
:042BE10000000000F0
:042BE20000000000EF
:042BE30000000000EE
:042BE40000000000ED
:042BE50000000000EC
:042BE60000000000EB
:042BE70000000000EA
:042BE80000000000E9
:042BE90000000000E8
:042BEA0000000000E7
:042BEB0000000000E6
:042BEC0000000000E5
:042BED0000000000E4
:042BEE0000000000E3
:042BEF0000000000E2
:042BF00000000000E1
:042BF10000000000E0
:042BF20000000000DF
:042BF30000000000DE
:042BF40000000000DD
:042BF50000000000DC
:042BF60000000000DB
:042BF70000000000DA
:042BF80000000000D9
:042BF90000000000D8
:042BFA0000000000D7
:042BFB0000000000D6
:042BFC0000000000D5
:042BFD0000000000D4
:042BFE0000000000D3
:042BFF0000000000D2
:042C000000000000D0
:042C010000000000CF
:042C020000000000CE
:042C030000000000CD
:042C040000000000CC
:042C050000000000CB
:042C060000000000CA
:042C070000000000C9
:042C080000000000C8
:042C090000000000C7
:042C0A0000000000C6
:042C0B0000000000C5
:042C0C0000000000C4
:042C0D0000000000C3
:042C0E0000000000C2
:042C0F0000000000C1
:042C100000000000C0
:042C110000000000BF
:042C120000000000BE
:042C130000000000BD
:042C140000000000BC
:042C150000000000BB
:042C160000000000BA
:042C170000000000B9
:042C180000000000B8
:042C190000000000B7
:042C1A0000000000B6
:042C1B0000000000B5
:042C1C0000000000B4
:042C1D0000000000B3
:042C1E0000000000B2
:042C1F0000000000B1
:042C200000000000B0
:042C210000000000AF
:042C220000000000AE
:042C230000000000AD
:042C240000000000AC
:042C250000000000AB
:042C260000000000AA
:042C270000000000A9
:042C280000000000A8
:042C290000000000A7
:042C2A0000000000A6
:042C2B0000000000A5
:042C2C0000000000A4
:042C2D0000000000A3
:042C2E0000000000A2
:042C2F0000000000A1
:042C300000000000A0
:042C3100000000009F
:042C3200000000009E
:042C3300000000009D
:042C3400000000009C
:042C3500000000009B
:042C3600000000009A
:042C37000000000099
:042C38000000000098
:042C39000000000097
:042C3A000000000096
:042C3B000000000095
:042C3C000000000094
:042C3D000000000093
:042C3E000000000092
:042C3F000000000091
:042C40000000000090
:042C4100000000008F
:042C4200000000008E
:042C4300000000008D
:042C4400000000008C
:042C4500000000008B
:042C4600000000008A
:042C47000000000089
:042C48000000000088
:042C49000000000087
:042C4A000000000086
:042C4B000000000085
:042C4C000000000084
:042C4D000000000083
:042C4E000000000082
:042C4F000000000081
:042C50000000000080
:042C5100000000007F
:042C5200000000007E
:042C5300000000007D
:042C5400000000007C
:042C5500000000007B
:042C5600000000007A
:042C57000000000079
:042C58000000000078
:042C59000000000077
:042C5A000000000076
:042C5B000000000075
:042C5C000000000074
:042C5D000000000073
:042C5E000000000072
:042C5F000000000071
:042C60000000000070
:042C6100000000006F
:042C6200000000006E
:042C6300000000006D
:042C6400000000006C
:042C6500000000006B
:042C6600000000006A
:042C67000000000069
:042C68000000000068
:042C69000000000067
:042C6A000000000066
:042C6B000000000065
:042C6C000000000064
:042C6D000000000063
:042C6E000000000062
:042C6F000000000061
:042C70000000000060
:042C7100000000005F
:042C7200000000005E
:042C7300000000005D
:042C7400000000005C
:042C7500000000005B
:042C7600000000005A
:042C77000000000059
:042C78000000000058
:042C79000000000057
:042C7A000000000056
:042C7B000000000055
:042C7C000000000054
:042C7D000000000053
:042C7E000000000052
:042C7F000000000051
:042C80000000000050
:042C8100000000004F
:042C8200000000004E
:042C8300000000004D
:042C8400000000004C
:042C8500000000004B
:042C8600000000004A
:042C87000000000049
:042C88000000000048
:042C89000000000047
:042C8A000000000046
:042C8B000000000045
:042C8C000000000044
:042C8D000000000043
:042C8E000000000042
:042C8F000000000041
:042C90000000000040
:042C9100000000003F
:042C9200000000003E
:042C9300000000003D
:042C9400000000003C
:042C9500000000003B
:042C9600000000003A
:042C97000000000039
:042C98000000000038
:042C99000000000037
:042C9A000000000036
:042C9B000000000035
:042C9C000000000034
:042C9D000000000033
:042C9E000000000032
:042C9F000000000031
:042CA0000000000030
:042CA100000000002F
:042CA200000000002E
:042CA300000000002D
:042CA400000000002C
:042CA500000000002B
:042CA600000000002A
:042CA7000000000029
:042CA8000000000028
:042CA9000000000027
:042CAA000000000026
:042CAB000000000025
:042CAC000000000024
:042CAD000000000023
:042CAE000000000022
:042CAF000000000021
:042CB0000000000020
:042CB100000000001F
:042CB200000000001E
:042CB300000000001D
:042CB400000000001C
:042CB500000000001B
:042CB600000000001A
:042CB7000000000019
:042CB8000000000018
:042CB9000000000017
:042CBA000000000016
:042CBB000000000015
:042CBC000000000014
:042CBD000000000013
:042CBE000000000012
:042CBF000000000011
:042CC0000000000010
:042CC100000000000F
:042CC200000000000E
:042CC300000000000D
:042CC400000000000C
:042CC500000000000B
:042CC600000000000A
:042CC7000000000009
:042CC8000000000008
:042CC9000000000007
:042CCA000000000006
:042CCB000000000005
:042CCC000000000004
:042CCD000000000003
:042CCE000000000002
:042CCF000000000001
:042CD0000000000000
:042CD10000000000FF
:042CD20000000000FE
:042CD30000000000FD
:042CD40000000000FC
:042CD50000000000FB
:042CD60000000000FA
:042CD70000000000F9
:042CD80000000000F8
:042CD90000000000F7
:042CDA0000000000F6
:042CDB0000000000F5
:042CDC0000000000F4
:042CDD0000000000F3
:042CDE0000000000F2
:042CDF0000000000F1
:042CE00000000000F0
:042CE10000000000EF
:042CE20000000000EE
:042CE30000000000ED
:042CE40000000000EC
:042CE50000000000EB
:042CE60000000000EA
:042CE70000000000E9
:042CE80000000000E8
:042CE90000000000E7
:042CEA0000000000E6
:042CEB0000000000E5
:042CEC0000000000E4
:042CED0000000000E3
:042CEE0000000000E2
:042CEF0000000000E1
:042CF00000000000E0
:042CF10000000000DF
:042CF20000000000DE
:042CF30000000000DD
:042CF40000000000DC
:042CF50000000000DB
:042CF60000000000DA
:042CF70000000000D9
:042CF80000000000D8
:042CF90000000000D7
:042CFA0000000000D6
:042CFB0000000000D5
:042CFC0000000000D4
:042CFD0000000000D3
:042CFE0000000000D2
:042CFF0000000000D1
:042D000000000000CF
:042D010000000000CE
:042D020000000000CD
:042D030000000000CC
:042D040000000000CB
:042D050000000000CA
:042D060000000000C9
:042D070000000000C8
:042D080000000000C7
:042D090000000000C6
:042D0A0000000000C5
:042D0B0000000000C4
:042D0C0000000000C3
:042D0D0000000000C2
:042D0E0000000000C1
:042D0F0000000000C0
:042D100000000000BF
:042D110000000000BE
:042D120000000000BD
:042D130000000000BC
:042D140000000000BB
:042D150000000000BA
:042D160000000000B9
:042D170000000000B8
:042D180000000000B7
:042D190000000000B6
:042D1A0000000000B5
:042D1B0000000000B4
:042D1C0000000000B3
:042D1D0000000000B2
:042D1E0000000000B1
:042D1F0000000000B0
:042D200000000000AF
:042D210000000000AE
:042D220000000000AD
:042D230000000000AC
:042D240000000000AB
:042D250000000000AA
:042D260000000000A9
:042D270000000000A8
:042D280000000000A7
:042D290000000000A6
:042D2A0000000000A5
:042D2B0000000000A4
:042D2C0000000000A3
:042D2D0000000000A2
:042D2E0000000000A1
:042D2F0000000000A0
:042D3000000000009F
:042D3100000000009E
:042D3200000000009D
:042D3300000000009C
:042D3400000000009B
:042D3500000000009A
:042D36000000000099
:042D37000000000098
:042D38000000000097
:042D39000000000096
:042D3A000000000095
:042D3B000000000094
:042D3C000000000093
:042D3D000000000092
:042D3E000000000091
:042D3F000000000090
:042D4000000000008F
:042D4100000000008E
:042D4200000000008D
:042D4300000000008C
:042D4400000000008B
:042D4500000000008A
:042D46000000000089
:042D47000000000088
:042D48000000000087
:042D49000000000086
:042D4A000000000085
:042D4B000000000084
:042D4C000000000083
:042D4D000000000082
:042D4E000000000081
:042D4F000000000080
:042D5000000000007F
:042D5100000000007E
:042D5200000000007D
:042D5300000000007C
:042D5400000000007B
:042D5500000000007A
:042D56000000000079
:042D57000000000078
:042D58000000000077
:042D59000000000076
:042D5A000000000075
:042D5B000000000074
:042D5C000000000073
:042D5D000000000072
:042D5E000000000071
:042D5F000000000070
:042D6000000000006F
:042D6100000000006E
:042D6200000000006D
:042D6300000000006C
:042D6400000000006B
:042D6500000000006A
:042D66000000000069
:042D67000000000068
:042D68000000000067
:042D69000000000066
:042D6A000000000065
:042D6B000000000064
:042D6C000000000063
:042D6D000000000062
:042D6E000000000061
:042D6F000000000060
:042D7000000000005F
:042D7100000000005E
:042D7200000000005D
:042D7300000000005C
:042D7400000000005B
:042D7500000000005A
:042D76000000000059
:042D77000000000058
:042D78000000000057
:042D79000000000056
:042D7A000000000055
:042D7B000000000054
:042D7C000000000053
:042D7D000000000052
:042D7E000000000051
:042D7F000000000050
:042D8000000000004F
:042D8100000000004E
:042D8200000000004D
:042D8300000000004C
:042D8400000000004B
:042D8500000000004A
:042D86000000000049
:042D87000000000048
:042D88000000000047
:042D89000000000046
:042D8A000000000045
:042D8B000000000044
:042D8C000000000043
:042D8D000000000042
:042D8E000000000041
:042D8F000000000040
:042D9000000000003F
:042D9100000000003E
:042D9200000000003D
:042D9300000000003C
:042D9400000000003B
:042D9500000000003A
:042D96000000000039
:042D97000000000038
:042D98000000000037
:042D99000000000036
:042D9A000000000035
:042D9B000000000034
:042D9C000000000033
:042D9D000000000032
:042D9E000000000031
:042D9F000000000030
:042DA000000000002F
:042DA100000000002E
:042DA200000000002D
:042DA300000000002C
:042DA400000000002B
:042DA500000000002A
:042DA6000000000029
:042DA7000000000028
:042DA8000000000027
:042DA9000000000026
:042DAA000000000025
:042DAB000000000024
:042DAC000000000023
:042DAD000000000022
:042DAE000000000021
:042DAF000000000020
:042DB000000000001F
:042DB100000000001E
:042DB200000000001D
:042DB300000000001C
:042DB400000000001B
:042DB500000000001A
:042DB6000000000019
:042DB7000000000018
:042DB8000000000017
:042DB9000000000016
:042DBA000000000015
:042DBB000000000014
:042DBC000000000013
:042DBD000000000012
:042DBE000000000011
:042DBF000000000010
:042DC000000000000F
:042DC100000000000E
:042DC200000000000D
:042DC300000000000C
:042DC400000000000B
:042DC500000000000A
:042DC6000000000009
:042DC7000000000008
:042DC8000000000007
:042DC9000000000006
:042DCA000000000005
:042DCB000000000004
:042DCC000000000003
:042DCD000000000002
:042DCE000000000001
:042DCF000000000000
:042DD00000000000FF
:042DD10000000000FE
:042DD20000000000FD
:042DD30000000000FC
:042DD40000000000FB
:042DD50000000000FA
:042DD60000000000F9
:042DD70000000000F8
:042DD80000000000F7
:042DD90000000000F6
:042DDA0000000000F5
:042DDB0000000000F4
:042DDC0000000000F3
:042DDD0000000000F2
:042DDE0000000000F1
:042DDF0000000000F0
:042DE00000000000EF
:042DE10000000000EE
:042DE20000000000ED
:042DE30000000000EC
:042DE40000000000EB
:042DE50000000000EA
:042DE60000000000E9
:042DE70000000000E8
:042DE80000000000E7
:042DE90000000000E6
:042DEA0000000000E5
:042DEB0000000000E4
:042DEC0000000000E3
:042DED0000000000E2
:042DEE0000000000E1
:042DEF0000000000E0
:042DF00000000000DF
:042DF10000000000DE
:042DF20000000000DD
:042DF30000000000DC
:042DF40000000000DB
:042DF50000000000DA
:042DF60000000000D9
:042DF70000000000D8
:042DF80000000000D7
:042DF90000000000D6
:042DFA0000000000D5
:042DFB0000000000D4
:042DFC0000000000D3
:042DFD0000000000D2
:042DFE0000000000D1
:042DFF0000000000D0
:042E000000000000CE
:042E010000000000CD
:042E020000000000CC
:042E030000000000CB
:042E040000000000CA
:042E050000000000C9
:042E060000000000C8
:042E070000000000C7
:042E080000000000C6
:042E090000000000C5
:042E0A0000000000C4
:042E0B0000000000C3
:042E0C0000000000C2
:042E0D0000000000C1
:042E0E0000000000C0
:042E0F0000000000BF
:042E100000000000BE
:042E110000000000BD
:042E120000000000BC
:042E130000000000BB
:042E140000000000BA
:042E150000000000B9
:042E160000000000B8
:042E170000000000B7
:042E180000000000B6
:042E190000000000B5
:042E1A0000000000B4
:042E1B0000000000B3
:042E1C0000000000B2
:042E1D0000000000B1
:042E1E0000000000B0
:042E1F0000000000AF
:042E200000000000AE
:042E210000000000AD
:042E220000000000AC
:042E230000000000AB
:042E240000000000AA
:042E250000000000A9
:042E260000000000A8
:042E270000000000A7
:042E280000000000A6
:042E290000000000A5
:042E2A0000000000A4
:042E2B0000000000A3
:042E2C0000000000A2
:042E2D0000000000A1
:042E2E0000000000A0
:042E2F00000000009F
:042E3000000000009E
:042E3100000000009D
:042E3200000000009C
:042E3300000000009B
:042E3400000000009A
:042E35000000000099
:042E36000000000098
:042E37000000000097
:042E38000000000096
:042E39000000000095
:042E3A000000000094
:042E3B000000000093
:042E3C000000000092
:042E3D000000000091
:042E3E000000000090
:042E3F00000000008F
:042E4000000000008E
:042E4100000000008D
:042E4200000000008C
:042E4300000000008B
:042E4400000000008A
:042E45000000000089
:042E46000000000088
:042E47000000000087
:042E48000000000086
:042E49000000000085
:042E4A000000000084
:042E4B000000000083
:042E4C000000000082
:042E4D000000000081
:042E4E000000000080
:042E4F00000000007F
:042E5000000000007E
:042E5100000000007D
:042E5200000000007C
:042E5300000000007B
:042E5400000000007A
:042E55000000000079
:042E56000000000078
:042E57000000000077
:042E58000000000076
:042E59000000000075
:042E5A000000000074
:042E5B000000000073
:042E5C000000000072
:042E5D000000000071
:042E5E000000000070
:042E5F00000000006F
:042E6000000000006E
:042E6100000000006D
:042E6200000000006C
:042E6300000000006B
:042E6400000000006A
:042E65000000000069
:042E66000000000068
:042E67000000000067
:042E68000000000066
:042E69000000000065
:042E6A000000000064
:042E6B000000000063
:042E6C000000000062
:042E6D000000000061
:042E6E000000000060
:042E6F00000000005F
:042E7000000000005E
:042E7100000000005D
:042E7200000000005C
:042E7300000000005B
:042E7400000000005A
:042E75000000000059
:042E76000000000058
:042E77000000000057
:042E78000000000056
:042E79000000000055
:042E7A000000000054
:042E7B000000000053
:042E7C000000000052
:042E7D000000000051
:042E7E000000000050
:042E7F00000000004F
:042E8000000000004E
:042E8100000000004D
:042E8200000000004C
:042E8300000000004B
:042E8400000000004A
:042E85000000000049
:042E86000000000048
:042E87000000000047
:042E88000000000046
:042E89000000000045
:042E8A000000000044
:042E8B000000000043
:042E8C000000000042
:042E8D000000000041
:042E8E000000000040
:042E8F00000000003F
:042E9000000000003E
:042E9100000000003D
:042E9200000000003C
:042E9300000000003B
:042E9400000000003A
:042E95000000000039
:042E96000000000038
:042E97000000000037
:042E98000000000036
:042E99000000000035
:042E9A000000000034
:042E9B000000000033
:042E9C000000000032
:042E9D000000000031
:042E9E000000000030
:042E9F00000000002F
:042EA000000000002E
:042EA100000000002D
:042EA200000000002C
:042EA300000000002B
:042EA400000000002A
:042EA5000000000029
:042EA6000000000028
:042EA7000000000027
:042EA8000000000026
:042EA9000000000025
:042EAA000000000024
:042EAB000000000023
:042EAC000000000022
:042EAD000000000021
:042EAE000000000020
:042EAF00000000001F
:042EB000000000001E
:042EB100000000001D
:042EB200000000001C
:042EB300000000001B
:042EB400000000001A
:042EB5000000000019
:042EB6000000000018
:042EB7000000000017
:042EB8000000000016
:042EB9000000000015
:042EBA000000000014
:042EBB000000000013
:042EBC000000000012
:042EBD000000000011
:042EBE000000000010
:042EBF00000000000F
:042EC000000000000E
:042EC100000000000D
:042EC200000000000C
:042EC300000000000B
:042EC400000000000A
:042EC5000000000009
:042EC6000000000008
:042EC7000000000007
:042EC8000000000006
:042EC9000000000005
:042ECA000000000004
:042ECB000000000003
:042ECC000000000002
:042ECD000000000001
:042ECE000000000000
:042ECF0000000000FF
:042ED00000000000FE
:042ED10000000000FD
:042ED20000000000FC
:042ED30000000000FB
:042ED40000000000FA
:042ED50000000000F9
:042ED60000000000F8
:042ED70000000000F7
:042ED80000000000F6
:042ED90000000000F5
:042EDA0000000000F4
:042EDB0000000000F3
:042EDC0000000000F2
:042EDD0000000000F1
:042EDE0000000000F0
:042EDF0000000000EF
:042EE00000000000EE
:042EE10000000000ED
:042EE20000000000EC
:042EE30000000000EB
:042EE40000000000EA
:042EE50000000000E9
:042EE60000000000E8
:042EE70000000000E7
:042EE80000000000E6
:042EE90000000000E5
:042EEA0000000000E4
:042EEB0000000000E3
:042EEC0000000000E2
:042EED0000000000E1
:042EEE0000000000E0
:042EEF0000000000DF
:042EF00000000000DE
:042EF10000000000DD
:042EF20000000000DC
:042EF30000000000DB
:042EF40000000000DA
:042EF50000000000D9
:042EF60000000000D8
:042EF70000000000D7
:042EF80000000000D6
:042EF90000000000D5
:042EFA0000000000D4
:042EFB0000000000D3
:042EFC0000000000D2
:042EFD0000000000D1
:042EFE0000000000D0
:042EFF0000000000CF
:042F000000000000CD
:042F010000000000CC
:042F020000000000CB
:042F030000000000CA
:042F040000000000C9
:042F050000000000C8
:042F060000000000C7
:042F070000000000C6
:042F080000000000C5
:042F090000000000C4
:042F0A0000000000C3
:042F0B0000000000C2
:042F0C0000000000C1
:042F0D0000000000C0
:042F0E0000000000BF
:042F0F0000000000BE
:042F100000000000BD
:042F110000000000BC
:042F120000000000BB
:042F130000000000BA
:042F140000000000B9
:042F150000000000B8
:042F160000000000B7
:042F170000000000B6
:042F180000000000B5
:042F190000000000B4
:042F1A0000000000B3
:042F1B0000000000B2
:042F1C0000000000B1
:042F1D0000000000B0
:042F1E0000000000AF
:042F1F0000000000AE
:042F200000000000AD
:042F210000000000AC
:042F220000000000AB
:042F230000000000AA
:042F240000000000A9
:042F250000000000A8
:042F260000000000A7
:042F270000000000A6
:042F280000000000A5
:042F290000000000A4
:042F2A0000000000A3
:042F2B0000000000A2
:042F2C0000000000A1
:042F2D0000000000A0
:042F2E00000000009F
:042F2F00000000009E
:042F3000000000009D
:042F3100000000009C
:042F3200000000009B
:042F3300000000009A
:042F34000000000099
:042F35000000000098
:042F36000000000097
:042F37000000000096
:042F38000000000095
:042F39000000000094
:042F3A000000000093
:042F3B000000000092
:042F3C000000000091
:042F3D000000000090
:042F3E00000000008F
:042F3F00000000008E
:042F4000000000008D
:042F4100000000008C
:042F4200000000008B
:042F4300000000008A
:042F44000000000089
:042F45000000000088
:042F46000000000087
:042F47000000000086
:042F48000000000085
:042F49000000000084
:042F4A000000000083
:042F4B000000000082
:042F4C000000000081
:042F4D000000000080
:042F4E00000000007F
:042F4F00000000007E
:042F5000000000007D
:042F5100000000007C
:042F5200000000007B
:042F5300000000007A
:042F54000000000079
:042F55000000000078
:042F56000000000077
:042F57000000000076
:042F58000000000075
:042F59000000000074
:042F5A000000000073
:042F5B000000000072
:042F5C000000000071
:042F5D000000000070
:042F5E00000000006F
:042F5F00000000006E
:042F6000000000006D
:042F6100000000006C
:042F6200000000006B
:042F6300000000006A
:042F64000000000069
:042F65000000000068
:042F66000000000067
:042F67000000000066
:042F68000000000065
:042F69000000000064
:042F6A000000000063
:042F6B000000000062
:042F6C000000000061
:042F6D000000000060
:042F6E00000000005F
:042F6F00000000005E
:042F7000000000005D
:042F7100000000005C
:042F7200000000005B
:042F7300000000005A
:042F74000000000059
:042F75000000000058
:042F76000000000057
:042F77000000000056
:042F78000000000055
:042F79000000000054
:042F7A000000000053
:042F7B000000000052
:042F7C000000000051
:042F7D000000000050
:042F7E00000000004F
:042F7F00000000004E
:042F8000000000004D
:042F8100000000004C
:042F8200000000004B
:042F8300000000004A
:042F84000000000049
:042F85000000000048
:042F86000000000047
:042F87000000000046
:042F88000000000045
:042F89000000000044
:042F8A000000000043
:042F8B000000000042
:042F8C000000000041
:042F8D000000000040
:042F8E00000000003F
:042F8F00000000003E
:042F9000000000003D
:042F9100000000003C
:042F9200000000003B
:042F9300000000003A
:042F94000000000039
:042F95000000000038
:042F96000000000037
:042F97000000000036
:042F98000000000035
:042F99000000000034
:042F9A000000000033
:042F9B000000000032
:042F9C000000000031
:042F9D000000000030
:042F9E00000000002F
:042F9F00000000002E
:042FA000000000002D
:042FA100000000002C
:042FA200000000002B
:042FA300000000002A
:042FA4000000000029
:042FA5000000000028
:042FA6000000000027
:042FA7000000000026
:042FA8000000000025
:042FA9000000000024
:042FAA000000000023
:042FAB000000000022
:042FAC000000000021
:042FAD000000000020
:042FAE00000000001F
:042FAF00000000001E
:042FB000000000001D
:042FB100000000001C
:042FB200000000001B
:042FB300000000001A
:042FB4000000000019
:042FB5000000000018
:042FB6000000000017
:042FB7000000000016
:042FB8000000000015
:042FB9000000000014
:042FBA000000000013
:042FBB000000000012
:042FBC000000000011
:042FBD000000000010
:042FBE00000000000F
:042FBF00000000000E
:042FC000000000000D
:042FC100000000000C
:042FC200000000000B
:042FC300000000000A
:042FC4000000000009
:042FC5000000000008
:042FC6000000000007
:042FC7000000000006
:042FC8000000000005
:042FC9000000000004
:042FCA000000000003
:042FCB000000000002
:042FCC000000000001
:042FCD000000000000
:042FCE0000000000FF
:042FCF0000000000FE
:042FD00000000000FD
:042FD10000000000FC
:042FD20000000000FB
:042FD30000000000FA
:042FD40000000000F9
:042FD50000000000F8
:042FD60000000000F7
:042FD70000000000F6
:042FD80000000000F5
:042FD90000000000F4
:042FDA0000000000F3
:042FDB0000000000F2
:042FDC0000000000F1
:042FDD0000000000F0
:042FDE0000000000EF
:042FDF0000000000EE
:042FE00000000000ED
:042FE10000000000EC
:042FE20000000000EB
:042FE30000000000EA
:042FE40000000000E9
:042FE50000000000E8
:042FE60000000000E7
:042FE70000000000E6
:042FE80000000000E5
:042FE90000000000E4
:042FEA0000000000E3
:042FEB0000000000E2
:042FEC0000000000E1
:042FED0000000000E0
:042FEE0000000000DF
:042FEF0000000000DE
:042FF00000000000DD
:042FF10000000000DC
:042FF20000000000DB
:042FF30000000000DA
:042FF40000000000D9
:042FF50000000000D8
:042FF60000000000D7
:042FF70000000000D6
:042FF80000000000D5
:042FF90000000000D4
:042FFA0000000000D3
:042FFB0000000000D2
:042FFC0000000000D1
:042FFD0000000000D0
:042FFE0000000000CF
:042FFF0000000000CE
:0430000000000000CC
:0430010000000000CB
:0430020000000000CA
:0430030000000000C9
:0430040000000000C8
:0430050000000000C7
:0430060000000000C6
:0430070000000000C5
:0430080000000000C4
:0430090000000000C3
:04300A0000000000C2
:04300B0000000000C1
:04300C0000000000C0
:04300D0000000000BF
:04300E0000000000BE
:04300F0000000000BD
:0430100000000000BC
:0430110000000000BB
:0430120000000000BA
:0430130000000000B9
:0430140000000000B8
:0430150000000000B7
:0430160000000000B6
:0430170000000000B5
:0430180000000000B4
:0430190000000000B3
:04301A0000000000B2
:04301B0000000000B1
:04301C0000000000B0
:04301D0000000000AF
:04301E0000000000AE
:04301F0000000000AD
:0430200000000000AC
:0430210000000000AB
:0430220000000000AA
:0430230000000000A9
:0430240000000000A8
:0430250000000000A7
:0430260000000000A6
:0430270000000000A5
:0430280000000000A4
:0430290000000000A3
:04302A0000000000A2
:04302B0000000000A1
:04302C0000000000A0
:04302D00000000009F
:04302E00000000009E
:04302F00000000009D
:04303000000000009C
:04303100000000009B
:04303200000000009A
:043033000000000099
:043034000000000098
:043035000000000097
:043036000000000096
:043037000000000095
:043038000000000094
:043039000000000093
:04303A000000000092
:04303B000000000091
:04303C000000000090
:04303D00000000008F
:04303E00000000008E
:04303F00000000008D
:04304000000000008C
:04304100000000008B
:04304200000000008A
:043043000000000089
:043044000000000088
:043045000000000087
:043046000000000086
:043047000000000085
:043048000000000084
:043049000000000083
:04304A000000000082
:04304B000000000081
:04304C000000000080
:04304D00000000007F
:04304E00000000007E
:04304F00000000007D
:04305000000000007C
:04305100000000007B
:04305200000000007A
:043053000000000079
:043054000000000078
:043055000000000077
:043056000000000076
:043057000000000075
:043058000000000074
:043059000000000073
:04305A000000000072
:04305B000000000071
:04305C000000000070
:04305D00000000006F
:04305E00000000006E
:04305F00000000006D
:04306000000000006C
:04306100000000006B
:04306200000000006A
:043063000000000069
:043064000000000068
:043065000000000067
:043066000000000066
:043067000000000065
:043068000000000064
:043069000000000063
:04306A000000000062
:04306B000000000061
:04306C000000000060
:04306D00000000005F
:04306E00000000005E
:04306F00000000005D
:04307000000000005C
:04307100000000005B
:04307200000000005A
:043073000000000059
:043074000000000058
:043075000000000057
:043076000000000056
:043077000000000055
:043078000000000054
:043079000000000053
:04307A000000000052
:04307B000000000051
:04307C000000000050
:04307D00000000004F
:04307E00000000004E
:04307F00000000004D
:04308000000000004C
:04308100000000004B
:04308200000000004A
:043083000000000049
:043084000000000048
:043085000000000047
:043086000000000046
:043087000000000045
:043088000000000044
:043089000000000043
:04308A000000000042
:04308B000000000041
:04308C000000000040
:04308D00000000003F
:04308E00000000003E
:04308F00000000003D
:04309000000000003C
:04309100000000003B
:04309200000000003A
:043093000000000039
:043094000000000038
:043095000000000037
:043096000000000036
:043097000000000035
:043098000000000034
:043099000000000033
:04309A000000000032
:04309B000000000031
:04309C000000000030
:04309D00000000002F
:04309E00000000002E
:04309F00000000002D
:0430A000000000002C
:0430A100000000002B
:0430A200000000002A
:0430A3000000000029
:0430A4000000000028
:0430A5000000000027
:0430A6000000000026
:0430A7000000000025
:0430A8000000000024
:0430A9000000000023
:0430AA000000000022
:0430AB000000000021
:0430AC000000000020
:0430AD00000000001F
:0430AE00000000001E
:0430AF00000000001D
:0430B000000000001C
:0430B100000000001B
:0430B200000000001A
:0430B3000000000019
:0430B4000000000018
:0430B5000000000017
:0430B6000000000016
:0430B7000000000015
:0430B8000000000014
:0430B9000000000013
:0430BA000000000012
:0430BB000000000011
:0430BC000000000010
:0430BD00000000000F
:0430BE00000000000E
:0430BF00000000000D
:0430C000000000000C
:0430C100000000000B
:0430C200000000000A
:0430C3000000000009
:0430C4000000000008
:0430C5000000000007
:0430C6000000000006
:0430C7000000000005
:0430C8000000000004
:0430C9000000000003
:0430CA000000000002
:0430CB000000000001
:0430CC000000000000
:0430CD0000000000FF
:0430CE0000000000FE
:0430CF0000000000FD
:0430D00000000000FC
:0430D10000000000FB
:0430D20000000000FA
:0430D30000000000F9
:0430D40000000000F8
:0430D50000000000F7
:0430D60000000000F6
:0430D70000000000F5
:0430D80000000000F4
:0430D90000000000F3
:0430DA0000000000F2
:0430DB0000000000F1
:0430DC0000000000F0
:0430DD0000000000EF
:0430DE0000000000EE
:0430DF0000000000ED
:0430E00000000000EC
:0430E10000000000EB
:0430E20000000000EA
:0430E30000000000E9
:0430E40000000000E8
:0430E50000000000E7
:0430E60000000000E6
:0430E70000000000E5
:0430E80000000000E4
:0430E90000000000E3
:0430EA0000000000E2
:0430EB0000000000E1
:0430EC0000000000E0
:0430ED0000000000DF
:0430EE0000000000DE
:0430EF0000000000DD
:0430F00000000000DC
:0430F10000000000DB
:0430F20000000000DA
:0430F30000000000D9
:0430F40000000000D8
:0430F50000000000D7
:0430F60000000000D6
:0430F70000000000D5
:0430F80000000000D4
:0430F90000000000D3
:0430FA0000000000D2
:0430FB0000000000D1
:0430FC0000000000D0
:0430FD0000000000CF
:0430FE0000000000CE
:0430FF0000000000CD
:0431000000000000CB
:0431010000000000CA
:0431020000000000C9
:0431030000000000C8
:0431040000000000C7
:0431050000000000C6
:0431060000000000C5
:0431070000000000C4
:0431080000000000C3
:0431090000000000C2
:04310A0000000000C1
:04310B0000000000C0
:04310C0000000000BF
:04310D0000000000BE
:04310E0000000000BD
:04310F0000000000BC
:0431100000000000BB
:0431110000000000BA
:0431120000000000B9
:0431130000000000B8
:0431140000000000B7
:0431150000000000B6
:0431160000000000B5
:0431170000000000B4
:0431180000000000B3
:0431190000000000B2
:04311A0000000000B1
:04311B0000000000B0
:04311C0000000000AF
:04311D0000000000AE
:04311E0000000000AD
:04311F0000000000AC
:0431200000000000AB
:0431210000000000AA
:0431220000000000A9
:0431230000000000A8
:0431240000000000A7
:0431250000000000A6
:0431260000000000A5
:0431270000000000A4
:0431280000000000A3
:0431290000000000A2
:04312A0000000000A1
:04312B0000000000A0
:04312C00000000009F
:04312D00000000009E
:04312E00000000009D
:04312F00000000009C
:04313000000000009B
:04313100000000009A
:043132000000000099
:043133000000000098
:043134000000000097
:043135000000000096
:043136000000000095
:043137000000000094
:043138000000000093
:043139000000000092
:04313A000000000091
:04313B000000000090
:04313C00000000008F
:04313D00000000008E
:04313E00000000008D
:04313F00000000008C
:04314000000000008B
:04314100000000008A
:043142000000000089
:043143000000000088
:043144000000000087
:043145000000000086
:043146000000000085
:043147000000000084
:043148000000000083
:043149000000000082
:04314A000000000081
:04314B000000000080
:04314C00000000007F
:04314D00000000007E
:04314E00000000007D
:04314F00000000007C
:04315000000000007B
:04315100000000007A
:043152000000000079
:043153000000000078
:043154000000000077
:043155000000000076
:043156000000000075
:043157000000000074
:043158000000000073
:043159000000000072
:04315A000000000071
:04315B000000000070
:04315C00000000006F
:04315D00000000006E
:04315E00000000006D
:04315F00000000006C
:04316000000000006B
:04316100000000006A
:043162000000000069
:043163000000000068
:043164000000000067
:043165000000000066
:043166000000000065
:043167000000000064
:043168000000000063
:043169000000000062
:04316A000000000061
:04316B000000000060
:04316C00000000005F
:04316D00000000005E
:04316E00000000005D
:04316F00000000005C
:04317000000000005B
:04317100000000005A
:043172000000000059
:043173000000000058
:043174000000000057
:043175000000000056
:043176000000000055
:043177000000000054
:043178000000000053
:043179000000000052
:04317A000000000051
:04317B000000000050
:04317C00000000004F
:04317D00000000004E
:04317E00000000004D
:04317F00000000004C
:04318000000000004B
:04318100000000004A
:043182000000000049
:043183000000000048
:043184000000000047
:043185000000000046
:043186000000000045
:043187000000000044
:043188000000000043
:043189000000000042
:04318A000000000041
:04318B000000000040
:04318C00000000003F
:04318D00000000003E
:04318E00000000003D
:04318F00000000003C
:04319000000000003B
:04319100000000003A
:043192000000000039
:043193000000000038
:043194000000000037
:043195000000000036
:043196000000000035
:043197000000000034
:043198000000000033
:043199000000000032
:04319A000000000031
:04319B000000000030
:04319C00000000002F
:04319D00000000002E
:04319E00000000002D
:04319F00000000002C
:0431A000000000002B
:0431A100000000002A
:0431A2000000000029
:0431A3000000000028
:0431A4000000000027
:0431A5000000000026
:0431A6000000000025
:0431A7000000000024
:0431A8000000000023
:0431A9000000000022
:0431AA000000000021
:0431AB000000000020
:0431AC00000000001F
:0431AD00000000001E
:0431AE00000000001D
:0431AF00000000001C
:0431B000000000001B
:0431B100000000001A
:0431B2000000000019
:0431B3000000000018
:0431B4000000000017
:0431B5000000000016
:0431B6000000000015
:0431B7000000000014
:0431B8000000000013
:0431B9000000000012
:0431BA000000000011
:0431BB000000000010
:0431BC00000000000F
:0431BD00000000000E
:0431BE00000000000D
:0431BF00000000000C
:0431C000000000000B
:0431C100000000000A
:0431C2000000000009
:0431C3000000000008
:0431C4000000000007
:0431C5000000000006
:0431C6000000000005
:0431C7000000000004
:0431C8000000000003
:0431C9000000000002
:0431CA000000000001
:0431CB000000000000
:0431CC0000000000FF
:0431CD0000000000FE
:0431CE0000000000FD
:0431CF0000000000FC
:0431D00000000000FB
:0431D10000000000FA
:0431D20000000000F9
:0431D30000000000F8
:0431D40000000000F7
:0431D50000000000F6
:0431D60000000000F5
:0431D70000000000F4
:0431D80000000000F3
:0431D90000000000F2
:0431DA0000000000F1
:0431DB0000000000F0
:0431DC0000000000EF
:0431DD0000000000EE
:0431DE0000000000ED
:0431DF0000000000EC
:0431E00000000000EB
:0431E10000000000EA
:0431E20000000000E9
:0431E30000000000E8
:0431E40000000000E7
:0431E50000000000E6
:0431E60000000000E5
:0431E70000000000E4
:0431E80000000000E3
:0431E90000000000E2
:0431EA0000000000E1
:0431EB0000000000E0
:0431EC0000000000DF
:0431ED0000000000DE
:0431EE0000000000DD
:0431EF0000000000DC
:0431F00000000000DB
:0431F10000000000DA
:0431F20000000000D9
:0431F30000000000D8
:0431F40000000000D7
:0431F50000000000D6
:0431F60000000000D5
:0431F70000000000D4
:0431F80000000000D3
:0431F90000000000D2
:0431FA0000000000D1
:0431FB0000000000D0
:0431FC0000000000CF
:0431FD0000000000CE
:0431FE0000000000CD
:0431FF0000000000CC
:0432000000000000CA
:0432010000000000C9
:0432020000000000C8
:0432030000000000C7
:0432040000000000C6
:0432050000000000C5
:0432060000000000C4
:0432070000000000C3
:0432080000000000C2
:0432090000000000C1
:04320A0000000000C0
:04320B0000000000BF
:04320C0000000000BE
:04320D0000000000BD
:04320E0000000000BC
:04320F0000000000BB
:0432100000000000BA
:0432110000000000B9
:0432120000000000B8
:0432130000000000B7
:0432140000000000B6
:0432150000000000B5
:0432160000000000B4
:0432170000000000B3
:0432180000000000B2
:0432190000000000B1
:04321A0000000000B0
:04321B0000000000AF
:04321C0000000000AE
:04321D0000000000AD
:04321E0000000000AC
:04321F0000000000AB
:0432200000000000AA
:0432210000000000A9
:0432220000000000A8
:0432230000000000A7
:0432240000000000A6
:0432250000000000A5
:0432260000000000A4
:0432270000000000A3
:0432280000000000A2
:0432290000000000A1
:04322A0000000000A0
:04322B00000000009F
:04322C00000000009E
:04322D00000000009D
:04322E00000000009C
:04322F00000000009B
:04323000000000009A
:043231000000000099
:043232000000000098
:043233000000000097
:043234000000000096
:043235000000000095
:043236000000000094
:043237000000000093
:043238000000000092
:043239000000000091
:04323A000000000090
:04323B00000000008F
:04323C00000000008E
:04323D00000000008D
:04323E00000000008C
:04323F00000000008B
:04324000000000008A
:043241000000000089
:043242000000000088
:043243000000000087
:043244000000000086
:043245000000000085
:043246000000000084
:043247000000000083
:043248000000000082
:043249000000000081
:04324A000000000080
:04324B00000000007F
:04324C00000000007E
:04324D00000000007D
:04324E00000000007C
:04324F00000000007B
:04325000000000007A
:043251000000000079
:043252000000000078
:043253000000000077
:043254000000000076
:043255000000000075
:043256000000000074
:043257000000000073
:043258000000000072
:043259000000000071
:04325A000000000070
:04325B00000000006F
:04325C00000000006E
:04325D00000000006D
:04325E00000000006C
:04325F00000000006B
:04326000000000006A
:043261000000000069
:043262000000000068
:043263000000000067
:043264000000000066
:043265000000000065
:043266000000000064
:043267000000000063
:043268000000000062
:043269000000000061
:04326A000000000060
:04326B00000000005F
:04326C00000000005E
:04326D00000000005D
:04326E00000000005C
:04326F00000000005B
:04327000000000005A
:043271000000000059
:043272000000000058
:043273000000000057
:043274000000000056
:043275000000000055
:043276000000000054
:043277000000000053
:043278000000000052
:043279000000000051
:04327A000000000050
:04327B00000000004F
:04327C00000000004E
:04327D00000000004D
:04327E00000000004C
:04327F00000000004B
:04328000000000004A
:043281000000000049
:043282000000000048
:043283000000000047
:043284000000000046
:043285000000000045
:043286000000000044
:043287000000000043
:043288000000000042
:043289000000000041
:04328A000000000040
:04328B00000000003F
:04328C00000000003E
:04328D00000000003D
:04328E00000000003C
:04328F00000000003B
:04329000000000003A
:043291000000000039
:043292000000000038
:043293000000000037
:043294000000000036
:043295000000000035
:043296000000000034
:043297000000000033
:043298000000000032
:043299000000000031
:04329A000000000030
:04329B00000000002F
:04329C00000000002E
:04329D00000000002D
:04329E00000000002C
:04329F00000000002B
:0432A000000000002A
:0432A1000000000029
:0432A2000000000028
:0432A3000000000027
:0432A4000000000026
:0432A5000000000025
:0432A6000000000024
:0432A7000000000023
:0432A8000000000022
:0432A9000000000021
:0432AA000000000020
:0432AB00000000001F
:0432AC00000000001E
:0432AD00000000001D
:0432AE00000000001C
:0432AF00000000001B
:0432B000000000001A
:0432B1000000000019
:0432B2000000000018
:0432B3000000000017
:0432B4000000000016
:0432B5000000000015
:0432B6000000000014
:0432B7000000000013
:0432B8000000000012
:0432B9000000000011
:0432BA000000000010
:0432BB00000000000F
:0432BC00000000000E
:0432BD00000000000D
:0432BE00000000000C
:0432BF00000000000B
:0432C000000000000A
:0432C1000000000009
:0432C2000000000008
:0432C3000000000007
:0432C4000000000006
:0432C5000000000005
:0432C6000000000004
:0432C7000000000003
:0432C8000000000002
:0432C9000000000001
:0432CA000000000000
:0432CB0000000000FF
:0432CC0000000000FE
:0432CD0000000000FD
:0432CE0000000000FC
:0432CF0000000000FB
:0432D00000000000FA
:0432D10000000000F9
:0432D20000000000F8
:0432D30000000000F7
:0432D40000000000F6
:0432D50000000000F5
:0432D60000000000F4
:0432D70000000000F3
:0432D80000000000F2
:0432D90000000000F1
:0432DA0000000000F0
:0432DB0000000000EF
:0432DC0000000000EE
:0432DD0000000000ED
:0432DE0000000000EC
:0432DF0000000000EB
:0432E00000000000EA
:0432E10000000000E9
:0432E20000000000E8
:0432E30000000000E7
:0432E40000000000E6
:0432E50000000000E5
:0432E60000000000E4
:0432E70000000000E3
:0432E80000000000E2
:0432E90000000000E1
:0432EA0000000000E0
:0432EB0000000000DF
:0432EC0000000000DE
:0432ED0000000000DD
:0432EE0000000000DC
:0432EF0000000000DB
:0432F00000000000DA
:0432F10000000000D9
:0432F20000000000D8
:0432F30000000000D7
:0432F40000000000D6
:0432F50000000000D5
:0432F60000000000D4
:0432F70000000000D3
:0432F80000000000D2
:0432F90000000000D1
:0432FA0000000000D0
:0432FB0000000000CF
:0432FC0000000000CE
:0432FD0000000000CD
:0432FE0000000000CC
:0432FF0000000000CB
:0433000000000000C9
:0433010000000000C8
:0433020000000000C7
:0433030000000000C6
:0433040000000000C5
:0433050000000000C4
:0433060000000000C3
:0433070000000000C2
:0433080000000000C1
:0433090000000000C0
:04330A0000000000BF
:04330B0000000000BE
:04330C0000000000BD
:04330D0000000000BC
:04330E0000000000BB
:04330F0000000000BA
:0433100000000000B9
:0433110000000000B8
:0433120000000000B7
:0433130000000000B6
:0433140000000000B5
:0433150000000000B4
:0433160000000000B3
:0433170000000000B2
:0433180000000000B1
:0433190000000000B0
:04331A0000000000AF
:04331B0000000000AE
:04331C0000000000AD
:04331D0000000000AC
:04331E0000000000AB
:04331F0000000000AA
:0433200000000000A9
:0433210000000000A8
:0433220000000000A7
:0433230000000000A6
:0433240000000000A5
:0433250000000000A4
:0433260000000000A3
:0433270000000000A2
:0433280000000000A1
:0433290000000000A0
:04332A00000000009F
:04332B00000000009E
:04332C00000000009D
:04332D00000000009C
:04332E00000000009B
:04332F00000000009A
:043330000000000099
:043331000000000098
:043332000000000097
:043333000000000096
:043334000000000095
:043335000000000094
:043336000000000093
:043337000000000092
:043338000000000091
:043339000000000090
:04333A00000000008F
:04333B00000000008E
:04333C00000000008D
:04333D00000000008C
:04333E00000000008B
:04333F00000000008A
:043340000000000089
:043341000000000088
:043342000000000087
:043343000000000086
:043344000000000085
:043345000000000084
:043346000000000083
:043347000000000082
:043348000000000081
:043349000000000080
:04334A00000000007F
:04334B00000000007E
:04334C00000000007D
:04334D00000000007C
:04334E00000000007B
:04334F00000000007A
:043350000000000079
:043351000000000078
:043352000000000077
:043353000000000076
:043354000000000075
:043355000000000074
:043356000000000073
:043357000000000072
:043358000000000071
:043359000000000070
:04335A00000000006F
:04335B00000000006E
:04335C00000000006D
:04335D00000000006C
:04335E00000000006B
:04335F00000000006A
:043360000000000069
:043361000000000068
:043362000000000067
:043363000000000066
:043364000000000065
:043365000000000064
:043366000000000063
:043367000000000062
:043368000000000061
:043369000000000060
:04336A00000000005F
:04336B00000000005E
:04336C00000000005D
:04336D00000000005C
:04336E00000000005B
:04336F00000000005A
:043370000000000059
:043371000000000058
:043372000000000057
:043373000000000056
:043374000000000055
:043375000000000054
:043376000000000053
:043377000000000052
:043378000000000051
:043379000000000050
:04337A00000000004F
:04337B00000000004E
:04337C00000000004D
:04337D00000000004C
:04337E00000000004B
:04337F00000000004A
:043380000000000049
:043381000000000048
:043382000000000047
:043383000000000046
:043384000000000045
:043385000000000044
:043386000000000043
:043387000000000042
:043388000000000041
:043389000000000040
:04338A00000000003F
:04338B00000000003E
:04338C00000000003D
:04338D00000000003C
:04338E00000000003B
:04338F00000000003A
:043390000000000039
:043391000000000038
:043392000000000037
:043393000000000036
:043394000000000035
:043395000000000034
:043396000000000033
:043397000000000032
:043398000000000031
:043399000000000030
:04339A00000000002F
:04339B00000000002E
:04339C00000000002D
:04339D00000000002C
:04339E00000000002B
:04339F00000000002A
:0433A0000000000029
:0433A1000000000028
:0433A2000000000027
:0433A3000000000026
:0433A4000000000025
:0433A5000000000024
:0433A6000000000023
:0433A7000000000022
:0433A8000000000021
:0433A9000000000020
:0433AA00000000001F
:0433AB00000000001E
:0433AC00000000001D
:0433AD00000000001C
:0433AE00000000001B
:0433AF00000000001A
:0433B0000000000019
:0433B1000000000018
:0433B2000000000017
:0433B3000000000016
:0433B4000000000015
:0433B5000000000014
:0433B6000000000013
:0433B7000000000012
:0433B8000000000011
:0433B9000000000010
:0433BA00000000000F
:0433BB00000000000E
:0433BC00000000000D
:0433BD00000000000C
:0433BE00000000000B
:0433BF00000000000A
:0433C0000000000009
:0433C1000000000008
:0433C2000000000007
:0433C3000000000006
:0433C4000000000005
:0433C5000000000004
:0433C6000000000003
:0433C7000000000002
:0433C8000000000001
:0433C9000000000000
:0433CA0000000000FF
:0433CB0000000000FE
:0433CC0000000000FD
:0433CD0000000000FC
:0433CE0000000000FB
:0433CF0000000000FA
:0433D00000000000F9
:0433D10000000000F8
:0433D20000000000F7
:0433D30000000000F6
:0433D40000000000F5
:0433D50000000000F4
:0433D60000000000F3
:0433D70000000000F2
:0433D80000000000F1
:0433D90000000000F0
:0433DA0000000000EF
:0433DB0000000000EE
:0433DC0000000000ED
:0433DD0000000000EC
:0433DE0000000000EB
:0433DF0000000000EA
:0433E00000000000E9
:0433E10000000000E8
:0433E20000000000E7
:0433E30000000000E6
:0433E40000000000E5
:0433E50000000000E4
:0433E60000000000E3
:0433E70000000000E2
:0433E80000000000E1
:0433E90000000000E0
:0433EA0000000000DF
:0433EB0000000000DE
:0433EC0000000000DD
:0433ED0000000000DC
:0433EE0000000000DB
:0433EF0000000000DA
:0433F00000000000D9
:0433F10000000000D8
:0433F20000000000D7
:0433F30000000000D6
:0433F40000000000D5
:0433F50000000000D4
:0433F60000000000D3
:0433F70000000000D2
:0433F80000000000D1
:0433F90000000000D0
:0433FA0000000000CF
:0433FB0000000000CE
:0433FC0000000000CD
:0433FD0000000000CC
:0433FE0000000000CB
:0433FF0000000000CA
:0434000000000000C8
:0434010000000000C7
:0434020000000000C6
:0434030000000000C5
:0434040000000000C4
:0434050000000000C3
:0434060000000000C2
:0434070000000000C1
:0434080000000000C0
:0434090000000000BF
:04340A0000000000BE
:04340B0000000000BD
:04340C0000000000BC
:04340D0000000000BB
:04340E0000000000BA
:04340F0000000000B9
:0434100000000000B8
:0434110000000000B7
:0434120000000000B6
:0434130000000000B5
:0434140000000000B4
:0434150000000000B3
:0434160000000000B2
:0434170000000000B1
:0434180000000000B0
:0434190000000000AF
:04341A0000000000AE
:04341B0000000000AD
:04341C0000000000AC
:04341D0000000000AB
:04341E0000000000AA
:04341F0000000000A9
:0434200000000000A8
:0434210000000000A7
:0434220000000000A6
:0434230000000000A5
:0434240000000000A4
:0434250000000000A3
:0434260000000000A2
:0434270000000000A1
:0434280000000000A0
:04342900000000009F
:04342A00000000009E
:04342B00000000009D
:04342C00000000009C
:04342D00000000009B
:04342E00000000009A
:04342F000000000099
:043430000000000098
:043431000000000097
:043432000000000096
:043433000000000095
:043434000000000094
:043435000000000093
:043436000000000092
:043437000000000091
:043438000000000090
:04343900000000008F
:04343A00000000008E
:04343B00000000008D
:04343C00000000008C
:04343D00000000008B
:04343E00000000008A
:04343F000000000089
:043440000000000088
:043441000000000087
:043442000000000086
:043443000000000085
:043444000000000084
:043445000000000083
:043446000000000082
:043447000000000081
:043448000000000080
:04344900000000007F
:04344A00000000007E
:04344B00000000007D
:04344C00000000007C
:04344D00000000007B
:04344E00000000007A
:04344F000000000079
:043450000000000078
:043451000000000077
:043452000000000076
:043453000000000075
:043454000000000074
:043455000000000073
:043456000000000072
:043457000000000071
:043458000000000070
:04345900000000006F
:04345A00000000006E
:04345B00000000006D
:04345C00000000006C
:04345D00000000006B
:04345E00000000006A
:04345F000000000069
:043460000000000068
:043461000000000067
:043462000000000066
:043463000000000065
:043464000000000064
:043465000000000063
:043466000000000062
:043467000000000061
:043468000000000060
:04346900000000005F
:04346A00000000005E
:04346B00000000005D
:04346C00000000005C
:04346D00000000005B
:04346E00000000005A
:04346F000000000059
:043470000000000058
:043471000000000057
:043472000000000056
:043473000000000055
:043474000000000054
:043475000000000053
:043476000000000052
:043477000000000051
:043478000000000050
:04347900000000004F
:04347A00000000004E
:04347B00000000004D
:04347C00000000004C
:04347D00000000004B
:04347E00000000004A
:04347F000000000049
:043480000000000048
:043481000000000047
:043482000000000046
:043483000000000045
:043484000000000044
:043485000000000043
:043486000000000042
:043487000000000041
:043488000000000040
:04348900000000003F
:04348A00000000003E
:04348B00000000003D
:04348C00000000003C
:04348D00000000003B
:04348E00000000003A
:04348F000000000039
:043490000000000038
:043491000000000037
:043492000000000036
:043493000000000035
:043494000000000034
:043495000000000033
:043496000000000032
:043497000000000031
:043498000000000030
:04349900000000002F
:04349A00000000002E
:04349B00000000002D
:04349C00000000002C
:04349D00000000002B
:04349E00000000002A
:04349F000000000029
:0434A0000000000028
:0434A1000000000027
:0434A2000000000026
:0434A3000000000025
:0434A4000000000024
:0434A5000000000023
:0434A6000000000022
:0434A7000000000021
:0434A8000000000020
:0434A900000000001F
:0434AA00000000001E
:0434AB00000000001D
:0434AC00000000001C
:0434AD00000000001B
:0434AE00000000001A
:0434AF000000000019
:0434B0000000000018
:0434B1000000000017
:0434B2000000000016
:0434B3000000000015
:0434B4000000000014
:0434B5000000000013
:0434B6000000000012
:0434B7000000000011
:0434B8000000000010
:0434B900000000000F
:0434BA00000000000E
:0434BB00000000000D
:0434BC00000000000C
:0434BD00000000000B
:0434BE00000000000A
:0434BF000000000009
:0434C0000000000008
:0434C1000000000007
:0434C2000000000006
:0434C3000000000005
:0434C4000000000004
:0434C5000000000003
:0434C6000000000002
:0434C7000000000001
:0434C8000000000000
:0434C90000000000FF
:0434CA0000000000FE
:0434CB0000000000FD
:0434CC0000000000FC
:0434CD0000000000FB
:0434CE0000000000FA
:0434CF0000000000F9
:0434D00000000000F8
:0434D10000000000F7
:0434D20000000000F6
:0434D30000000000F5
:0434D40000000000F4
:0434D50000000000F3
:0434D60000000000F2
:0434D70000000000F1
:0434D80000000000F0
:0434D90000000000EF
:0434DA0000000000EE
:0434DB0000000000ED
:0434DC0000000000EC
:0434DD0000000000EB
:0434DE0000000000EA
:0434DF0000000000E9
:0434E00000000000E8
:0434E10000000000E7
:0434E20000000000E6
:0434E30000000000E5
:0434E40000000000E4
:0434E50000000000E3
:0434E60000000000E2
:0434E70000000000E1
:0434E80000000000E0
:0434E90000000000DF
:0434EA0000000000DE
:0434EB0000000000DD
:0434EC0000000000DC
:0434ED0000000000DB
:0434EE0000000000DA
:0434EF0000000000D9
:0434F00000000000D8
:0434F10000000000D7
:0434F20000000000D6
:0434F30000000000D5
:0434F40000000000D4
:0434F50000000000D3
:0434F60000000000D2
:0434F70000000000D1
:0434F80000000000D0
:0434F90000000000CF
:0434FA0000000000CE
:0434FB0000000000CD
:0434FC0000000000CC
:0434FD0000000000CB
:0434FE0000000000CA
:0434FF0000000000C9
:0435000000000000C7
:0435010000000000C6
:0435020000000000C5
:0435030000000000C4
:0435040000000000C3
:0435050000000000C2
:0435060000000000C1
:0435070000000000C0
:0435080000000000BF
:0435090000000000BE
:04350A0000000000BD
:04350B0000000000BC
:04350C0000000000BB
:04350D0000000000BA
:04350E0000000000B9
:04350F0000000000B8
:0435100000000000B7
:0435110000000000B6
:0435120000000000B5
:0435130000000000B4
:0435140000000000B3
:0435150000000000B2
:0435160000000000B1
:0435170000000000B0
:0435180000000000AF
:0435190000000000AE
:04351A0000000000AD
:04351B0000000000AC
:04351C0000000000AB
:04351D0000000000AA
:04351E0000000000A9
:04351F0000000000A8
:0435200000000000A7
:0435210000000000A6
:0435220000000000A5
:0435230000000000A4
:0435240000000000A3
:0435250000000000A2
:0435260000000000A1
:0435270000000000A0
:04352800000000009F
:04352900000000009E
:04352A00000000009D
:04352B00000000009C
:04352C00000000009B
:04352D00000000009A
:04352E000000000099
:04352F000000000098
:043530000000000097
:043531000000000096
:043532000000000095
:043533000000000094
:043534000000000093
:043535000000000092
:043536000000000091
:043537000000000090
:04353800000000008F
:04353900000000008E
:04353A00000000008D
:04353B00000000008C
:04353C00000000008B
:04353D00000000008A
:04353E000000000089
:04353F000000000088
:043540000000000087
:043541000000000086
:043542000000000085
:043543000000000084
:043544000000000083
:043545000000000082
:043546000000000081
:043547000000000080
:04354800000000007F
:04354900000000007E
:04354A00000000007D
:04354B00000000007C
:04354C00000000007B
:04354D00000000007A
:04354E000000000079
:04354F000000000078
:043550000000000077
:043551000000000076
:043552000000000075
:043553000000000074
:043554000000000073
:043555000000000072
:043556000000000071
:043557000000000070
:04355800000000006F
:04355900000000006E
:04355A00000000006D
:04355B00000000006C
:04355C00000000006B
:04355D00000000006A
:04355E000000000069
:04355F000000000068
:043560000000000067
:043561000000000066
:043562000000000065
:043563000000000064
:043564000000000063
:043565000000000062
:043566000000000061
:043567000000000060
:04356800000000005F
:04356900000000005E
:04356A00000000005D
:04356B00000000005C
:04356C00000000005B
:04356D00000000005A
:04356E000000000059
:04356F000000000058
:043570000000000057
:043571000000000056
:043572000000000055
:043573000000000054
:043574000000000053
:043575000000000052
:043576000000000051
:043577000000000050
:04357800000000004F
:04357900000000004E
:04357A00000000004D
:04357B00000000004C
:04357C00000000004B
:04357D00000000004A
:04357E000000000049
:04357F000000000048
:043580000000000047
:043581000000000046
:043582000000000045
:043583000000000044
:043584000000000043
:043585000000000042
:043586000000000041
:043587000000000040
:04358800000000003F
:04358900000000003E
:04358A00000000003D
:04358B00000000003C
:04358C00000000003B
:04358D00000000003A
:04358E000000000039
:04358F000000000038
:043590000000000037
:043591000000000036
:043592000000000035
:043593000000000034
:043594000000000033
:043595000000000032
:043596000000000031
:043597000000000030
:04359800000000002F
:04359900000000002E
:04359A00000000002D
:04359B00000000002C
:04359C00000000002B
:04359D00000000002A
:04359E000000000029
:04359F000000000028
:0435A0000000000027
:0435A1000000000026
:0435A2000000000025
:0435A3000000000024
:0435A4000000000023
:0435A5000000000022
:0435A6000000000021
:0435A7000000000020
:0435A800000000001F
:0435A900000000001E
:0435AA00000000001D
:0435AB00000000001C
:0435AC00000000001B
:0435AD00000000001A
:0435AE000000000019
:0435AF000000000018
:0435B0000000000017
:0435B1000000000016
:0435B2000000000015
:0435B3000000000014
:0435B4000000000013
:0435B5000000000012
:0435B6000000000011
:0435B7000000000010
:0435B800000000000F
:0435B900000000000E
:0435BA00000000000D
:0435BB00000000000C
:0435BC00000000000B
:0435BD00000000000A
:0435BE000000000009
:0435BF000000000008
:0435C0000000000007
:0435C1000000000006
:0435C2000000000005
:0435C3000000000004
:0435C4000000000003
:0435C5000000000002
:0435C6000000000001
:0435C7000000000000
:0435C80000000000FF
:0435C90000000000FE
:0435CA0000000000FD
:0435CB0000000000FC
:0435CC0000000000FB
:0435CD0000000000FA
:0435CE0000000000F9
:0435CF0000000000F8
:0435D00000000000F7
:0435D10000000000F6
:0435D20000000000F5
:0435D30000000000F4
:0435D40000000000F3
:0435D50000000000F2
:0435D60000000000F1
:0435D70000000000F0
:0435D80000000000EF
:0435D90000000000EE
:0435DA0000000000ED
:0435DB0000000000EC
:0435DC0000000000EB
:0435DD0000000000EA
:0435DE0000000000E9
:0435DF0000000000E8
:0435E00000000000E7
:0435E10000000000E6
:0435E20000000000E5
:0435E30000000000E4
:0435E40000000000E3
:0435E50000000000E2
:0435E60000000000E1
:0435E70000000000E0
:0435E80000000000DF
:0435E90000000000DE
:0435EA0000000000DD
:0435EB0000000000DC
:0435EC0000000000DB
:0435ED0000000000DA
:0435EE0000000000D9
:0435EF0000000000D8
:0435F00000000000D7
:0435F10000000000D6
:0435F20000000000D5
:0435F30000000000D4
:0435F40000000000D3
:0435F50000000000D2
:0435F60000000000D1
:0435F70000000000D0
:0435F80000000000CF
:0435F90000000000CE
:0435FA0000000000CD
:0435FB0000000000CC
:0435FC0000000000CB
:0435FD0000000000CA
:0435FE0000000000C9
:0435FF0000000000C8
:0436000000000000C6
:0436010000000000C5
:0436020000000000C4
:0436030000000000C3
:0436040000000000C2
:0436050000000000C1
:0436060000000000C0
:0436070000000000BF
:0436080000000000BE
:0436090000000000BD
:04360A0000000000BC
:04360B0000000000BB
:04360C0000000000BA
:04360D0000000000B9
:04360E0000000000B8
:04360F0000000000B7
:0436100000000000B6
:0436110000000000B5
:0436120000000000B4
:0436130000000000B3
:0436140000000000B2
:0436150000000000B1
:0436160000000000B0
:0436170000000000AF
:0436180000000000AE
:0436190000000000AD
:04361A0000000000AC
:04361B0000000000AB
:04361C0000000000AA
:04361D0000000000A9
:04361E0000000000A8
:04361F0000000000A7
:0436200000000000A6
:0436210000000000A5
:0436220000000000A4
:0436230000000000A3
:0436240000000000A2
:0436250000000000A1
:0436260000000000A0
:04362700000000009F
:04362800000000009E
:04362900000000009D
:04362A00000000009C
:04362B00000000009B
:04362C00000000009A
:04362D000000000099
:04362E000000000098
:04362F000000000097
:043630000000000096
:043631000000000095
:043632000000000094
:043633000000000093
:043634000000000092
:043635000000000091
:043636000000000090
:04363700000000008F
:04363800000000008E
:04363900000000008D
:04363A00000000008C
:04363B00000000008B
:04363C00000000008A
:04363D000000000089
:04363E000000000088
:04363F000000000087
:043640000000000086
:043641000000000085
:043642000000000084
:043643000000000083
:043644000000000082
:043645000000000081
:043646000000000080
:04364700000000007F
:04364800000000007E
:04364900000000007D
:04364A00000000007C
:04364B00000000007B
:04364C00000000007A
:04364D000000000079
:04364E000000000078
:04364F000000000077
:043650000000000076
:043651000000000075
:043652000000000074
:043653000000000073
:043654000000000072
:043655000000000071
:043656000000000070
:04365700000000006F
:04365800000000006E
:04365900000000006D
:04365A00000000006C
:04365B00000000006B
:04365C00000000006A
:04365D000000000069
:04365E000000000068
:04365F000000000067
:043660000000000066
:043661000000000065
:043662000000000064
:043663000000000063
:043664000000000062
:043665000000000061
:043666000000000060
:04366700000000005F
:04366800000000005E
:04366900000000005D
:04366A00000000005C
:04366B00000000005B
:04366C00000000005A
:04366D000000000059
:04366E000000000058
:04366F000000000057
:043670000000000056
:043671000000000055
:043672000000000054
:043673000000000053
:043674000000000052
:043675000000000051
:043676000000000050
:04367700000000004F
:04367800000000004E
:04367900000000004D
:04367A00000000004C
:04367B00000000004B
:04367C00000000004A
:04367D000000000049
:04367E000000000048
:04367F000000000047
:043680000000000046
:043681000000000045
:043682000000000044
:043683000000000043
:043684000000000042
:043685000000000041
:043686000000000040
:04368700000000003F
:04368800000000003E
:04368900000000003D
:04368A00000000003C
:04368B00000000003B
:04368C00000000003A
:04368D000000000039
:04368E000000000038
:04368F000000000037
:043690000000000036
:043691000000000035
:043692000000000034
:043693000000000033
:043694000000000032
:043695000000000031
:043696000000000030
:04369700000000002F
:04369800000000002E
:04369900000000002D
:04369A00000000002C
:04369B00000000002B
:04369C00000000002A
:04369D000000000029
:04369E000000000028
:04369F000000000027
:0436A0000000000026
:0436A1000000000025
:0436A2000000000024
:0436A3000000000023
:0436A4000000000022
:0436A5000000000021
:0436A6000000000020
:0436A700000000001F
:0436A800000000001E
:0436A900000000001D
:0436AA00000000001C
:0436AB00000000001B
:0436AC00000000001A
:0436AD000000000019
:0436AE000000000018
:0436AF000000000017
:0436B0000000000016
:0436B1000000000015
:0436B2000000000014
:0436B3000000000013
:0436B4000000000012
:0436B5000000000011
:0436B6000000000010
:0436B700000000000F
:0436B800000000000E
:0436B900000000000D
:0436BA00000000000C
:0436BB00000000000B
:0436BC00000000000A
:0436BD000000000009
:0436BE000000000008
:0436BF000000000007
:0436C0000000000006
:0436C1000000000005
:0436C2000000000004
:0436C3000000000003
:0436C4000000000002
:0436C5000000000001
:0436C6000000000000
:0436C70000000000FF
:0436C80000000000FE
:0436C90000000000FD
:0436CA0000000000FC
:0436CB0000000000FB
:0436CC0000000000FA
:0436CD0000000000F9
:0436CE0000000000F8
:0436CF0000000000F7
:0436D00000000000F6
:0436D10000000000F5
:0436D20000000000F4
:0436D30000000000F3
:0436D40000000000F2
:0436D50000000000F1
:0436D60000000000F0
:0436D70000000000EF
:0436D80000000000EE
:0436D90000000000ED
:0436DA0000000000EC
:0436DB0000000000EB
:0436DC0000000000EA
:0436DD0000000000E9
:0436DE0000000000E8
:0436DF0000000000E7
:0436E00000000000E6
:0436E10000000000E5
:0436E20000000000E4
:0436E30000000000E3
:0436E40000000000E2
:0436E50000000000E1
:0436E60000000000E0
:0436E70000000000DF
:0436E80000000000DE
:0436E90000000000DD
:0436EA0000000000DC
:0436EB0000000000DB
:0436EC0000000000DA
:0436ED0000000000D9
:0436EE0000000000D8
:0436EF0000000000D7
:0436F00000000000D6
:0436F10000000000D5
:0436F20000000000D4
:0436F30000000000D3
:0436F40000000000D2
:0436F50000000000D1
:0436F60000000000D0
:0436F70000000000CF
:0436F80000000000CE
:0436F90000000000CD
:0436FA0000000000CC
:0436FB0000000000CB
:0436FC0000000000CA
:0436FD0000000000C9
:0436FE0000000000C8
:0436FF0000000000C7
:0437000000000000C5
:0437010000000000C4
:0437020000000000C3
:0437030000000000C2
:0437040000000000C1
:0437050000000000C0
:0437060000000000BF
:0437070000000000BE
:0437080000000000BD
:0437090000000000BC
:04370A0000000000BB
:04370B0000000000BA
:04370C0000000000B9
:04370D0000000000B8
:04370E0000000000B7
:04370F0000000000B6
:0437100000000000B5
:0437110000000000B4
:0437120000000000B3
:0437130000000000B2
:0437140000000000B1
:0437150000000000B0
:0437160000000000AF
:0437170000000000AE
:0437180000000000AD
:0437190000000000AC
:04371A0000000000AB
:04371B0000000000AA
:04371C0000000000A9
:04371D0000000000A8
:04371E0000000000A7
:04371F0000000000A6
:0437200000000000A5
:0437210000000000A4
:0437220000000000A3
:0437230000000000A2
:0437240000000000A1
:0437250000000000A0
:04372600000000009F
:04372700000000009E
:04372800000000009D
:04372900000000009C
:04372A00000000009B
:04372B00000000009A
:04372C000000000099
:04372D000000000098
:04372E000000000097
:04372F000000000096
:043730000000000095
:043731000000000094
:043732000000000093
:043733000000000092
:043734000000000091
:043735000000000090
:04373600000000008F
:04373700000000008E
:04373800000000008D
:04373900000000008C
:04373A00000000008B
:04373B00000000008A
:04373C000000000089
:04373D000000000088
:04373E000000000087
:04373F000000000086
:043740000000000085
:043741000000000084
:043742000000000083
:043743000000000082
:043744000000000081
:043745000000000080
:04374600000000007F
:04374700000000007E
:04374800000000007D
:04374900000000007C
:04374A00000000007B
:04374B00000000007A
:04374C000000000079
:04374D000000000078
:04374E000000000077
:04374F000000000076
:043750000000000075
:043751000000000074
:043752000000000073
:043753000000000072
:043754000000000071
:043755000000000070
:04375600000000006F
:04375700000000006E
:04375800000000006D
:04375900000000006C
:04375A00000000006B
:04375B00000000006A
:04375C000000000069
:04375D000000000068
:04375E000000000067
:04375F000000000066
:043760000000000065
:043761000000000064
:043762000000000063
:043763000000000062
:043764000000000061
:043765000000000060
:04376600000000005F
:04376700000000005E
:04376800000000005D
:04376900000000005C
:04376A00000000005B
:04376B00000000005A
:04376C000000000059
:04376D000000000058
:04376E000000000057
:04376F000000000056
:043770000000000055
:043771000000000054
:043772000000000053
:043773000000000052
:043774000000000051
:043775000000000050
:04377600000000004F
:04377700000000004E
:04377800000000004D
:04377900000000004C
:04377A00000000004B
:04377B00000000004A
:04377C000000000049
:04377D000000000048
:04377E000000000047
:04377F000000000046
:043780000000000045
:043781000000000044
:043782000000000043
:043783000000000042
:043784000000000041
:043785000000000040
:04378600000000003F
:04378700000000003E
:04378800000000003D
:04378900000000003C
:04378A00000000003B
:04378B00000000003A
:04378C000000000039
:04378D000000000038
:04378E000000000037
:04378F000000000036
:043790000000000035
:043791000000000034
:043792000000000033
:043793000000000032
:043794000000000031
:043795000000000030
:04379600000000002F
:04379700000000002E
:04379800000000002D
:04379900000000002C
:04379A00000000002B
:04379B00000000002A
:04379C000000000029
:04379D000000000028
:04379E000000000027
:04379F000000000026
:0437A0000000000025
:0437A1000000000024
:0437A2000000000023
:0437A3000000000022
:0437A4000000000021
:0437A5000000000020
:0437A600000000001F
:0437A700000000001E
:0437A800000000001D
:0437A900000000001C
:0437AA00000000001B
:0437AB00000000001A
:0437AC000000000019
:0437AD000000000018
:0437AE000000000017
:0437AF000000000016
:0437B0000000000015
:0437B1000000000014
:0437B2000000000013
:0437B3000000000012
:0437B4000000000011
:0437B5000000000010
:0437B600000000000F
:0437B700000000000E
:0437B800000000000D
:0437B900000000000C
:0437BA00000000000B
:0437BB00000000000A
:0437BC000000000009
:0437BD000000000008
:0437BE000000000007
:0437BF000000000006
:0437C0000000000005
:0437C1000000000004
:0437C2000000000003
:0437C3000000000002
:0437C4000000000001
:0437C5000000000000
:0437C60000000000FF
:0437C70000000000FE
:0437C80000000000FD
:0437C90000000000FC
:0437CA0000000000FB
:0437CB0000000000FA
:0437CC0000000000F9
:0437CD0000000000F8
:0437CE0000000000F7
:0437CF0000000000F6
:0437D00000000000F5
:0437D10000000000F4
:0437D20000000000F3
:0437D30000000000F2
:0437D40000000000F1
:0437D50000000000F0
:0437D60000000000EF
:0437D70000000000EE
:0437D80000000000ED
:0437D90000000000EC
:0437DA0000000000EB
:0437DB0000000000EA
:0437DC0000000000E9
:0437DD0000000000E8
:0437DE0000000000E7
:0437DF0000000000E6
:0437E00000000000E5
:0437E10000000000E4
:0437E20000000000E3
:0437E30000000000E2
:0437E40000000000E1
:0437E50000000000E0
:0437E60000000000DF
:0437E70000000000DE
:0437E80000000000DD
:0437E90000000000DC
:0437EA0000000000DB
:0437EB0000000000DA
:0437EC0000000000D9
:0437ED0000000000D8
:0437EE0000000000D7
:0437EF0000000000D6
:0437F00000000000D5
:0437F10000000000D4
:0437F20000000000D3
:0437F30000000000D2
:0437F40000000000D1
:0437F50000000000D0
:0437F60000000000CF
:0437F70000000000CE
:0437F80000000000CD
:0437F90000000000CC
:0437FA0000000000CB
:0437FB0000000000CA
:0437FC0000000000C9
:0437FD0000000000C8
:0437FE0000000000C7
:0437FF0000000000C6
:0438000000000000C4
:0438010000000000C3
:0438020000000000C2
:0438030000000000C1
:0438040000000000C0
:0438050000000000BF
:0438060000000000BE
:0438070000000000BD
:0438080000000000BC
:0438090000000000BB
:04380A0000000000BA
:04380B0000000000B9
:04380C0000000000B8
:04380D0000000000B7
:04380E0000000000B6
:04380F0000000000B5
:0438100000000000B4
:0438110000000000B3
:0438120000000000B2
:0438130000000000B1
:0438140000000000B0
:0438150000000000AF
:0438160000000000AE
:0438170000000000AD
:0438180000000000AC
:0438190000000000AB
:04381A0000000000AA
:04381B0000000000A9
:04381C0000000000A8
:04381D0000000000A7
:04381E0000000000A6
:04381F0000000000A5
:0438200000000000A4
:0438210000000000A3
:0438220000000000A2
:0438230000000000A1
:0438240000000000A0
:04382500000000009F
:04382600000000009E
:04382700000000009D
:04382800000000009C
:04382900000000009B
:04382A00000000009A
:04382B000000000099
:04382C000000000098
:04382D000000000097
:04382E000000000096
:04382F000000000095
:043830000000000094
:043831000000000093
:043832000000000092
:043833000000000091
:043834000000000090
:04383500000000008F
:04383600000000008E
:04383700000000008D
:04383800000000008C
:04383900000000008B
:04383A00000000008A
:04383B000000000089
:04383C000000000088
:04383D000000000087
:04383E000000000086
:04383F000000000085
:043840000000000084
:043841000000000083
:043842000000000082
:043843000000000081
:043844000000000080
:04384500000000007F
:04384600000000007E
:04384700000000007D
:04384800000000007C
:04384900000000007B
:04384A00000000007A
:04384B000000000079
:04384C000000000078
:04384D000000000077
:04384E000000000076
:04384F000000000075
:043850000000000074
:043851000000000073
:043852000000000072
:043853000000000071
:043854000000000070
:04385500000000006F
:04385600000000006E
:04385700000000006D
:04385800000000006C
:04385900000000006B
:04385A00000000006A
:04385B000000000069
:04385C000000000068
:04385D000000000067
:04385E000000000066
:04385F000000000065
:043860000000000064
:043861000000000063
:043862000000000062
:043863000000000061
:043864000000000060
:04386500000000005F
:04386600000000005E
:04386700000000005D
:04386800000000005C
:04386900000000005B
:04386A00000000005A
:04386B000000000059
:04386C000000000058
:04386D000000000057
:04386E000000000056
:04386F000000000055
:043870000000000054
:043871000000000053
:043872000000000052
:043873000000000051
:043874000000000050
:04387500000000004F
:04387600000000004E
:04387700000000004D
:04387800000000004C
:04387900000000004B
:04387A00000000004A
:04387B000000000049
:04387C000000000048
:04387D000000000047
:04387E000000000046
:04387F000000000045
:043880000000000044
:043881000000000043
:043882000000000042
:043883000000000041
:043884000000000040
:04388500000000003F
:04388600000000003E
:04388700000000003D
:04388800000000003C
:04388900000000003B
:04388A00000000003A
:04388B000000000039
:04388C000000000038
:04388D000000000037
:04388E000000000036
:04388F000000000035
:043890000000000034
:043891000000000033
:043892000000000032
:043893000000000031
:043894000000000030
:04389500000000002F
:04389600000000002E
:04389700000000002D
:04389800000000002C
:04389900000000002B
:04389A00000000002A
:04389B000000000029
:04389C000000000028
:04389D000000000027
:04389E000000000026
:04389F000000000025
:0438A0000000000024
:0438A1000000000023
:0438A2000000000022
:0438A3000000000021
:0438A4000000000020
:0438A500000000001F
:0438A600000000001E
:0438A700000000001D
:0438A800000000001C
:0438A900000000001B
:0438AA00000000001A
:0438AB000000000019
:0438AC000000000018
:0438AD000000000017
:0438AE000000000016
:0438AF000000000015
:0438B0000000000014
:0438B1000000000013
:0438B2000000000012
:0438B3000000000011
:0438B4000000000010
:0438B500000000000F
:0438B600000000000E
:0438B700000000000D
:0438B800000000000C
:0438B900000000000B
:0438BA00000000000A
:0438BB000000000009
:0438BC000000000008
:0438BD000000000007
:0438BE000000000006
:0438BF000000000005
:0438C0000000000004
:0438C1000000000003
:0438C2000000000002
:0438C3000000000001
:0438C4000000000000
:0438C50000000000FF
:0438C60000000000FE
:0438C70000000000FD
:0438C80000000000FC
:0438C90000000000FB
:0438CA0000000000FA
:0438CB0000000000F9
:0438CC0000000000F8
:0438CD0000000000F7
:0438CE0000000000F6
:0438CF0000000000F5
:0438D00000000000F4
:0438D10000000000F3
:0438D20000000000F2
:0438D30000000000F1
:0438D40000000000F0
:0438D50000000000EF
:0438D60000000000EE
:0438D70000000000ED
:0438D80000000000EC
:0438D90000000000EB
:0438DA0000000000EA
:0438DB0000000000E9
:0438DC0000000000E8
:0438DD0000000000E7
:0438DE0000000000E6
:0438DF0000000000E5
:0438E00000000000E4
:0438E10000000000E3
:0438E20000000000E2
:0438E30000000000E1
:0438E40000000000E0
:0438E50000000000DF
:0438E60000000000DE
:0438E70000000000DD
:0438E80000000000DC
:0438E90000000000DB
:0438EA0000000000DA
:0438EB0000000000D9
:0438EC0000000000D8
:0438ED0000000000D7
:0438EE0000000000D6
:0438EF0000000000D5
:0438F00000000000D4
:0438F10000000000D3
:0438F20000000000D2
:0438F30000000000D1
:0438F40000000000D0
:0438F50000000000CF
:0438F60000000000CE
:0438F70000000000CD
:0438F80000000000CC
:0438F90000000000CB
:0438FA0000000000CA
:0438FB0000000000C9
:0438FC0000000000C8
:0438FD0000000000C7
:0438FE0000000000C6
:0438FF0000000000C5
:0439000000000000C3
:0439010000000000C2
:0439020000000000C1
:0439030000000000C0
:0439040000000000BF
:0439050000000000BE
:0439060000000000BD
:0439070000000000BC
:0439080000000000BB
:0439090000000000BA
:04390A0000000000B9
:04390B0000000000B8
:04390C0000000000B7
:04390D0000000000B6
:04390E0000000000B5
:04390F0000000000B4
:0439100000000000B3
:0439110000000000B2
:0439120000000000B1
:0439130000000000B0
:0439140000000000AF
:0439150000000000AE
:0439160000000000AD
:0439170000000000AC
:0439180000000000AB
:0439190000000000AA
:04391A0000000000A9
:04391B0000000000A8
:04391C0000000000A7
:04391D0000000000A6
:04391E0000000000A5
:04391F0000000000A4
:0439200000000000A3
:0439210000000000A2
:0439220000000000A1
:0439230000000000A0
:04392400000000009F
:04392500000000009E
:04392600000000009D
:04392700000000009C
:04392800000000009B
:04392900000000009A
:04392A000000000099
:04392B000000000098
:04392C000000000097
:04392D000000000096
:04392E000000000095
:04392F000000000094
:043930000000000093
:043931000000000092
:043932000000000091
:043933000000000090
:04393400000000008F
:04393500000000008E
:04393600000000008D
:04393700000000008C
:04393800000000008B
:04393900000000008A
:04393A000000000089
:04393B000000000088
:04393C000000000087
:04393D000000000086
:04393E000000000085
:04393F000000000084
:043940000000000083
:043941000000000082
:043942000000000081
:043943000000000080
:04394400000000007F
:04394500000000007E
:04394600000000007D
:04394700000000007C
:04394800000000007B
:04394900000000007A
:04394A000000000079
:04394B000000000078
:04394C000000000077
:04394D000000000076
:04394E000000000075
:04394F000000000074
:043950000000000073
:043951000000000072
:043952000000000071
:043953000000000070
:04395400000000006F
:04395500000000006E
:04395600000000006D
:04395700000000006C
:04395800000000006B
:04395900000000006A
:04395A000000000069
:04395B000000000068
:04395C000000000067
:04395D000000000066
:04395E000000000065
:04395F000000000064
:043960000000000063
:043961000000000062
:043962000000000061
:043963000000000060
:04396400000000005F
:04396500000000005E
:04396600000000005D
:04396700000000005C
:04396800000000005B
:04396900000000005A
:04396A000000000059
:04396B000000000058
:04396C000000000057
:04396D000000000056
:04396E000000000055
:04396F000000000054
:043970000000000053
:043971000000000052
:043972000000000051
:043973000000000050
:04397400000000004F
:04397500000000004E
:04397600000000004D
:04397700000000004C
:04397800000000004B
:04397900000000004A
:04397A000000000049
:04397B000000000048
:04397C000000000047
:04397D000000000046
:04397E000000000045
:04397F000000000044
:043980000000000043
:043981000000000042
:043982000000000041
:043983000000000040
:04398400000000003F
:04398500000000003E
:04398600000000003D
:04398700000000003C
:04398800000000003B
:04398900000000003A
:04398A000000000039
:04398B000000000038
:04398C000000000037
:04398D000000000036
:04398E000000000035
:04398F000000000034
:043990000000000033
:043991000000000032
:043992000000000031
:043993000000000030
:04399400000000002F
:04399500000000002E
:04399600000000002D
:04399700000000002C
:04399800000000002B
:04399900000000002A
:04399A000000000029
:04399B000000000028
:04399C000000000027
:04399D000000000026
:04399E000000000025
:04399F000000000024
:0439A0000000000023
:0439A1000000000022
:0439A2000000000021
:0439A3000000000020
:0439A400000000001F
:0439A500000000001E
:0439A600000000001D
:0439A700000000001C
:0439A800000000001B
:0439A900000000001A
:0439AA000000000019
:0439AB000000000018
:0439AC000000000017
:0439AD000000000016
:0439AE000000000015
:0439AF000000000014
:0439B0000000000013
:0439B1000000000012
:0439B2000000000011
:0439B3000000000010
:0439B400000000000F
:0439B500000000000E
:0439B600000000000D
:0439B700000000000C
:0439B800000000000B
:0439B900000000000A
:0439BA000000000009
:0439BB000000000008
:0439BC000000000007
:0439BD000000000006
:0439BE000000000005
:0439BF000000000004
:0439C0000000000003
:0439C1000000000002
:0439C2000000000001
:0439C3000000000000
:0439C40000000000FF
:0439C50000000000FE
:0439C60000000000FD
:0439C70000000000FC
:0439C80000000000FB
:0439C90000000000FA
:0439CA0000000000F9
:0439CB0000000000F8
:0439CC0000000000F7
:0439CD0000000000F6
:0439CE0000000000F5
:0439CF0000000000F4
:0439D00000000000F3
:0439D10000000000F2
:0439D20000000000F1
:0439D30000000000F0
:0439D40000000000EF
:0439D50000000000EE
:0439D60000000000ED
:0439D70000000000EC
:0439D80000000000EB
:0439D90000000000EA
:0439DA0000000000E9
:0439DB0000000000E8
:0439DC0000000000E7
:0439DD0000000000E6
:0439DE0000000000E5
:0439DF0000000000E4
:0439E00000000000E3
:0439E10000000000E2
:0439E20000000000E1
:0439E30000000000E0
:0439E40000000000DF
:0439E50000000000DE
:0439E60000000000DD
:0439E70000000000DC
:0439E80000000000DB
:0439E90000000000DA
:0439EA0000000000D9
:0439EB0000000000D8
:0439EC0000000000D7
:0439ED0000000000D6
:0439EE0000000000D5
:0439EF0000000000D4
:0439F00000000000D3
:0439F10000000000D2
:0439F20000000000D1
:0439F30000000000D0
:0439F40000000000CF
:0439F50000000000CE
:0439F60000000000CD
:0439F70000000000CC
:0439F80000000000CB
:0439F90000000000CA
:0439FA0000000000C9
:0439FB0000000000C8
:0439FC0000000000C7
:0439FD0000000000C6
:0439FE0000000000C5
:0439FF0000000000C4
:043A000000000000C2
:043A010000000000C1
:043A020000000000C0
:043A030000000000BF
:043A040000000000BE
:043A050000000000BD
:043A060000000000BC
:043A070000000000BB
:043A080000000000BA
:043A090000000000B9
:043A0A0000000000B8
:043A0B0000000000B7
:043A0C0000000000B6
:043A0D0000000000B5
:043A0E0000000000B4
:043A0F0000000000B3
:043A100000000000B2
:043A110000000000B1
:043A120000000000B0
:043A130000000000AF
:043A140000000000AE
:043A150000000000AD
:043A160000000000AC
:043A170000000000AB
:043A180000000000AA
:043A190000000000A9
:043A1A0000000000A8
:043A1B0000000000A7
:043A1C0000000000A6
:043A1D0000000000A5
:043A1E0000000000A4
:043A1F0000000000A3
:043A200000000000A2
:043A210000000000A1
:043A220000000000A0
:043A2300000000009F
:043A2400000000009E
:043A2500000000009D
:043A2600000000009C
:043A2700000000009B
:043A2800000000009A
:043A29000000000099
:043A2A000000000098
:043A2B000000000097
:043A2C000000000096
:043A2D000000000095
:043A2E000000000094
:043A2F000000000093
:043A30000000000092
:043A31000000000091
:043A32000000000090
:043A3300000000008F
:043A3400000000008E
:043A3500000000008D
:043A3600000000008C
:043A3700000000008B
:043A3800000000008A
:043A39000000000089
:043A3A000000000088
:043A3B000000000087
:043A3C000000000086
:043A3D000000000085
:043A3E000000000084
:043A3F000000000083
:043A40000000000082
:043A41000000000081
:043A42000000000080
:043A4300000000007F
:043A4400000000007E
:043A4500000000007D
:043A4600000000007C
:043A4700000000007B
:043A4800000000007A
:043A49000000000079
:043A4A000000000078
:043A4B000000000077
:043A4C000000000076
:043A4D000000000075
:043A4E000000000074
:043A4F000000000073
:043A50000000000072
:043A51000000000071
:043A52000000000070
:043A5300000000006F
:043A5400000000006E
:043A5500000000006D
:043A5600000000006C
:043A5700000000006B
:043A5800000000006A
:043A59000000000069
:043A5A000000000068
:043A5B000000000067
:043A5C000000000066
:043A5D000000000065
:043A5E000000000064
:043A5F000000000063
:043A60000000000062
:043A61000000000061
:043A62000000000060
:043A6300000000005F
:043A6400000000005E
:043A6500000000005D
:043A6600000000005C
:043A6700000000005B
:043A6800000000005A
:043A69000000000059
:043A6A000000000058
:043A6B000000000057
:043A6C000000000056
:043A6D000000000055
:043A6E000000000054
:043A6F000000000053
:043A70000000000052
:043A71000000000051
:043A72000000000050
:043A7300000000004F
:043A7400000000004E
:043A7500000000004D
:043A7600000000004C
:043A7700000000004B
:043A7800000000004A
:043A79000000000049
:043A7A000000000048
:043A7B000000000047
:043A7C000000000046
:043A7D000000000045
:043A7E000000000044
:043A7F000000000043
:043A80000000000042
:043A81000000000041
:043A82000000000040
:043A8300000000003F
:043A8400000000003E
:043A8500000000003D
:043A8600000000003C
:043A8700000000003B
:043A8800000000003A
:043A89000000000039
:043A8A000000000038
:043A8B000000000037
:043A8C000000000036
:043A8D000000000035
:043A8E000000000034
:043A8F000000000033
:043A90000000000032
:043A91000000000031
:043A92000000000030
:043A9300000000002F
:043A9400000000002E
:043A9500000000002D
:043A9600000000002C
:043A9700000000002B
:043A9800000000002A
:043A99000000000029
:043A9A000000000028
:043A9B000000000027
:043A9C000000000026
:043A9D000000000025
:043A9E000000000024
:043A9F000000000023
:043AA0000000000022
:043AA1000000000021
:043AA2000000000020
:043AA300000000001F
:043AA400000000001E
:043AA500000000001D
:043AA600000000001C
:043AA700000000001B
:043AA800000000001A
:043AA9000000000019
:043AAA000000000018
:043AAB000000000017
:043AAC000000000016
:043AAD000000000015
:043AAE000000000014
:043AAF000000000013
:043AB0000000000012
:043AB1000000000011
:043AB2000000000010
:043AB300000000000F
:043AB400000000000E
:043AB500000000000D
:043AB600000000000C
:043AB700000000000B
:043AB800000000000A
:043AB9000000000009
:043ABA000000000008
:043ABB000000000007
:043ABC000000000006
:043ABD000000000005
:043ABE000000000004
:043ABF000000000003
:043AC0000000000002
:043AC1000000000001
:043AC2000000000000
:043AC30000000000FF
:043AC40000000000FE
:043AC50000000000FD
:043AC60000000000FC
:043AC70000000000FB
:043AC80000000000FA
:043AC90000000000F9
:043ACA0000000000F8
:043ACB0000000000F7
:043ACC0000000000F6
:043ACD0000000000F5
:043ACE0000000000F4
:043ACF0000000000F3
:043AD00000000000F2
:043AD10000000000F1
:043AD20000000000F0
:043AD30000000000EF
:043AD40000000000EE
:043AD50000000000ED
:043AD60000000000EC
:043AD70000000000EB
:043AD80000000000EA
:043AD90000000000E9
:043ADA0000000000E8
:043ADB0000000000E7
:043ADC0000000000E6
:043ADD0000000000E5
:043ADE0000000000E4
:043ADF0000000000E3
:043AE00000000000E2
:043AE10000000000E1
:043AE20000000000E0
:043AE30000000000DF
:043AE40000000000DE
:043AE50000000000DD
:043AE60000000000DC
:043AE70000000000DB
:043AE80000000000DA
:043AE90000000000D9
:043AEA0000000000D8
:043AEB0000000000D7
:043AEC0000000000D6
:043AED0000000000D5
:043AEE0000000000D4
:043AEF0000000000D3
:043AF00000000000D2
:043AF10000000000D1
:043AF20000000000D0
:043AF30000000000CF
:043AF40000000000CE
:043AF50000000000CD
:043AF60000000000CC
:043AF70000000000CB
:043AF80000000000CA
:043AF90000000000C9
:043AFA0000000000C8
:043AFB0000000000C7
:043AFC0000000000C6
:043AFD0000000000C5
:043AFE0000000000C4
:043AFF0000000000C3
:043B000000000000C1
:043B010000000000C0
:043B020000000000BF
:043B030000000000BE
:043B040000000000BD
:043B050000000000BC
:043B060000000000BB
:043B070000000000BA
:043B080000000000B9
:043B090000000000B8
:043B0A0000000000B7
:043B0B0000000000B6
:043B0C0000000000B5
:043B0D0000000000B4
:043B0E0000000000B3
:043B0F0000000000B2
:043B100000000000B1
:043B110000000000B0
:043B120000000000AF
:043B130000000000AE
:043B140000000000AD
:043B150000000000AC
:043B160000000000AB
:043B170000000000AA
:043B180000000000A9
:043B190000000000A8
:043B1A0000000000A7
:043B1B0000000000A6
:043B1C0000000000A5
:043B1D0000000000A4
:043B1E0000000000A3
:043B1F0000000000A2
:043B200000000000A1
:043B210000000000A0
:043B2200000000009F
:043B2300000000009E
:043B2400000000009D
:043B2500000000009C
:043B2600000000009B
:043B2700000000009A
:043B28000000000099
:043B29000000000098
:043B2A000000000097
:043B2B000000000096
:043B2C000000000095
:043B2D000000000094
:043B2E000000000093
:043B2F000000000092
:043B30000000000091
:043B31000000000090
:043B3200000000008F
:043B3300000000008E
:043B3400000000008D
:043B3500000000008C
:043B3600000000008B
:043B3700000000008A
:043B38000000000089
:043B39000000000088
:043B3A000000000087
:043B3B000000000086
:043B3C000000000085
:043B3D000000000084
:043B3E000000000083
:043B3F000000000082
:043B40000000000081
:043B41000000000080
:043B4200000000007F
:043B4300000000007E
:043B4400000000007D
:043B4500000000007C
:043B4600000000007B
:043B4700000000007A
:043B48000000000079
:043B49000000000078
:043B4A000000000077
:043B4B000000000076
:043B4C000000000075
:043B4D000000000074
:043B4E000000000073
:043B4F000000000072
:043B50000000000071
:043B51000000000070
:043B5200000000006F
:043B5300000000006E
:043B5400000000006D
:043B5500000000006C
:043B5600000000006B
:043B5700000000006A
:043B58000000000069
:043B59000000000068
:043B5A000000000067
:043B5B000000000066
:043B5C000000000065
:043B5D000000000064
:043B5E000000000063
:043B5F000000000062
:043B60000000000061
:043B61000000000060
:043B6200000000005F
:043B6300000000005E
:043B6400000000005D
:043B6500000000005C
:043B6600000000005B
:043B6700000000005A
:043B68000000000059
:043B69000000000058
:043B6A000000000057
:043B6B000000000056
:043B6C000000000055
:043B6D000000000054
:043B6E000000000053
:043B6F000000000052
:043B70000000000051
:043B71000000000050
:043B7200000000004F
:043B7300000000004E
:043B7400000000004D
:043B7500000000004C
:043B7600000000004B
:043B7700000000004A
:043B78000000000049
:043B79000000000048
:043B7A000000000047
:043B7B000000000046
:043B7C000000000045
:043B7D000000000044
:043B7E000000000043
:043B7F000000000042
:043B80000000000041
:043B81000000000040
:043B8200000000003F
:043B8300000000003E
:043B8400000000003D
:043B8500000000003C
:043B8600000000003B
:043B8700000000003A
:043B88000000000039
:043B89000000000038
:043B8A000000000037
:043B8B000000000036
:043B8C000000000035
:043B8D000000000034
:043B8E000000000033
:043B8F000000000032
:043B90000000000031
:043B91000000000030
:043B9200000000002F
:043B9300000000002E
:043B9400000000002D
:043B9500000000002C
:043B9600000000002B
:043B9700000000002A
:043B98000000000029
:043B99000000000028
:043B9A000000000027
:043B9B000000000026
:043B9C000000000025
:043B9D000000000024
:043B9E000000000023
:043B9F000000000022
:043BA0000000000021
:043BA1000000000020
:043BA200000000001F
:043BA300000000001E
:043BA400000000001D
:043BA500000000001C
:043BA600000000001B
:043BA700000000001A
:043BA8000000000019
:043BA9000000000018
:043BAA000000000017
:043BAB000000000016
:043BAC000000000015
:043BAD000000000014
:043BAE000000000013
:043BAF000000000012
:043BB0000000000011
:043BB1000000000010
:043BB200000000000F
:043BB300000000000E
:043BB400000000000D
:043BB500000000000C
:043BB600000000000B
:043BB700000000000A
:043BB8000000000009
:043BB9000000000008
:043BBA000000000007
:043BBB000000000006
:043BBC000000000005
:043BBD000000000004
:043BBE000000000003
:043BBF000000000002
:043BC0000000000001
:043BC1000000000000
:043BC20000000000FF
:043BC30000000000FE
:043BC40000000000FD
:043BC50000000000FC
:043BC60000000000FB
:043BC70000000000FA
:043BC80000000000F9
:043BC90000000000F8
:043BCA0000000000F7
:043BCB0000000000F6
:043BCC0000000000F5
:043BCD0000000000F4
:043BCE0000000000F3
:043BCF0000000000F2
:043BD00000000000F1
:043BD10000000000F0
:043BD20000000000EF
:043BD30000000000EE
:043BD40000000000ED
:043BD50000000000EC
:043BD60000000000EB
:043BD70000000000EA
:043BD80000000000E9
:043BD90000000000E8
:043BDA0000000000E7
:043BDB0000000000E6
:043BDC0000000000E5
:043BDD0000000000E4
:043BDE0000000000E3
:043BDF0000000000E2
:043BE00000000000E1
:043BE10000000000E0
:043BE20000000000DF
:043BE30000000000DE
:043BE40000000000DD
:043BE50000000000DC
:043BE60000000000DB
:043BE70000000000DA
:043BE80000000000D9
:043BE90000000000D8
:043BEA0000000000D7
:043BEB0000000000D6
:043BEC0000000000D5
:043BED0000000000D4
:043BEE0000000000D3
:043BEF0000000000D2
:043BF00000000000D1
:043BF10000000000D0
:043BF20000000000CF
:043BF30000000000CE
:043BF40000000000CD
:043BF50000000000CC
:043BF60000000000CB
:043BF70000000000CA
:043BF80000000000C9
:043BF90000000000C8
:043BFA0000000000C7
:043BFB0000000000C6
:043BFC0000000000C5
:043BFD0000000000C4
:043BFE0000000000C3
:043BFF0000000000C2
:043C000000000000C0
:043C010000000000BF
:043C020000000000BE
:043C030000000000BD
:043C040000000000BC
:043C050000000000BB
:043C060000000000BA
:043C070000000000B9
:043C080000000000B8
:043C090000000000B7
:043C0A0000000000B6
:043C0B0000000000B5
:043C0C0000000000B4
:043C0D0000000000B3
:043C0E0000000000B2
:043C0F0000000000B1
:043C100000000000B0
:043C110000000000AF
:043C120000000000AE
:043C130000000000AD
:043C140000000000AC
:043C150000000000AB
:043C160000000000AA
:043C170000000000A9
:043C180000000000A8
:043C190000000000A7
:043C1A0000000000A6
:043C1B0000000000A5
:043C1C0000000000A4
:043C1D0000000000A3
:043C1E0000000000A2
:043C1F0000000000A1
:043C200000000000A0
:043C2100000000009F
:043C2200000000009E
:043C2300000000009D
:043C2400000000009C
:043C2500000000009B
:043C2600000000009A
:043C27000000000099
:043C28000000000098
:043C29000000000097
:043C2A000000000096
:043C2B000000000095
:043C2C000000000094
:043C2D000000000093
:043C2E000000000092
:043C2F000000000091
:043C30000000000090
:043C3100000000008F
:043C3200000000008E
:043C3300000000008D
:043C3400000000008C
:043C3500000000008B
:043C3600000000008A
:043C37000000000089
:043C38000000000088
:043C39000000000087
:043C3A000000000086
:043C3B000000000085
:043C3C000000000084
:043C3D000000000083
:043C3E000000000082
:043C3F000000000081
:043C40000000000080
:043C4100000000007F
:043C4200000000007E
:043C4300000000007D
:043C4400000000007C
:043C4500000000007B
:043C4600000000007A
:043C47000000000079
:043C48000000000078
:043C49000000000077
:043C4A000000000076
:043C4B000000000075
:043C4C000000000074
:043C4D000000000073
:043C4E000000000072
:043C4F000000000071
:043C50000000000070
:043C5100000000006F
:043C5200000000006E
:043C5300000000006D
:043C5400000000006C
:043C5500000000006B
:043C5600000000006A
:043C57000000000069
:043C58000000000068
:043C59000000000067
:043C5A000000000066
:043C5B000000000065
:043C5C000000000064
:043C5D000000000063
:043C5E000000000062
:043C5F000000000061
:043C60000000000060
:043C6100000000005F
:043C6200000000005E
:043C6300000000005D
:043C6400000000005C
:043C6500000000005B
:043C6600000000005A
:043C67000000000059
:043C68000000000058
:043C69000000000057
:043C6A000000000056
:043C6B000000000055
:043C6C000000000054
:043C6D000000000053
:043C6E000000000052
:043C6F000000000051
:043C70000000000050
:043C7100000000004F
:043C7200000000004E
:043C7300000000004D
:043C7400000000004C
:043C7500000000004B
:043C7600000000004A
:043C77000000000049
:043C78000000000048
:043C79000000000047
:043C7A000000000046
:043C7B000000000045
:043C7C000000000044
:043C7D000000000043
:043C7E000000000042
:043C7F000000000041
:043C80000000000040
:043C8100000000003F
:043C8200000000003E
:043C8300000000003D
:043C8400000000003C
:043C8500000000003B
:043C8600000000003A
:043C87000000000039
:043C88000000000038
:043C89000000000037
:043C8A000000000036
:043C8B000000000035
:043C8C000000000034
:043C8D000000000033
:043C8E000000000032
:043C8F000000000031
:043C90000000000030
:043C9100000000002F
:043C9200000000002E
:043C9300000000002D
:043C9400000000002C
:043C9500000000002B
:043C9600000000002A
:043C97000000000029
:043C98000000000028
:043C99000000000027
:043C9A000000000026
:043C9B000000000025
:043C9C000000000024
:043C9D000000000023
:043C9E000000000022
:043C9F000000000021
:043CA0000000000020
:043CA100000000001F
:043CA200000000001E
:043CA300000000001D
:043CA400000000001C
:043CA500000000001B
:043CA600000000001A
:043CA7000000000019
:043CA8000000000018
:043CA9000000000017
:043CAA000000000016
:043CAB000000000015
:043CAC000000000014
:043CAD000000000013
:043CAE000000000012
:043CAF000000000011
:043CB0000000000010
:043CB100000000000F
:043CB200000000000E
:043CB300000000000D
:043CB400000000000C
:043CB500000000000B
:043CB600000000000A
:043CB7000000000009
:043CB8000000000008
:043CB9000000000007
:043CBA000000000006
:043CBB000000000005
:043CBC000000000004
:043CBD000000000003
:043CBE000000000002
:043CBF000000000001
:043CC0000000000000
:043CC10000000000FF
:043CC20000000000FE
:043CC30000000000FD
:043CC40000000000FC
:043CC50000000000FB
:043CC60000000000FA
:043CC70000000000F9
:043CC80000000000F8
:043CC90000000000F7
:043CCA0000000000F6
:043CCB0000000000F5
:043CCC0000000000F4
:043CCD0000000000F3
:043CCE0000000000F2
:043CCF0000000000F1
:043CD00000000000F0
:043CD10000000000EF
:043CD20000000000EE
:043CD30000000000ED
:043CD40000000000EC
:043CD50000000000EB
:043CD60000000000EA
:043CD70000000000E9
:043CD80000000000E8
:043CD90000000000E7
:043CDA0000000000E6
:043CDB0000000000E5
:043CDC0000000000E4
:043CDD0000000000E3
:043CDE0000000000E2
:043CDF0000000000E1
:043CE00000000000E0
:043CE10000000000DF
:043CE20000000000DE
:043CE30000000000DD
:043CE40000000000DC
:043CE50000000000DB
:043CE60000000000DA
:043CE70000000000D9
:043CE80000000000D8
:043CE90000000000D7
:043CEA0000000000D6
:043CEB0000000000D5
:043CEC0000000000D4
:043CED0000000000D3
:043CEE0000000000D2
:043CEF0000000000D1
:043CF00000000000D0
:043CF10000000000CF
:043CF20000000000CE
:043CF30000000000CD
:043CF40000000000CC
:043CF50000000000CB
:043CF60000000000CA
:043CF70000000000C9
:043CF80000000000C8
:043CF90000000000C7
:043CFA0000000000C6
:043CFB0000000000C5
:043CFC0000000000C4
:043CFD0000000000C3
:043CFE0000000000C2
:043CFF0000000000C1
:043D000000000000BF
:043D010000000000BE
:043D020000000000BD
:043D030000000000BC
:043D040000000000BB
:043D050000000000BA
:043D060000000000B9
:043D070000000000B8
:043D080000000000B7
:043D090000000000B6
:043D0A0000000000B5
:043D0B0000000000B4
:043D0C0000000000B3
:043D0D0000000000B2
:043D0E0000000000B1
:043D0F0000000000B0
:043D100000000000AF
:043D110000000000AE
:043D120000000000AD
:043D130000000000AC
:043D140000000000AB
:043D150000000000AA
:043D160000000000A9
:043D170000000000A8
:043D180000000000A7
:043D190000000000A6
:043D1A0000000000A5
:043D1B0000000000A4
:043D1C0000000000A3
:043D1D0000000000A2
:043D1E0000000000A1
:043D1F0000000000A0
:043D2000000000009F
:043D2100000000009E
:043D2200000000009D
:043D2300000000009C
:043D2400000000009B
:043D2500000000009A
:043D26000000000099
:043D27000000000098
:043D28000000000097
:043D29000000000096
:043D2A000000000095
:043D2B000000000094
:043D2C000000000093
:043D2D000000000092
:043D2E000000000091
:043D2F000000000090
:043D3000000000008F
:043D3100000000008E
:043D3200000000008D
:043D3300000000008C
:043D3400000000008B
:043D3500000000008A
:043D36000000000089
:043D37000000000088
:043D38000000000087
:043D39000000000086
:043D3A000000000085
:043D3B000000000084
:043D3C000000000083
:043D3D000000000082
:043D3E000000000081
:043D3F000000000080
:043D4000000000007F
:043D4100000000007E
:043D4200000000007D
:043D4300000000007C
:043D4400000000007B
:043D4500000000007A
:043D46000000000079
:043D47000000000078
:043D48000000000077
:043D49000000000076
:043D4A000000000075
:043D4B000000000074
:043D4C000000000073
:043D4D000000000072
:043D4E000000000071
:043D4F000000000070
:043D5000000000006F
:043D5100000000006E
:043D5200000000006D
:043D5300000000006C
:043D5400000000006B
:043D5500000000006A
:043D56000000000069
:043D57000000000068
:043D58000000000067
:043D59000000000066
:043D5A000000000065
:043D5B000000000064
:043D5C000000000063
:043D5D000000000062
:043D5E000000000061
:043D5F000000000060
:043D6000000000005F
:043D6100000000005E
:043D6200000000005D
:043D6300000000005C
:043D6400000000005B
:043D6500000000005A
:043D66000000000059
:043D67000000000058
:043D68000000000057
:043D69000000000056
:043D6A000000000055
:043D6B000000000054
:043D6C000000000053
:043D6D000000000052
:043D6E000000000051
:043D6F000000000050
:043D7000000000004F
:043D7100000000004E
:043D7200000000004D
:043D7300000000004C
:043D7400000000004B
:043D7500000000004A
:043D76000000000049
:043D77000000000048
:043D78000000000047
:043D79000000000046
:043D7A000000000045
:043D7B000000000044
:043D7C000000000043
:043D7D000000000042
:043D7E000000000041
:043D7F000000000040
:043D8000000000003F
:043D8100000000003E
:043D8200000000003D
:043D8300000000003C
:043D8400000000003B
:043D8500000000003A
:043D86000000000039
:043D87000000000038
:043D88000000000037
:043D89000000000036
:043D8A000000000035
:043D8B000000000034
:043D8C000000000033
:043D8D000000000032
:043D8E000000000031
:043D8F000000000030
:043D9000000000002F
:043D9100000000002E
:043D9200000000002D
:043D9300000000002C
:043D9400000000002B
:043D9500000000002A
:043D96000000000029
:043D97000000000028
:043D98000000000027
:043D99000000000026
:043D9A000000000025
:043D9B000000000024
:043D9C000000000023
:043D9D000000000022
:043D9E000000000021
:043D9F000000000020
:043DA000000000001F
:043DA100000000001E
:043DA200000000001D
:043DA300000000001C
:043DA400000000001B
:043DA500000000001A
:043DA6000000000019
:043DA7000000000018
:043DA8000000000017
:043DA9000000000016
:043DAA000000000015
:043DAB000000000014
:043DAC000000000013
:043DAD000000000012
:043DAE000000000011
:043DAF000000000010
:043DB000000000000F
:043DB100000000000E
:043DB200000000000D
:043DB300000000000C
:043DB400000000000B
:043DB500000000000A
:043DB6000000000009
:043DB7000000000008
:043DB8000000000007
:043DB9000000000006
:043DBA000000000005
:043DBB000000000004
:043DBC000000000003
:043DBD000000000002
:043DBE000000000001
:043DBF000000000000
:043DC00000000000FF
:043DC10000000000FE
:043DC20000000000FD
:043DC30000000000FC
:043DC40000000000FB
:043DC50000000000FA
:043DC60000000000F9
:043DC70000000000F8
:043DC80000000000F7
:043DC90000000000F6
:043DCA0000000000F5
:043DCB0000000000F4
:043DCC0000000000F3
:043DCD0000000000F2
:043DCE0000000000F1
:043DCF0000000000F0
:043DD00000000000EF
:043DD10000000000EE
:043DD20000000000ED
:043DD30000000000EC
:043DD40000000000EB
:043DD50000000000EA
:043DD60000000000E9
:043DD70000000000E8
:043DD80000000000E7
:043DD90000000000E6
:043DDA0000000000E5
:043DDB0000000000E4
:043DDC0000000000E3
:043DDD0000000000E2
:043DDE0000000000E1
:043DDF0000000000E0
:043DE00000000000DF
:043DE10000000000DE
:043DE20000000000DD
:043DE30000000000DC
:043DE40000000000DB
:043DE50000000000DA
:043DE60000000000D9
:043DE70000000000D8
:043DE80000000000D7
:043DE90000000000D6
:043DEA0000000000D5
:043DEB0000000000D4
:043DEC0000000000D3
:043DED0000000000D2
:043DEE0000000000D1
:043DEF0000000000D0
:043DF00000000000CF
:043DF10000000000CE
:043DF20000000000CD
:043DF30000000000CC
:043DF40000000000CB
:043DF50000000000CA
:043DF60000000000C9
:043DF70000000000C8
:043DF80000000000C7
:043DF90000000000C6
:043DFA0000000000C5
:043DFB0000000000C4
:043DFC0000000000C3
:043DFD0000000000C2
:043DFE0000000000C1
:043DFF0000000000C0
:043E000000000000BE
:043E010000000000BD
:043E020000000000BC
:043E030000000000BB
:043E040000000000BA
:043E050000000000B9
:043E060000000000B8
:043E070000000000B7
:043E080000000000B6
:043E090000000000B5
:043E0A0000000000B4
:043E0B0000000000B3
:043E0C0000000000B2
:043E0D0000000000B1
:043E0E0000000000B0
:043E0F0000000000AF
:043E100000000000AE
:043E110000000000AD
:043E120000000000AC
:043E130000000000AB
:043E140000000000AA
:043E150000000000A9
:043E160000000000A8
:043E170000000000A7
:043E180000000000A6
:043E190000000000A5
:043E1A0000000000A4
:043E1B0000000000A3
:043E1C0000000000A2
:043E1D0000000000A1
:043E1E0000000000A0
:043E1F00000000009F
:043E2000000000009E
:043E2100000000009D
:043E2200000000009C
:043E2300000000009B
:043E2400000000009A
:043E25000000000099
:043E26000000000098
:043E27000000000097
:043E28000000000096
:043E29000000000095
:043E2A000000000094
:043E2B000000000093
:043E2C000000000092
:043E2D000000000091
:043E2E000000000090
:043E2F00000000008F
:043E3000000000008E
:043E3100000000008D
:043E3200000000008C
:043E3300000000008B
:043E3400000000008A
:043E35000000000089
:043E36000000000088
:043E37000000000087
:043E38000000000086
:043E39000000000085
:043E3A000000000084
:043E3B000000000083
:043E3C000000000082
:043E3D000000000081
:043E3E000000000080
:043E3F00000000007F
:043E4000000000007E
:043E4100000000007D
:043E4200000000007C
:043E4300000000007B
:043E4400000000007A
:043E45000000000079
:043E46000000000078
:043E47000000000077
:043E48000000000076
:043E49000000000075
:043E4A000000000074
:043E4B000000000073
:043E4C000000000072
:043E4D000000000071
:043E4E000000000070
:043E4F00000000006F
:043E5000000000006E
:043E5100000000006D
:043E5200000000006C
:043E5300000000006B
:043E5400000000006A
:043E55000000000069
:043E56000000000068
:043E57000000000067
:043E58000000000066
:043E59000000000065
:043E5A000000000064
:043E5B000000000063
:043E5C000000000062
:043E5D000000000061
:043E5E000000000060
:043E5F00000000005F
:043E6000000000005E
:043E6100000000005D
:043E6200000000005C
:043E6300000000005B
:043E6400000000005A
:043E65000000000059
:043E66000000000058
:043E67000000000057
:043E68000000000056
:043E69000000000055
:043E6A000000000054
:043E6B000000000053
:043E6C000000000052
:043E6D000000000051
:043E6E000000000050
:043E6F00000000004F
:043E7000000000004E
:043E7100000000004D
:043E7200000000004C
:043E7300000000004B
:043E7400000000004A
:043E75000000000049
:043E76000000000048
:043E77000000000047
:043E78000000000046
:043E79000000000045
:043E7A000000000044
:043E7B000000000043
:043E7C000000000042
:043E7D000000000041
:043E7E000000000040
:043E7F00000000003F
:043E8000000000003E
:043E8100000000003D
:043E8200000000003C
:043E8300000000003B
:043E8400000000003A
:043E85000000000039
:043E86000000000038
:043E87000000000037
:043E88000000000036
:043E89000000000035
:043E8A000000000034
:043E8B000000000033
:043E8C000000000032
:043E8D000000000031
:043E8E000000000030
:043E8F00000000002F
:043E9000000000002E
:043E9100000000002D
:043E9200000000002C
:043E9300000000002B
:043E9400000000002A
:043E95000000000029
:043E96000000000028
:043E97000000000027
:043E98000000000026
:043E99000000000025
:043E9A000000000024
:043E9B000000000023
:043E9C000000000022
:043E9D000000000021
:043E9E000000000020
:043E9F00000000001F
:043EA000000000001E
:043EA100000000001D
:043EA200000000001C
:043EA300000000001B
:043EA400000000001A
:043EA5000000000019
:043EA6000000000018
:043EA7000000000017
:043EA8000000000016
:043EA9000000000015
:043EAA000000000014
:043EAB000000000013
:043EAC000000000012
:043EAD000000000011
:043EAE000000000010
:043EAF00000000000F
:043EB000000000000E
:043EB100000000000D
:043EB200000000000C
:043EB300000000000B
:043EB400000000000A
:043EB5000000000009
:043EB6000000000008
:043EB7000000000007
:043EB8000000000006
:043EB9000000000005
:043EBA000000000004
:043EBB000000000003
:043EBC000000000002
:043EBD000000000001
:043EBE000000000000
:043EBF0000000000FF
:043EC00000000000FE
:043EC10000000000FD
:043EC20000000000FC
:043EC30000000000FB
:043EC40000000000FA
:043EC50000000000F9
:043EC60000000000F8
:043EC70000000000F7
:043EC80000000000F6
:043EC90000000000F5
:043ECA0000000000F4
:043ECB0000000000F3
:043ECC0000000000F2
:043ECD0000000000F1
:043ECE0000000000F0
:043ECF0000000000EF
:043ED00000000000EE
:043ED10000000000ED
:043ED20000000000EC
:043ED30000000000EB
:043ED40000000000EA
:043ED50000000000E9
:043ED60000000000E8
:043ED70000000000E7
:043ED80000000000E6
:043ED90000000000E5
:043EDA0000000000E4
:043EDB0000000000E3
:043EDC0000000000E2
:043EDD0000000000E1
:043EDE0000000000E0
:043EDF0000000000DF
:043EE00000000000DE
:043EE10000000000DD
:043EE20000000000DC
:043EE30000000000DB
:043EE40000000000DA
:043EE50000000000D9
:043EE60000000000D8
:043EE70000000000D7
:043EE80000000000D6
:043EE90000000000D5
:043EEA0000000000D4
:043EEB0000000000D3
:043EEC0000000000D2
:043EED0000000000D1
:043EEE0000000000D0
:043EEF0000000000CF
:043EF00000000000CE
:043EF10000000000CD
:043EF20000000000CC
:043EF30000000000CB
:043EF40000000000CA
:043EF50000000000C9
:043EF60000000000C8
:043EF70000000000C7
:043EF80000000000C6
:043EF90000000000C5
:043EFA0000000000C4
:043EFB0000000000C3
:043EFC0000000000C2
:043EFD0000000000C1
:043EFE0000000000C0
:043EFF0000000000BF
:043F000000000000BD
:043F010000000000BC
:043F020000000000BB
:043F030000000000BA
:043F040000000000B9
:043F050000000000B8
:043F060000000000B7
:043F070000000000B6
:043F080000000000B5
:043F090000000000B4
:043F0A0000000000B3
:043F0B0000000000B2
:043F0C0000000000B1
:043F0D0000000000B0
:043F0E0000000000AF
:043F0F0000000000AE
:043F100000000000AD
:043F110000000000AC
:043F120000000000AB
:043F130000000000AA
:043F140000000000A9
:043F150000000000A8
:043F160000000000A7
:043F170000000000A6
:043F180000000000A5
:043F190000000000A4
:043F1A0000000000A3
:043F1B0000000000A2
:043F1C0000000000A1
:043F1D0000000000A0
:043F1E00000000009F
:043F1F00000000009E
:043F2000000000009D
:043F2100000000009C
:043F2200000000009B
:043F2300000000009A
:043F24000000000099
:043F25000000000098
:043F26000000000097
:043F27000000000096
:043F28000000000095
:043F29000000000094
:043F2A000000000093
:043F2B000000000092
:043F2C000000000091
:043F2D000000000090
:043F2E00000000008F
:043F2F00000000008E
:043F3000000000008D
:043F3100000000008C
:043F3200000000008B
:043F3300000000008A
:043F34000000000089
:043F35000000000088
:043F36000000000087
:043F37000000000086
:043F38000000000085
:043F39000000000084
:043F3A000000000083
:043F3B000000000082
:043F3C000000000081
:043F3D000000000080
:043F3E00000000007F
:043F3F00000000007E
:043F4000000000007D
:043F4100000000007C
:043F4200000000007B
:043F4300000000007A
:043F44000000000079
:043F45000000000078
:043F46000000000077
:043F47000000000076
:043F48000000000075
:043F49000000000074
:043F4A000000000073
:043F4B000000000072
:043F4C000000000071
:043F4D000000000070
:043F4E00000000006F
:043F4F00000000006E
:043F5000000000006D
:043F5100000000006C
:043F5200000000006B
:043F5300000000006A
:043F54000000000069
:043F55000000000068
:043F56000000000067
:043F57000000000066
:043F58000000000065
:043F59000000000064
:043F5A000000000063
:043F5B000000000062
:043F5C000000000061
:043F5D000000000060
:043F5E00000000005F
:043F5F00000000005E
:043F6000000000005D
:043F6100000000005C
:043F6200000000005B
:043F6300000000005A
:043F64000000000059
:043F65000000000058
:043F66000000000057
:043F67000000000056
:043F68000000000055
:043F69000000000054
:043F6A000000000053
:043F6B000000000052
:043F6C000000000051
:043F6D000000000050
:043F6E00000000004F
:043F6F00000000004E
:043F7000000000004D
:043F7100000000004C
:043F7200000000004B
:043F7300000000004A
:043F74000000000049
:043F75000000000048
:043F76000000000047
:043F77000000000046
:043F78000000000045
:043F79000000000044
:043F7A000000000043
:043F7B000000000042
:043F7C000000000041
:043F7D000000000040
:043F7E00000000003F
:043F7F00000000003E
:043F8000000000003D
:043F8100000000003C
:043F8200000000003B
:043F8300000000003A
:043F84000000000039
:043F85000000000038
:043F86000000000037
:043F87000000000036
:043F88000000000035
:043F89000000000034
:043F8A000000000033
:043F8B000000000032
:043F8C000000000031
:043F8D000000000030
:043F8E00000000002F
:043F8F00000000002E
:043F9000000000002D
:043F9100000000002C
:043F9200000000002B
:043F9300000000002A
:043F94000000000029
:043F95000000000028
:043F96000000000027
:043F97000000000026
:043F98000000000025
:043F99000000000024
:043F9A000000000023
:043F9B000000000022
:043F9C000000000021
:043F9D000000000020
:043F9E00000000001F
:043F9F00000000001E
:043FA000000000001D
:043FA100000000001C
:043FA200000000001B
:043FA300000000001A
:043FA4000000000019
:043FA5000000000018
:043FA6000000000017
:043FA7000000000016
:043FA8000000000015
:043FA9000000000014
:043FAA000000000013
:043FAB000000000012
:043FAC000000000011
:043FAD000000000010
:043FAE00000000000F
:043FAF00000000000E
:043FB000000000000D
:043FB100000000000C
:043FB200000000000B
:043FB300000000000A
:043FB4000000000009
:043FB5000000000008
:043FB6000000000007
:043FB7000000000006
:043FB8000000000005
:043FB9000000000004
:043FBA000000000003
:043FBB000000000002
:043FBC000000000001
:043FBD000000000000
:043FBE0000000000FF
:043FBF0000000000FE
:043FC00000000000FD
:043FC10000000000FC
:043FC20000000000FB
:043FC30000000000FA
:043FC40000000000F9
:043FC50000000000F8
:043FC60000000000F7
:043FC70000000000F6
:043FC80000000000F5
:043FC90000000000F4
:043FCA0000000000F3
:043FCB0000000000F2
:043FCC0000000000F1
:043FCD0000000000F0
:043FCE0000000000EF
:043FCF0000000000EE
:043FD00000000000ED
:043FD10000000000EC
:043FD20000000000EB
:043FD30000000000EA
:043FD40000000000E9
:043FD50000000000E8
:043FD60000000000E7
:043FD70000000000E6
:043FD80000000000E5
:043FD90000000000E4
:043FDA0000000000E3
:043FDB0000000000E2
:043FDC0000000000E1
:043FDD0000000000E0
:043FDE0000000000DF
:043FDF0000000000DE
:043FE00000000000DD
:043FE10000000000DC
:043FE20000000000DB
:043FE30000000000DA
:043FE40000000000D9
:043FE50000000000D8
:043FE60000000000D7
:043FE70000000000D6
:043FE80000000000D5
:043FE90000000000D4
:043FEA0000000000D3
:043FEB0000000000D2
:043FEC0000000000D1
:043FED0000000000D0
:043FEE0000000000CF
:043FEF0000000000CE
:043FF00000000000CD
:043FF10000000000CC
:043FF20000000000CB
:043FF30000000000CA
:043FF40000000000C9
:043FF50000000000C8
:043FF60000000000C7
:043FF70000000000C6
:043FF80000000000C5
:043FF90000000000C4
:043FFA0000000000C3
:043FFB0000000000C2
:043FFC0000000000C1
:043FFD0000000000C0
:043FFE0000000000BF
:043FFF0000000000BE
:0440000000000000BC
:0440010000000000BB
:0440020000000000BA
:0440030000000000B9
:0440040000000000B8
:0440050000000000B7
:0440060000000000B6
:0440070000000000B5
:0440080000000000B4
:0440090000000000B3
:04400A0000000000B2
:04400B0000000000B1
:04400C0000000000B0
:04400D0000000000AF
:04400E0000000000AE
:04400F0000000000AD
:0440100000000000AC
:0440110000000000AB
:0440120000000000AA
:0440130000000000A9
:0440140000000000A8
:0440150000000000A7
:0440160000000000A6
:0440170000000000A5
:0440180000000000A4
:0440190000000000A3
:04401A0000000000A2
:04401B0000000000A1
:04401C0000000000A0
:04401D00000000009F
:04401E00000000009E
:04401F00000000009D
:04402000000000009C
:04402100000000009B
:04402200000000009A
:044023000000000099
:044024000000000098
:044025000000000097
:044026000000000096
:044027000000000095
:044028000000000094
:044029000000000093
:04402A000000000092
:04402B000000000091
:04402C000000000090
:04402D00000000008F
:04402E00000000008E
:04402F00000000008D
:04403000000000008C
:04403100000000008B
:04403200000000008A
:044033000000000089
:044034000000000088
:044035000000000087
:044036000000000086
:044037000000000085
:044038000000000084
:044039000000000083
:04403A000000000082
:04403B000000000081
:04403C000000000080
:04403D00000000007F
:04403E00000000007E
:04403F00000000007D
:04404000000000007C
:04404100000000007B
:04404200000000007A
:044043000000000079
:044044000000000078
:044045000000000077
:044046000000000076
:044047000000000075
:044048000000000074
:044049000000000073
:04404A000000000072
:04404B000000000071
:04404C000000000070
:04404D00000000006F
:04404E00000000006E
:04404F00000000006D
:04405000000000006C
:04405100000000006B
:04405200000000006A
:044053000000000069
:044054000000000068
:044055000000000067
:044056000000000066
:044057000000000065
:044058000000000064
:044059000000000063
:04405A000000000062
:04405B000000000061
:04405C000000000060
:04405D00000000005F
:04405E00000000005E
:04405F00000000005D
:04406000000000005C
:04406100000000005B
:04406200000000005A
:044063000000000059
:044064000000000058
:044065000000000057
:044066000000000056
:044067000000000055
:044068000000000054
:044069000000000053
:04406A000000000052
:04406B000000000051
:04406C000000000050
:04406D00000000004F
:04406E00000000004E
:04406F00000000004D
:04407000000000004C
:04407100000000004B
:04407200000000004A
:044073000000000049
:044074000000000048
:044075000000000047
:044076000000000046
:044077000000000045
:044078000000000044
:044079000000000043
:04407A000000000042
:04407B000000000041
:04407C000000000040
:04407D00000000003F
:04407E00000000003E
:04407F00000000003D
:04408000000000003C
:04408100000000003B
:04408200000000003A
:044083000000000039
:044084000000000038
:044085000000000037
:044086000000000036
:044087000000000035
:044088000000000034
:044089000000000033
:04408A000000000032
:04408B000000000031
:04408C000000000030
:04408D00000000002F
:04408E00000000002E
:04408F00000000002D
:04409000000000002C
:04409100000000002B
:04409200000000002A
:044093000000000029
:044094000000000028
:044095000000000027
:044096000000000026
:044097000000000025
:044098000000000024
:044099000000000023
:04409A000000000022
:04409B000000000021
:04409C000000000020
:04409D00000000001F
:04409E00000000001E
:04409F00000000001D
:0440A000000000001C
:0440A100000000001B
:0440A200000000001A
:0440A3000000000019
:0440A4000000000018
:0440A5000000000017
:0440A6000000000016
:0440A7000000000015
:0440A8000000000014
:0440A9000000000013
:0440AA000000000012
:0440AB000000000011
:0440AC000000000010
:0440AD00000000000F
:0440AE00000000000E
:0440AF00000000000D
:0440B000000000000C
:0440B100000000000B
:0440B200000000000A
:0440B3000000000009
:0440B4000000000008
:0440B5000000000007
:0440B6000000000006
:0440B7000000000005
:0440B8000000000004
:0440B9000000000003
:0440BA000000000002
:0440BB000000000001
:0440BC000000000000
:0440BD0000000000FF
:0440BE0000000000FE
:0440BF0000000000FD
:0440C00000000000FC
:0440C10000000000FB
:0440C20000000000FA
:0440C30000000000F9
:0440C40000000000F8
:0440C50000000000F7
:0440C60000000000F6
:0440C70000000000F5
:0440C80000000000F4
:0440C90000000000F3
:0440CA0000000000F2
:0440CB0000000000F1
:0440CC0000000000F0
:0440CD0000000000EF
:0440CE0000000000EE
:0440CF0000000000ED
:0440D00000000000EC
:0440D10000000000EB
:0440D20000000000EA
:0440D30000000000E9
:0440D40000000000E8
:0440D50000000000E7
:0440D60000000000E6
:0440D70000000000E5
:0440D80000000000E4
:0440D90000000000E3
:0440DA0000000000E2
:0440DB0000000000E1
:0440DC0000000000E0
:0440DD0000000000DF
:0440DE0000000000DE
:0440DF0000000000DD
:0440E00000000000DC
:0440E10000000000DB
:0440E20000000000DA
:0440E30000000000D9
:0440E40000000000D8
:0440E50000000000D7
:0440E60000000000D6
:0440E70000000000D5
:0440E80000000000D4
:0440E90000000000D3
:0440EA0000000000D2
:0440EB0000000000D1
:0440EC0000000000D0
:0440ED0000000000CF
:0440EE0000000000CE
:0440EF0000000000CD
:0440F00000000000CC
:0440F10000000000CB
:0440F20000000000CA
:0440F30000000000C9
:0440F40000000000C8
:0440F50000000000C7
:0440F60000000000C6
:0440F70000000000C5
:0440F80000000000C4
:0440F90000000000C3
:0440FA0000000000C2
:0440FB0000000000C1
:0440FC0000000000C0
:0440FD0000000000BF
:0440FE0000000000BE
:0440FF0000000000BD
:0441000000000000BB
:0441010000000000BA
:0441020000000000B9
:0441030000000000B8
:0441040000000000B7
:0441050000000000B6
:0441060000000000B5
:0441070000000000B4
:0441080000000000B3
:0441090000000000B2
:04410A0000000000B1
:04410B0000000000B0
:04410C0000000000AF
:04410D0000000000AE
:04410E0000000000AD
:04410F0000000000AC
:0441100000000000AB
:0441110000000000AA
:0441120000000000A9
:0441130000000000A8
:0441140000000000A7
:0441150000000000A6
:0441160000000000A5
:0441170000000000A4
:0441180000000000A3
:0441190000000000A2
:04411A0000000000A1
:04411B0000000000A0
:04411C00000000009F
:04411D00000000009E
:04411E00000000009D
:04411F00000000009C
:04412000000000009B
:04412100000000009A
:044122000000000099
:044123000000000098
:044124000000000097
:044125000000000096
:044126000000000095
:044127000000000094
:044128000000000093
:044129000000000092
:04412A000000000091
:04412B000000000090
:04412C00000000008F
:04412D00000000008E
:04412E00000000008D
:04412F00000000008C
:04413000000000008B
:04413100000000008A
:044132000000000089
:044133000000000088
:044134000000000087
:044135000000000086
:044136000000000085
:044137000000000084
:044138000000000083
:044139000000000082
:04413A000000000081
:04413B000000000080
:04413C00000000007F
:04413D00000000007E
:04413E00000000007D
:04413F00000000007C
:04414000000000007B
:04414100000000007A
:044142000000000079
:044143000000000078
:044144000000000077
:044145000000000076
:044146000000000075
:044147000000000074
:044148000000000073
:044149000000000072
:04414A000000000071
:04414B000000000070
:04414C00000000006F
:04414D00000000006E
:04414E00000000006D
:04414F00000000006C
:04415000000000006B
:04415100000000006A
:044152000000000069
:044153000000000068
:044154000000000067
:044155000000000066
:044156000000000065
:044157000000000064
:044158000000000063
:044159000000000062
:04415A000000000061
:04415B000000000060
:04415C00000000005F
:04415D00000000005E
:04415E00000000005D
:04415F00000000005C
:04416000000000005B
:04416100000000005A
:044162000000000059
:044163000000000058
:044164000000000057
:044165000000000056
:044166000000000055
:044167000000000054
:044168000000000053
:044169000000000052
:04416A000000000051
:04416B000000000050
:04416C00000000004F
:04416D00000000004E
:04416E00000000004D
:04416F00000000004C
:04417000000000004B
:04417100000000004A
:044172000000000049
:044173000000000048
:044174000000000047
:044175000000000046
:044176000000000045
:044177000000000044
:044178000000000043
:044179000000000042
:04417A000000000041
:04417B000000000040
:04417C00000000003F
:04417D00000000003E
:04417E00000000003D
:04417F00000000003C
:04418000000000003B
:04418100000000003A
:044182000000000039
:044183000000000038
:044184000000000037
:044185000000000036
:044186000000000035
:044187000000000034
:044188000000000033
:044189000000000032
:04418A000000000031
:04418B000000000030
:04418C00000000002F
:04418D00000000002E
:04418E00000000002D
:04418F00000000002C
:04419000000000002B
:04419100000000002A
:044192000000000029
:044193000000000028
:044194000000000027
:044195000000000026
:044196000000000025
:044197000000000024
:044198000000000023
:044199000000000022
:04419A000000000021
:04419B000000000020
:04419C00000000001F
:04419D00000000001E
:04419E00000000001D
:04419F00000000001C
:0441A000000000001B
:0441A100000000001A
:0441A2000000000019
:0441A3000000000018
:0441A4000000000017
:0441A5000000000016
:0441A6000000000015
:0441A7000000000014
:0441A8000000000013
:0441A9000000000012
:0441AA000000000011
:0441AB000000000010
:0441AC00000000000F
:0441AD00000000000E
:0441AE00000000000D
:0441AF00000000000C
:0441B000000000000B
:0441B100000000000A
:0441B2000000000009
:0441B3000000000008
:0441B4000000000007
:0441B5000000000006
:0441B6000000000005
:0441B7000000000004
:0441B8000000000003
:0441B9000000000002
:0441BA000000000001
:0441BB000000000000
:0441BC0000000000FF
:0441BD0000000000FE
:0441BE0000000000FD
:0441BF0000000000FC
:0441C00000000000FB
:0441C10000000000FA
:0441C20000000000F9
:0441C30000000000F8
:0441C40000000000F7
:0441C50000000000F6
:0441C60000000000F5
:0441C70000000000F4
:0441C80000000000F3
:0441C90000000000F2
:0441CA0000000000F1
:0441CB0000000000F0
:0441CC0000000000EF
:0441CD0000000000EE
:0441CE0000000000ED
:0441CF0000000000EC
:0441D00000000000EB
:0441D10000000000EA
:0441D20000000000E9
:0441D30000000000E8
:0441D40000000000E7
:0441D50000000000E6
:0441D60000000000E5
:0441D70000000000E4
:0441D80000000000E3
:0441D90000000000E2
:0441DA0000000000E1
:0441DB0000000000E0
:0441DC0000000000DF
:0441DD0000000000DE
:0441DE0000000000DD
:0441DF0000000000DC
:0441E00000000000DB
:0441E10000000000DA
:0441E20000000000D9
:0441E30000000000D8
:0441E40000000000D7
:0441E50000000000D6
:0441E60000000000D5
:0441E70000000000D4
:0441E80000000000D3
:0441E90000000000D2
:0441EA0000000000D1
:0441EB0000000000D0
:0441EC0000000000CF
:0441ED0000000000CE
:0441EE0000000000CD
:0441EF0000000000CC
:0441F00000000000CB
:0441F10000000000CA
:0441F20000000000C9
:0441F30000000000C8
:0441F40000000000C7
:0441F50000000000C6
:0441F60000000000C5
:0441F70000000000C4
:0441F80000000000C3
:0441F90000000000C2
:0441FA0000000000C1
:0441FB0000000000C0
:0441FC0000000000BF
:0441FD0000000000BE
:0441FE0000000000BD
:0441FF0000000000BC
:0442000000000000BA
:0442010000000000B9
:0442020000000000B8
:0442030000000000B7
:0442040000000000B6
:0442050000000000B5
:0442060000000000B4
:0442070000000000B3
:0442080000000000B2
:0442090000000000B1
:04420A0000000000B0
:04420B0000000000AF
:04420C0000000000AE
:04420D0000000000AD
:04420E0000000000AC
:04420F0000000000AB
:0442100000000000AA
:0442110000000000A9
:0442120000000000A8
:0442130000000000A7
:0442140000000000A6
:0442150000000000A5
:0442160000000000A4
:0442170000000000A3
:0442180000000000A2
:0442190000000000A1
:04421A0000000000A0
:04421B00000000009F
:04421C00000000009E
:04421D00000000009D
:04421E00000000009C
:04421F00000000009B
:04422000000000009A
:044221000000000099
:044222000000000098
:044223000000000097
:044224000000000096
:044225000000000095
:044226000000000094
:044227000000000093
:044228000000000092
:044229000000000091
:04422A000000000090
:04422B00000000008F
:04422C00000000008E
:04422D00000000008D
:04422E00000000008C
:04422F00000000008B
:04423000000000008A
:044231000000000089
:044232000000000088
:044233000000000087
:044234000000000086
:044235000000000085
:044236000000000084
:044237000000000083
:044238000000000082
:044239000000000081
:04423A000000000080
:04423B00000000007F
:04423C00000000007E
:04423D00000000007D
:04423E00000000007C
:04423F00000000007B
:04424000000000007A
:044241000000000079
:044242000000000078
:044243000000000077
:044244000000000076
:044245000000000075
:044246000000000074
:044247000000000073
:044248000000000072
:044249000000000071
:04424A000000000070
:04424B00000000006F
:04424C00000000006E
:04424D00000000006D
:04424E00000000006C
:04424F00000000006B
:04425000000000006A
:044251000000000069
:044252000000000068
:044253000000000067
:044254000000000066
:044255000000000065
:044256000000000064
:044257000000000063
:044258000000000062
:044259000000000061
:04425A000000000060
:04425B00000000005F
:04425C00000000005E
:04425D00000000005D
:04425E00000000005C
:04425F00000000005B
:04426000000000005A
:044261000000000059
:044262000000000058
:044263000000000057
:044264000000000056
:044265000000000055
:044266000000000054
:044267000000000053
:044268000000000052
:044269000000000051
:04426A000000000050
:04426B00000000004F
:04426C00000000004E
:04426D00000000004D
:04426E00000000004C
:04426F00000000004B
:04427000000000004A
:044271000000000049
:044272000000000048
:044273000000000047
:044274000000000046
:044275000000000045
:044276000000000044
:044277000000000043
:044278000000000042
:044279000000000041
:04427A000000000040
:04427B00000000003F
:04427C00000000003E
:04427D00000000003D
:04427E00000000003C
:04427F00000000003B
:04428000000000003A
:044281000000000039
:044282000000000038
:044283000000000037
:044284000000000036
:044285000000000035
:044286000000000034
:044287000000000033
:044288000000000032
:044289000000000031
:04428A000000000030
:04428B00000000002F
:04428C00000000002E
:04428D00000000002D
:04428E00000000002C
:04428F00000000002B
:04429000000000002A
:044291000000000029
:044292000000000028
:044293000000000027
:044294000000000026
:044295000000000025
:044296000000000024
:044297000000000023
:044298000000000022
:044299000000000021
:04429A000000000020
:04429B00000000001F
:04429C00000000001E
:04429D00000000001D
:04429E00000000001C
:04429F00000000001B
:0442A000000000001A
:0442A1000000000019
:0442A2000000000018
:0442A3000000000017
:0442A4000000000016
:0442A5000000000015
:0442A6000000000014
:0442A7000000000013
:0442A8000000000012
:0442A9000000000011
:0442AA000000000010
:0442AB00000000000F
:0442AC00000000000E
:0442AD00000000000D
:0442AE00000000000C
:0442AF00000000000B
:0442B000000000000A
:0442B1000000000009
:0442B2000000000008
:0442B3000000000007
:0442B4000000000006
:0442B5000000000005
:0442B6000000000004
:0442B7000000000003
:0442B8000000000002
:0442B9000000000001
:0442BA000000000000
:0442BB0000000000FF
:0442BC0000000000FE
:0442BD0000000000FD
:0442BE0000000000FC
:0442BF0000000000FB
:0442C00000000000FA
:0442C10000000000F9
:0442C20000000000F8
:0442C30000000000F7
:0442C40000000000F6
:0442C50000000000F5
:0442C60000000000F4
:0442C70000000000F3
:0442C80000000000F2
:0442C90000000000F1
:0442CA0000000000F0
:0442CB0000000000EF
:0442CC0000000000EE
:0442CD0000000000ED
:0442CE0000000000EC
:0442CF0000000000EB
:0442D00000000000EA
:0442D10000000000E9
:0442D20000000000E8
:0442D30000000000E7
:0442D40000000000E6
:0442D50000000000E5
:0442D60000000000E4
:0442D70000000000E3
:0442D80000000000E2
:0442D90000000000E1
:0442DA0000000000E0
:0442DB0000000000DF
:0442DC0000000000DE
:0442DD0000000000DD
:0442DE0000000000DC
:0442DF0000000000DB
:0442E00000000000DA
:0442E10000000000D9
:0442E20000000000D8
:0442E30000000000D7
:0442E40000000000D6
:0442E50000000000D5
:0442E60000000000D4
:0442E70000000000D3
:0442E80000000000D2
:0442E90000000000D1
:0442EA0000000000D0
:0442EB0000000000CF
:0442EC0000000000CE
:0442ED0000000000CD
:0442EE0000000000CC
:0442EF0000000000CB
:0442F00000000000CA
:0442F10000000000C9
:0442F20000000000C8
:0442F30000000000C7
:0442F40000000000C6
:0442F50000000000C5
:0442F60000000000C4
:0442F70000000000C3
:0442F80000000000C2
:0442F90000000000C1
:0442FA0000000000C0
:0442FB0000000000BF
:0442FC0000000000BE
:0442FD0000000000BD
:0442FE0000000000BC
:0442FF0000000000BB
:0443000000000000B9
:0443010000000000B8
:0443020000000000B7
:0443030000000000B6
:0443040000000000B5
:0443050000000000B4
:0443060000000000B3
:0443070000000000B2
:0443080000000000B1
:0443090000000000B0
:04430A0000000000AF
:04430B0000000000AE
:04430C0000000000AD
:04430D0000000000AC
:04430E0000000000AB
:04430F0000000000AA
:0443100000000000A9
:0443110000000000A8
:0443120000000000A7
:0443130000000000A6
:0443140000000000A5
:0443150000000000A4
:0443160000000000A3
:0443170000000000A2
:0443180000000000A1
:0443190000000000A0
:04431A00000000009F
:04431B00000000009E
:04431C00000000009D
:04431D00000000009C
:04431E00000000009B
:04431F00000000009A
:044320000000000099
:044321000000000098
:044322000000000097
:044323000000000096
:044324000000000095
:044325000000000094
:044326000000000093
:044327000000000092
:044328000000000091
:044329000000000090
:04432A00000000008F
:04432B00000000008E
:04432C00000000008D
:04432D00000000008C
:04432E00000000008B
:04432F00000000008A
:044330000000000089
:044331000000000088
:044332000000000087
:044333000000000086
:044334000000000085
:044335000000000084
:044336000000000083
:044337000000000082
:044338000000000081
:044339000000000080
:04433A00000000007F
:04433B00000000007E
:04433C00000000007D
:04433D00000000007C
:04433E00000000007B
:04433F00000000007A
:044340000000000079
:044341000000000078
:044342000000000077
:044343000000000076
:044344000000000075
:044345000000000074
:044346000000000073
:044347000000000072
:044348000000000071
:044349000000000070
:04434A00000000006F
:04434B00000000006E
:04434C00000000006D
:04434D00000000006C
:04434E00000000006B
:04434F00000000006A
:044350000000000069
:044351000000000068
:044352000000000067
:044353000000000066
:044354000000000065
:044355000000000064
:044356000000000063
:044357000000000062
:044358000000000061
:044359000000000060
:04435A00000000005F
:04435B00000000005E
:04435C00000000005D
:04435D00000000005C
:04435E00000000005B
:04435F00000000005A
:044360000000000059
:044361000000000058
:044362000000000057
:044363000000000056
:044364000000000055
:044365000000000054
:044366000000000053
:044367000000000052
:044368000000000051
:044369000000000050
:04436A00000000004F
:04436B00000000004E
:04436C00000000004D
:04436D00000000004C
:04436E00000000004B
:04436F00000000004A
:044370000000000049
:044371000000000048
:044372000000000047
:044373000000000046
:044374000000000045
:044375000000000044
:044376000000000043
:044377000000000042
:044378000000000041
:044379000000000040
:04437A00000000003F
:04437B00000000003E
:04437C00000000003D
:04437D00000000003C
:04437E00000000003B
:04437F00000000003A
:044380000000000039
:044381000000000038
:044382000000000037
:044383000000000036
:044384000000000035
:044385000000000034
:044386000000000033
:044387000000000032
:044388000000000031
:044389000000000030
:04438A00000000002F
:04438B00000000002E
:04438C00000000002D
:04438D00000000002C
:04438E00000000002B
:04438F00000000002A
:044390000000000029
:044391000000000028
:044392000000000027
:044393000000000026
:044394000000000025
:044395000000000024
:044396000000000023
:044397000000000022
:044398000000000021
:044399000000000020
:04439A00000000001F
:04439B00000000001E
:04439C00000000001D
:04439D00000000001C
:04439E00000000001B
:04439F00000000001A
:0443A0000000000019
:0443A1000000000018
:0443A2000000000017
:0443A3000000000016
:0443A4000000000015
:0443A5000000000014
:0443A6000000000013
:0443A7000000000012
:0443A8000000000011
:0443A9000000000010
:0443AA00000000000F
:0443AB00000000000E
:0443AC00000000000D
:0443AD00000000000C
:0443AE00000000000B
:0443AF00000000000A
:0443B0000000000009
:0443B1000000000008
:0443B2000000000007
:0443B3000000000006
:0443B4000000000005
:0443B5000000000004
:0443B6000000000003
:0443B7000000000002
:0443B8000000000001
:0443B9000000000000
:0443BA0000000000FF
:0443BB0000000000FE
:0443BC0000000000FD
:0443BD0000000000FC
:0443BE0000000000FB
:0443BF0000000000FA
:0443C00000000000F9
:0443C10000000000F8
:0443C20000000000F7
:0443C30000000000F6
:0443C40000000000F5
:0443C50000000000F4
:0443C60000000000F3
:0443C70000000000F2
:0443C80000000000F1
:0443C90000000000F0
:0443CA0000000000EF
:0443CB0000000000EE
:0443CC0000000000ED
:0443CD0000000000EC
:0443CE0000000000EB
:0443CF0000000000EA
:0443D00000000000E9
:0443D10000000000E8
:0443D20000000000E7
:0443D30000000000E6
:0443D40000000000E5
:0443D50000000000E4
:0443D60000000000E3
:0443D70000000000E2
:0443D80000000000E1
:0443D90000000000E0
:0443DA0000000000DF
:0443DB0000000000DE
:0443DC0000000000DD
:0443DD0000000000DC
:0443DE0000000000DB
:0443DF0000000000DA
:0443E00000000000D9
:0443E10000000000D8
:0443E20000000000D7
:0443E30000000000D6
:0443E40000000000D5
:0443E50000000000D4
:0443E60000000000D3
:0443E70000000000D2
:0443E80000000000D1
:0443E90000000000D0
:0443EA0000000000CF
:0443EB0000000000CE
:0443EC0000000000CD
:0443ED0000000000CC
:0443EE0000000000CB
:0443EF0000000000CA
:0443F00000000000C9
:0443F10000000000C8
:0443F20000000000C7
:0443F30000000000C6
:0443F40000000000C5
:0443F50000000000C4
:0443F60000000000C3
:0443F70000000000C2
:0443F80000000000C1
:0443F90000000000C0
:0443FA0000000000BF
:0443FB0000000000BE
:0443FC0000000000BD
:0443FD0000000000BC
:0443FE0000000000BB
:0443FF0000000000BA
:0444000000000000B8
:0444010000000000B7
:0444020000000000B6
:0444030000000000B5
:0444040000000000B4
:0444050000000000B3
:0444060000000000B2
:0444070000000000B1
:0444080000000000B0
:0444090000000000AF
:04440A0000000000AE
:04440B0000000000AD
:04440C0000000000AC
:04440D0000000000AB
:04440E0000000000AA
:04440F0000000000A9
:0444100000000000A8
:0444110000000000A7
:0444120000000000A6
:0444130000000000A5
:0444140000000000A4
:0444150000000000A3
:0444160000000000A2
:0444170000000000A1
:0444180000000000A0
:04441900000000009F
:04441A00000000009E
:04441B00000000009D
:04441C00000000009C
:04441D00000000009B
:04441E00000000009A
:04441F000000000099
:044420000000000098
:044421000000000097
:044422000000000096
:044423000000000095
:044424000000000094
:044425000000000093
:044426000000000092
:044427000000000091
:044428000000000090
:04442900000000008F
:04442A00000000008E
:04442B00000000008D
:04442C00000000008C
:04442D00000000008B
:04442E00000000008A
:04442F000000000089
:044430000000000088
:044431000000000087
:044432000000000086
:044433000000000085
:044434000000000084
:044435000000000083
:044436000000000082
:044437000000000081
:044438000000000080
:04443900000000007F
:04443A00000000007E
:04443B00000000007D
:04443C00000000007C
:04443D00000000007B
:04443E00000000007A
:04443F000000000079
:044440000000000078
:044441000000000077
:044442000000000076
:044443000000000075
:044444000000000074
:044445000000000073
:044446000000000072
:044447000000000071
:044448000000000070
:04444900000000006F
:04444A00000000006E
:04444B00000000006D
:04444C00000000006C
:04444D00000000006B
:04444E00000000006A
:04444F000000000069
:044450000000000068
:044451000000000067
:044452000000000066
:044453000000000065
:044454000000000064
:044455000000000063
:044456000000000062
:044457000000000061
:044458000000000060
:04445900000000005F
:04445A00000000005E
:04445B00000000005D
:04445C00000000005C
:04445D00000000005B
:04445E00000000005A
:04445F000000000059
:044460000000000058
:044461000000000057
:044462000000000056
:044463000000000055
:044464000000000054
:044465000000000053
:044466000000000052
:044467000000000051
:044468000000000050
:04446900000000004F
:04446A00000000004E
:04446B00000000004D
:04446C00000000004C
:04446D00000000004B
:04446E00000000004A
:04446F000000000049
:044470000000000048
:044471000000000047
:044472000000000046
:044473000000000045
:044474000000000044
:044475000000000043
:044476000000000042
:044477000000000041
:044478000000000040
:04447900000000003F
:04447A00000000003E
:04447B00000000003D
:04447C00000000003C
:04447D00000000003B
:04447E00000000003A
:04447F000000000039
:044480000000000038
:044481000000000037
:044482000000000036
:044483000000000035
:044484000000000034
:044485000000000033
:044486000000000032
:044487000000000031
:044488000000000030
:04448900000000002F
:04448A00000000002E
:04448B00000000002D
:04448C00000000002C
:04448D00000000002B
:04448E00000000002A
:04448F000000000029
:044490000000000028
:044491000000000027
:044492000000000026
:044493000000000025
:044494000000000024
:044495000000000023
:044496000000000022
:044497000000000021
:044498000000000020
:04449900000000001F
:04449A00000000001E
:04449B00000000001D
:04449C00000000001C
:04449D00000000001B
:04449E00000000001A
:04449F000000000019
:0444A0000000000018
:0444A1000000000017
:0444A2000000000016
:0444A3000000000015
:0444A4000000000014
:0444A5000000000013
:0444A6000000000012
:0444A7000000000011
:0444A8000000000010
:0444A900000000000F
:0444AA00000000000E
:0444AB00000000000D
:0444AC00000000000C
:0444AD00000000000B
:0444AE00000000000A
:0444AF000000000009
:0444B0000000000008
:0444B1000000000007
:0444B2000000000006
:0444B3000000000005
:0444B4000000000004
:0444B5000000000003
:0444B6000000000002
:0444B7000000000001
:0444B8000000000000
:0444B90000000000FF
:0444BA0000000000FE
:0444BB0000000000FD
:0444BC0000000000FC
:0444BD0000000000FB
:0444BE0000000000FA
:0444BF0000000000F9
:0444C00000000000F8
:0444C10000000000F7
:0444C20000000000F6
:0444C30000000000F5
:0444C40000000000F4
:0444C50000000000F3
:0444C60000000000F2
:0444C70000000000F1
:0444C80000000000F0
:0444C90000000000EF
:0444CA0000000000EE
:0444CB0000000000ED
:0444CC0000000000EC
:0444CD0000000000EB
:0444CE0000000000EA
:0444CF0000000000E9
:0444D00000000000E8
:0444D10000000000E7
:0444D20000000000E6
:0444D30000000000E5
:0444D40000000000E4
:0444D50000000000E3
:0444D60000000000E2
:0444D70000000000E1
:0444D80000000000E0
:0444D90000000000DF
:0444DA0000000000DE
:0444DB0000000000DD
:0444DC0000000000DC
:0444DD0000000000DB
:0444DE0000000000DA
:0444DF0000000000D9
:0444E00000000000D8
:0444E10000000000D7
:0444E20000000000D6
:0444E30000000000D5
:0444E40000000000D4
:0444E50000000000D3
:0444E60000000000D2
:0444E70000000000D1
:0444E80000000000D0
:0444E90000000000CF
:0444EA0000000000CE
:0444EB0000000000CD
:0444EC0000000000CC
:0444ED0000000000CB
:0444EE0000000000CA
:0444EF0000000000C9
:0444F00000000000C8
:0444F10000000000C7
:0444F20000000000C6
:0444F30000000000C5
:0444F40000000000C4
:0444F50000000000C3
:0444F60000000000C2
:0444F70000000000C1
:0444F80000000000C0
:0444F90000000000BF
:0444FA0000000000BE
:0444FB0000000000BD
:0444FC0000000000BC
:0444FD0000000000BB
:0444FE0000000000BA
:0444FF0000000000B9
:0445000000000000B7
:0445010000000000B6
:0445020000000000B5
:0445030000000000B4
:0445040000000000B3
:0445050000000000B2
:0445060000000000B1
:0445070000000000B0
:0445080000000000AF
:0445090000000000AE
:04450A0000000000AD
:04450B0000000000AC
:04450C0000000000AB
:04450D0000000000AA
:04450E0000000000A9
:04450F0000000000A8
:0445100000000000A7
:0445110000000000A6
:0445120000000000A5
:0445130000000000A4
:0445140000000000A3
:0445150000000000A2
:0445160000000000A1
:0445170000000000A0
:04451800000000009F
:04451900000000009E
:04451A00000000009D
:04451B00000000009C
:04451C00000000009B
:04451D00000000009A
:04451E000000000099
:04451F000000000098
:044520000000000097
:044521000000000096
:044522000000000095
:044523000000000094
:044524000000000093
:044525000000000092
:044526000000000091
:044527000000000090
:04452800000000008F
:04452900000000008E
:04452A00000000008D
:04452B00000000008C
:04452C00000000008B
:04452D00000000008A
:04452E000000000089
:04452F000000000088
:044530000000000087
:044531000000000086
:044532000000000085
:044533000000000084
:044534000000000083
:044535000000000082
:044536000000000081
:044537000000000080
:04453800000000007F
:04453900000000007E
:04453A00000000007D
:04453B00000000007C
:04453C00000000007B
:04453D00000000007A
:04453E000000000079
:04453F000000000078
:044540000000000077
:044541000000000076
:044542000000000075
:044543000000000074
:044544000000000073
:044545000000000072
:044546000000000071
:044547000000000070
:04454800000000006F
:04454900000000006E
:04454A00000000006D
:04454B00000000006C
:04454C00000000006B
:04454D00000000006A
:04454E000000000069
:04454F000000000068
:044550000000000067
:044551000000000066
:044552000000000065
:044553000000000064
:044554000000000063
:044555000000000062
:044556000000000061
:044557000000000060
:04455800000000005F
:04455900000000005E
:04455A00000000005D
:04455B00000000005C
:04455C00000000005B
:04455D00000000005A
:04455E000000000059
:04455F000000000058
:044560000000000057
:044561000000000056
:044562000000000055
:044563000000000054
:044564000000000053
:044565000000000052
:044566000000000051
:044567000000000050
:04456800000000004F
:04456900000000004E
:04456A00000000004D
:04456B00000000004C
:04456C00000000004B
:04456D00000000004A
:04456E000000000049
:04456F000000000048
:044570000000000047
:044571000000000046
:044572000000000045
:044573000000000044
:044574000000000043
:044575000000000042
:044576000000000041
:044577000000000040
:04457800000000003F
:04457900000000003E
:04457A00000000003D
:04457B00000000003C
:04457C00000000003B
:04457D00000000003A
:04457E000000000039
:04457F000000000038
:044580000000000037
:044581000000000036
:044582000000000035
:044583000000000034
:044584000000000033
:044585000000000032
:044586000000000031
:044587000000000030
:04458800000000002F
:04458900000000002E
:04458A00000000002D
:04458B00000000002C
:04458C00000000002B
:04458D00000000002A
:04458E000000000029
:04458F000000000028
:044590000000000027
:044591000000000026
:044592000000000025
:044593000000000024
:044594000000000023
:044595000000000022
:044596000000000021
:044597000000000020
:04459800000000001F
:04459900000000001E
:04459A00000000001D
:04459B00000000001C
:04459C00000000001B
:04459D00000000001A
:04459E000000000019
:04459F000000000018
:0445A0000000000017
:0445A1000000000016
:0445A2000000000015
:0445A3000000000014
:0445A4000000000013
:0445A5000000000012
:0445A6000000000011
:0445A7000000000010
:0445A800000000000F
:0445A900000000000E
:0445AA00000000000D
:0445AB00000000000C
:0445AC00000000000B
:0445AD00000000000A
:0445AE000000000009
:0445AF000000000008
:0445B0000000000007
:0445B1000000000006
:0445B2000000000005
:0445B3000000000004
:0445B4000000000003
:0445B5000000000002
:0445B6000000000001
:0445B7000000000000
:0445B80000000000FF
:0445B90000000000FE
:0445BA0000000000FD
:0445BB0000000000FC
:0445BC0000000000FB
:0445BD0000000000FA
:0445BE0000000000F9
:0445BF0000000000F8
:0445C00000000000F7
:0445C10000000000F6
:0445C20000000000F5
:0445C30000000000F4
:0445C40000000000F3
:0445C50000000000F2
:0445C60000000000F1
:0445C70000000000F0
:0445C80000000000EF
:0445C90000000000EE
:0445CA0000000000ED
:0445CB0000000000EC
:0445CC0000000000EB
:0445CD0000000000EA
:0445CE0000000000E9
:0445CF0000000000E8
:0445D00000000000E7
:0445D10000000000E6
:0445D20000000000E5
:0445D30000000000E4
:0445D40000000000E3
:0445D50000000000E2
:0445D60000000000E1
:0445D70000000000E0
:0445D80000000000DF
:0445D90000000000DE
:0445DA0000000000DD
:0445DB0000000000DC
:0445DC0000000000DB
:0445DD0000000000DA
:0445DE0000000000D9
:0445DF0000000000D8
:0445E00000000000D7
:0445E10000000000D6
:0445E20000000000D5
:0445E30000000000D4
:0445E40000000000D3
:0445E50000000000D2
:0445E60000000000D1
:0445E70000000000D0
:0445E80000000000CF
:0445E90000000000CE
:0445EA0000000000CD
:0445EB0000000000CC
:0445EC0000000000CB
:0445ED0000000000CA
:0445EE0000000000C9
:0445EF0000000000C8
:0445F00000000000C7
:0445F10000000000C6
:0445F20000000000C5
:0445F30000000000C4
:0445F40000000000C3
:0445F50000000000C2
:0445F60000000000C1
:0445F70000000000C0
:0445F80000000000BF
:0445F90000000000BE
:0445FA0000000000BD
:0445FB0000000000BC
:0445FC0000000000BB
:0445FD0000000000BA
:0445FE0000000000B9
:0445FF0000000000B8
:0446000000000000B6
:0446010000000000B5
:0446020000000000B4
:0446030000000000B3
:0446040000000000B2
:0446050000000000B1
:0446060000000000B0
:0446070000000000AF
:0446080000000000AE
:0446090000000000AD
:04460A0000000000AC
:04460B0000000000AB
:04460C0000000000AA
:04460D0000000000A9
:04460E0000000000A8
:04460F0000000000A7
:0446100000000000A6
:0446110000000000A5
:0446120000000000A4
:0446130000000000A3
:0446140000000000A2
:0446150000000000A1
:0446160000000000A0
:04461700000000009F
:04461800000000009E
:04461900000000009D
:04461A00000000009C
:04461B00000000009B
:04461C00000000009A
:04461D000000000099
:04461E000000000098
:04461F000000000097
:044620000000000096
:044621000000000095
:044622000000000094
:044623000000000093
:044624000000000092
:044625000000000091
:044626000000000090
:04462700000000008F
:04462800000000008E
:04462900000000008D
:04462A00000000008C
:04462B00000000008B
:04462C00000000008A
:04462D000000000089
:04462E000000000088
:04462F000000000087
:044630000000000086
:044631000000000085
:044632000000000084
:044633000000000083
:044634000000000082
:044635000000000081
:044636000000000080
:04463700000000007F
:04463800000000007E
:04463900000000007D
:04463A00000000007C
:04463B00000000007B
:04463C00000000007A
:04463D000000000079
:04463E000000000078
:04463F000000000077
:044640000000000076
:044641000000000075
:044642000000000074
:044643000000000073
:044644000000000072
:044645000000000071
:044646000000000070
:04464700000000006F
:04464800000000006E
:04464900000000006D
:04464A00000000006C
:04464B00000000006B
:04464C00000000006A
:04464D000000000069
:04464E000000000068
:04464F000000000067
:044650000000000066
:044651000000000065
:044652000000000064
:044653000000000063
:044654000000000062
:044655000000000061
:044656000000000060
:04465700000000005F
:04465800000000005E
:04465900000000005D
:04465A00000000005C
:04465B00000000005B
:04465C00000000005A
:04465D000000000059
:04465E000000000058
:04465F000000000057
:044660000000000056
:044661000000000055
:044662000000000054
:044663000000000053
:044664000000000052
:044665000000000051
:044666000000000050
:04466700000000004F
:04466800000000004E
:04466900000000004D
:04466A00000000004C
:04466B00000000004B
:04466C00000000004A
:04466D000000000049
:04466E000000000048
:04466F000000000047
:044670000000000046
:044671000000000045
:044672000000000044
:044673000000000043
:044674000000000042
:044675000000000041
:044676000000000040
:04467700000000003F
:04467800000000003E
:04467900000000003D
:04467A00000000003C
:04467B00000000003B
:04467C00000000003A
:04467D000000000039
:04467E000000000038
:04467F000000000037
:044680000000000036
:044681000000000035
:044682000000000034
:044683000000000033
:044684000000000032
:044685000000000031
:044686000000000030
:04468700000000002F
:04468800000000002E
:04468900000000002D
:04468A00000000002C
:04468B00000000002B
:04468C00000000002A
:04468D000000000029
:04468E000000000028
:04468F000000000027
:044690000000000026
:044691000000000025
:044692000000000024
:044693000000000023
:044694000000000022
:044695000000000021
:044696000000000020
:04469700000000001F
:04469800000000001E
:04469900000000001D
:04469A00000000001C
:04469B00000000001B
:04469C00000000001A
:04469D000000000019
:04469E000000000018
:04469F000000000017
:0446A0000000000016
:0446A1000000000015
:0446A2000000000014
:0446A3000000000013
:0446A4000000000012
:0446A5000000000011
:0446A6000000000010
:0446A700000000000F
:0446A800000000000E
:0446A900000000000D
:0446AA00000000000C
:0446AB00000000000B
:0446AC00000000000A
:0446AD000000000009
:0446AE000000000008
:0446AF000000000007
:0446B0000000000006
:0446B1000000000005
:0446B2000000000004
:0446B3000000000003
:0446B4000000000002
:0446B5000000000001
:0446B6000000000000
:0446B70000000000FF
:0446B80000000000FE
:0446B90000000000FD
:0446BA0000000000FC
:0446BB0000000000FB
:0446BC0000000000FA
:0446BD0000000000F9
:0446BE0000000000F8
:0446BF0000000000F7
:0446C00000000000F6
:0446C10000000000F5
:0446C20000000000F4
:0446C30000000000F3
:0446C40000000000F2
:0446C50000000000F1
:0446C60000000000F0
:0446C70000000000EF
:0446C80000000000EE
:0446C90000000000ED
:0446CA0000000000EC
:0446CB0000000000EB
:0446CC0000000000EA
:0446CD0000000000E9
:0446CE0000000000E8
:0446CF0000000000E7
:0446D00000000000E6
:0446D10000000000E5
:0446D20000000000E4
:0446D30000000000E3
:0446D40000000000E2
:0446D50000000000E1
:0446D60000000000E0
:0446D70000000000DF
:0446D80000000000DE
:0446D90000000000DD
:0446DA0000000000DC
:0446DB0000000000DB
:0446DC0000000000DA
:0446DD0000000000D9
:0446DE0000000000D8
:0446DF0000000000D7
:0446E00000000000D6
:0446E10000000000D5
:0446E20000000000D4
:0446E30000000000D3
:0446E40000000000D2
:0446E50000000000D1
:0446E60000000000D0
:0446E70000000000CF
:0446E80000000000CE
:0446E90000000000CD
:0446EA0000000000CC
:0446EB0000000000CB
:0446EC0000000000CA
:0446ED0000000000C9
:0446EE0000000000C8
:0446EF0000000000C7
:0446F00000000000C6
:0446F10000000000C5
:0446F20000000000C4
:0446F30000000000C3
:0446F40000000000C2
:0446F50000000000C1
:0446F60000000000C0
:0446F70000000000BF
:0446F80000000000BE
:0446F90000000000BD
:0446FA0000000000BC
:0446FB0000000000BB
:0446FC0000000000BA
:0446FD0000000000B9
:0446FE0000000000B8
:0446FF0000000000B7
:0447000000000000B5
:0447010000000000B4
:0447020000000000B3
:0447030000000000B2
:0447040000000000B1
:0447050000000000B0
:0447060000000000AF
:0447070000000000AE
:0447080000000000AD
:0447090000000000AC
:04470A0000000000AB
:04470B0000000000AA
:04470C0000000000A9
:04470D0000000000A8
:04470E0000000000A7
:04470F0000000000A6
:0447100000000000A5
:0447110000000000A4
:0447120000000000A3
:0447130000000000A2
:0447140000000000A1
:0447150000000000A0
:04471600000000009F
:04471700000000009E
:04471800000000009D
:04471900000000009C
:04471A00000000009B
:04471B00000000009A
:04471C000000000099
:04471D000000000098
:04471E000000000097
:04471F000000000096
:044720000000000095
:044721000000000094
:044722000000000093
:044723000000000092
:044724000000000091
:044725000000000090
:04472600000000008F
:04472700000000008E
:04472800000000008D
:04472900000000008C
:04472A00000000008B
:04472B00000000008A
:04472C000000000089
:04472D000000000088
:04472E000000000087
:04472F000000000086
:044730000000000085
:044731000000000084
:044732000000000083
:044733000000000082
:044734000000000081
:044735000000000080
:04473600000000007F
:04473700000000007E
:04473800000000007D
:04473900000000007C
:04473A00000000007B
:04473B00000000007A
:04473C000000000079
:04473D000000000078
:04473E000000000077
:04473F000000000076
:044740000000000075
:044741000000000074
:044742000000000073
:044743000000000072
:044744000000000071
:044745000000000070
:04474600000000006F
:04474700000000006E
:04474800000000006D
:04474900000000006C
:04474A00000000006B
:04474B00000000006A
:04474C000000000069
:04474D000000000068
:04474E000000000067
:04474F000000000066
:044750000000000065
:044751000000000064
:044752000000000063
:044753000000000062
:044754000000000061
:044755000000000060
:04475600000000005F
:04475700000000005E
:04475800000000005D
:04475900000000005C
:04475A00000000005B
:04475B00000000005A
:04475C000000000059
:04475D000000000058
:04475E000000000057
:04475F000000000056
:044760000000000055
:044761000000000054
:044762000000000053
:044763000000000052
:044764000000000051
:044765000000000050
:04476600000000004F
:04476700000000004E
:04476800000000004D
:04476900000000004C
:04476A00000000004B
:04476B00000000004A
:04476C000000000049
:04476D000000000048
:04476E000000000047
:04476F000000000046
:044770000000000045
:044771000000000044
:044772000000000043
:044773000000000042
:044774000000000041
:044775000000000040
:04477600000000003F
:04477700000000003E
:04477800000000003D
:04477900000000003C
:04477A00000000003B
:04477B00000000003A
:04477C000000000039
:04477D000000000038
:04477E000000000037
:04477F000000000036
:044780000000000035
:044781000000000034
:044782000000000033
:044783000000000032
:044784000000000031
:044785000000000030
:04478600000000002F
:04478700000000002E
:04478800000000002D
:04478900000000002C
:04478A00000000002B
:04478B00000000002A
:04478C000000000029
:04478D000000000028
:04478E000000000027
:04478F000000000026
:044790000000000025
:044791000000000024
:044792000000000023
:044793000000000022
:044794000000000021
:044795000000000020
:04479600000000001F
:04479700000000001E
:04479800000000001D
:04479900000000001C
:04479A00000000001B
:04479B00000000001A
:04479C000000000019
:04479D000000000018
:04479E000000000017
:04479F000000000016
:0447A0000000000015
:0447A1000000000014
:0447A2000000000013
:0447A3000000000012
:0447A4000000000011
:0447A5000000000010
:0447A600000000000F
:0447A700000000000E
:0447A800000000000D
:0447A900000000000C
:0447AA00000000000B
:0447AB00000000000A
:0447AC000000000009
:0447AD000000000008
:0447AE000000000007
:0447AF000000000006
:0447B0000000000005
:0447B1000000000004
:0447B2000000000003
:0447B3000000000002
:0447B4000000000001
:0447B5000000000000
:0447B60000000000FF
:0447B70000000000FE
:0447B80000000000FD
:0447B90000000000FC
:0447BA0000000000FB
:0447BB0000000000FA
:0447BC0000000000F9
:0447BD0000000000F8
:0447BE0000000000F7
:0447BF0000000000F6
:0447C00000000000F5
:0447C10000000000F4
:0447C20000000000F3
:0447C30000000000F2
:0447C40000000000F1
:0447C50000000000F0
:0447C60000000000EF
:0447C70000000000EE
:0447C80000000000ED
:0447C90000000000EC
:0447CA0000000000EB
:0447CB0000000000EA
:0447CC0000000000E9
:0447CD0000000000E8
:0447CE0000000000E7
:0447CF0000000000E6
:0447D00000000000E5
:0447D10000000000E4
:0447D20000000000E3
:0447D30000000000E2
:0447D40000000000E1
:0447D50000000000E0
:0447D60000000000DF
:0447D70000000000DE
:0447D80000000000DD
:0447D90000000000DC
:0447DA0000000000DB
:0447DB0000000000DA
:0447DC0000000000D9
:0447DD0000000000D8
:0447DE0000000000D7
:0447DF0000000000D6
:0447E00000000000D5
:0447E10000000000D4
:0447E20000000000D3
:0447E30000000000D2
:0447E40000000000D1
:0447E50000000000D0
:0447E60000000000CF
:0447E70000000000CE
:0447E80000000000CD
:0447E90000000000CC
:0447EA0000000000CB
:0447EB0000000000CA
:0447EC0000000000C9
:0447ED0000000000C8
:0447EE0000000000C7
:0447EF0000000000C6
:0447F00000000000C5
:0447F10000000000C4
:0447F20000000000C3
:0447F30000000000C2
:0447F40000000000C1
:0447F50000000000C0
:0447F60000000000BF
:0447F70000000000BE
:0447F80000000000BD
:0447F90000000000BC
:0447FA0000000000BB
:0447FB0000000000BA
:0447FC0000000000B9
:0447FD0000000000B8
:0447FE0000000000B7
:0447FF0000000000B6
:0448000000000000B4
:0448010000000000B3
:0448020000000000B2
:0448030000000000B1
:0448040000000000B0
:0448050000000000AF
:0448060000000000AE
:0448070000000000AD
:0448080000000000AC
:0448090000000000AB
:04480A0000000000AA
:04480B0000000000A9
:04480C0000000000A8
:04480D0000000000A7
:04480E0000000000A6
:04480F0000000000A5
:0448100000000000A4
:0448110000000000A3
:0448120000000000A2
:0448130000000000A1
:0448140000000000A0
:04481500000000009F
:04481600000000009E
:04481700000000009D
:04481800000000009C
:04481900000000009B
:04481A00000000009A
:04481B000000000099
:04481C000000000098
:04481D000000000097
:04481E000000000096
:04481F000000000095
:044820000000000094
:044821000000000093
:044822000000000092
:044823000000000091
:044824000000000090
:04482500000000008F
:04482600000000008E
:04482700000000008D
:04482800000000008C
:04482900000000008B
:04482A00000000008A
:04482B000000000089
:04482C000000000088
:04482D000000000087
:04482E000000000086
:04482F000000000085
:044830000000000084
:044831000000000083
:044832000000000082
:044833000000000081
:044834000000000080
:04483500000000007F
:04483600000000007E
:04483700000000007D
:04483800000000007C
:04483900000000007B
:04483A00000000007A
:04483B000000000079
:04483C000000000078
:04483D000000000077
:04483E000000000076
:04483F000000000075
:044840000000000074
:044841000000000073
:044842000000000072
:044843000000000071
:044844000000000070
:04484500000000006F
:04484600000000006E
:04484700000000006D
:04484800000000006C
:04484900000000006B
:04484A00000000006A
:04484B000000000069
:04484C000000000068
:04484D000000000067
:04484E000000000066
:04484F000000000065
:044850000000000064
:044851000000000063
:044852000000000062
:044853000000000061
:044854000000000060
:04485500000000005F
:04485600000000005E
:04485700000000005D
:04485800000000005C
:04485900000000005B
:04485A00000000005A
:04485B000000000059
:04485C000000000058
:04485D000000000057
:04485E000000000056
:04485F000000000055
:044860000000000054
:044861000000000053
:044862000000000052
:044863000000000051
:044864000000000050
:04486500000000004F
:04486600000000004E
:04486700000000004D
:04486800000000004C
:04486900000000004B
:04486A00000000004A
:04486B000000000049
:04486C000000000048
:04486D000000000047
:04486E000000000046
:04486F000000000045
:044870000000000044
:044871000000000043
:044872000000000042
:044873000000000041
:044874000000000040
:04487500000000003F
:04487600000000003E
:04487700000000003D
:04487800000000003C
:04487900000000003B
:04487A00000000003A
:04487B000000000039
:04487C000000000038
:04487D000000000037
:04487E000000000036
:04487F000000000035
:044880000000000034
:044881000000000033
:044882000000000032
:044883000000000031
:044884000000000030
:04488500000000002F
:04488600000000002E
:04488700000000002D
:04488800000000002C
:04488900000000002B
:04488A00000000002A
:04488B000000000029
:04488C000000000028
:04488D000000000027
:04488E000000000026
:04488F000000000025
:044890000000000024
:044891000000000023
:044892000000000022
:044893000000000021
:044894000000000020
:04489500000000001F
:04489600000000001E
:04489700000000001D
:04489800000000001C
:04489900000000001B
:04489A00000000001A
:04489B000000000019
:04489C000000000018
:04489D000000000017
:04489E000000000016
:04489F000000000015
:0448A0000000000014
:0448A1000000000013
:0448A2000000000012
:0448A3000000000011
:0448A4000000000010
:0448A500000000000F
:0448A600000000000E
:0448A700000000000D
:0448A800000000000C
:0448A900000000000B
:0448AA00000000000A
:0448AB000000000009
:0448AC000000000008
:0448AD000000000007
:0448AE000000000006
:0448AF000000000005
:0448B0000000000004
:0448B1000000000003
:0448B2000000000002
:0448B3000000000001
:0448B4000000000000
:0448B50000000000FF
:0448B60000000000FE
:0448B70000000000FD
:0448B80000000000FC
:0448B90000000000FB
:0448BA0000000000FA
:0448BB0000000000F9
:0448BC0000000000F8
:0448BD0000000000F7
:0448BE0000000000F6
:0448BF0000000000F5
:0448C00000000000F4
:0448C10000000000F3
:0448C20000000000F2
:0448C30000000000F1
:0448C40000000000F0
:0448C50000000000EF
:0448C60000000000EE
:0448C70000000000ED
:0448C80000000000EC
:0448C90000000000EB
:0448CA0000000000EA
:0448CB0000000000E9
:0448CC0000000000E8
:0448CD0000000000E7
:0448CE0000000000E6
:0448CF0000000000E5
:0448D00000000000E4
:0448D10000000000E3
:0448D20000000000E2
:0448D30000000000E1
:0448D40000000000E0
:0448D50000000000DF
:0448D60000000000DE
:0448D70000000000DD
:0448D80000000000DC
:0448D90000000000DB
:0448DA0000000000DA
:0448DB0000000000D9
:0448DC0000000000D8
:0448DD0000000000D7
:0448DE0000000000D6
:0448DF0000000000D5
:0448E00000000000D4
:0448E10000000000D3
:0448E20000000000D2
:0448E30000000000D1
:0448E40000000000D0
:0448E50000000000CF
:0448E60000000000CE
:0448E70000000000CD
:0448E80000000000CC
:0448E90000000000CB
:0448EA0000000000CA
:0448EB0000000000C9
:0448EC0000000000C8
:0448ED0000000000C7
:0448EE0000000000C6
:0448EF0000000000C5
:0448F00000000000C4
:0448F10000000000C3
:0448F20000000000C2
:0448F30000000000C1
:0448F40000000000C0
:0448F50000000000BF
:0448F60000000000BE
:0448F70000000000BD
:0448F80000000000BC
:0448F90000000000BB
:0448FA0000000000BA
:0448FB0000000000B9
:0448FC0000000000B8
:0448FD0000000000B7
:0448FE0000000000B6
:0448FF0000000000B5
:0449000000000000B3
:0449010000000000B2
:0449020000000000B1
:0449030000000000B0
:0449040000000000AF
:0449050000000000AE
:0449060000000000AD
:0449070000000000AC
:0449080000000000AB
:0449090000000000AA
:04490A0000000000A9
:04490B0000000000A8
:04490C0000000000A7
:04490D0000000000A6
:04490E0000000000A5
:04490F0000000000A4
:0449100000000000A3
:0449110000000000A2
:0449120000000000A1
:0449130000000000A0
:04491400000000009F
:04491500000000009E
:04491600000000009D
:04491700000000009C
:04491800000000009B
:04491900000000009A
:04491A000000000099
:04491B000000000098
:04491C000000000097
:04491D000000000096
:04491E000000000095
:04491F000000000094
:044920000000000093
:044921000000000092
:044922000000000091
:044923000000000090
:04492400000000008F
:04492500000000008E
:04492600000000008D
:04492700000000008C
:04492800000000008B
:04492900000000008A
:04492A000000000089
:04492B000000000088
:04492C000000000087
:04492D000000000086
:04492E000000000085
:04492F000000000084
:044930000000000083
:044931000000000082
:044932000000000081
:044933000000000080
:04493400000000007F
:04493500000000007E
:04493600000000007D
:04493700000000007C
:04493800000000007B
:04493900000000007A
:04493A000000000079
:04493B000000000078
:04493C000000000077
:04493D000000000076
:04493E000000000075
:04493F000000000074
:044940000000000073
:044941000000000072
:044942000000000071
:044943000000000070
:04494400000000006F
:04494500000000006E
:04494600000000006D
:04494700000000006C
:04494800000000006B
:04494900000000006A
:04494A000000000069
:04494B000000000068
:04494C000000000067
:04494D000000000066
:04494E000000000065
:04494F000000000064
:044950000000000063
:044951000000000062
:044952000000000061
:044953000000000060
:04495400000000005F
:04495500000000005E
:04495600000000005D
:04495700000000005C
:04495800000000005B
:04495900000000005A
:04495A000000000059
:04495B000000000058
:04495C000000000057
:04495D000000000056
:04495E000000000055
:04495F000000000054
:044960000000000053
:044961000000000052
:044962000000000051
:044963000000000050
:04496400000000004F
:04496500000000004E
:04496600000000004D
:04496700000000004C
:04496800000000004B
:04496900000000004A
:04496A000000000049
:04496B000000000048
:04496C000000000047
:04496D000000000046
:04496E000000000045
:04496F000000000044
:044970000000000043
:044971000000000042
:044972000000000041
:044973000000000040
:04497400000000003F
:04497500000000003E
:04497600000000003D
:04497700000000003C
:04497800000000003B
:04497900000000003A
:04497A000000000039
:04497B000000000038
:04497C000000000037
:04497D000000000036
:04497E000000000035
:04497F000000000034
:044980000000000033
:044981000000000032
:044982000000000031
:044983000000000030
:04498400000000002F
:04498500000000002E
:04498600000000002D
:04498700000000002C
:04498800000000002B
:04498900000000002A
:04498A000000000029
:04498B000000000028
:04498C000000000027
:04498D000000000026
:04498E000000000025
:04498F000000000024
:044990000000000023
:044991000000000022
:044992000000000021
:044993000000000020
:04499400000000001F
:04499500000000001E
:04499600000000001D
:04499700000000001C
:04499800000000001B
:04499900000000001A
:04499A000000000019
:04499B000000000018
:04499C000000000017
:04499D000000000016
:04499E000000000015
:04499F000000000014
:0449A0000000000013
:0449A1000000000012
:0449A2000000000011
:0449A3000000000010
:0449A400000000000F
:0449A500000000000E
:0449A600000000000D
:0449A700000000000C
:0449A800000000000B
:0449A900000000000A
:0449AA000000000009
:0449AB000000000008
:0449AC000000000007
:0449AD000000000006
:0449AE000000000005
:0449AF000000000004
:0449B0000000000003
:0449B1000000000002
:0449B2000000000001
:0449B3000000000000
:0449B40000000000FF
:0449B50000000000FE
:0449B60000000000FD
:0449B70000000000FC
:0449B80000000000FB
:0449B90000000000FA
:0449BA0000000000F9
:0449BB0000000000F8
:0449BC0000000000F7
:0449BD0000000000F6
:0449BE0000000000F5
:0449BF0000000000F4
:0449C00000000000F3
:0449C10000000000F2
:0449C20000000000F1
:0449C30000000000F0
:0449C40000000000EF
:0449C50000000000EE
:0449C60000000000ED
:0449C70000000000EC
:0449C80000000000EB
:0449C90000000000EA
:0449CA0000000000E9
:0449CB0000000000E8
:0449CC0000000000E7
:0449CD0000000000E6
:0449CE0000000000E5
:0449CF0000000000E4
:0449D00000000000E3
:0449D10000000000E2
:0449D20000000000E1
:0449D30000000000E0
:0449D40000000000DF
:0449D50000000000DE
:0449D60000000000DD
:0449D70000000000DC
:0449D80000000000DB
:0449D90000000000DA
:0449DA0000000000D9
:0449DB0000000000D8
:0449DC0000000000D7
:0449DD0000000000D6
:0449DE0000000000D5
:0449DF0000000000D4
:0449E00000000000D3
:0449E10000000000D2
:0449E20000000000D1
:0449E30000000000D0
:0449E40000000000CF
:0449E50000000000CE
:0449E60000000000CD
:0449E70000000000CC
:0449E80000000000CB
:0449E90000000000CA
:0449EA0000000000C9
:0449EB0000000000C8
:0449EC0000000000C7
:0449ED0000000000C6
:0449EE0000000000C5
:0449EF0000000000C4
:0449F00000000000C3
:0449F10000000000C2
:0449F20000000000C1
:0449F30000000000C0
:0449F40000000000BF
:0449F50000000000BE
:0449F60000000000BD
:0449F70000000000BC
:0449F80000000000BB
:0449F90000000000BA
:0449FA0000000000B9
:0449FB0000000000B8
:0449FC0000000000B7
:0449FD0000000000B6
:0449FE0000000000B5
:0449FF0000000000B4
:044A000000000000B2
:044A010000000000B1
:044A020000000000B0
:044A030000000000AF
:044A040000000000AE
:044A050000000000AD
:044A060000000000AC
:044A070000000000AB
:044A080000000000AA
:044A090000000000A9
:044A0A0000000000A8
:044A0B0000000000A7
:044A0C0000000000A6
:044A0D0000000000A5
:044A0E0000000000A4
:044A0F0000000000A3
:044A100000000000A2
:044A110000000000A1
:044A120000000000A0
:044A1300000000009F
:044A1400000000009E
:044A1500000000009D
:044A1600000000009C
:044A1700000000009B
:044A1800000000009A
:044A19000000000099
:044A1A000000000098
:044A1B000000000097
:044A1C000000000096
:044A1D000000000095
:044A1E000000000094
:044A1F000000000093
:044A20000000000092
:044A21000000000091
:044A22000000000090
:044A2300000000008F
:044A2400000000008E
:044A2500000000008D
:044A2600000000008C
:044A2700000000008B
:044A2800000000008A
:044A29000000000089
:044A2A000000000088
:044A2B000000000087
:044A2C000000000086
:044A2D000000000085
:044A2E000000000084
:044A2F000000000083
:044A30000000000082
:044A31000000000081
:044A32000000000080
:044A3300000000007F
:044A3400000000007E
:044A3500000000007D
:044A3600000000007C
:044A3700000000007B
:044A3800000000007A
:044A39000000000079
:044A3A000000000078
:044A3B000000000077
:044A3C000000000076
:044A3D000000000075
:044A3E000000000074
:044A3F000000000073
:044A40000000000072
:044A41000000000071
:044A42000000000070
:044A4300000000006F
:044A4400000000006E
:044A4500000000006D
:044A4600000000006C
:044A4700000000006B
:044A4800000000006A
:044A49000000000069
:044A4A000000000068
:044A4B000000000067
:044A4C000000000066
:044A4D000000000065
:044A4E000000000064
:044A4F000000000063
:044A50000000000062
:044A51000000000061
:044A52000000000060
:044A5300000000005F
:044A5400000000005E
:044A5500000000005D
:044A5600000000005C
:044A5700000000005B
:044A5800000000005A
:044A59000000000059
:044A5A000000000058
:044A5B000000000057
:044A5C000000000056
:044A5D000000000055
:044A5E000000000054
:044A5F000000000053
:044A60000000000052
:044A61000000000051
:044A62000000000050
:044A6300000000004F
:044A6400000000004E
:044A6500000000004D
:044A6600000000004C
:044A6700000000004B
:044A6800000000004A
:044A69000000000049
:044A6A000000000048
:044A6B000000000047
:044A6C000000000046
:044A6D000000000045
:044A6E000000000044
:044A6F000000000043
:044A70000000000042
:044A71000000000041
:044A72000000000040
:044A7300000000003F
:044A7400000000003E
:044A7500000000003D
:044A7600000000003C
:044A7700000000003B
:044A7800000000003A
:044A79000000000039
:044A7A000000000038
:044A7B000000000037
:044A7C000000000036
:044A7D000000000035
:044A7E000000000034
:044A7F000000000033
:044A80000000000032
:044A81000000000031
:044A82000000000030
:044A8300000000002F
:044A8400000000002E
:044A8500000000002D
:044A8600000000002C
:044A8700000000002B
:044A8800000000002A
:044A89000000000029
:044A8A000000000028
:044A8B000000000027
:044A8C000000000026
:044A8D000000000025
:044A8E000000000024
:044A8F000000000023
:044A90000000000022
:044A91000000000021
:044A92000000000020
:044A9300000000001F
:044A9400000000001E
:044A9500000000001D
:044A9600000000001C
:044A9700000000001B
:044A9800000000001A
:044A99000000000019
:044A9A000000000018
:044A9B000000000017
:044A9C000000000016
:044A9D000000000015
:044A9E000000000014
:044A9F000000000013
:044AA0000000000012
:044AA1000000000011
:044AA2000000000010
:044AA300000000000F
:044AA400000000000E
:044AA500000000000D
:044AA600000000000C
:044AA700000000000B
:044AA800000000000A
:044AA9000000000009
:044AAA000000000008
:044AAB000000000007
:044AAC000000000006
:044AAD000000000005
:044AAE000000000004
:044AAF000000000003
:044AB0000000000002
:044AB1000000000001
:044AB2000000000000
:044AB30000000000FF
:044AB40000000000FE
:044AB50000000000FD
:044AB60000000000FC
:044AB70000000000FB
:044AB80000000000FA
:044AB90000000000F9
:044ABA0000000000F8
:044ABB0000000000F7
:044ABC0000000000F6
:044ABD0000000000F5
:044ABE0000000000F4
:044ABF0000000000F3
:044AC00000000000F2
:044AC10000000000F1
:044AC20000000000F0
:044AC30000000000EF
:044AC40000000000EE
:044AC50000000000ED
:044AC60000000000EC
:044AC70000000000EB
:044AC80000000000EA
:044AC90000000000E9
:044ACA0000000000E8
:044ACB0000000000E7
:044ACC0000000000E6
:044ACD0000000000E5
:044ACE0000000000E4
:044ACF0000000000E3
:044AD00000000000E2
:044AD10000000000E1
:044AD20000000000E0
:044AD30000000000DF
:044AD40000000000DE
:044AD50000000000DD
:044AD60000000000DC
:044AD70000000000DB
:044AD80000000000DA
:044AD90000000000D9
:044ADA0000000000D8
:044ADB0000000000D7
:044ADC0000000000D6
:044ADD0000000000D5
:044ADE0000000000D4
:044ADF0000000000D3
:044AE00000000000D2
:044AE10000000000D1
:044AE20000000000D0
:044AE30000000000CF
:044AE40000000000CE
:044AE50000000000CD
:044AE60000000000CC
:044AE70000000000CB
:044AE80000000000CA
:044AE90000000000C9
:044AEA0000000000C8
:044AEB0000000000C7
:044AEC0000000000C6
:044AED0000000000C5
:044AEE0000000000C4
:044AEF0000000000C3
:044AF00000000000C2
:044AF10000000000C1
:044AF20000000000C0
:044AF30000000000BF
:044AF40000000000BE
:044AF50000000000BD
:044AF60000000000BC
:044AF70000000000BB
:044AF80000000000BA
:044AF90000000000B9
:044AFA0000000000B8
:044AFB0000000000B7
:044AFC0000000000B6
:044AFD0000000000B5
:044AFE0000000000B4
:044AFF0000000000B3
:044B000000000000B1
:044B010000000000B0
:044B020000000000AF
:044B030000000000AE
:044B040000000000AD
:044B050000000000AC
:044B060000000000AB
:044B070000000000AA
:044B080000000000A9
:044B090000000000A8
:044B0A0000000000A7
:044B0B0000000000A6
:044B0C0000000000A5
:044B0D0000000000A4
:044B0E0000000000A3
:044B0F0000000000A2
:044B100000000000A1
:044B110000000000A0
:044B1200000000009F
:044B1300000000009E
:044B1400000000009D
:044B1500000000009C
:044B1600000000009B
:044B1700000000009A
:044B18000000000099
:044B19000000000098
:044B1A000000000097
:044B1B000000000096
:044B1C000000000095
:044B1D000000000094
:044B1E000000000093
:044B1F000000000092
:044B20000000000091
:044B21000000000090
:044B2200000000008F
:044B2300000000008E
:044B2400000000008D
:044B2500000000008C
:044B2600000000008B
:044B2700000000008A
:044B28000000000089
:044B29000000000088
:044B2A000000000087
:044B2B000000000086
:044B2C000000000085
:044B2D000000000084
:044B2E000000000083
:044B2F000000000082
:044B30000000000081
:044B31000000000080
:044B3200000000007F
:044B3300000000007E
:044B3400000000007D
:044B3500000000007C
:044B3600000000007B
:044B3700000000007A
:044B38000000000079
:044B39000000000078
:044B3A000000000077
:044B3B000000000076
:044B3C000000000075
:044B3D000000000074
:044B3E000000000073
:044B3F000000000072
:044B40000000000071
:044B41000000000070
:044B4200000000006F
:044B4300000000006E
:044B4400000000006D
:044B4500000000006C
:044B4600000000006B
:044B4700000000006A
:044B48000000000069
:044B49000000000068
:044B4A000000000067
:044B4B000000000066
:044B4C000000000065
:044B4D000000000064
:044B4E000000000063
:044B4F000000000062
:044B50000000000061
:044B51000000000060
:044B5200000000005F
:044B5300000000005E
:044B5400000000005D
:044B5500000000005C
:044B5600000000005B
:044B5700000000005A
:044B58000000000059
:044B59000000000058
:044B5A000000000057
:044B5B000000000056
:044B5C000000000055
:044B5D000000000054
:044B5E000000000053
:044B5F000000000052
:044B60000000000051
:044B61000000000050
:044B6200000000004F
:044B6300000000004E
:044B6400000000004D
:044B6500000000004C
:044B6600000000004B
:044B6700000000004A
:044B68000000000049
:044B69000000000048
:044B6A000000000047
:044B6B000000000046
:044B6C000000000045
:044B6D000000000044
:044B6E000000000043
:044B6F000000000042
:044B70000000000041
:044B71000000000040
:044B7200000000003F
:044B7300000000003E
:044B7400000000003D
:044B7500000000003C
:044B7600000000003B
:044B7700000000003A
:044B78000000000039
:044B79000000000038
:044B7A000000000037
:044B7B000000000036
:044B7C000000000035
:044B7D000000000034
:044B7E000000000033
:044B7F000000000032
:044B80000000000031
:044B81000000000030
:044B8200000000002F
:044B8300000000002E
:044B8400000000002D
:044B8500000000002C
:044B8600000000002B
:044B8700000000002A
:044B88000000000029
:044B89000000000028
:044B8A000000000027
:044B8B000000000026
:044B8C000000000025
:044B8D000000000024
:044B8E000000000023
:044B8F000000000022
:044B90000000000021
:044B91000000000020
:044B9200000000001F
:044B9300000000001E
:044B9400000000001D
:044B9500000000001C
:044B9600000000001B
:044B9700000000001A
:044B98000000000019
:044B99000000000018
:044B9A000000000017
:044B9B000000000016
:044B9C000000000015
:044B9D000000000014
:044B9E000000000013
:044B9F000000000012
:044BA0000000000011
:044BA1000000000010
:044BA200000000000F
:044BA300000000000E
:044BA400000000000D
:044BA500000000000C
:044BA600000000000B
:044BA700000000000A
:044BA8000000000009
:044BA9000000000008
:044BAA000000000007
:044BAB000000000006
:044BAC000000000005
:044BAD000000000004
:044BAE000000000003
:044BAF000000000002
:044BB0000000000001
:044BB1000000000000
:044BB20000000000FF
:044BB30000000000FE
:044BB40000000000FD
:044BB50000000000FC
:044BB60000000000FB
:044BB70000000000FA
:044BB80000000000F9
:044BB90000000000F8
:044BBA0000000000F7
:044BBB0000000000F6
:044BBC0000000000F5
:044BBD0000000000F4
:044BBE0000000000F3
:044BBF0000000000F2
:044BC00000000000F1
:044BC10000000000F0
:044BC20000000000EF
:044BC30000000000EE
:044BC40000000000ED
:044BC50000000000EC
:044BC60000000000EB
:044BC70000000000EA
:044BC80000000000E9
:044BC90000000000E8
:044BCA0000000000E7
:044BCB0000000000E6
:044BCC0000000000E5
:044BCD0000000000E4
:044BCE0000000000E3
:044BCF0000000000E2
:044BD00000000000E1
:044BD10000000000E0
:044BD20000000000DF
:044BD30000000000DE
:044BD40000000000DD
:044BD50000000000DC
:044BD60000000000DB
:044BD70000000000DA
:044BD80000000000D9
:044BD90000000000D8
:044BDA0000000000D7
:044BDB0000000000D6
:044BDC0000000000D5
:044BDD0000000000D4
:044BDE0000000000D3
:044BDF0000000000D2
:044BE00000000000D1
:044BE10000000000D0
:044BE20000000000CF
:044BE30000000000CE
:044BE40000000000CD
:044BE50000000000CC
:044BE60000000000CB
:044BE70000000000CA
:044BE80000000000C9
:044BE90000000000C8
:044BEA0000000000C7
:044BEB0000000000C6
:044BEC0000000000C5
:044BED0000000000C4
:044BEE0000000000C3
:044BEF0000000000C2
:044BF00000000000C1
:044BF10000000000C0
:044BF20000000000BF
:044BF30000000000BE
:044BF40000000000BD
:044BF50000000000BC
:044BF60000000000BB
:044BF70000000000BA
:044BF80000000000B9
:044BF90000000000B8
:044BFA0000000000B7
:044BFB0000000000B6
:044BFC0000000000B5
:044BFD0000000000B4
:044BFE0000000000B3
:044BFF0000000000B2
:044C000000000000B0
:044C010000000000AF
:044C020000000000AE
:044C030000000000AD
:044C040000000000AC
:044C050000000000AB
:044C060000000000AA
:044C070000000000A9
:044C080000000000A8
:044C090000000000A7
:044C0A0000000000A6
:044C0B0000000000A5
:044C0C0000000000A4
:044C0D0000000000A3
:044C0E0000000000A2
:044C0F0000000000A1
:044C100000000000A0
:044C1100000000009F
:044C1200000000009E
:044C1300000000009D
:044C1400000000009C
:044C1500000000009B
:044C1600000000009A
:044C17000000000099
:044C18000000000098
:044C19000000000097
:044C1A000000000096
:044C1B000000000095
:044C1C000000000094
:044C1D000000000093
:044C1E000000000092
:044C1F000000000091
:044C20000000000090
:044C2100000000008F
:044C2200000000008E
:044C2300000000008D
:044C2400000000008C
:044C2500000000008B
:044C2600000000008A
:044C27000000000089
:044C28000000000088
:044C29000000000087
:044C2A000000000086
:044C2B000000000085
:044C2C000000000084
:044C2D000000000083
:044C2E000000000082
:044C2F000000000081
:044C30000000000080
:044C3100000000007F
:044C3200000000007E
:044C3300000000007D
:044C3400000000007C
:044C3500000000007B
:044C3600000000007A
:044C37000000000079
:044C38000000000078
:044C39000000000077
:044C3A000000000076
:044C3B000000000075
:044C3C000000000074
:044C3D000000000073
:044C3E000000000072
:044C3F000000000071
:044C40000000000070
:044C4100000000006F
:044C4200000000006E
:044C4300000000006D
:044C4400000000006C
:044C4500000000006B
:044C4600000000006A
:044C47000000000069
:044C48000000000068
:044C49000000000067
:044C4A000000000066
:044C4B000000000065
:044C4C000000000064
:044C4D000000000063
:044C4E000000000062
:044C4F000000000061
:044C50000000000060
:044C5100000000005F
:044C5200000000005E
:044C5300000000005D
:044C5400000000005C
:044C5500000000005B
:044C5600000000005A
:044C57000000000059
:044C58000000000058
:044C59000000000057
:044C5A000000000056
:044C5B000000000055
:044C5C000000000054
:044C5D000000000053
:044C5E000000000052
:044C5F000000000051
:044C60000000000050
:044C6100000000004F
:044C6200000000004E
:044C6300000000004D
:044C6400000000004C
:044C6500000000004B
:044C6600000000004A
:044C67000000000049
:044C68000000000048
:044C69000000000047
:044C6A000000000046
:044C6B000000000045
:044C6C000000000044
:044C6D000000000043
:044C6E000000000042
:044C6F000000000041
:044C70000000000040
:044C7100000000003F
:044C7200000000003E
:044C7300000000003D
:044C7400000000003C
:044C7500000000003B
:044C7600000000003A
:044C77000000000039
:044C78000000000038
:044C79000000000037
:044C7A000000000036
:044C7B000000000035
:044C7C000000000034
:044C7D000000000033
:044C7E000000000032
:044C7F000000000031
:044C80000000000030
:044C8100000000002F
:044C8200000000002E
:044C8300000000002D
:044C8400000000002C
:044C8500000000002B
:044C8600000000002A
:044C87000000000029
:044C88000000000028
:044C89000000000027
:044C8A000000000026
:044C8B000000000025
:044C8C000000000024
:044C8D000000000023
:044C8E000000000022
:044C8F000000000021
:044C90000000000020
:044C9100000000001F
:044C9200000000001E
:044C9300000000001D
:044C9400000000001C
:044C9500000000001B
:044C9600000000001A
:044C97000000000019
:044C98000000000018
:044C99000000000017
:044C9A000000000016
:044C9B000000000015
:044C9C000000000014
:044C9D000000000013
:044C9E000000000012
:044C9F000000000011
:044CA0000000000010
:044CA100000000000F
:044CA200000000000E
:044CA300000000000D
:044CA400000000000C
:044CA500000000000B
:044CA600000000000A
:044CA7000000000009
:044CA8000000000008
:044CA9000000000007
:044CAA000000000006
:044CAB000000000005
:044CAC000000000004
:044CAD000000000003
:044CAE000000000002
:044CAF000000000001
:044CB0000000000000
:044CB10000000000FF
:044CB20000000000FE
:044CB30000000000FD
:044CB40000000000FC
:044CB50000000000FB
:044CB60000000000FA
:044CB70000000000F9
:044CB80000000000F8
:044CB90000000000F7
:044CBA0000000000F6
:044CBB0000000000F5
:044CBC0000000000F4
:044CBD0000000000F3
:044CBE0000000000F2
:044CBF0000000000F1
:044CC00000000000F0
:044CC10000000000EF
:044CC20000000000EE
:044CC30000000000ED
:044CC40000000000EC
:044CC50000000000EB
:044CC60000000000EA
:044CC70000000000E9
:044CC80000000000E8
:044CC90000000000E7
:044CCA0000000000E6
:044CCB0000000000E5
:044CCC0000000000E4
:044CCD0000000000E3
:044CCE0000000000E2
:044CCF0000000000E1
:044CD00000000000E0
:044CD10000000000DF
:044CD20000000000DE
:044CD30000000000DD
:044CD40000000000DC
:044CD50000000000DB
:044CD60000000000DA
:044CD70000000000D9
:044CD80000000000D8
:044CD90000000000D7
:044CDA0000000000D6
:044CDB0000000000D5
:044CDC0000000000D4
:044CDD0000000000D3
:044CDE0000000000D2
:044CDF0000000000D1
:044CE00000000000D0
:044CE10000000000CF
:044CE20000000000CE
:044CE30000000000CD
:044CE40000000000CC
:044CE50000000000CB
:044CE60000000000CA
:044CE70000000000C9
:044CE80000000000C8
:044CE90000000000C7
:044CEA0000000000C6
:044CEB0000000000C5
:044CEC0000000000C4
:044CED0000000000C3
:044CEE0000000000C2
:044CEF0000000000C1
:044CF00000000000C0
:044CF10000000000BF
:044CF20000000000BE
:044CF30000000000BD
:044CF40000000000BC
:044CF50000000000BB
:044CF60000000000BA
:044CF70000000000B9
:044CF80000000000B8
:044CF90000000000B7
:044CFA0000000000B6
:044CFB0000000000B5
:044CFC0000000000B4
:044CFD0000000000B3
:044CFE0000000000B2
:044CFF0000000000B1
:044D000000000000AF
:044D010000000000AE
:044D020000000000AD
:044D030000000000AC
:044D040000000000AB
:044D050000000000AA
:044D060000000000A9
:044D070000000000A8
:044D080000000000A7
:044D090000000000A6
:044D0A0000000000A5
:044D0B0000000000A4
:044D0C0000000000A3
:044D0D0000000000A2
:044D0E0000000000A1
:044D0F0000000000A0
:044D1000000000009F
:044D1100000000009E
:044D1200000000009D
:044D1300000000009C
:044D1400000000009B
:044D1500000000009A
:044D16000000000099
:044D17000000000098
:044D18000000000097
:044D19000000000096
:044D1A000000000095
:044D1B000000000094
:044D1C000000000093
:044D1D000000000092
:044D1E000000000091
:044D1F000000000090
:044D2000000000008F
:044D2100000000008E
:044D2200000000008D
:044D2300000000008C
:044D2400000000008B
:044D2500000000008A
:044D26000000000089
:044D27000000000088
:044D28000000000087
:044D29000000000086
:044D2A000000000085
:044D2B000000000084
:044D2C000000000083
:044D2D000000000082
:044D2E000000000081
:044D2F000000000080
:044D3000000000007F
:044D3100000000007E
:044D3200000000007D
:044D3300000000007C
:044D3400000000007B
:044D3500000000007A
:044D36000000000079
:044D37000000000078
:044D38000000000077
:044D39000000000076
:044D3A000000000075
:044D3B000000000074
:044D3C000000000073
:044D3D000000000072
:044D3E000000000071
:044D3F000000000070
:044D4000000000006F
:044D4100000000006E
:044D4200000000006D
:044D4300000000006C
:044D4400000000006B
:044D4500000000006A
:044D46000000000069
:044D47000000000068
:044D48000000000067
:044D49000000000066
:044D4A000000000065
:044D4B000000000064
:044D4C000000000063
:044D4D000000000062
:044D4E000000000061
:044D4F000000000060
:044D5000000000005F
:044D5100000000005E
:044D5200000000005D
:044D5300000000005C
:044D5400000000005B
:044D5500000000005A
:044D56000000000059
:044D57000000000058
:044D58000000000057
:044D59000000000056
:044D5A000000000055
:044D5B000000000054
:044D5C000000000053
:044D5D000000000052
:044D5E000000000051
:044D5F000000000050
:044D6000000000004F
:044D6100000000004E
:044D6200000000004D
:044D6300000000004C
:044D6400000000004B
:044D6500000000004A
:044D66000000000049
:044D67000000000048
:044D68000000000047
:044D69000000000046
:044D6A000000000045
:044D6B000000000044
:044D6C000000000043
:044D6D000000000042
:044D6E000000000041
:044D6F000000000040
:044D7000000000003F
:044D7100000000003E
:044D7200000000003D
:044D7300000000003C
:044D7400000000003B
:044D7500000000003A
:044D76000000000039
:044D77000000000038
:044D78000000000037
:044D79000000000036
:044D7A000000000035
:044D7B000000000034
:044D7C000000000033
:044D7D000000000032
:044D7E000000000031
:044D7F000000000030
:044D8000000000002F
:044D8100000000002E
:044D8200000000002D
:044D8300000000002C
:044D8400000000002B
:044D8500000000002A
:044D86000000000029
:044D87000000000028
:044D88000000000027
:044D89000000000026
:044D8A000000000025
:044D8B000000000024
:044D8C000000000023
:044D8D000000000022
:044D8E000000000021
:044D8F000000000020
:044D9000000000001F
:044D9100000000001E
:044D9200000000001D
:044D9300000000001C
:044D9400000000001B
:044D9500000000001A
:044D96000000000019
:044D97000000000018
:044D98000000000017
:044D99000000000016
:044D9A000000000015
:044D9B000000000014
:044D9C000000000013
:044D9D000000000012
:044D9E000000000011
:044D9F000000000010
:044DA000000000000F
:044DA100000000000E
:044DA200000000000D
:044DA300000000000C
:044DA400000000000B
:044DA500000000000A
:044DA6000000000009
:044DA7000000000008
:044DA8000000000007
:044DA9000000000006
:044DAA000000000005
:044DAB000000000004
:044DAC000000000003
:044DAD000000000002
:044DAE000000000001
:044DAF000000000000
:044DB00000000000FF
:044DB10000000000FE
:044DB20000000000FD
:044DB30000000000FC
:044DB40000000000FB
:044DB50000000000FA
:044DB60000000000F9
:044DB70000000000F8
:044DB80000000000F7
:044DB90000000000F6
:044DBA0000000000F5
:044DBB0000000000F4
:044DBC0000000000F3
:044DBD0000000000F2
:044DBE0000000000F1
:044DBF0000000000F0
:044DC00000000000EF
:044DC10000000000EE
:044DC20000000000ED
:044DC30000000000EC
:044DC40000000000EB
:044DC50000000000EA
:044DC60000000000E9
:044DC70000000000E8
:044DC80000000000E7
:044DC90000000000E6
:044DCA0000000000E5
:044DCB0000000000E4
:044DCC0000000000E3
:044DCD0000000000E2
:044DCE0000000000E1
:044DCF0000000000E0
:044DD00000000000DF
:044DD10000000000DE
:044DD20000000000DD
:044DD30000000000DC
:044DD40000000000DB
:044DD50000000000DA
:044DD60000000000D9
:044DD70000000000D8
:044DD80000000000D7
:044DD90000000000D6
:044DDA0000000000D5
:044DDB0000000000D4
:044DDC0000000000D3
:044DDD0000000000D2
:044DDE0000000000D1
:044DDF0000000000D0
:044DE00000000000CF
:044DE10000000000CE
:044DE20000000000CD
:044DE30000000000CC
:044DE40000000000CB
:044DE50000000000CA
:044DE60000000000C9
:044DE70000000000C8
:044DE80000000000C7
:044DE90000000000C6
:044DEA0000000000C5
:044DEB0000000000C4
:044DEC0000000000C3
:044DED0000000000C2
:044DEE0000000000C1
:044DEF0000000000C0
:044DF00000000000BF
:044DF10000000000BE
:044DF20000000000BD
:044DF30000000000BC
:044DF40000000000BB
:044DF50000000000BA
:044DF60000000000B9
:044DF70000000000B8
:044DF80000000000B7
:044DF90000000000B6
:044DFA0000000000B5
:044DFB0000000000B4
:044DFC0000000000B3
:044DFD0000000000B2
:044DFE0000000000B1
:044DFF0000000000B0
:044E000000000000AE
:044E010000000000AD
:044E020000000000AC
:044E030000000000AB
:044E040000000000AA
:044E050000000000A9
:044E060000000000A8
:044E070000000000A7
:044E080000000000A6
:044E090000000000A5
:044E0A0000000000A4
:044E0B0000000000A3
:044E0C0000000000A2
:044E0D0000000000A1
:044E0E0000000000A0
:044E0F00000000009F
:044E1000000000009E
:044E1100000000009D
:044E1200000000009C
:044E1300000000009B
:044E1400000000009A
:044E15000000000099
:044E16000000000098
:044E17000000000097
:044E18000000000096
:044E19000000000095
:044E1A000000000094
:044E1B000000000093
:044E1C000000000092
:044E1D000000000091
:044E1E000000000090
:044E1F00000000008F
:044E2000000000008E
:044E2100000000008D
:044E2200000000008C
:044E2300000000008B
:044E2400000000008A
:044E25000000000089
:044E26000000000088
:044E27000000000087
:044E28000000000086
:044E29000000000085
:044E2A000000000084
:044E2B000000000083
:044E2C000000000082
:044E2D000000000081
:044E2E000000000080
:044E2F00000000007F
:044E3000000000007E
:044E3100000000007D
:044E3200000000007C
:044E3300000000007B
:044E3400000000007A
:044E35000000000079
:044E36000000000078
:044E37000000000077
:044E38000000000076
:044E39000000000075
:044E3A000000000074
:044E3B000000000073
:044E3C000000000072
:044E3D000000000071
:044E3E000000000070
:044E3F00000000006F
:044E4000000000006E
:044E4100000000006D
:044E4200000000006C
:044E4300000000006B
:044E4400000000006A
:044E45000000000069
:044E46000000000068
:044E47000000000067
:044E48000000000066
:044E49000000000065
:044E4A000000000064
:044E4B000000000063
:044E4C000000000062
:044E4D000000000061
:044E4E000000000060
:044E4F00000000005F
:044E5000000000005E
:044E5100000000005D
:044E5200000000005C
:044E5300000000005B
:044E5400000000005A
:044E55000000000059
:044E56000000000058
:044E57000000000057
:044E58000000000056
:044E59000000000055
:044E5A000000000054
:044E5B000000000053
:044E5C000000000052
:044E5D000000000051
:044E5E000000000050
:044E5F00000000004F
:044E6000000000004E
:044E6100000000004D
:044E6200000000004C
:044E6300000000004B
:044E6400000000004A
:044E65000000000049
:044E66000000000048
:044E67000000000047
:044E68000000000046
:044E69000000000045
:044E6A000000000044
:044E6B000000000043
:044E6C000000000042
:044E6D000000000041
:044E6E000000000040
:044E6F00000000003F
:044E7000000000003E
:044E7100000000003D
:044E7200000000003C
:044E7300000000003B
:044E7400000000003A
:044E75000000000039
:044E76000000000038
:044E77000000000037
:044E78000000000036
:044E79000000000035
:044E7A000000000034
:044E7B000000000033
:044E7C000000000032
:044E7D000000000031
:044E7E000000000030
:044E7F00000000002F
:044E8000000000002E
:044E8100000000002D
:044E8200000000002C
:044E8300000000002B
:044E8400000000002A
:044E85000000000029
:044E86000000000028
:044E87000000000027
:044E88000000000026
:044E89000000000025
:044E8A000000000024
:044E8B000000000023
:044E8C000000000022
:044E8D000000000021
:044E8E000000000020
:044E8F00000000001F
:044E9000000000001E
:044E9100000000001D
:044E9200000000001C
:044E9300000000001B
:044E9400000000001A
:044E95000000000019
:044E96000000000018
:044E97000000000017
:044E98000000000016
:044E99000000000015
:044E9A000000000014
:044E9B000000000013
:044E9C000000000012
:044E9D000000000011
:044E9E000000000010
:044E9F00000000000F
:044EA000000000000E
:044EA100000000000D
:044EA200000000000C
:044EA300000000000B
:044EA400000000000A
:044EA5000000000009
:044EA6000000000008
:044EA7000000000007
:044EA8000000000006
:044EA9000000000005
:044EAA000000000004
:044EAB000000000003
:044EAC000000000002
:044EAD000000000001
:044EAE000000000000
:044EAF0000000000FF
:044EB00000000000FE
:044EB10000000000FD
:044EB20000000000FC
:044EB30000000000FB
:044EB40000000000FA
:044EB50000000000F9
:044EB60000000000F8
:044EB70000000000F7
:044EB80000000000F6
:044EB90000000000F5
:044EBA0000000000F4
:044EBB0000000000F3
:044EBC0000000000F2
:044EBD0000000000F1
:044EBE0000000000F0
:044EBF0000000000EF
:044EC00000000000EE
:044EC10000000000ED
:044EC20000000000EC
:044EC30000000000EB
:044EC40000000000EA
:044EC50000000000E9
:044EC60000000000E8
:044EC70000000000E7
:044EC80000000000E6
:044EC90000000000E5
:044ECA0000000000E4
:044ECB0000000000E3
:044ECC0000000000E2
:044ECD0000000000E1
:044ECE0000000000E0
:044ECF0000000000DF
:044ED00000000000DE
:044ED10000000000DD
:044ED20000000000DC
:044ED30000000000DB
:044ED40000000000DA
:044ED50000000000D9
:044ED60000000000D8
:044ED70000000000D7
:044ED80000000000D6
:044ED90000000000D5
:044EDA0000000000D4
:044EDB0000000000D3
:044EDC0000000000D2
:044EDD0000000000D1
:044EDE0000000000D0
:044EDF0000000000CF
:044EE00000000000CE
:044EE10000000000CD
:044EE20000000000CC
:044EE30000000000CB
:044EE40000000000CA
:044EE50000000000C9
:044EE60000000000C8
:044EE70000000000C7
:044EE80000000000C6
:044EE90000000000C5
:044EEA0000000000C4
:044EEB0000000000C3
:044EEC0000000000C2
:044EED0000000000C1
:044EEE0000000000C0
:044EEF0000000000BF
:044EF00000000000BE
:044EF10000000000BD
:044EF20000000000BC
:044EF30000000000BB
:044EF40000000000BA
:044EF50000000000B9
:044EF60000000000B8
:044EF70000000000B7
:044EF80000000000B6
:044EF90000000000B5
:044EFA0000000000B4
:044EFB0000000000B3
:044EFC0000000000B2
:044EFD0000000000B1
:044EFE0000000000B0
:044EFF0000000000AF
:044F000000000000AD
:044F010000000000AC
:044F020000000000AB
:044F030000000000AA
:044F040000000000A9
:044F050000000000A8
:044F060000000000A7
:044F070000000000A6
:044F080000000000A5
:044F090000000000A4
:044F0A0000000000A3
:044F0B0000000000A2
:044F0C0000000000A1
:044F0D0000000000A0
:044F0E00000000009F
:044F0F00000000009E
:044F1000000000009D
:044F1100000000009C
:044F1200000000009B
:044F1300000000009A
:044F14000000000099
:044F15000000000098
:044F16000000000097
:044F17000000000096
:044F18000000000095
:044F19000000000094
:044F1A000000000093
:044F1B000000000092
:044F1C000000000091
:044F1D000000000090
:044F1E00000000008F
:044F1F00000000008E
:044F2000000000008D
:044F2100000000008C
:044F2200000000008B
:044F2300000000008A
:044F24000000000089
:044F25000000000088
:044F26000000000087
:044F27000000000086
:044F28000000000085
:044F29000000000084
:044F2A000000000083
:044F2B000000000082
:044F2C000000000081
:044F2D000000000080
:044F2E00000000007F
:044F2F00000000007E
:044F3000000000007D
:044F3100000000007C
:044F3200000000007B
:044F3300000000007A
:044F34000000000079
:044F35000000000078
:044F36000000000077
:044F37000000000076
:044F38000000000075
:044F39000000000074
:044F3A000000000073
:044F3B000000000072
:044F3C000000000071
:044F3D000000000070
:044F3E00000000006F
:044F3F00000000006E
:044F4000000000006D
:044F4100000000006C
:044F4200000000006B
:044F4300000000006A
:044F44000000000069
:044F45000000000068
:044F46000000000067
:044F47000000000066
:044F48000000000065
:044F49000000000064
:044F4A000000000063
:044F4B000000000062
:044F4C000000000061
:044F4D000000000060
:044F4E00000000005F
:044F4F00000000005E
:044F5000000000005D
:044F5100000000005C
:044F5200000000005B
:044F5300000000005A
:044F54000000000059
:044F55000000000058
:044F56000000000057
:044F57000000000056
:044F58000000000055
:044F59000000000054
:044F5A000000000053
:044F5B000000000052
:044F5C000000000051
:044F5D000000000050
:044F5E00000000004F
:044F5F00000000004E
:044F6000000000004D
:044F6100000000004C
:044F6200000000004B
:044F6300000000004A
:044F64000000000049
:044F65000000000048
:044F66000000000047
:044F67000000000046
:044F68000000000045
:044F69000000000044
:044F6A000000000043
:044F6B000000000042
:044F6C000000000041
:044F6D000000000040
:044F6E00000000003F
:044F6F00000000003E
:044F7000000000003D
:044F7100000000003C
:044F7200000000003B
:044F7300000000003A
:044F74000000000039
:044F75000000000038
:044F76000000000037
:044F77000000000036
:044F78000000000035
:044F79000000000034
:044F7A000000000033
:044F7B000000000032
:044F7C000000000031
:044F7D000000000030
:044F7E00000000002F
:044F7F00000000002E
:044F8000000000002D
:044F8100000000002C
:044F8200000000002B
:044F8300000000002A
:044F84000000000029
:044F85000000000028
:044F86000000000027
:044F87000000000026
:044F88000000000025
:044F89000000000024
:044F8A000000000023
:044F8B000000000022
:044F8C000000000021
:044F8D000000000020
:044F8E00000000001F
:044F8F00000000001E
:044F9000000000001D
:044F9100000000001C
:044F9200000000001B
:044F9300000000001A
:044F94000000000019
:044F95000000000018
:044F96000000000017
:044F97000000000016
:044F98000000000015
:044F99000000000014
:044F9A000000000013
:044F9B000000000012
:044F9C000000000011
:044F9D000000000010
:044F9E00000000000F
:044F9F00000000000E
:044FA000000000000D
:044FA100000000000C
:044FA200000000000B
:044FA300000000000A
:044FA4000000000009
:044FA5000000000008
:044FA6000000000007
:044FA7000000000006
:044FA8000000000005
:044FA9000000000004
:044FAA000000000003
:044FAB000000000002
:044FAC000000000001
:044FAD000000000000
:044FAE0000000000FF
:044FAF0000000000FE
:044FB00000000000FD
:044FB10000000000FC
:044FB20000000000FB
:044FB30000000000FA
:044FB40000000000F9
:044FB50000000000F8
:044FB60000000000F7
:044FB70000000000F6
:044FB80000000000F5
:044FB90000000000F4
:044FBA0000000000F3
:044FBB0000000000F2
:044FBC0000000000F1
:044FBD0000000000F0
:044FBE0000000000EF
:044FBF0000000000EE
:044FC00000000000ED
:044FC10000000000EC
:044FC20000000000EB
:044FC30000000000EA
:044FC40000000000E9
:044FC50000000000E8
:044FC60000000000E7
:044FC70000000000E6
:044FC80000000000E5
:044FC90000000000E4
:044FCA0000000000E3
:044FCB0000000000E2
:044FCC0000000000E1
:044FCD0000000000E0
:044FCE0000000000DF
:044FCF0000000000DE
:044FD00000000000DD
:044FD10000000000DC
:044FD20000000000DB
:044FD30000000000DA
:044FD40000000000D9
:044FD50000000000D8
:044FD60000000000D7
:044FD70000000000D6
:044FD80000000000D5
:044FD90000000000D4
:044FDA0000000000D3
:044FDB0000000000D2
:044FDC0000000000D1
:044FDD0000000000D0
:044FDE0000000000CF
:044FDF0000000000CE
:044FE00000000000CD
:044FE10000000000CC
:044FE20000000000CB
:044FE30000000000CA
:044FE40000000000C9
:044FE50000000000C8
:044FE60000000000C7
:044FE70000000000C6
:044FE80000000000C5
:044FE90000000000C4
:044FEA0000000000C3
:044FEB0000000000C2
:044FEC0000000000C1
:044FED0000000000C0
:044FEE0000000000BF
:044FEF0000000000BE
:044FF00000000000BD
:044FF10000000000BC
:044FF20000000000BB
:044FF30000000000BA
:044FF40000000000B9
:044FF50000000000B8
:044FF60000000000B7
:044FF70000000000B6
:044FF80000000000B5
:044FF90000000000B4
:044FFA0000000000B3
:044FFB0000000000B2
:044FFC0000000000B1
:044FFD0000000000B0
:044FFE0000000000AF
:044FFF0000000000AE
:0450000000000000AC
:0450010000000000AB
:0450020000000000AA
:0450030000000000A9
:0450040000000000A8
:0450050000000000A7
:0450060000000000A6
:0450070000000000A5
:0450080000000000A4
:0450090000000000A3
:04500A0000000000A2
:04500B0000000000A1
:04500C0000000000A0
:04500D00000000009F
:04500E00000000009E
:04500F00000000009D
:04501000000000009C
:04501100000000009B
:04501200000000009A
:045013000000000099
:045014000000000098
:045015000000000097
:045016000000000096
:045017000000000095
:045018000000000094
:045019000000000093
:04501A000000000092
:04501B000000000091
:04501C000000000090
:04501D00000000008F
:04501E00000000008E
:04501F00000000008D
:04502000000000008C
:04502100000000008B
:04502200000000008A
:045023000000000089
:045024000000000088
:045025000000000087
:045026000000000086
:045027000000000085
:045028000000000084
:045029000000000083
:04502A000000000082
:04502B000000000081
:04502C000000000080
:04502D00000000007F
:04502E00000000007E
:04502F00000000007D
:04503000000000007C
:04503100000000007B
:04503200000000007A
:045033000000000079
:045034000000000078
:045035000000000077
:045036000000000076
:045037000000000075
:045038000000000074
:045039000000000073
:04503A000000000072
:04503B000000000071
:04503C000000000070
:04503D00000000006F
:04503E00000000006E
:04503F00000000006D
:04504000000000006C
:04504100000000006B
:04504200000000006A
:045043000000000069
:045044000000000068
:045045000000000067
:045046000000000066
:045047000000000065
:045048000000000064
:045049000000000063
:04504A000000000062
:04504B000000000061
:04504C000000000060
:04504D00000000005F
:04504E00000000005E
:04504F00000000005D
:04505000000000005C
:04505100000000005B
:04505200000000005A
:045053000000000059
:045054000000000058
:045055000000000057
:045056000000000056
:045057000000000055
:045058000000000054
:045059000000000053
:04505A000000000052
:04505B000000000051
:04505C000000000050
:04505D00000000004F
:04505E00000000004E
:04505F00000000004D
:04506000000000004C
:04506100000000004B
:04506200000000004A
:045063000000000049
:045064000000000048
:045065000000000047
:045066000000000046
:045067000000000045
:045068000000000044
:045069000000000043
:04506A000000000042
:04506B000000000041
:04506C000000000040
:04506D00000000003F
:04506E00000000003E
:04506F00000000003D
:04507000000000003C
:04507100000000003B
:04507200000000003A
:045073000000000039
:045074000000000038
:045075000000000037
:045076000000000036
:045077000000000035
:045078000000000034
:045079000000000033
:04507A000000000032
:04507B000000000031
:04507C000000000030
:04507D00000000002F
:04507E00000000002E
:04507F00000000002D
:04508000000000002C
:04508100000000002B
:04508200000000002A
:045083000000000029
:045084000000000028
:045085000000000027
:045086000000000026
:045087000000000025
:045088000000000024
:045089000000000023
:04508A000000000022
:04508B000000000021
:04508C000000000020
:04508D00000000001F
:04508E00000000001E
:04508F00000000001D
:04509000000000001C
:04509100000000001B
:04509200000000001A
:045093000000000019
:045094000000000018
:045095000000000017
:045096000000000016
:045097000000000015
:045098000000000014
:045099000000000013
:04509A000000000012
:04509B000000000011
:04509C000000000010
:04509D00000000000F
:04509E00000000000E
:04509F00000000000D
:0450A000000000000C
:0450A100000000000B
:0450A200000000000A
:0450A3000000000009
:0450A4000000000008
:0450A5000000000007
:0450A6000000000006
:0450A7000000000005
:0450A8000000000004
:0450A9000000000003
:0450AA000000000002
:0450AB000000000001
:0450AC000000000000
:0450AD0000000000FF
:0450AE0000000000FE
:0450AF0000000000FD
:0450B00000000000FC
:0450B10000000000FB
:0450B20000000000FA
:0450B30000000000F9
:0450B40000000000F8
:0450B50000000000F7
:0450B60000000000F6
:0450B70000000000F5
:0450B80000000000F4
:0450B90000000000F3
:0450BA0000000000F2
:0450BB0000000000F1
:0450BC0000000000F0
:0450BD0000000000EF
:0450BE0000000000EE
:0450BF0000000000ED
:0450C00000000000EC
:0450C10000000000EB
:0450C20000000000EA
:0450C30000000000E9
:0450C40000000000E8
:0450C50000000000E7
:0450C60000000000E6
:0450C70000000000E5
:0450C80000000000E4
:0450C90000000000E3
:0450CA0000000000E2
:0450CB0000000000E1
:0450CC0000000000E0
:0450CD0000000000DF
:0450CE0000000000DE
:0450CF0000000000DD
:0450D00000000000DC
:0450D10000000000DB
:0450D20000000000DA
:0450D30000000000D9
:0450D40000000000D8
:0450D50000000000D7
:0450D60000000000D6
:0450D70000000000D5
:0450D80000000000D4
:0450D90000000000D3
:0450DA0000000000D2
:0450DB0000000000D1
:0450DC0000000000D0
:0450DD0000000000CF
:0450DE0000000000CE
:0450DF0000000000CD
:0450E00000000000CC
:0450E10000000000CB
:0450E20000000000CA
:0450E30000000000C9
:0450E40000000000C8
:0450E50000000000C7
:0450E60000000000C6
:0450E70000000000C5
:0450E80000000000C4
:0450E90000000000C3
:0450EA0000000000C2
:0450EB0000000000C1
:0450EC0000000000C0
:0450ED0000000000BF
:0450EE0000000000BE
:0450EF0000000000BD
:0450F00000000000BC
:0450F10000000000BB
:0450F20000000000BA
:0450F30000000000B9
:0450F40000000000B8
:0450F50000000000B7
:0450F60000000000B6
:0450F70000000000B5
:0450F80000000000B4
:0450F90000000000B3
:0450FA0000000000B2
:0450FB0000000000B1
:0450FC0000000000B0
:0450FD0000000000AF
:0450FE0000000000AE
:0450FF0000000000AD
:0451000000000000AB
:0451010000000000AA
:0451020000000000A9
:0451030000000000A8
:0451040000000000A7
:0451050000000000A6
:0451060000000000A5
:0451070000000000A4
:0451080000000000A3
:0451090000000000A2
:04510A0000000000A1
:04510B0000000000A0
:04510C00000000009F
:04510D00000000009E
:04510E00000000009D
:04510F00000000009C
:04511000000000009B
:04511100000000009A
:045112000000000099
:045113000000000098
:045114000000000097
:045115000000000096
:045116000000000095
:045117000000000094
:045118000000000093
:045119000000000092
:04511A000000000091
:04511B000000000090
:04511C00000000008F
:04511D00000000008E
:04511E00000000008D
:04511F00000000008C
:04512000000000008B
:04512100000000008A
:045122000000000089
:045123000000000088
:045124000000000087
:045125000000000086
:045126000000000085
:045127000000000084
:045128000000000083
:045129000000000082
:04512A000000000081
:04512B000000000080
:04512C00000000007F
:04512D00000000007E
:04512E00000000007D
:04512F00000000007C
:04513000000000007B
:04513100000000007A
:045132000000000079
:045133000000000078
:045134000000000077
:045135000000000076
:045136000000000075
:045137000000000074
:045138000000000073
:045139000000000072
:04513A000000000071
:04513B000000000070
:04513C00000000006F
:04513D00000000006E
:04513E00000000006D
:04513F00000000006C
:04514000000000006B
:04514100000000006A
:045142000000000069
:045143000000000068
:045144000000000067
:045145000000000066
:045146000000000065
:045147000000000064
:045148000000000063
:045149000000000062
:04514A000000000061
:04514B000000000060
:04514C00000000005F
:04514D00000000005E
:04514E00000000005D
:04514F00000000005C
:04515000000000005B
:04515100000000005A
:045152000000000059
:045153000000000058
:045154000000000057
:045155000000000056
:045156000000000055
:045157000000000054
:045158000000000053
:045159000000000052
:04515A000000000051
:04515B000000000050
:04515C00000000004F
:04515D00000000004E
:04515E00000000004D
:04515F00000000004C
:04516000000000004B
:04516100000000004A
:045162000000000049
:045163000000000048
:045164000000000047
:045165000000000046
:045166000000000045
:045167000000000044
:045168000000000043
:045169000000000042
:04516A000000000041
:04516B000000000040
:04516C00000000003F
:04516D00000000003E
:04516E00000000003D
:04516F00000000003C
:04517000000000003B
:04517100000000003A
:045172000000000039
:045173000000000038
:045174000000000037
:045175000000000036
:045176000000000035
:045177000000000034
:045178000000000033
:045179000000000032
:04517A000000000031
:04517B000000000030
:04517C00000000002F
:04517D00000000002E
:04517E00000000002D
:04517F00000000002C
:04518000000000002B
:04518100000000002A
:045182000000000029
:045183000000000028
:045184000000000027
:045185000000000026
:045186000000000025
:045187000000000024
:045188000000000023
:045189000000000022
:04518A000000000021
:04518B000000000020
:04518C00000000001F
:04518D00000000001E
:04518E00000000001D
:04518F00000000001C
:04519000000000001B
:04519100000000001A
:045192000000000019
:045193000000000018
:045194000000000017
:045195000000000016
:045196000000000015
:045197000000000014
:045198000000000013
:045199000000000012
:04519A000000000011
:04519B000000000010
:04519C00000000000F
:04519D00000000000E
:04519E00000000000D
:04519F00000000000C
:0451A000000000000B
:0451A100000000000A
:0451A2000000000009
:0451A3000000000008
:0451A4000000000007
:0451A5000000000006
:0451A6000000000005
:0451A7000000000004
:0451A8000000000003
:0451A9000000000002
:0451AA000000000001
:0451AB000000000000
:0451AC0000000000FF
:0451AD0000000000FE
:0451AE0000000000FD
:0451AF0000000000FC
:0451B00000000000FB
:0451B10000000000FA
:0451B20000000000F9
:0451B30000000000F8
:0451B40000000000F7
:0451B50000000000F6
:0451B60000000000F5
:0451B70000000000F4
:0451B80000000000F3
:0451B90000000000F2
:0451BA0000000000F1
:0451BB0000000000F0
:0451BC0000000000EF
:0451BD0000000000EE
:0451BE0000000000ED
:0451BF0000000000EC
:0451C00000000000EB
:0451C10000000000EA
:0451C20000000000E9
:0451C30000000000E8
:0451C40000000000E7
:0451C50000000000E6
:0451C60000000000E5
:0451C70000000000E4
:0451C80000000000E3
:0451C90000000000E2
:0451CA0000000000E1
:0451CB0000000000E0
:0451CC0000000000DF
:0451CD0000000000DE
:0451CE0000000000DD
:0451CF0000000000DC
:0451D00000000000DB
:0451D10000000000DA
:0451D20000000000D9
:0451D30000000000D8
:0451D40000000000D7
:0451D50000000000D6
:0451D60000000000D5
:0451D70000000000D4
:0451D80000000000D3
:0451D90000000000D2
:0451DA0000000000D1
:0451DB0000000000D0
:0451DC0000000000CF
:0451DD0000000000CE
:0451DE0000000000CD
:0451DF0000000000CC
:0451E00000000000CB
:0451E10000000000CA
:0451E20000000000C9
:0451E30000000000C8
:0451E40000000000C7
:0451E50000000000C6
:0451E60000000000C5
:0451E70000000000C4
:0451E80000000000C3
:0451E90000000000C2
:0451EA0000000000C1
:0451EB0000000000C0
:0451EC0000000000BF
:0451ED0000000000BE
:0451EE0000000000BD
:0451EF0000000000BC
:0451F00000000000BB
:0451F10000000000BA
:0451F20000000000B9
:0451F30000000000B8
:0451F40000000000B7
:0451F50000000000B6
:0451F60000000000B5
:0451F70000000000B4
:0451F80000000000B3
:0451F90000000000B2
:0451FA0000000000B1
:0451FB0000000000B0
:0451FC0000000000AF
:0451FD0000000000AE
:0451FE0000000000AD
:0451FF0000000000AC
:0452000000000000AA
:0452010000000000A9
:0452020000000000A8
:0452030000000000A7
:0452040000000000A6
:0452050000000000A5
:0452060000000000A4
:0452070000000000A3
:0452080000000000A2
:0452090000000000A1
:04520A0000000000A0
:04520B00000000009F
:04520C00000000009E
:04520D00000000009D
:04520E00000000009C
:04520F00000000009B
:04521000000000009A
:045211000000000099
:045212000000000098
:045213000000000097
:045214000000000096
:045215000000000095
:045216000000000094
:045217000000000093
:045218000000000092
:045219000000000091
:04521A000000000090
:04521B00000000008F
:04521C00000000008E
:04521D00000000008D
:04521E00000000008C
:04521F00000000008B
:04522000000000008A
:045221000000000089
:045222000000000088
:045223000000000087
:045224000000000086
:045225000000000085
:045226000000000084
:045227000000000083
:045228000000000082
:045229000000000081
:04522A000000000080
:04522B00000000007F
:04522C00000000007E
:04522D00000000007D
:04522E00000000007C
:04522F00000000007B
:04523000000000007A
:045231000000000079
:045232000000000078
:045233000000000077
:045234000000000076
:045235000000000075
:045236000000000074
:045237000000000073
:045238000000000072
:045239000000000071
:04523A000000000070
:04523B00000000006F
:04523C00000000006E
:04523D00000000006D
:04523E00000000006C
:04523F00000000006B
:04524000000000006A
:045241000000000069
:045242000000000068
:045243000000000067
:045244000000000066
:045245000000000065
:045246000000000064
:045247000000000063
:045248000000000062
:045249000000000061
:04524A000000000060
:04524B00000000005F
:04524C00000000005E
:04524D00000000005D
:04524E00000000005C
:04524F00000000005B
:04525000000000005A
:045251000000000059
:045252000000000058
:045253000000000057
:045254000000000056
:045255000000000055
:045256000000000054
:045257000000000053
:045258000000000052
:045259000000000051
:04525A000000000050
:04525B00000000004F
:04525C00000000004E
:04525D00000000004D
:04525E00000000004C
:04525F00000000004B
:04526000000000004A
:045261000000000049
:045262000000000048
:045263000000000047
:045264000000000046
:045265000000000045
:045266000000000044
:045267000000000043
:045268000000000042
:045269000000000041
:04526A000000000040
:04526B00000000003F
:04526C00000000003E
:04526D00000000003D
:04526E00000000003C
:04526F00000000003B
:04527000000000003A
:045271000000000039
:045272000000000038
:045273000000000037
:045274000000000036
:045275000000000035
:045276000000000034
:045277000000000033
:045278000000000032
:045279000000000031
:04527A000000000030
:04527B00000000002F
:04527C00000000002E
:04527D00000000002D
:04527E00000000002C
:04527F00000000002B
:04528000000000002A
:045281000000000029
:045282000000000028
:045283000000000027
:045284000000000026
:045285000000000025
:045286000000000024
:045287000000000023
:045288000000000022
:045289000000000021
:04528A000000000020
:04528B00000000001F
:04528C00000000001E
:04528D00000000001D
:04528E00000000001C
:04528F00000000001B
:04529000000000001A
:045291000000000019
:045292000000000018
:045293000000000017
:045294000000000016
:045295000000000015
:045296000000000014
:045297000000000013
:045298000000000012
:045299000000000011
:04529A000000000010
:04529B00000000000F
:04529C00000000000E
:04529D00000000000D
:04529E00000000000C
:04529F00000000000B
:0452A000000000000A
:0452A1000000000009
:0452A2000000000008
:0452A3000000000007
:0452A4000000000006
:0452A5000000000005
:0452A6000000000004
:0452A7000000000003
:0452A8000000000002
:0452A9000000000001
:0452AA000000000000
:0452AB0000000000FF
:0452AC0000000000FE
:0452AD0000000000FD
:0452AE0000000000FC
:0452AF0000000000FB
:0452B00000000000FA
:0452B10000000000F9
:0452B20000000000F8
:0452B30000000000F7
:0452B40000000000F6
:0452B50000000000F5
:0452B60000000000F4
:0452B70000000000F3
:0452B80000000000F2
:0452B90000000000F1
:0452BA0000000000F0
:0452BB0000000000EF
:0452BC0000000000EE
:0452BD0000000000ED
:0452BE0000000000EC
:0452BF0000000000EB
:0452C00000000000EA
:0452C10000000000E9
:0452C20000000000E8
:0452C30000000000E7
:0452C40000000000E6
:0452C50000000000E5
:0452C60000000000E4
:0452C70000000000E3
:0452C80000000000E2
:0452C90000000000E1
:0452CA0000000000E0
:0452CB0000000000DF
:0452CC0000000000DE
:0452CD0000000000DD
:0452CE0000000000DC
:0452CF0000000000DB
:0452D00000000000DA
:0452D10000000000D9
:0452D20000000000D8
:0452D30000000000D7
:0452D40000000000D6
:0452D50000000000D5
:0452D60000000000D4
:0452D70000000000D3
:0452D80000000000D2
:0452D90000000000D1
:0452DA0000000000D0
:0452DB0000000000CF
:0452DC0000000000CE
:0452DD0000000000CD
:0452DE0000000000CC
:0452DF0000000000CB
:0452E00000000000CA
:0452E10000000000C9
:0452E20000000000C8
:0452E30000000000C7
:0452E40000000000C6
:0452E50000000000C5
:0452E60000000000C4
:0452E70000000000C3
:0452E80000000000C2
:0452E90000000000C1
:0452EA0000000000C0
:0452EB0000000000BF
:0452EC0000000000BE
:0452ED0000000000BD
:0452EE0000000000BC
:0452EF0000000000BB
:0452F00000000000BA
:0452F10000000000B9
:0452F20000000000B8
:0452F30000000000B7
:0452F40000000000B6
:0452F50000000000B5
:0452F60000000000B4
:0452F70000000000B3
:0452F80000000000B2
:0452F90000000000B1
:0452FA0000000000B0
:0452FB0000000000AF
:0452FC0000000000AE
:0452FD0000000000AD
:0452FE0000000000AC
:0452FF0000000000AB
:0453000000000000A9
:0453010000000000A8
:0453020000000000A7
:0453030000000000A6
:0453040000000000A5
:0453050000000000A4
:0453060000000000A3
:0453070000000000A2
:0453080000000000A1
:0453090000000000A0
:04530A00000000009F
:04530B00000000009E
:04530C00000000009D
:04530D00000000009C
:04530E00000000009B
:04530F00000000009A
:045310000000000099
:045311000000000098
:045312000000000097
:045313000000000096
:045314000000000095
:045315000000000094
:045316000000000093
:045317000000000092
:045318000000000091
:045319000000000090
:04531A00000000008F
:04531B00000000008E
:04531C00000000008D
:04531D00000000008C
:04531E00000000008B
:04531F00000000008A
:045320000000000089
:045321000000000088
:045322000000000087
:045323000000000086
:045324000000000085
:045325000000000084
:045326000000000083
:045327000000000082
:045328000000000081
:045329000000000080
:04532A00000000007F
:04532B00000000007E
:04532C00000000007D
:04532D00000000007C
:04532E00000000007B
:04532F00000000007A
:045330000000000079
:045331000000000078
:045332000000000077
:045333000000000076
:045334000000000075
:045335000000000074
:045336000000000073
:045337000000000072
:045338000000000071
:045339000000000070
:04533A00000000006F
:04533B00000000006E
:04533C00000000006D
:04533D00000000006C
:04533E00000000006B
:04533F00000000006A
:045340000000000069
:045341000000000068
:045342000000000067
:045343000000000066
:045344000000000065
:045345000000000064
:045346000000000063
:045347000000000062
:045348000000000061
:045349000000000060
:04534A00000000005F
:04534B00000000005E
:04534C00000000005D
:04534D00000000005C
:04534E00000000005B
:04534F00000000005A
:045350000000000059
:045351000000000058
:045352000000000057
:045353000000000056
:045354000000000055
:045355000000000054
:045356000000000053
:045357000000000052
:045358000000000051
:045359000000000050
:04535A00000000004F
:04535B00000000004E
:04535C00000000004D
:04535D00000000004C
:04535E00000000004B
:04535F00000000004A
:045360000000000049
:045361000000000048
:045362000000000047
:045363000000000046
:045364000000000045
:045365000000000044
:045366000000000043
:045367000000000042
:045368000000000041
:045369000000000040
:04536A00000000003F
:04536B00000000003E
:04536C00000000003D
:04536D00000000003C
:04536E00000000003B
:04536F00000000003A
:045370000000000039
:045371000000000038
:045372000000000037
:045373000000000036
:045374000000000035
:045375000000000034
:045376000000000033
:045377000000000032
:045378000000000031
:045379000000000030
:04537A00000000002F
:04537B00000000002E
:04537C00000000002D
:04537D00000000002C
:04537E00000000002B
:04537F00000000002A
:045380000000000029
:045381000000000028
:045382000000000027
:045383000000000026
:045384000000000025
:045385000000000024
:045386000000000023
:045387000000000022
:045388000000000021
:045389000000000020
:04538A00000000001F
:04538B00000000001E
:04538C00000000001D
:04538D00000000001C
:04538E00000000001B
:04538F00000000001A
:045390000000000019
:045391000000000018
:045392000000000017
:045393000000000016
:045394000000000015
:045395000000000014
:045396000000000013
:045397000000000012
:045398000000000011
:045399000000000010
:04539A00000000000F
:04539B00000000000E
:04539C00000000000D
:04539D00000000000C
:04539E00000000000B
:04539F00000000000A
:0453A0000000000009
:0453A1000000000008
:0453A2000000000007
:0453A3000000000006
:0453A4000000000005
:0453A5000000000004
:0453A6000000000003
:0453A7000000000002
:0453A8000000000001
:0453A9000000000000
:0453AA0000000000FF
:0453AB0000000000FE
:0453AC0000000000FD
:0453AD0000000000FC
:0453AE0000000000FB
:0453AF0000000000FA
:0453B00000000000F9
:0453B10000000000F8
:0453B20000000000F7
:0453B30000000000F6
:0453B40000000000F5
:0453B50000000000F4
:0453B60000000000F3
:0453B70000000000F2
:0453B80000000000F1
:0453B90000000000F0
:0453BA0000000000EF
:0453BB0000000000EE
:0453BC0000000000ED
:0453BD0000000000EC
:0453BE0000000000EB
:0453BF0000000000EA
:0453C00000000000E9
:0453C10000000000E8
:0453C20000000000E7
:0453C30000000000E6
:0453C40000000000E5
:0453C50000000000E4
:0453C60000000000E3
:0453C70000000000E2
:0453C80000000000E1
:0453C90000000000E0
:0453CA0000000000DF
:0453CB0000000000DE
:0453CC0000000000DD
:0453CD0000000000DC
:0453CE0000000000DB
:0453CF0000000000DA
:0453D00000000000D9
:0453D10000000000D8
:0453D20000000000D7
:0453D30000000000D6
:0453D40000000000D5
:0453D50000000000D4
:0453D60000000000D3
:0453D70000000000D2
:0453D80000000000D1
:0453D90000000000D0
:0453DA0000000000CF
:0453DB0000000000CE
:0453DC0000000000CD
:0453DD0000000000CC
:0453DE0000000000CB
:0453DF0000000000CA
:0453E00000000000C9
:0453E10000000000C8
:0453E20000000000C7
:0453E30000000000C6
:0453E40000000000C5
:0453E50000000000C4
:0453E60000000000C3
:0453E70000000000C2
:0453E80000000000C1
:0453E90000000000C0
:0453EA0000000000BF
:0453EB0000000000BE
:0453EC0000000000BD
:0453ED0000000000BC
:0453EE0000000000BB
:0453EF0000000000BA
:0453F00000000000B9
:0453F10000000000B8
:0453F20000000000B7
:0453F30000000000B6
:0453F40000000000B5
:0453F50000000000B4
:0453F60000000000B3
:0453F70000000000B2
:0453F80000000000B1
:0453F90000000000B0
:0453FA0000000000AF
:0453FB0000000000AE
:0453FC0000000000AD
:0453FD0000000000AC
:0453FE0000000000AB
:0453FF0000000000AA
:0454000000000000A8
:0454010000000000A7
:0454020000000000A6
:0454030000000000A5
:0454040000000000A4
:0454050000000000A3
:0454060000000000A2
:0454070000000000A1
:0454080000000000A0
:04540900000000009F
:04540A00000000009E
:04540B00000000009D
:04540C00000000009C
:04540D00000000009B
:04540E00000000009A
:04540F000000000099
:045410000000000098
:045411000000000097
:045412000000000096
:045413000000000095
:045414000000000094
:045415000000000093
:045416000000000092
:045417000000000091
:045418000000000090
:04541900000000008F
:04541A00000000008E
:04541B00000000008D
:04541C00000000008C
:04541D00000000008B
:04541E00000000008A
:04541F000000000089
:045420000000000088
:045421000000000087
:045422000000000086
:045423000000000085
:045424000000000084
:045425000000000083
:045426000000000082
:045427000000000081
:045428000000000080
:04542900000000007F
:04542A00000000007E
:04542B00000000007D
:04542C00000000007C
:04542D00000000007B
:04542E00000000007A
:04542F000000000079
:045430000000000078
:045431000000000077
:045432000000000076
:045433000000000075
:045434000000000074
:045435000000000073
:045436000000000072
:045437000000000071
:045438000000000070
:04543900000000006F
:04543A00000000006E
:04543B00000000006D
:04543C00000000006C
:04543D00000000006B
:04543E00000000006A
:04543F000000000069
:045440000000000068
:045441000000000067
:045442000000000066
:045443000000000065
:045444000000000064
:045445000000000063
:045446000000000062
:045447000000000061
:045448000000000060
:04544900000000005F
:04544A00000000005E
:04544B00000000005D
:04544C00000000005C
:04544D00000000005B
:04544E00000000005A
:04544F000000000059
:045450000000000058
:045451000000000057
:045452000000000056
:045453000000000055
:045454000000000054
:045455000000000053
:045456000000000052
:045457000000000051
:045458000000000050
:04545900000000004F
:04545A00000000004E
:04545B00000000004D
:04545C00000000004C
:04545D00000000004B
:04545E00000000004A
:04545F000000000049
:045460000000000048
:045461000000000047
:045462000000000046
:045463000000000045
:045464000000000044
:045465000000000043
:045466000000000042
:045467000000000041
:045468000000000040
:04546900000000003F
:04546A00000000003E
:04546B00000000003D
:04546C00000000003C
:04546D00000000003B
:04546E00000000003A
:04546F000000000039
:045470000000000038
:045471000000000037
:045472000000000036
:045473000000000035
:045474000000000034
:045475000000000033
:045476000000000032
:045477000000000031
:045478000000000030
:04547900000000002F
:04547A00000000002E
:04547B00000000002D
:04547C00000000002C
:04547D00000000002B
:04547E00000000002A
:04547F000000000029
:045480000000000028
:045481000000000027
:045482000000000026
:045483000000000025
:045484000000000024
:045485000000000023
:045486000000000022
:045487000000000021
:045488000000000020
:04548900000000001F
:04548A00000000001E
:04548B00000000001D
:04548C00000000001C
:04548D00000000001B
:04548E00000000001A
:04548F000000000019
:045490000000000018
:045491000000000017
:045492000000000016
:045493000000000015
:045494000000000014
:045495000000000013
:045496000000000012
:045497000000000011
:045498000000000010
:04549900000000000F
:04549A00000000000E
:04549B00000000000D
:04549C00000000000C
:04549D00000000000B
:04549E00000000000A
:04549F000000000009
:0454A0000000000008
:0454A1000000000007
:0454A2000000000006
:0454A3000000000005
:0454A4000000000004
:0454A5000000000003
:0454A6000000000002
:0454A7000000000001
:0454A8000000000000
:0454A90000000000FF
:0454AA0000000000FE
:0454AB0000000000FD
:0454AC0000000000FC
:0454AD0000000000FB
:0454AE0000000000FA
:0454AF0000000000F9
:0454B00000000000F8
:0454B10000000000F7
:0454B20000000000F6
:0454B30000000000F5
:0454B40000000000F4
:0454B50000000000F3
:0454B60000000000F2
:0454B70000000000F1
:0454B80000000000F0
:0454B90000000000EF
:0454BA0000000000EE
:0454BB0000000000ED
:0454BC0000000000EC
:0454BD0000000000EB
:0454BE0000000000EA
:0454BF0000000000E9
:0454C00000000000E8
:0454C10000000000E7
:0454C20000000000E6
:0454C30000000000E5
:0454C40000000000E4
:0454C50000000000E3
:0454C60000000000E2
:0454C70000000000E1
:0454C80000000000E0
:0454C90000000000DF
:0454CA0000000000DE
:0454CB0000000000DD
:0454CC0000000000DC
:0454CD0000000000DB
:0454CE0000000000DA
:0454CF0000000000D9
:0454D00000000000D8
:0454D10000000000D7
:0454D20000000000D6
:0454D30000000000D5
:0454D40000000000D4
:0454D50000000000D3
:0454D60000000000D2
:0454D70000000000D1
:0454D80000000000D0
:0454D90000000000CF
:0454DA0000000000CE
:0454DB0000000000CD
:0454DC0000000000CC
:0454DD0000000000CB
:0454DE0000000000CA
:0454DF0000000000C9
:0454E00000000000C8
:0454E10000000000C7
:0454E20000000000C6
:0454E30000000000C5
:0454E40000000000C4
:0454E50000000000C3
:0454E60000000000C2
:0454E70000000000C1
:0454E80000000000C0
:0454E90000000000BF
:0454EA0000000000BE
:0454EB0000000000BD
:0454EC0000000000BC
:0454ED0000000000BB
:0454EE0000000000BA
:0454EF0000000000B9
:0454F00000000000B8
:0454F10000000000B7
:0454F20000000000B6
:0454F30000000000B5
:0454F40000000000B4
:0454F50000000000B3
:0454F60000000000B2
:0454F70000000000B1
:0454F80000000000B0
:0454F90000000000AF
:0454FA0000000000AE
:0454FB0000000000AD
:0454FC0000000000AC
:0454FD0000000000AB
:0454FE0000000000AA
:0454FF0000000000A9
:0455000000000000A7
:0455010000000000A6
:0455020000000000A5
:0455030000000000A4
:0455040000000000A3
:0455050000000000A2
:0455060000000000A1
:0455070000000000A0
:04550800000000009F
:04550900000000009E
:04550A00000000009D
:04550B00000000009C
:04550C00000000009B
:04550D00000000009A
:04550E000000000099
:04550F000000000098
:045510000000000097
:045511000000000096
:045512000000000095
:045513000000000094
:045514000000000093
:045515000000000092
:045516000000000091
:045517000000000090
:04551800000000008F
:04551900000000008E
:04551A00000000008D
:04551B00000000008C
:04551C00000000008B
:04551D00000000008A
:04551E000000000089
:04551F000000000088
:045520000000000087
:045521000000000086
:045522000000000085
:045523000000000084
:045524000000000083
:045525000000000082
:045526000000000081
:045527000000000080
:04552800000000007F
:04552900000000007E
:04552A00000000007D
:04552B00000000007C
:04552C00000000007B
:04552D00000000007A
:04552E000000000079
:04552F000000000078
:045530000000000077
:045531000000000076
:045532000000000075
:045533000000000074
:045534000000000073
:045535000000000072
:045536000000000071
:045537000000000070
:04553800000000006F
:04553900000000006E
:04553A00000000006D
:04553B00000000006C
:04553C00000000006B
:04553D00000000006A
:04553E000000000069
:04553F000000000068
:045540000000000067
:045541000000000066
:045542000000000065
:045543000000000064
:045544000000000063
:045545000000000062
:045546000000000061
:045547000000000060
:04554800000000005F
:04554900000000005E
:04554A00000000005D
:04554B00000000005C
:04554C00000000005B
:04554D00000000005A
:04554E000000000059
:04554F000000000058
:045550000000000057
:045551000000000056
:045552000000000055
:045553000000000054
:045554000000000053
:045555000000000052
:045556000000000051
:045557000000000050
:04555800000000004F
:04555900000000004E
:04555A00000000004D
:04555B00000000004C
:04555C00000000004B
:04555D00000000004A
:04555E000000000049
:04555F000000000048
:045560000000000047
:045561000000000046
:045562000000000045
:045563000000000044
:045564000000000043
:045565000000000042
:045566000000000041
:045567000000000040
:04556800000000003F
:04556900000000003E
:04556A00000000003D
:04556B00000000003C
:04556C00000000003B
:04556D00000000003A
:04556E000000000039
:04556F000000000038
:045570000000000037
:045571000000000036
:045572000000000035
:045573000000000034
:045574000000000033
:045575000000000032
:045576000000000031
:045577000000000030
:04557800000000002F
:04557900000000002E
:04557A00000000002D
:04557B00000000002C
:04557C00000000002B
:04557D00000000002A
:04557E000000000029
:04557F000000000028
:045580000000000027
:045581000000000026
:045582000000000025
:045583000000000024
:045584000000000023
:045585000000000022
:045586000000000021
:045587000000000020
:04558800000000001F
:04558900000000001E
:04558A00000000001D
:04558B00000000001C
:04558C00000000001B
:04558D00000000001A
:04558E000000000019
:04558F000000000018
:045590000000000017
:045591000000000016
:045592000000000015
:045593000000000014
:045594000000000013
:045595000000000012
:045596000000000011
:045597000000000010
:04559800000000000F
:04559900000000000E
:04559A00000000000D
:04559B00000000000C
:04559C00000000000B
:04559D00000000000A
:04559E000000000009
:04559F000000000008
:0455A0000000000007
:0455A1000000000006
:0455A2000000000005
:0455A3000000000004
:0455A4000000000003
:0455A5000000000002
:0455A6000000000001
:0455A7000000000000
:0455A80000000000FF
:0455A90000000000FE
:0455AA0000000000FD
:0455AB0000000000FC
:0455AC0000000000FB
:0455AD0000000000FA
:0455AE0000000000F9
:0455AF0000000000F8
:0455B00000000000F7
:0455B10000000000F6
:0455B20000000000F5
:0455B30000000000F4
:0455B40000000000F3
:0455B50000000000F2
:0455B60000000000F1
:0455B70000000000F0
:0455B80000000000EF
:0455B90000000000EE
:0455BA0000000000ED
:0455BB0000000000EC
:0455BC0000000000EB
:0455BD0000000000EA
:0455BE0000000000E9
:0455BF0000000000E8
:0455C00000000000E7
:0455C10000000000E6
:0455C20000000000E5
:0455C30000000000E4
:0455C40000000000E3
:0455C50000000000E2
:0455C60000000000E1
:0455C70000000000E0
:0455C80000000000DF
:0455C90000000000DE
:0455CA0000000000DD
:0455CB0000000000DC
:0455CC0000000000DB
:0455CD0000000000DA
:0455CE0000000000D9
:0455CF0000000000D8
:0455D00000000000D7
:0455D10000000000D6
:0455D20000000000D5
:0455D30000000000D4
:0455D40000000000D3
:0455D50000000000D2
:0455D60000000000D1
:0455D70000000000D0
:0455D80000000000CF
:0455D90000000000CE
:0455DA0000000000CD
:0455DB0000000000CC
:0455DC0000000000CB
:0455DD0000000000CA
:0455DE0000000000C9
:0455DF0000000000C8
:0455E00000000000C7
:0455E10000000000C6
:0455E20000000000C5
:0455E30000000000C4
:0455E40000000000C3
:0455E50000000000C2
:0455E60000000000C1
:0455E70000000000C0
:0455E80000000000BF
:0455E90000000000BE
:0455EA0000000000BD
:0455EB0000000000BC
:0455EC0000000000BB
:0455ED0000000000BA
:0455EE0000000000B9
:0455EF0000000000B8
:0455F00000000000B7
:0455F10000000000B6
:0455F20000000000B5
:0455F30000000000B4
:0455F40000000000B3
:0455F50000000000B2
:0455F60000000000B1
:0455F70000000000B0
:0455F80000000000AF
:0455F90000000000AE
:0455FA0000000000AD
:0455FB0000000000AC
:0455FC0000000000AB
:0455FD0000000000AA
:0455FE0000000000A9
:0455FF0000000000A8
:0456000000000000A6
:0456010000000000A5
:0456020000000000A4
:0456030000000000A3
:0456040000000000A2
:0456050000000000A1
:0456060000000000A0
:04560700000000009F
:04560800000000009E
:04560900000000009D
:04560A00000000009C
:04560B00000000009B
:04560C00000000009A
:04560D000000000099
:04560E000000000098
:04560F000000000097
:045610000000000096
:045611000000000095
:045612000000000094
:045613000000000093
:045614000000000092
:045615000000000091
:045616000000000090
:04561700000000008F
:04561800000000008E
:04561900000000008D
:04561A00000000008C
:04561B00000000008B
:04561C00000000008A
:04561D000000000089
:04561E000000000088
:04561F000000000087
:045620000000000086
:045621000000000085
:045622000000000084
:045623000000000083
:045624000000000082
:045625000000000081
:045626000000000080
:04562700000000007F
:04562800000000007E
:04562900000000007D
:04562A00000000007C
:04562B00000000007B
:04562C00000000007A
:04562D000000000079
:04562E000000000078
:04562F000000000077
:045630000000000076
:045631000000000075
:045632000000000074
:045633000000000073
:045634000000000072
:045635000000000071
:045636000000000070
:04563700000000006F
:04563800000000006E
:04563900000000006D
:04563A00000000006C
:04563B00000000006B
:04563C00000000006A
:04563D000000000069
:04563E000000000068
:04563F000000000067
:045640000000000066
:045641000000000065
:045642000000000064
:045643000000000063
:045644000000000062
:045645000000000061
:045646000000000060
:04564700000000005F
:04564800000000005E
:04564900000000005D
:04564A00000000005C
:04564B00000000005B
:04564C00000000005A
:04564D000000000059
:04564E000000000058
:04564F000000000057
:045650000000000056
:045651000000000055
:045652000000000054
:045653000000000053
:045654000000000052
:045655000000000051
:045656000000000050
:04565700000000004F
:04565800000000004E
:04565900000000004D
:04565A00000000004C
:04565B00000000004B
:04565C00000000004A
:04565D000000000049
:04565E000000000048
:04565F000000000047
:045660000000000046
:045661000000000045
:045662000000000044
:045663000000000043
:045664000000000042
:045665000000000041
:045666000000000040
:04566700000000003F
:04566800000000003E
:04566900000000003D
:04566A00000000003C
:04566B00000000003B
:04566C00000000003A
:04566D000000000039
:04566E000000000038
:04566F000000000037
:045670000000000036
:045671000000000035
:045672000000000034
:045673000000000033
:045674000000000032
:045675000000000031
:045676000000000030
:04567700000000002F
:04567800000000002E
:04567900000000002D
:04567A00000000002C
:04567B00000000002B
:04567C00000000002A
:04567D000000000029
:04567E000000000028
:04567F000000000027
:045680000000000026
:045681000000000025
:045682000000000024
:045683000000000023
:045684000000000022
:045685000000000021
:045686000000000020
:04568700000000001F
:04568800000000001E
:04568900000000001D
:04568A00000000001C
:04568B00000000001B
:04568C00000000001A
:04568D000000000019
:04568E000000000018
:04568F000000000017
:045690000000000016
:045691000000000015
:045692000000000014
:045693000000000013
:045694000000000012
:045695000000000011
:045696000000000010
:04569700000000000F
:04569800000000000E
:04569900000000000D
:04569A00000000000C
:04569B00000000000B
:04569C00000000000A
:04569D000000000009
:04569E000000000008
:04569F000000000007
:0456A0000000000006
:0456A1000000000005
:0456A2000000000004
:0456A3000000000003
:0456A4000000000002
:0456A5000000000001
:0456A6000000000000
:0456A70000000000FF
:0456A80000000000FE
:0456A90000000000FD
:0456AA0000000000FC
:0456AB0000000000FB
:0456AC0000000000FA
:0456AD0000000000F9
:0456AE0000000000F8
:0456AF0000000000F7
:0456B00000000000F6
:0456B10000000000F5
:0456B20000000000F4
:0456B30000000000F3
:0456B40000000000F2
:0456B50000000000F1
:0456B60000000000F0
:0456B70000000000EF
:0456B80000000000EE
:0456B90000000000ED
:0456BA0000000000EC
:0456BB0000000000EB
:0456BC0000000000EA
:0456BD0000000000E9
:0456BE0000000000E8
:0456BF0000000000E7
:0456C00000000000E6
:0456C10000000000E5
:0456C20000000000E4
:0456C30000000000E3
:0456C40000000000E2
:0456C50000000000E1
:0456C60000000000E0
:0456C70000000000DF
:0456C80000000000DE
:0456C90000000000DD
:0456CA0000000000DC
:0456CB0000000000DB
:0456CC0000000000DA
:0456CD0000000000D9
:0456CE0000000000D8
:0456CF0000000000D7
:0456D00000000000D6
:0456D10000000000D5
:0456D20000000000D4
:0456D30000000000D3
:0456D40000000000D2
:0456D50000000000D1
:0456D60000000000D0
:0456D70000000000CF
:0456D80000000000CE
:0456D90000000000CD
:0456DA0000000000CC
:0456DB0000000000CB
:0456DC0000000000CA
:0456DD0000000000C9
:0456DE0000000000C8
:0456DF0000000000C7
:0456E00000000000C6
:0456E10000000000C5
:0456E20000000000C4
:0456E30000000000C3
:0456E40000000000C2
:0456E50000000000C1
:0456E60000000000C0
:0456E70000000000BF
:0456E80000000000BE
:0456E90000000000BD
:0456EA0000000000BC
:0456EB0000000000BB
:0456EC0000000000BA
:0456ED0000000000B9
:0456EE0000000000B8
:0456EF0000000000B7
:0456F00000000000B6
:0456F10000000000B5
:0456F20000000000B4
:0456F30000000000B3
:0456F40000000000B2
:0456F50000000000B1
:0456F60000000000B0
:0456F70000000000AF
:0456F80000000000AE
:0456F90000000000AD
:0456FA0000000000AC
:0456FB0000000000AB
:0456FC0000000000AA
:0456FD0000000000A9
:0456FE0000000000A8
:0456FF0000000000A7
:0457000000000000A5
:0457010000000000A4
:0457020000000000A3
:0457030000000000A2
:0457040000000000A1
:0457050000000000A0
:04570600000000009F
:04570700000000009E
:04570800000000009D
:04570900000000009C
:04570A00000000009B
:04570B00000000009A
:04570C000000000099
:04570D000000000098
:04570E000000000097
:04570F000000000096
:045710000000000095
:045711000000000094
:045712000000000093
:045713000000000092
:045714000000000091
:045715000000000090
:04571600000000008F
:04571700000000008E
:04571800000000008D
:04571900000000008C
:04571A00000000008B
:04571B00000000008A
:04571C000000000089
:04571D000000000088
:04571E000000000087
:04571F000000000086
:045720000000000085
:045721000000000084
:045722000000000083
:045723000000000082
:045724000000000081
:045725000000000080
:04572600000000007F
:04572700000000007E
:04572800000000007D
:04572900000000007C
:04572A00000000007B
:04572B00000000007A
:04572C000000000079
:04572D000000000078
:04572E000000000077
:04572F000000000076
:045730000000000075
:045731000000000074
:045732000000000073
:045733000000000072
:045734000000000071
:045735000000000070
:04573600000000006F
:04573700000000006E
:04573800000000006D
:04573900000000006C
:04573A00000000006B
:04573B00000000006A
:04573C000000000069
:04573D000000000068
:04573E000000000067
:04573F000000000066
:045740000000000065
:045741000000000064
:045742000000000063
:045743000000000062
:045744000000000061
:045745000000000060
:04574600000000005F
:04574700000000005E
:04574800000000005D
:04574900000000005C
:04574A00000000005B
:04574B00000000005A
:04574C000000000059
:04574D000000000058
:04574E000000000057
:04574F000000000056
:045750000000000055
:045751000000000054
:045752000000000053
:045753000000000052
:045754000000000051
:045755000000000050
:04575600000000004F
:04575700000000004E
:04575800000000004D
:04575900000000004C
:04575A00000000004B
:04575B00000000004A
:04575C000000000049
:04575D000000000048
:04575E000000000047
:04575F000000000046
:045760000000000045
:045761000000000044
:045762000000000043
:045763000000000042
:045764000000000041
:045765000000000040
:04576600000000003F
:04576700000000003E
:04576800000000003D
:04576900000000003C
:04576A00000000003B
:04576B00000000003A
:04576C000000000039
:04576D000000000038
:04576E000000000037
:04576F000000000036
:045770000000000035
:045771000000000034
:045772000000000033
:045773000000000032
:045774000000000031
:045775000000000030
:04577600000000002F
:04577700000000002E
:04577800000000002D
:04577900000000002C
:04577A00000000002B
:04577B00000000002A
:04577C000000000029
:04577D000000000028
:04577E000000000027
:04577F000000000026
:045780000000000025
:045781000000000024
:045782000000000023
:045783000000000022
:045784000000000021
:045785000000000020
:04578600000000001F
:04578700000000001E
:04578800000000001D
:04578900000000001C
:04578A00000000001B
:04578B00000000001A
:04578C000000000019
:04578D000000000018
:04578E000000000017
:04578F000000000016
:045790000000000015
:045791000000000014
:045792000000000013
:045793000000000012
:045794000000000011
:045795000000000010
:04579600000000000F
:04579700000000000E
:04579800000000000D
:04579900000000000C
:04579A00000000000B
:04579B00000000000A
:04579C000000000009
:04579D000000000008
:04579E000000000007
:04579F000000000006
:0457A0000000000005
:0457A1000000000004
:0457A2000000000003
:0457A3000000000002
:0457A4000000000001
:0457A5000000000000
:0457A60000000000FF
:0457A70000000000FE
:0457A80000000000FD
:0457A90000000000FC
:0457AA0000000000FB
:0457AB0000000000FA
:0457AC0000000000F9
:0457AD0000000000F8
:0457AE0000000000F7
:0457AF0000000000F6
:0457B00000000000F5
:0457B10000000000F4
:0457B20000000000F3
:0457B30000000000F2
:0457B40000000000F1
:0457B50000000000F0
:0457B60000000000EF
:0457B70000000000EE
:0457B80000000000ED
:0457B90000000000EC
:0457BA0000000000EB
:0457BB0000000000EA
:0457BC0000000000E9
:0457BD0000000000E8
:0457BE0000000000E7
:0457BF0000000000E6
:0457C00000000000E5
:0457C10000000000E4
:0457C20000000000E3
:0457C30000000000E2
:0457C40000000000E1
:0457C50000000000E0
:0457C60000000000DF
:0457C70000000000DE
:0457C80000000000DD
:0457C90000000000DC
:0457CA0000000000DB
:0457CB0000000000DA
:0457CC0000000000D9
:0457CD0000000000D8
:0457CE0000000000D7
:0457CF0000000000D6
:0457D00000000000D5
:0457D10000000000D4
:0457D20000000000D3
:0457D30000000000D2
:0457D40000000000D1
:0457D50000000000D0
:0457D60000000000CF
:0457D70000000000CE
:0457D80000000000CD
:0457D90000000000CC
:0457DA0000000000CB
:0457DB0000000000CA
:0457DC0000000000C9
:0457DD0000000000C8
:0457DE0000000000C7
:0457DF0000000000C6
:0457E00000000000C5
:0457E10000000000C4
:0457E20000000000C3
:0457E30000000000C2
:0457E40000000000C1
:0457E50000000000C0
:0457E60000000000BF
:0457E70000000000BE
:0457E80000000000BD
:0457E90000000000BC
:0457EA0000000000BB
:0457EB0000000000BA
:0457EC0000000000B9
:0457ED0000000000B8
:0457EE0000000000B7
:0457EF0000000000B6
:0457F00000000000B5
:0457F10000000000B4
:0457F20000000000B3
:0457F30000000000B2
:0457F40000000000B1
:0457F50000000000B0
:0457F60000000000AF
:0457F70000000000AE
:0457F80000000000AD
:0457F90000000000AC
:0457FA0000000000AB
:0457FB0000000000AA
:0457FC0000000000A9
:0457FD0000000000A8
:0457FE0000000000A7
:0457FF0000000000A6
:0458000000000000A4
:0458010000000000A3
:0458020000000000A2
:0458030000000000A1
:0458040000000000A0
:04580500000000009F
:04580600000000009E
:04580700000000009D
:04580800000000009C
:04580900000000009B
:04580A00000000009A
:04580B000000000099
:04580C000000000098
:04580D000000000097
:04580E000000000096
:04580F000000000095
:045810000000000094
:045811000000000093
:045812000000000092
:045813000000000091
:045814000000000090
:04581500000000008F
:04581600000000008E
:04581700000000008D
:04581800000000008C
:04581900000000008B
:04581A00000000008A
:04581B000000000089
:04581C000000000088
:04581D000000000087
:04581E000000000086
:04581F000000000085
:045820000000000084
:045821000000000083
:045822000000000082
:045823000000000081
:045824000000000080
:04582500000000007F
:04582600000000007E
:04582700000000007D
:04582800000000007C
:04582900000000007B
:04582A00000000007A
:04582B000000000079
:04582C000000000078
:04582D000000000077
:04582E000000000076
:04582F000000000075
:045830000000000074
:045831000000000073
:045832000000000072
:045833000000000071
:045834000000000070
:04583500000000006F
:04583600000000006E
:04583700000000006D
:04583800000000006C
:04583900000000006B
:04583A00000000006A
:04583B000000000069
:04583C000000000068
:04583D000000000067
:04583E000000000066
:04583F000000000065
:045840000000000064
:045841000000000063
:045842000000000062
:045843000000000061
:045844000000000060
:04584500000000005F
:04584600000000005E
:04584700000000005D
:04584800000000005C
:04584900000000005B
:04584A00000000005A
:04584B000000000059
:04584C000000000058
:04584D000000000057
:04584E000000000056
:04584F000000000055
:045850000000000054
:045851000000000053
:045852000000000052
:045853000000000051
:045854000000000050
:04585500000000004F
:04585600000000004E
:04585700000000004D
:04585800000000004C
:04585900000000004B
:04585A00000000004A
:04585B000000000049
:04585C000000000048
:04585D000000000047
:04585E000000000046
:04585F000000000045
:045860000000000044
:045861000000000043
:045862000000000042
:045863000000000041
:045864000000000040
:04586500000000003F
:04586600000000003E
:04586700000000003D
:04586800000000003C
:04586900000000003B
:04586A00000000003A
:04586B000000000039
:04586C000000000038
:04586D000000000037
:04586E000000000036
:04586F000000000035
:045870000000000034
:045871000000000033
:045872000000000032
:045873000000000031
:045874000000000030
:04587500000000002F
:04587600000000002E
:04587700000000002D
:04587800000000002C
:04587900000000002B
:04587A00000000002A
:04587B000000000029
:04587C000000000028
:04587D000000000027
:04587E000000000026
:04587F000000000025
:045880000000000024
:045881000000000023
:045882000000000022
:045883000000000021
:045884000000000020
:04588500000000001F
:04588600000000001E
:04588700000000001D
:04588800000000001C
:04588900000000001B
:04588A00000000001A
:04588B000000000019
:04588C000000000018
:04588D000000000017
:04588E000000000016
:04588F000000000015
:045890000000000014
:045891000000000013
:045892000000000012
:045893000000000011
:045894000000000010
:04589500000000000F
:04589600000000000E
:04589700000000000D
:04589800000000000C
:04589900000000000B
:04589A00000000000A
:04589B000000000009
:04589C000000000008
:04589D000000000007
:04589E000000000006
:04589F000000000005
:0458A0000000000004
:0458A1000000000003
:0458A2000000000002
:0458A3000000000001
:0458A4000000000000
:0458A50000000000FF
:0458A60000000000FE
:0458A70000000000FD
:0458A80000000000FC
:0458A90000000000FB
:0458AA0000000000FA
:0458AB0000000000F9
:0458AC0000000000F8
:0458AD0000000000F7
:0458AE0000000000F6
:0458AF0000000000F5
:0458B00000000000F4
:0458B10000000000F3
:0458B20000000000F2
:0458B30000000000F1
:0458B40000000000F0
:0458B50000000000EF
:0458B60000000000EE
:0458B70000000000ED
:0458B80000000000EC
:0458B90000000000EB
:0458BA0000000000EA
:0458BB0000000000E9
:0458BC0000000000E8
:0458BD0000000000E7
:0458BE0000000000E6
:0458BF0000000000E5
:0458C00000000000E4
:0458C10000000000E3
:0458C20000000000E2
:0458C30000000000E1
:0458C40000000000E0
:0458C50000000000DF
:0458C60000000000DE
:0458C70000000000DD
:0458C80000000000DC
:0458C90000000000DB
:0458CA0000000000DA
:0458CB0000000000D9
:0458CC0000000000D8
:0458CD0000000000D7
:0458CE0000000000D6
:0458CF0000000000D5
:0458D00000000000D4
:0458D10000000000D3
:0458D20000000000D2
:0458D30000000000D1
:0458D40000000000D0
:0458D50000000000CF
:0458D60000000000CE
:0458D70000000000CD
:0458D80000000000CC
:0458D90000000000CB
:0458DA0000000000CA
:0458DB0000000000C9
:0458DC0000000000C8
:0458DD0000000000C7
:0458DE0000000000C6
:0458DF0000000000C5
:0458E00000000000C4
:0458E10000000000C3
:0458E20000000000C2
:0458E30000000000C1
:0458E40000000000C0
:0458E50000000000BF
:0458E60000000000BE
:0458E70000000000BD
:0458E80000000000BC
:0458E90000000000BB
:0458EA0000000000BA
:0458EB0000000000B9
:0458EC0000000000B8
:0458ED0000000000B7
:0458EE0000000000B6
:0458EF0000000000B5
:0458F00000000000B4
:0458F10000000000B3
:0458F20000000000B2
:0458F30000000000B1
:0458F40000000000B0
:0458F50000000000AF
:0458F60000000000AE
:0458F70000000000AD
:0458F80000000000AC
:0458F90000000000AB
:0458FA0000000000AA
:0458FB0000000000A9
:0458FC0000000000A8
:0458FD0000000000A7
:0458FE0000000000A6
:0458FF0000000000A5
:0459000000000000A3
:0459010000000000A2
:0459020000000000A1
:0459030000000000A0
:04590400000000009F
:04590500000000009E
:04590600000000009D
:04590700000000009C
:04590800000000009B
:04590900000000009A
:04590A000000000099
:04590B000000000098
:04590C000000000097
:04590D000000000096
:04590E000000000095
:04590F000000000094
:045910000000000093
:045911000000000092
:045912000000000091
:045913000000000090
:04591400000000008F
:04591500000000008E
:04591600000000008D
:04591700000000008C
:04591800000000008B
:04591900000000008A
:04591A000000000089
:04591B000000000088
:04591C000000000087
:04591D000000000086
:04591E000000000085
:04591F000000000084
:045920000000000083
:045921000000000082
:045922000000000081
:045923000000000080
:04592400000000007F
:04592500000000007E
:04592600000000007D
:04592700000000007C
:04592800000000007B
:04592900000000007A
:04592A000000000079
:04592B000000000078
:04592C000000000077
:04592D000000000076
:04592E000000000075
:04592F000000000074
:045930000000000073
:045931000000000072
:045932000000000071
:045933000000000070
:04593400000000006F
:04593500000000006E
:04593600000000006D
:04593700000000006C
:04593800000000006B
:04593900000000006A
:04593A000000000069
:04593B000000000068
:04593C000000000067
:04593D000000000066
:04593E000000000065
:04593F000000000064
:045940000000000063
:045941000000000062
:045942000000000061
:045943000000000060
:04594400000000005F
:04594500000000005E
:04594600000000005D
:04594700000000005C
:04594800000000005B
:04594900000000005A
:04594A000000000059
:04594B000000000058
:04594C000000000057
:04594D000000000056
:04594E000000000055
:04594F000000000054
:045950000000000053
:045951000000000052
:045952000000000051
:045953000000000050
:04595400000000004F
:04595500000000004E
:04595600000000004D
:04595700000000004C
:04595800000000004B
:04595900000000004A
:04595A000000000049
:04595B000000000048
:04595C000000000047
:04595D000000000046
:04595E000000000045
:04595F000000000044
:045960000000000043
:045961000000000042
:045962000000000041
:045963000000000040
:04596400000000003F
:04596500000000003E
:04596600000000003D
:04596700000000003C
:04596800000000003B
:04596900000000003A
:04596A000000000039
:04596B000000000038
:04596C000000000037
:04596D000000000036
:04596E000000000035
:04596F000000000034
:045970000000000033
:045971000000000032
:045972000000000031
:045973000000000030
:04597400000000002F
:04597500000000002E
:04597600000000002D
:04597700000000002C
:04597800000000002B
:04597900000000002A
:04597A000000000029
:04597B000000000028
:04597C000000000027
:04597D000000000026
:04597E000000000025
:04597F000000000024
:045980000000000023
:045981000000000022
:045982000000000021
:045983000000000020
:04598400000000001F
:04598500000000001E
:04598600000000001D
:04598700000000001C
:04598800000000001B
:04598900000000001A
:04598A000000000019
:04598B000000000018
:04598C000000000017
:04598D000000000016
:04598E000000000015
:04598F000000000014
:045990000000000013
:045991000000000012
:045992000000000011
:045993000000000010
:04599400000000000F
:04599500000000000E
:04599600000000000D
:04599700000000000C
:04599800000000000B
:04599900000000000A
:04599A000000000009
:04599B000000000008
:04599C000000000007
:04599D000000000006
:04599E000000000005
:04599F000000000004
:0459A0000000000003
:0459A1000000000002
:0459A2000000000001
:0459A3000000000000
:0459A40000000000FF
:0459A50000000000FE
:0459A60000000000FD
:0459A70000000000FC
:0459A80000000000FB
:0459A90000000000FA
:0459AA0000000000F9
:0459AB0000000000F8
:0459AC0000000000F7
:0459AD0000000000F6
:0459AE0000000000F5
:0459AF0000000000F4
:0459B00000000000F3
:0459B10000000000F2
:0459B20000000000F1
:0459B30000000000F0
:0459B40000000000EF
:0459B50000000000EE
:0459B60000000000ED
:0459B70000000000EC
:0459B80000000000EB
:0459B90000000000EA
:0459BA0000000000E9
:0459BB0000000000E8
:0459BC0000000000E7
:0459BD0000000000E6
:0459BE0000000000E5
:0459BF0000000000E4
:0459C00000000000E3
:0459C10000000000E2
:0459C20000000000E1
:0459C30000000000E0
:0459C40000000000DF
:0459C50000000000DE
:0459C60000000000DD
:0459C70000000000DC
:0459C80000000000DB
:0459C90000000000DA
:0459CA0000000000D9
:0459CB0000000000D8
:0459CC0000000000D7
:0459CD0000000000D6
:0459CE0000000000D5
:0459CF0000000000D4
:0459D00000000000D3
:0459D10000000000D2
:0459D20000000000D1
:0459D30000000000D0
:0459D40000000000CF
:0459D50000000000CE
:0459D60000000000CD
:0459D70000000000CC
:0459D80000000000CB
:0459D90000000000CA
:0459DA0000000000C9
:0459DB0000000000C8
:0459DC0000000000C7
:0459DD0000000000C6
:0459DE0000000000C5
:0459DF0000000000C4
:0459E00000000000C3
:0459E10000000000C2
:0459E20000000000C1
:0459E30000000000C0
:0459E40000000000BF
:0459E50000000000BE
:0459E60000000000BD
:0459E70000000000BC
:0459E80000000000BB
:0459E90000000000BA
:0459EA0000000000B9
:0459EB0000000000B8
:0459EC0000000000B7
:0459ED0000000000B6
:0459EE0000000000B5
:0459EF0000000000B4
:0459F00000000000B3
:0459F10000000000B2
:0459F20000000000B1
:0459F30000000000B0
:0459F40000000000AF
:0459F50000000000AE
:0459F60000000000AD
:0459F70000000000AC
:0459F80000000000AB
:0459F90000000000AA
:0459FA0000000000A9
:0459FB0000000000A8
:0459FC0000000000A7
:0459FD0000000000A6
:0459FE0000000000A5
:0459FF0000000000A4
:045A000000000000A2
:045A010000000000A1
:045A020000000000A0
:045A0300000000009F
:045A0400000000009E
:045A0500000000009D
:045A0600000000009C
:045A0700000000009B
:045A0800000000009A
:045A09000000000099
:045A0A000000000098
:045A0B000000000097
:045A0C000000000096
:045A0D000000000095
:045A0E000000000094
:045A0F000000000093
:045A10000000000092
:045A11000000000091
:045A12000000000090
:045A1300000000008F
:045A1400000000008E
:045A1500000000008D
:045A1600000000008C
:045A1700000000008B
:045A1800000000008A
:045A19000000000089
:045A1A000000000088
:045A1B000000000087
:045A1C000000000086
:045A1D000000000085
:045A1E000000000084
:045A1F000000000083
:045A20000000000082
:045A21000000000081
:045A22000000000080
:045A2300000000007F
:045A2400000000007E
:045A2500000000007D
:045A2600000000007C
:045A2700000000007B
:045A2800000000007A
:045A29000000000079
:045A2A000000000078
:045A2B000000000077
:045A2C000000000076
:045A2D000000000075
:045A2E000000000074
:045A2F000000000073
:045A30000000000072
:045A31000000000071
:045A32000000000070
:045A3300000000006F
:045A3400000000006E
:045A3500000000006D
:045A3600000000006C
:045A3700000000006B
:045A3800000000006A
:045A39000000000069
:045A3A000000000068
:045A3B000000000067
:045A3C000000000066
:045A3D000000000065
:045A3E000000000064
:045A3F000000000063
:045A40000000000062
:045A41000000000061
:045A42000000000060
:045A4300000000005F
:045A4400000000005E
:045A4500000000005D
:045A4600000000005C
:045A4700000000005B
:045A4800000000005A
:045A49000000000059
:045A4A000000000058
:045A4B000000000057
:045A4C000000000056
:045A4D000000000055
:045A4E000000000054
:045A4F000000000053
:045A50000000000052
:045A51000000000051
:045A52000000000050
:045A5300000000004F
:045A5400000000004E
:045A5500000000004D
:045A5600000000004C
:045A5700000000004B
:045A5800000000004A
:045A59000000000049
:045A5A000000000048
:045A5B000000000047
:045A5C000000000046
:045A5D000000000045
:045A5E000000000044
:045A5F000000000043
:045A60000000000042
:045A61000000000041
:045A62000000000040
:045A6300000000003F
:045A6400000000003E
:045A6500000000003D
:045A6600000000003C
:045A6700000000003B
:045A6800000000003A
:045A69000000000039
:045A6A000000000038
:045A6B000000000037
:045A6C000000000036
:045A6D000000000035
:045A6E000000000034
:045A6F000000000033
:045A70000000000032
:045A71000000000031
:045A72000000000030
:045A7300000000002F
:045A7400000000002E
:045A7500000000002D
:045A7600000000002C
:045A7700000000002B
:045A7800000000002A
:045A79000000000029
:045A7A000000000028
:045A7B000000000027
:045A7C000000000026
:045A7D000000000025
:045A7E000000000024
:045A7F000000000023
:045A80000000000022
:045A81000000000021
:045A82000000000020
:045A8300000000001F
:045A8400000000001E
:045A8500000000001D
:045A8600000000001C
:045A8700000000001B
:045A8800000000001A
:045A89000000000019
:045A8A000000000018
:045A8B000000000017
:045A8C000000000016
:045A8D000000000015
:045A8E000000000014
:045A8F000000000013
:045A90000000000012
:045A91000000000011
:045A92000000000010
:045A9300000000000F
:045A9400000000000E
:045A9500000000000D
:045A9600000000000C
:045A9700000000000B
:045A9800000000000A
:045A99000000000009
:045A9A000000000008
:045A9B000000000007
:045A9C000000000006
:045A9D000000000005
:045A9E000000000004
:045A9F000000000003
:045AA0000000000002
:045AA1000000000001
:045AA2000000000000
:045AA30000000000FF
:045AA40000000000FE
:045AA50000000000FD
:045AA60000000000FC
:045AA70000000000FB
:045AA80000000000FA
:045AA90000000000F9
:045AAA0000000000F8
:045AAB0000000000F7
:045AAC0000000000F6
:045AAD0000000000F5
:045AAE0000000000F4
:045AAF0000000000F3
:045AB00000000000F2
:045AB10000000000F1
:045AB20000000000F0
:045AB30000000000EF
:045AB40000000000EE
:045AB50000000000ED
:045AB60000000000EC
:045AB70000000000EB
:045AB80000000000EA
:045AB90000000000E9
:045ABA0000000000E8
:045ABB0000000000E7
:045ABC0000000000E6
:045ABD0000000000E5
:045ABE0000000000E4
:045ABF0000000000E3
:045AC00000000000E2
:045AC10000000000E1
:045AC20000000000E0
:045AC30000000000DF
:045AC40000000000DE
:045AC50000000000DD
:045AC60000000000DC
:045AC70000000000DB
:045AC80000000000DA
:045AC90000000000D9
:045ACA0000000000D8
:045ACB0000000000D7
:045ACC0000000000D6
:045ACD0000000000D5
:045ACE0000000000D4
:045ACF0000000000D3
:045AD00000000000D2
:045AD10000000000D1
:045AD20000000000D0
:045AD30000000000CF
:045AD40000000000CE
:045AD50000000000CD
:045AD60000000000CC
:045AD70000000000CB
:045AD80000000000CA
:045AD90000000000C9
:045ADA0000000000C8
:045ADB0000000000C7
:045ADC0000000000C6
:045ADD0000000000C5
:045ADE0000000000C4
:045ADF0000000000C3
:045AE00000000000C2
:045AE10000000000C1
:045AE20000000000C0
:045AE30000000000BF
:045AE40000000000BE
:045AE50000000000BD
:045AE60000000000BC
:045AE70000000000BB
:045AE80000000000BA
:045AE90000000000B9
:045AEA0000000000B8
:045AEB0000000000B7
:045AEC0000000000B6
:045AED0000000000B5
:045AEE0000000000B4
:045AEF0000000000B3
:045AF00000000000B2
:045AF10000000000B1
:045AF20000000000B0
:045AF30000000000AF
:045AF40000000000AE
:045AF50000000000AD
:045AF60000000000AC
:045AF70000000000AB
:045AF80000000000AA
:045AF90000000000A9
:045AFA0000000000A8
:045AFB0000000000A7
:045AFC0000000000A6
:045AFD0000000000A5
:045AFE0000000000A4
:045AFF0000000000A3
:045B000000000000A1
:045B010000000000A0
:045B0200000000009F
:045B0300000000009E
:045B0400000000009D
:045B0500000000009C
:045B0600000000009B
:045B0700000000009A
:045B08000000000099
:045B09000000000098
:045B0A000000000097
:045B0B000000000096
:045B0C000000000095
:045B0D000000000094
:045B0E000000000093
:045B0F000000000092
:045B10000000000091
:045B11000000000090
:045B1200000000008F
:045B1300000000008E
:045B1400000000008D
:045B1500000000008C
:045B1600000000008B
:045B1700000000008A
:045B18000000000089
:045B19000000000088
:045B1A000000000087
:045B1B000000000086
:045B1C000000000085
:045B1D000000000084
:045B1E000000000083
:045B1F000000000082
:045B20000000000081
:045B21000000000080
:045B2200000000007F
:045B2300000000007E
:045B2400000000007D
:045B2500000000007C
:045B2600000000007B
:045B2700000000007A
:045B28000000000079
:045B29000000000078
:045B2A000000000077
:045B2B000000000076
:045B2C000000000075
:045B2D000000000074
:045B2E000000000073
:045B2F000000000072
:045B30000000000071
:045B31000000000070
:045B3200000000006F
:045B3300000000006E
:045B3400000000006D
:045B3500000000006C
:045B3600000000006B
:045B3700000000006A
:045B38000000000069
:045B39000000000068
:045B3A000000000067
:045B3B000000000066
:045B3C000000000065
:045B3D000000000064
:045B3E000000000063
:045B3F000000000062
:045B40000000000061
:045B41000000000060
:045B4200000000005F
:045B4300000000005E
:045B4400000000005D
:045B4500000000005C
:045B4600000000005B
:045B4700000000005A
:045B48000000000059
:045B49000000000058
:045B4A000000000057
:045B4B000000000056
:045B4C000000000055
:045B4D000000000054
:045B4E000000000053
:045B4F000000000052
:045B50000000000051
:045B51000000000050
:045B5200000000004F
:045B5300000000004E
:045B5400000000004D
:045B5500000000004C
:045B5600000000004B
:045B5700000000004A
:045B58000000000049
:045B59000000000048
:045B5A000000000047
:045B5B000000000046
:045B5C000000000045
:045B5D000000000044
:045B5E000000000043
:045B5F000000000042
:045B60000000000041
:045B61000000000040
:045B6200000000003F
:045B6300000000003E
:045B6400000000003D
:045B6500000000003C
:045B6600000000003B
:045B6700000000003A
:045B68000000000039
:045B69000000000038
:045B6A000000000037
:045B6B000000000036
:045B6C000000000035
:045B6D000000000034
:045B6E000000000033
:045B6F000000000032
:045B70000000000031
:045B71000000000030
:045B7200000000002F
:045B7300000000002E
:045B7400000000002D
:045B7500000000002C
:045B7600000000002B
:045B7700000000002A
:045B78000000000029
:045B79000000000028
:045B7A000000000027
:045B7B000000000026
:045B7C000000000025
:045B7D000000000024
:045B7E000000000023
:045B7F000000000022
:045B80000000000021
:045B81000000000020
:045B8200000000001F
:045B8300000000001E
:045B8400000000001D
:045B8500000000001C
:045B8600000000001B
:045B8700000000001A
:045B88000000000019
:045B89000000000018
:045B8A000000000017
:045B8B000000000016
:045B8C000000000015
:045B8D000000000014
:045B8E000000000013
:045B8F000000000012
:045B90000000000011
:045B91000000000010
:045B9200000000000F
:045B9300000000000E
:045B9400000000000D
:045B9500000000000C
:045B9600000000000B
:045B9700000000000A
:045B98000000000009
:045B99000000000008
:045B9A000000000007
:045B9B000000000006
:045B9C000000000005
:045B9D000000000004
:045B9E000000000003
:045B9F000000000002
:045BA0000000000001
:045BA1000000000000
:045BA20000000000FF
:045BA30000000000FE
:045BA40000000000FD
:045BA50000000000FC
:045BA60000000000FB
:045BA70000000000FA
:045BA80000000000F9
:045BA90000000000F8
:045BAA0000000000F7
:045BAB0000000000F6
:045BAC0000000000F5
:045BAD0000000000F4
:045BAE0000000000F3
:045BAF0000000000F2
:045BB00000000000F1
:045BB10000000000F0
:045BB20000000000EF
:045BB30000000000EE
:045BB40000000000ED
:045BB50000000000EC
:045BB60000000000EB
:045BB70000000000EA
:045BB80000000000E9
:045BB90000000000E8
:045BBA0000000000E7
:045BBB0000000000E6
:045BBC0000000000E5
:045BBD0000000000E4
:045BBE0000000000E3
:045BBF0000000000E2
:045BC00000000000E1
:045BC10000000000E0
:045BC20000000000DF
:045BC30000000000DE
:045BC40000000000DD
:045BC50000000000DC
:045BC60000000000DB
:045BC70000000000DA
:045BC80000000000D9
:045BC90000000000D8
:045BCA0000000000D7
:045BCB0000000000D6
:045BCC0000000000D5
:045BCD0000000000D4
:045BCE0000000000D3
:045BCF0000000000D2
:045BD00000000000D1
:045BD10000000000D0
:045BD20000000000CF
:045BD30000000000CE
:045BD40000000000CD
:045BD50000000000CC
:045BD60000000000CB
:045BD70000000000CA
:045BD80000000000C9
:045BD90000000000C8
:045BDA0000000000C7
:045BDB0000000000C6
:045BDC0000000000C5
:045BDD0000000000C4
:045BDE0000000000C3
:045BDF0000000000C2
:045BE00000000000C1
:045BE10000000000C0
:045BE20000000000BF
:045BE30000000000BE
:045BE40000000000BD
:045BE50000000000BC
:045BE60000000000BB
:045BE70000000000BA
:045BE80000000000B9
:045BE90000000000B8
:045BEA0000000000B7
:045BEB0000000000B6
:045BEC0000000000B5
:045BED0000000000B4
:045BEE0000000000B3
:045BEF0000000000B2
:045BF00000000000B1
:045BF10000000000B0
:045BF20000000000AF
:045BF30000000000AE
:045BF40000000000AD
:045BF50000000000AC
:045BF60000000000AB
:045BF70000000000AA
:045BF80000000000A9
:045BF90000000000A8
:045BFA0000000000A7
:045BFB0000000000A6
:045BFC0000000000A5
:045BFD0000000000A4
:045BFE0000000000A3
:045BFF0000000000A2
:045C000000000000A0
:045C0100000000009F
:045C0200000000009E
:045C0300000000009D
:045C0400000000009C
:045C0500000000009B
:045C0600000000009A
:045C07000000000099
:045C08000000000098
:045C09000000000097
:045C0A000000000096
:045C0B000000000095
:045C0C000000000094
:045C0D000000000093
:045C0E000000000092
:045C0F000000000091
:045C10000000000090
:045C1100000000008F
:045C1200000000008E
:045C1300000000008D
:045C1400000000008C
:045C1500000000008B
:045C1600000000008A
:045C17000000000089
:045C18000000000088
:045C19000000000087
:045C1A000000000086
:045C1B000000000085
:045C1C000000000084
:045C1D000000000083
:045C1E000000000082
:045C1F000000000081
:045C20000000000080
:045C2100000000007F
:045C2200000000007E
:045C2300000000007D
:045C2400000000007C
:045C2500000000007B
:045C2600000000007A
:045C27000000000079
:045C28000000000078
:045C29000000000077
:045C2A000000000076
:045C2B000000000075
:045C2C000000000074
:045C2D000000000073
:045C2E000000000072
:045C2F000000000071
:045C30000000000070
:045C3100000000006F
:045C3200000000006E
:045C3300000000006D
:045C3400000000006C
:045C3500000000006B
:045C3600000000006A
:045C37000000000069
:045C38000000000068
:045C39000000000067
:045C3A000000000066
:045C3B000000000065
:045C3C000000000064
:045C3D000000000063
:045C3E000000000062
:045C3F000000000061
:045C40000000000060
:045C4100000000005F
:045C4200000000005E
:045C4300000000005D
:045C4400000000005C
:045C4500000000005B
:045C4600000000005A
:045C47000000000059
:045C48000000000058
:045C49000000000057
:045C4A000000000056
:045C4B000000000055
:045C4C000000000054
:045C4D000000000053
:045C4E000000000052
:045C4F000000000051
:045C50000000000050
:045C5100000000004F
:045C5200000000004E
:045C5300000000004D
:045C5400000000004C
:045C5500000000004B
:045C5600000000004A
:045C57000000000049
:045C58000000000048
:045C59000000000047
:045C5A000000000046
:045C5B000000000045
:045C5C000000000044
:045C5D000000000043
:045C5E000000000042
:045C5F000000000041
:045C60000000000040
:045C6100000000003F
:045C6200000000003E
:045C6300000000003D
:045C6400000000003C
:045C6500000000003B
:045C6600000000003A
:045C67000000000039
:045C68000000000038
:045C69000000000037
:045C6A000000000036
:045C6B000000000035
:045C6C000000000034
:045C6D000000000033
:045C6E000000000032
:045C6F000000000031
:045C70000000000030
:045C7100000000002F
:045C7200000000002E
:045C7300000000002D
:045C7400000000002C
:045C7500000000002B
:045C7600000000002A
:045C77000000000029
:045C78000000000028
:045C79000000000027
:045C7A000000000026
:045C7B000000000025
:045C7C000000000024
:045C7D000000000023
:045C7E000000000022
:045C7F000000000021
:045C80000000000020
:045C8100000000001F
:045C8200000000001E
:045C8300000000001D
:045C8400000000001C
:045C8500000000001B
:045C8600000000001A
:045C87000000000019
:045C88000000000018
:045C89000000000017
:045C8A000000000016
:045C8B000000000015
:045C8C000000000014
:045C8D000000000013
:045C8E000000000012
:045C8F000000000011
:045C90000000000010
:045C9100000000000F
:045C9200000000000E
:045C9300000000000D
:045C9400000000000C
:045C9500000000000B
:045C9600000000000A
:045C97000000000009
:045C98000000000008
:045C99000000000007
:045C9A000000000006
:045C9B000000000005
:045C9C000000000004
:045C9D000000000003
:045C9E000000000002
:045C9F000000000001
:045CA0000000000000
:045CA10000000000FF
:045CA20000000000FE
:045CA30000000000FD
:045CA40000000000FC
:045CA50000000000FB
:045CA60000000000FA
:045CA70000000000F9
:045CA80000000000F8
:045CA90000000000F7
:045CAA0000000000F6
:045CAB0000000000F5
:045CAC0000000000F4
:045CAD0000000000F3
:045CAE0000000000F2
:045CAF0000000000F1
:045CB00000000000F0
:045CB10000000000EF
:045CB20000000000EE
:045CB30000000000ED
:045CB40000000000EC
:045CB50000000000EB
:045CB60000000000EA
:045CB70000000000E9
:045CB80000000000E8
:045CB90000000000E7
:045CBA0000000000E6
:045CBB0000000000E5
:045CBC0000000000E4
:045CBD0000000000E3
:045CBE0000000000E2
:045CBF0000000000E1
:045CC00000000000E0
:045CC10000000000DF
:045CC20000000000DE
:045CC30000000000DD
:045CC40000000000DC
:045CC50000000000DB
:045CC60000000000DA
:045CC70000000000D9
:045CC80000000000D8
:045CC90000000000D7
:045CCA0000000000D6
:045CCB0000000000D5
:045CCC0000000000D4
:045CCD0000000000D3
:045CCE0000000000D2
:045CCF0000000000D1
:045CD00000000000D0
:045CD10000000000CF
:045CD20000000000CE
:045CD30000000000CD
:045CD40000000000CC
:045CD50000000000CB
:045CD60000000000CA
:045CD70000000000C9
:045CD80000000000C8
:045CD90000000000C7
:045CDA0000000000C6
:045CDB0000000000C5
:045CDC0000000000C4
:045CDD0000000000C3
:045CDE0000000000C2
:045CDF0000000000C1
:045CE00000000000C0
:045CE10000000000BF
:045CE20000000000BE
:045CE30000000000BD
:045CE40000000000BC
:045CE50000000000BB
:045CE60000000000BA
:045CE70000000000B9
:045CE80000000000B8
:045CE90000000000B7
:045CEA0000000000B6
:045CEB0000000000B5
:045CEC0000000000B4
:045CED0000000000B3
:045CEE0000000000B2
:045CEF0000000000B1
:045CF00000000000B0
:045CF10000000000AF
:045CF20000000000AE
:045CF30000000000AD
:045CF40000000000AC
:045CF50000000000AB
:045CF60000000000AA
:045CF70000000000A9
:045CF80000000000A8
:045CF90000000000A7
:045CFA0000000000A6
:045CFB0000000000A5
:045CFC0000000000A4
:045CFD0000000000A3
:045CFE0000000000A2
:045CFF0000000000A1
:045D0000000000009F
:045D0100000000009E
:045D0200000000009D
:045D0300000000009C
:045D0400000000009B
:045D0500000000009A
:045D06000000000099
:045D07000000000098
:045D08000000000097
:045D09000000000096
:045D0A000000000095
:045D0B000000000094
:045D0C000000000093
:045D0D000000000092
:045D0E000000000091
:045D0F000000000090
:045D1000000000008F
:045D1100000000008E
:045D1200000000008D
:045D1300000000008C
:045D1400000000008B
:045D1500000000008A
:045D16000000000089
:045D17000000000088
:045D18000000000087
:045D19000000000086
:045D1A000000000085
:045D1B000000000084
:045D1C000000000083
:045D1D000000000082
:045D1E000000000081
:045D1F000000000080
:045D2000000000007F
:045D2100000000007E
:045D2200000000007D
:045D2300000000007C
:045D2400000000007B
:045D2500000000007A
:045D26000000000079
:045D27000000000078
:045D28000000000077
:045D29000000000076
:045D2A000000000075
:045D2B000000000074
:045D2C000000000073
:045D2D000000000072
:045D2E000000000071
:045D2F000000000070
:045D3000000000006F
:045D3100000000006E
:045D3200000000006D
:045D3300000000006C
:045D3400000000006B
:045D3500000000006A
:045D36000000000069
:045D37000000000068
:045D38000000000067
:045D39000000000066
:045D3A000000000065
:045D3B000000000064
:045D3C000000000063
:045D3D000000000062
:045D3E000000000061
:045D3F000000000060
:045D4000000000005F
:045D4100000000005E
:045D4200000000005D
:045D4300000000005C
:045D4400000000005B
:045D4500000000005A
:045D46000000000059
:045D47000000000058
:045D48000000000057
:045D49000000000056
:045D4A000000000055
:045D4B000000000054
:045D4C000000000053
:045D4D000000000052
:045D4E000000000051
:045D4F000000000050
:045D5000000000004F
:045D5100000000004E
:045D5200000000004D
:045D5300000000004C
:045D5400000000004B
:045D5500000000004A
:045D56000000000049
:045D57000000000048
:045D58000000000047
:045D59000000000046
:045D5A000000000045
:045D5B000000000044
:045D5C000000000043
:045D5D000000000042
:045D5E000000000041
:045D5F000000000040
:045D6000000000003F
:045D6100000000003E
:045D6200000000003D
:045D6300000000003C
:045D6400000000003B
:045D6500000000003A
:045D66000000000039
:045D67000000000038
:045D68000000000037
:045D69000000000036
:045D6A000000000035
:045D6B000000000034
:045D6C000000000033
:045D6D000000000032
:045D6E000000000031
:045D6F000000000030
:045D7000000000002F
:045D7100000000002E
:045D7200000000002D
:045D7300000000002C
:045D7400000000002B
:045D7500000000002A
:045D76000000000029
:045D77000000000028
:045D78000000000027
:045D79000000000026
:045D7A000000000025
:045D7B000000000024
:045D7C000000000023
:045D7D000000000022
:045D7E000000000021
:045D7F000000000020
:045D8000000000001F
:045D8100000000001E
:045D8200000000001D
:045D8300000000001C
:045D8400000000001B
:045D8500000000001A
:045D86000000000019
:045D87000000000018
:045D88000000000017
:045D89000000000016
:045D8A000000000015
:045D8B000000000014
:045D8C000000000013
:045D8D000000000012
:045D8E000000000011
:045D8F000000000010
:045D9000000000000F
:045D9100000000000E
:045D9200000000000D
:045D9300000000000C
:045D9400000000000B
:045D9500000000000A
:045D96000000000009
:045D97000000000008
:045D98000000000007
:045D99000000000006
:045D9A000000000005
:045D9B000000000004
:045D9C000000000003
:045D9D000000000002
:045D9E000000000001
:045D9F000000000000
:045DA00000000000FF
:045DA10000000000FE
:045DA20000000000FD
:045DA30000000000FC
:045DA40000000000FB
:045DA50000000000FA
:045DA60000000000F9
:045DA70000000000F8
:045DA80000000000F7
:045DA90000000000F6
:045DAA0000000000F5
:045DAB0000000000F4
:045DAC0000000000F3
:045DAD0000000000F2
:045DAE0000000000F1
:045DAF0000000000F0
:045DB00000000000EF
:045DB10000000000EE
:045DB20000000000ED
:045DB30000000000EC
:045DB40000000000EB
:045DB50000000000EA
:045DB60000000000E9
:045DB70000000000E8
:045DB80000000000E7
:045DB90000000000E6
:045DBA0000000000E5
:045DBB0000000000E4
:045DBC0000000000E3
:045DBD0000000000E2
:045DBE0000000000E1
:045DBF0000000000E0
:045DC00000000000DF
:045DC10000000000DE
:045DC20000000000DD
:045DC30000000000DC
:045DC40000000000DB
:045DC50000000000DA
:045DC60000000000D9
:045DC70000000000D8
:045DC80000000000D7
:045DC90000000000D6
:045DCA0000000000D5
:045DCB0000000000D4
:045DCC0000000000D3
:045DCD0000000000D2
:045DCE0000000000D1
:045DCF0000000000D0
:045DD00000000000CF
:045DD10000000000CE
:045DD20000000000CD
:045DD30000000000CC
:045DD40000000000CB
:045DD50000000000CA
:045DD60000000000C9
:045DD70000000000C8
:045DD80000000000C7
:045DD90000000000C6
:045DDA0000000000C5
:045DDB0000000000C4
:045DDC0000000000C3
:045DDD0000000000C2
:045DDE0000000000C1
:045DDF0000000000C0
:045DE00000000000BF
:045DE10000000000BE
:045DE20000000000BD
:045DE30000000000BC
:045DE40000000000BB
:045DE50000000000BA
:045DE60000000000B9
:045DE70000000000B8
:045DE80000000000B7
:045DE90000000000B6
:045DEA0000000000B5
:045DEB0000000000B4
:045DEC0000000000B3
:045DED0000000000B2
:045DEE0000000000B1
:045DEF0000000000B0
:045DF00000000000AF
:045DF10000000000AE
:045DF20000000000AD
:045DF30000000000AC
:045DF40000000000AB
:045DF50000000000AA
:045DF60000000000A9
:045DF70000000000A8
:045DF80000000000A7
:045DF90000000000A6
:045DFA0000000000A5
:045DFB0000000000A4
:045DFC0000000000A3
:045DFD0000000000A2
:045DFE0000000000A1
:045DFF0000000000A0
:045E0000000000009E
:045E0100000000009D
:045E0200000000009C
:045E0300000000009B
:045E0400000000009A
:045E05000000000099
:045E06000000000098
:045E07000000000097
:045E08000000000096
:045E09000000000095
:045E0A000000000094
:045E0B000000000093
:045E0C000000000092
:045E0D000000000091
:045E0E000000000090
:045E0F00000000008F
:045E1000000000008E
:045E1100000000008D
:045E1200000000008C
:045E1300000000008B
:045E1400000000008A
:045E15000000000089
:045E16000000000088
:045E17000000000087
:045E18000000000086
:045E19000000000085
:045E1A000000000084
:045E1B000000000083
:045E1C000000000082
:045E1D000000000081
:045E1E000000000080
:045E1F00000000007F
:045E2000000000007E
:045E2100000000007D
:045E2200000000007C
:045E2300000000007B
:045E2400000000007A
:045E25000000000079
:045E26000000000078
:045E27000000000077
:045E28000000000076
:045E29000000000075
:045E2A000000000074
:045E2B000000000073
:045E2C000000000072
:045E2D000000000071
:045E2E000000000070
:045E2F00000000006F
:045E3000000000006E
:045E3100000000006D
:045E3200000000006C
:045E3300000000006B
:045E3400000000006A
:045E35000000000069
:045E36000000000068
:045E37000000000067
:045E38000000000066
:045E39000000000065
:045E3A000000000064
:045E3B000000000063
:045E3C000000000062
:045E3D000000000061
:045E3E000000000060
:045E3F00000000005F
:045E4000000000005E
:045E4100000000005D
:045E4200000000005C
:045E4300000000005B
:045E4400000000005A
:045E45000000000059
:045E46000000000058
:045E47000000000057
:045E48000000000056
:045E49000000000055
:045E4A000000000054
:045E4B000000000053
:045E4C000000000052
:045E4D000000000051
:045E4E000000000050
:045E4F00000000004F
:045E5000000000004E
:045E5100000000004D
:045E5200000000004C
:045E5300000000004B
:045E5400000000004A
:045E55000000000049
:045E56000000000048
:045E57000000000047
:045E58000000000046
:045E59000000000045
:045E5A000000000044
:045E5B000000000043
:045E5C000000000042
:045E5D000000000041
:045E5E000000000040
:045E5F00000000003F
:045E6000000000003E
:045E6100000000003D
:045E6200000000003C
:045E6300000000003B
:045E6400000000003A
:045E65000000000039
:045E66000000000038
:045E67000000000037
:045E68000000000036
:045E69000000000035
:045E6A000000000034
:045E6B000000000033
:045E6C000000000032
:045E6D000000000031
:045E6E000000000030
:045E6F00000000002F
:045E7000000000002E
:045E7100000000002D
:045E7200000000002C
:045E7300000000002B
:045E7400000000002A
:045E75000000000029
:045E76000000000028
:045E77000000000027
:045E78000000000026
:045E79000000000025
:045E7A000000000024
:045E7B000000000023
:045E7C000000000022
:045E7D000000000021
:045E7E000000000020
:045E7F00000000001F
:045E8000000000001E
:045E8100000000001D
:045E8200000000001C
:045E8300000000001B
:045E8400000000001A
:045E85000000000019
:045E86000000000018
:045E87000000000017
:045E88000000000016
:045E89000000000015
:045E8A000000000014
:045E8B000000000013
:045E8C000000000012
:045E8D000000000011
:045E8E000000000010
:045E8F00000000000F
:045E9000000000000E
:045E9100000000000D
:045E9200000000000C
:045E9300000000000B
:045E9400000000000A
:045E95000000000009
:045E96000000000008
:045E97000000000007
:045E98000000000006
:045E99000000000005
:045E9A000000000004
:045E9B000000000003
:045E9C000000000002
:045E9D000000000001
:045E9E000000000000
:045E9F0000000000FF
:045EA00000000000FE
:045EA10000000000FD
:045EA20000000000FC
:045EA30000000000FB
:045EA40000000000FA
:045EA50000000000F9
:045EA60000000000F8
:045EA70000000000F7
:045EA80000000000F6
:045EA90000000000F5
:045EAA0000000000F4
:045EAB0000000000F3
:045EAC0000000000F2
:045EAD0000000000F1
:045EAE0000000000F0
:045EAF0000000000EF
:045EB00000000000EE
:045EB10000000000ED
:045EB20000000000EC
:045EB30000000000EB
:045EB40000000000EA
:045EB50000000000E9
:045EB60000000000E8
:045EB70000000000E7
:045EB80000000000E6
:045EB90000000000E5
:045EBA0000000000E4
:045EBB0000000000E3
:045EBC0000000000E2
:045EBD0000000000E1
:045EBE0000000000E0
:045EBF0000000000DF
:045EC00000000000DE
:045EC10000000000DD
:045EC20000000000DC
:045EC30000000000DB
:045EC40000000000DA
:045EC50000000000D9
:045EC60000000000D8
:045EC70000000000D7
:045EC80000000000D6
:045EC90000000000D5
:045ECA0000000000D4
:045ECB0000000000D3
:045ECC0000000000D2
:045ECD0000000000D1
:045ECE0000000000D0
:045ECF0000000000CF
:045ED00000000000CE
:045ED10000000000CD
:045ED20000000000CC
:045ED30000000000CB
:045ED40000000000CA
:045ED50000000000C9
:045ED60000000000C8
:045ED70000000000C7
:045ED80000000000C6
:045ED90000000000C5
:045EDA0000000000C4
:045EDB0000000000C3
:045EDC0000000000C2
:045EDD0000000000C1
:045EDE0000000000C0
:045EDF0000000000BF
:045EE00000000000BE
:045EE10000000000BD
:045EE20000000000BC
:045EE30000000000BB
:045EE40000000000BA
:045EE50000000000B9
:045EE60000000000B8
:045EE70000000000B7
:045EE80000000000B6
:045EE90000000000B5
:045EEA0000000000B4
:045EEB0000000000B3
:045EEC0000000000B2
:045EED0000000000B1
:045EEE0000000000B0
:045EEF0000000000AF
:045EF00000000000AE
:045EF10000000000AD
:045EF20000000000AC
:045EF30000000000AB
:045EF40000000000AA
:045EF50000000000A9
:045EF60000000000A8
:045EF70000000000A7
:045EF80000000000A6
:045EF90000000000A5
:045EFA0000000000A4
:045EFB0000000000A3
:045EFC0000000000A2
:045EFD0000000000A1
:045EFE0000000000A0
:045EFF00000000009F
:045F0000000000009D
:045F0100000000009C
:045F0200000000009B
:045F0300000000009A
:045F04000000000099
:045F05000000000098
:045F06000000000097
:045F07000000000096
:045F08000000000095
:045F09000000000094
:045F0A000000000093
:045F0B000000000092
:045F0C000000000091
:045F0D000000000090
:045F0E00000000008F
:045F0F00000000008E
:045F1000000000008D
:045F1100000000008C
:045F1200000000008B
:045F1300000000008A
:045F14000000000089
:045F15000000000088
:045F16000000000087
:045F17000000000086
:045F18000000000085
:045F19000000000084
:045F1A000000000083
:045F1B000000000082
:045F1C000000000081
:045F1D000000000080
:045F1E00000000007F
:045F1F00000000007E
:045F2000000000007D
:045F2100000000007C
:045F2200000000007B
:045F2300000000007A
:045F24000000000079
:045F25000000000078
:045F26000000000077
:045F27000000000076
:045F28000000000075
:045F29000000000074
:045F2A000000000073
:045F2B000000000072
:045F2C000000000071
:045F2D000000000070
:045F2E00000000006F
:045F2F00000000006E
:045F3000000000006D
:045F3100000000006C
:045F3200000000006B
:045F3300000000006A
:045F34000000000069
:045F35000000000068
:045F36000000000067
:045F37000000000066
:045F38000000000065
:045F39000000000064
:045F3A000000000063
:045F3B000000000062
:045F3C000000000061
:045F3D000000000060
:045F3E00000000005F
:045F3F00000000005E
:045F4000000000005D
:045F4100000000005C
:045F4200000000005B
:045F4300000000005A
:045F44000000000059
:045F45000000000058
:045F46000000000057
:045F47000000000056
:045F48000000000055
:045F49000000000054
:045F4A000000000053
:045F4B000000000052
:045F4C000000000051
:045F4D000000000050
:045F4E00000000004F
:045F4F00000000004E
:045F5000000000004D
:045F5100000000004C
:045F5200000000004B
:045F5300000000004A
:045F54000000000049
:045F55000000000048
:045F56000000000047
:045F57000000000046
:045F58000000000045
:045F59000000000044
:045F5A000000000043
:045F5B000000000042
:045F5C000000000041
:045F5D000000000040
:045F5E00000000003F
:045F5F00000000003E
:045F6000000000003D
:045F6100000000003C
:045F6200000000003B
:045F6300000000003A
:045F64000000000039
:045F65000000000038
:045F66000000000037
:045F67000000000036
:045F68000000000035
:045F69000000000034
:045F6A000000000033
:045F6B000000000032
:045F6C000000000031
:045F6D000000000030
:045F6E00000000002F
:045F6F00000000002E
:045F7000000000002D
:045F7100000000002C
:045F7200000000002B
:045F7300000000002A
:045F74000000000029
:045F75000000000028
:045F76000000000027
:045F77000000000026
:045F78000000000025
:045F79000000000024
:045F7A000000000023
:045F7B000000000022
:045F7C000000000021
:045F7D000000000020
:045F7E00000000001F
:045F7F00000000001E
:045F8000000000001D
:045F8100000000001C
:045F8200000000001B
:045F8300000000001A
:045F84000000000019
:045F85000000000018
:045F86000000000017
:045F87000000000016
:045F88000000000015
:045F89000000000014
:045F8A000000000013
:045F8B000000000012
:045F8C000000000011
:045F8D000000000010
:045F8E00000000000F
:045F8F00000000000E
:045F9000000000000D
:045F9100000000000C
:045F9200000000000B
:045F9300000000000A
:045F94000000000009
:045F95000000000008
:045F96000000000007
:045F97000000000006
:045F98000000000005
:045F99000000000004
:045F9A000000000003
:045F9B000000000002
:045F9C000000000001
:045F9D000000000000
:045F9E0000000000FF
:045F9F0000000000FE
:045FA00000000000FD
:045FA10000000000FC
:045FA20000000000FB
:045FA30000000000FA
:045FA40000000000F9
:045FA50000000000F8
:045FA60000000000F7
:045FA70000000000F6
:045FA80000000000F5
:045FA90000000000F4
:045FAA0000000000F3
:045FAB0000000000F2
:045FAC0000000000F1
:045FAD0000000000F0
:045FAE0000000000EF
:045FAF0000000000EE
:045FB00000000000ED
:045FB10000000000EC
:045FB20000000000EB
:045FB30000000000EA
:045FB40000000000E9
:045FB50000000000E8
:045FB60000000000E7
:045FB70000000000E6
:045FB80000000000E5
:045FB90000000000E4
:045FBA0000000000E3
:045FBB0000000000E2
:045FBC0000000000E1
:045FBD0000000000E0
:045FBE0000000000DF
:045FBF0000000000DE
:045FC00000000000DD
:045FC10000000000DC
:045FC20000000000DB
:045FC30000000000DA
:045FC40000000000D9
:045FC50000000000D8
:045FC60000000000D7
:045FC70000000000D6
:045FC80000000000D5
:045FC90000000000D4
:045FCA0000000000D3
:045FCB0000000000D2
:045FCC0000000000D1
:045FCD0000000000D0
:045FCE0000000000CF
:045FCF0000000000CE
:045FD00000000000CD
:045FD10000000000CC
:045FD20000000000CB
:045FD30000000000CA
:045FD40000000000C9
:045FD50000000000C8
:045FD60000000000C7
:045FD70000000000C6
:045FD80000000000C5
:045FD90000000000C4
:045FDA0000000000C3
:045FDB0000000000C2
:045FDC0000000000C1
:045FDD0000000000C0
:045FDE0000000000BF
:045FDF0000000000BE
:045FE00000000000BD
:045FE10000000000BC
:045FE20000000000BB
:045FE30000000000BA
:045FE40000000000B9
:045FE50000000000B8
:045FE60000000000B7
:045FE70000000000B6
:045FE80000000000B5
:045FE90000000000B4
:045FEA0000000000B3
:045FEB0000000000B2
:045FEC0000000000B1
:045FED0000000000B0
:045FEE0000000000AF
:045FEF0000000000AE
:045FF00000000000AD
:045FF10000000000AC
:045FF20000000000AB
:045FF30000000000AA
:045FF40000000000A9
:045FF50000000000A8
:045FF60000000000A7
:045FF70000000000A6
:045FF80000000000A5
:045FF90000000000A4
:045FFA0000000000A3
:045FFB0000000000A2
:045FFC0000000000A1
:045FFD0000000000A0
:045FFE00000000009F
:045FFF00000000009E
:04600000000000009C
:04600100000000009B
:04600200000000009A
:046003000000000099
:046004000000000098
:046005000000000097
:046006000000000096
:046007000000000095
:046008000000000094
:046009000000000093
:04600A000000000092
:04600B000000000091
:04600C000000000090
:04600D00000000008F
:04600E00000000008E
:04600F00000000008D
:04601000000000008C
:04601100000000008B
:04601200000000008A
:046013000000000089
:046014000000000088
:046015000000000087
:046016000000000086
:046017000000000085
:046018000000000084
:046019000000000083
:04601A000000000082
:04601B000000000081
:04601C000000000080
:04601D00000000007F
:04601E00000000007E
:04601F00000000007D
:04602000000000007C
:04602100000000007B
:04602200000000007A
:046023000000000079
:046024000000000078
:046025000000000077
:046026000000000076
:046027000000000075
:046028000000000074
:046029000000000073
:04602A000000000072
:04602B000000000071
:04602C000000000070
:04602D00000000006F
:04602E00000000006E
:04602F00000000006D
:04603000000000006C
:04603100000000006B
:04603200000000006A
:046033000000000069
:046034000000000068
:046035000000000067
:046036000000000066
:046037000000000065
:046038000000000064
:046039000000000063
:04603A000000000062
:04603B000000000061
:04603C000000000060
:04603D00000000005F
:04603E00000000005E
:04603F00000000005D
:04604000000000005C
:04604100000000005B
:04604200000000005A
:046043000000000059
:046044000000000058
:046045000000000057
:046046000000000056
:046047000000000055
:046048000000000054
:046049000000000053
:04604A000000000052
:04604B000000000051
:04604C000000000050
:04604D00000000004F
:04604E00000000004E
:04604F00000000004D
:04605000000000004C
:04605100000000004B
:04605200000000004A
:046053000000000049
:046054000000000048
:046055000000000047
:046056000000000046
:046057000000000045
:046058000000000044
:046059000000000043
:04605A000000000042
:04605B000000000041
:04605C000000000040
:04605D00000000003F
:04605E00000000003E
:04605F00000000003D
:04606000000000003C
:04606100000000003B
:04606200000000003A
:046063000000000039
:046064000000000038
:046065000000000037
:046066000000000036
:046067000000000035
:046068000000000034
:046069000000000033
:04606A000000000032
:04606B000000000031
:04606C000000000030
:04606D00000000002F
:04606E00000000002E
:04606F00000000002D
:04607000000000002C
:04607100000000002B
:04607200000000002A
:046073000000000029
:046074000000000028
:046075000000000027
:046076000000000026
:046077000000000025
:046078000000000024
:046079000000000023
:04607A000000000022
:04607B000000000021
:04607C000000000020
:04607D00000000001F
:04607E00000000001E
:04607F00000000001D
:04608000000000001C
:04608100000000001B
:04608200000000001A
:046083000000000019
:046084000000000018
:046085000000000017
:046086000000000016
:046087000000000015
:046088000000000014
:046089000000000013
:04608A000000000012
:04608B000000000011
:04608C000000000010
:04608D00000000000F
:04608E00000000000E
:04608F00000000000D
:04609000000000000C
:04609100000000000B
:04609200000000000A
:046093000000000009
:046094000000000008
:046095000000000007
:046096000000000006
:046097000000000005
:046098000000000004
:046099000000000003
:04609A000000000002
:04609B000000000001
:04609C000000000000
:04609D0000000000FF
:04609E0000000000FE
:04609F0000000000FD
:0460A00000000000FC
:0460A10000000000FB
:0460A20000000000FA
:0460A30000000000F9
:0460A40000000000F8
:0460A50000000000F7
:0460A60000000000F6
:0460A70000000000F5
:0460A80000000000F4
:0460A90000000000F3
:0460AA0000000000F2
:0460AB0000000000F1
:0460AC0000000000F0
:0460AD0000000000EF
:0460AE0000000000EE
:0460AF0000000000ED
:0460B00000000000EC
:0460B10000000000EB
:0460B20000000000EA
:0460B30000000000E9
:0460B40000000000E8
:0460B50000000000E7
:0460B60000000000E6
:0460B70000000000E5
:0460B80000000000E4
:0460B90000000000E3
:0460BA0000000000E2
:0460BB0000000000E1
:0460BC0000000000E0
:0460BD0000000000DF
:0460BE0000000000DE
:0460BF0000000000DD
:0460C00000000000DC
:0460C10000000000DB
:0460C20000000000DA
:0460C30000000000D9
:0460C40000000000D8
:0460C50000000000D7
:0460C60000000000D6
:0460C70000000000D5
:0460C80000000000D4
:0460C90000000000D3
:0460CA0000000000D2
:0460CB0000000000D1
:0460CC0000000000D0
:0460CD0000000000CF
:0460CE0000000000CE
:0460CF0000000000CD
:0460D00000000000CC
:0460D10000000000CB
:0460D20000000000CA
:0460D30000000000C9
:0460D40000000000C8
:0460D50000000000C7
:0460D60000000000C6
:0460D70000000000C5
:0460D80000000000C4
:0460D90000000000C3
:0460DA0000000000C2
:0460DB0000000000C1
:0460DC0000000000C0
:0460DD0000000000BF
:0460DE0000000000BE
:0460DF0000000000BD
:0460E00000000000BC
:0460E10000000000BB
:0460E20000000000BA
:0460E30000000000B9
:0460E40000000000B8
:0460E50000000000B7
:0460E60000000000B6
:0460E70000000000B5
:0460E80000000000B4
:0460E90000000000B3
:0460EA0000000000B2
:0460EB0000000000B1
:0460EC0000000000B0
:0460ED0000000000AF
:0460EE0000000000AE
:0460EF0000000000AD
:0460F00000000000AC
:0460F10000000000AB
:0460F20000000000AA
:0460F30000000000A9
:0460F40000000000A8
:0460F50000000000A7
:0460F60000000000A6
:0460F70000000000A5
:0460F80000000000A4
:0460F90000000000A3
:0460FA0000000000A2
:0460FB0000000000A1
:0460FC0000000000A0
:0460FD00000000009F
:0460FE00000000009E
:0460FF00000000009D
:04610000000000009B
:04610100000000009A
:046102000000000099
:046103000000000098
:046104000000000097
:046105000000000096
:046106000000000095
:046107000000000094
:046108000000000093
:046109000000000092
:04610A000000000091
:04610B000000000090
:04610C00000000008F
:04610D00000000008E
:04610E00000000008D
:04610F00000000008C
:04611000000000008B
:04611100000000008A
:046112000000000089
:046113000000000088
:046114000000000087
:046115000000000086
:046116000000000085
:046117000000000084
:046118000000000083
:046119000000000082
:04611A000000000081
:04611B000000000080
:04611C00000000007F
:04611D00000000007E
:04611E00000000007D
:04611F00000000007C
:04612000000000007B
:04612100000000007A
:046122000000000079
:046123000000000078
:046124000000000077
:046125000000000076
:046126000000000075
:046127000000000074
:046128000000000073
:046129000000000072
:04612A000000000071
:04612B000000000070
:04612C00000000006F
:04612D00000000006E
:04612E00000000006D
:04612F00000000006C
:04613000000000006B
:04613100000000006A
:046132000000000069
:046133000000000068
:046134000000000067
:046135000000000066
:046136000000000065
:046137000000000064
:046138000000000063
:046139000000000062
:04613A000000000061
:04613B000000000060
:04613C00000000005F
:04613D00000000005E
:04613E00000000005D
:04613F00000000005C
:04614000000000005B
:04614100000000005A
:046142000000000059
:046143000000000058
:046144000000000057
:046145000000000056
:046146000000000055
:046147000000000054
:046148000000000053
:046149000000000052
:04614A000000000051
:04614B000000000050
:04614C00000000004F
:04614D00000000004E
:04614E00000000004D
:04614F00000000004C
:04615000000000004B
:04615100000000004A
:046152000000000049
:046153000000000048
:046154000000000047
:046155000000000046
:046156000000000045
:046157000000000044
:046158000000000043
:046159000000000042
:04615A000000000041
:04615B000000000040
:04615C00000000003F
:04615D00000000003E
:04615E00000000003D
:04615F00000000003C
:04616000000000003B
:04616100000000003A
:046162000000000039
:046163000000000038
:046164000000000037
:046165000000000036
:046166000000000035
:046167000000000034
:046168000000000033
:046169000000000032
:04616A000000000031
:04616B000000000030
:04616C00000000002F
:04616D00000000002E
:04616E00000000002D
:04616F00000000002C
:04617000000000002B
:04617100000000002A
:046172000000000029
:046173000000000028
:046174000000000027
:046175000000000026
:046176000000000025
:046177000000000024
:046178000000000023
:046179000000000022
:04617A000000000021
:04617B000000000020
:04617C00000000001F
:04617D00000000001E
:04617E00000000001D
:04617F00000000001C
:04618000000000001B
:04618100000000001A
:046182000000000019
:046183000000000018
:046184000000000017
:046185000000000016
:046186000000000015
:046187000000000014
:046188000000000013
:046189000000000012
:04618A000000000011
:04618B000000000010
:04618C00000000000F
:04618D00000000000E
:04618E00000000000D
:04618F00000000000C
:04619000000000000B
:04619100000000000A
:046192000000000009
:046193000000000008
:046194000000000007
:046195000000000006
:046196000000000005
:046197000000000004
:046198000000000003
:046199000000000002
:04619A000000000001
:04619B000000000000
:04619C0000000000FF
:04619D0000000000FE
:04619E0000000000FD
:04619F0000000000FC
:0461A00000000000FB
:0461A10000000000FA
:0461A20000000000F9
:0461A30000000000F8
:0461A40000000000F7
:0461A50000000000F6
:0461A60000000000F5
:0461A70000000000F4
:0461A80000000000F3
:0461A90000000000F2
:0461AA0000000000F1
:0461AB0000000000F0
:0461AC0000000000EF
:0461AD0000000000EE
:0461AE0000000000ED
:0461AF0000000000EC
:0461B00000000000EB
:0461B10000000000EA
:0461B20000000000E9
:0461B30000000000E8
:0461B40000000000E7
:0461B50000000000E6
:0461B60000000000E5
:0461B70000000000E4
:0461B80000000000E3
:0461B90000000000E2
:0461BA0000000000E1
:0461BB0000000000E0
:0461BC0000000000DF
:0461BD0000000000DE
:0461BE0000000000DD
:0461BF0000000000DC
:0461C00000000000DB
:0461C10000000000DA
:0461C20000000000D9
:0461C30000000000D8
:0461C40000000000D7
:0461C50000000000D6
:0461C60000000000D5
:0461C70000000000D4
:0461C80000000000D3
:0461C90000000000D2
:0461CA0000000000D1
:0461CB0000000000D0
:0461CC0000000000CF
:0461CD0000000000CE
:0461CE0000000000CD
:0461CF0000000000CC
:0461D00000000000CB
:0461D10000000000CA
:0461D20000000000C9
:0461D30000000000C8
:0461D40000000000C7
:0461D50000000000C6
:0461D60000000000C5
:0461D70000000000C4
:0461D80000000000C3
:0461D90000000000C2
:0461DA0000000000C1
:0461DB0000000000C0
:0461DC0000000000BF
:0461DD0000000000BE
:0461DE0000000000BD
:0461DF0000000000BC
:0461E00000000000BB
:0461E10000000000BA
:0461E20000000000B9
:0461E30000000000B8
:0461E40000000000B7
:0461E50000000000B6
:0461E60000000000B5
:0461E70000000000B4
:0461E80000000000B3
:0461E90000000000B2
:0461EA0000000000B1
:0461EB0000000000B0
:0461EC0000000000AF
:0461ED0000000000AE
:0461EE0000000000AD
:0461EF0000000000AC
:0461F00000000000AB
:0461F10000000000AA
:0461F20000000000A9
:0461F30000000000A8
:0461F40000000000A7
:0461F50000000000A6
:0461F60000000000A5
:0461F70000000000A4
:0461F80000000000A3
:0461F90000000000A2
:0461FA0000000000A1
:0461FB0000000000A0
:0461FC00000000009F
:0461FD00000000009E
:0461FE00000000009D
:0461FF00000000009C
:04620000000000009A
:046201000000000099
:046202000000000098
:046203000000000097
:046204000000000096
:046205000000000095
:046206000000000094
:046207000000000093
:046208000000000092
:046209000000000091
:04620A000000000090
:04620B00000000008F
:04620C00000000008E
:04620D00000000008D
:04620E00000000008C
:04620F00000000008B
:04621000000000008A
:046211000000000089
:046212000000000088
:046213000000000087
:046214000000000086
:046215000000000085
:046216000000000084
:046217000000000083
:046218000000000082
:046219000000000081
:04621A000000000080
:04621B00000000007F
:04621C00000000007E
:04621D00000000007D
:04621E00000000007C
:04621F00000000007B
:04622000000000007A
:046221000000000079
:046222000000000078
:046223000000000077
:046224000000000076
:046225000000000075
:046226000000000074
:046227000000000073
:046228000000000072
:046229000000000071
:04622A000000000070
:04622B00000000006F
:04622C00000000006E
:04622D00000000006D
:04622E00000000006C
:04622F00000000006B
:04623000000000006A
:046231000000000069
:046232000000000068
:046233000000000067
:046234000000000066
:046235000000000065
:046236000000000064
:046237000000000063
:046238000000000062
:046239000000000061
:04623A000000000060
:04623B00000000005F
:04623C00000000005E
:04623D00000000005D
:04623E00000000005C
:04623F00000000005B
:04624000000000005A
:046241000000000059
:046242000000000058
:046243000000000057
:046244000000000056
:046245000000000055
:046246000000000054
:046247000000000053
:046248000000000052
:046249000000000051
:04624A000000000050
:04624B00000000004F
:04624C00000000004E
:04624D00000000004D
:04624E00000000004C
:04624F00000000004B
:04625000000000004A
:046251000000000049
:046252000000000048
:046253000000000047
:046254000000000046
:046255000000000045
:046256000000000044
:046257000000000043
:046258000000000042
:046259000000000041
:04625A000000000040
:04625B00000000003F
:04625C00000000003E
:04625D00000000003D
:04625E00000000003C
:04625F00000000003B
:04626000000000003A
:046261000000000039
:046262000000000038
:046263000000000037
:046264000000000036
:046265000000000035
:046266000000000034
:046267000000000033
:046268000000000032
:046269000000000031
:04626A000000000030
:04626B00000000002F
:04626C00000000002E
:04626D00000000002D
:04626E00000000002C
:04626F00000000002B
:04627000000000002A
:046271000000000029
:046272000000000028
:046273000000000027
:046274000000000026
:046275000000000025
:046276000000000024
:046277000000000023
:046278000000000022
:046279000000000021
:04627A000000000020
:04627B00000000001F
:04627C00000000001E
:04627D00000000001D
:04627E00000000001C
:04627F00000000001B
:04628000000000001A
:046281000000000019
:046282000000000018
:046283000000000017
:046284000000000016
:046285000000000015
:046286000000000014
:046287000000000013
:046288000000000012
:046289000000000011
:04628A000000000010
:04628B00000000000F
:04628C00000000000E
:04628D00000000000D
:04628E00000000000C
:04628F00000000000B
:04629000000000000A
:046291000000000009
:046292000000000008
:046293000000000007
:046294000000000006
:046295000000000005
:046296000000000004
:046297000000000003
:046298000000000002
:046299000000000001
:04629A000000000000
:04629B0000000000FF
:04629C0000000000FE
:04629D0000000000FD
:04629E0000000000FC
:04629F0000000000FB
:0462A00000000000FA
:0462A10000000000F9
:0462A20000000000F8
:0462A30000000000F7
:0462A40000000000F6
:0462A50000000000F5
:0462A60000000000F4
:0462A70000000000F3
:0462A80000000000F2
:0462A90000000000F1
:0462AA0000000000F0
:0462AB0000000000EF
:0462AC0000000000EE
:0462AD0000000000ED
:0462AE0000000000EC
:0462AF0000000000EB
:0462B00000000000EA
:0462B10000000000E9
:0462B20000000000E8
:0462B30000000000E7
:0462B40000000000E6
:0462B50000000000E5
:0462B60000000000E4
:0462B70000000000E3
:0462B80000000000E2
:0462B90000000000E1
:0462BA0000000000E0
:0462BB0000000000DF
:0462BC0000000000DE
:0462BD0000000000DD
:0462BE0000000000DC
:0462BF0000000000DB
:0462C00000000000DA
:0462C10000000000D9
:0462C20000000000D8
:0462C30000000000D7
:0462C40000000000D6
:0462C50000000000D5
:0462C60000000000D4
:0462C70000000000D3
:0462C80000000000D2
:0462C90000000000D1
:0462CA0000000000D0
:0462CB0000000000CF
:0462CC0000000000CE
:0462CD0000000000CD
:0462CE0000000000CC
:0462CF0000000000CB
:0462D00000000000CA
:0462D10000000000C9
:0462D20000000000C8
:0462D30000000000C7
:0462D40000000000C6
:0462D50000000000C5
:0462D60000000000C4
:0462D70000000000C3
:0462D80000000000C2
:0462D90000000000C1
:0462DA0000000000C0
:0462DB0000000000BF
:0462DC0000000000BE
:0462DD0000000000BD
:0462DE0000000000BC
:0462DF0000000000BB
:0462E00000000000BA
:0462E10000000000B9
:0462E20000000000B8
:0462E30000000000B7
:0462E40000000000B6
:0462E50000000000B5
:0462E60000000000B4
:0462E70000000000B3
:0462E80000000000B2
:0462E90000000000B1
:0462EA0000000000B0
:0462EB0000000000AF
:0462EC0000000000AE
:0462ED0000000000AD
:0462EE0000000000AC
:0462EF0000000000AB
:0462F00000000000AA
:0462F10000000000A9
:0462F20000000000A8
:0462F30000000000A7
:0462F40000000000A6
:0462F50000000000A5
:0462F60000000000A4
:0462F70000000000A3
:0462F80000000000A2
:0462F90000000000A1
:0462FA0000000000A0
:0462FB00000000009F
:0462FC00000000009E
:0462FD00000000009D
:0462FE00000000009C
:0462FF00000000009B
:046300000000000099
:046301000000000098
:046302000000000097
:046303000000000096
:046304000000000095
:046305000000000094
:046306000000000093
:046307000000000092
:046308000000000091
:046309000000000090
:04630A00000000008F
:04630B00000000008E
:04630C00000000008D
:04630D00000000008C
:04630E00000000008B
:04630F00000000008A
:046310000000000089
:046311000000000088
:046312000000000087
:046313000000000086
:046314000000000085
:046315000000000084
:046316000000000083
:046317000000000082
:046318000000000081
:046319000000000080
:04631A00000000007F
:04631B00000000007E
:04631C00000000007D
:04631D00000000007C
:04631E00000000007B
:04631F00000000007A
:046320000000000079
:046321000000000078
:046322000000000077
:046323000000000076
:046324000000000075
:046325000000000074
:046326000000000073
:046327000000000072
:046328000000000071
:046329000000000070
:04632A00000000006F
:04632B00000000006E
:04632C00000000006D
:04632D00000000006C
:04632E00000000006B
:04632F00000000006A
:046330000000000069
:046331000000000068
:046332000000000067
:046333000000000066
:046334000000000065
:046335000000000064
:046336000000000063
:046337000000000062
:046338000000000061
:046339000000000060
:04633A00000000005F
:04633B00000000005E
:04633C00000000005D
:04633D00000000005C
:04633E00000000005B
:04633F00000000005A
:046340000000000059
:046341000000000058
:046342000000000057
:046343000000000056
:046344000000000055
:046345000000000054
:046346000000000053
:046347000000000052
:046348000000000051
:046349000000000050
:04634A00000000004F
:04634B00000000004E
:04634C00000000004D
:04634D00000000004C
:04634E00000000004B
:04634F00000000004A
:046350000000000049
:046351000000000048
:046352000000000047
:046353000000000046
:046354000000000045
:046355000000000044
:046356000000000043
:046357000000000042
:046358000000000041
:046359000000000040
:04635A00000000003F
:04635B00000000003E
:04635C00000000003D
:04635D00000000003C
:04635E00000000003B
:04635F00000000003A
:046360000000000039
:046361000000000038
:046362000000000037
:046363000000000036
:046364000000000035
:046365000000000034
:046366000000000033
:046367000000000032
:046368000000000031
:046369000000000030
:04636A00000000002F
:04636B00000000002E
:04636C00000000002D
:04636D00000000002C
:04636E00000000002B
:04636F00000000002A
:046370000000000029
:046371000000000028
:046372000000000027
:046373000000000026
:046374000000000025
:046375000000000024
:046376000000000023
:046377000000000022
:046378000000000021
:046379000000000020
:04637A00000000001F
:04637B00000000001E
:04637C00000000001D
:04637D00000000001C
:04637E00000000001B
:04637F00000000001A
:046380000000000019
:046381000000000018
:046382000000000017
:046383000000000016
:046384000000000015
:046385000000000014
:046386000000000013
:046387000000000012
:046388000000000011
:046389000000000010
:04638A00000000000F
:04638B00000000000E
:04638C00000000000D
:04638D00000000000C
:04638E00000000000B
:04638F00000000000A
:046390000000000009
:046391000000000008
:046392000000000007
:046393000000000006
:046394000000000005
:046395000000000004
:046396000000000003
:046397000000000002
:046398000000000001
:046399000000000000
:04639A0000000000FF
:04639B0000000000FE
:04639C0000000000FD
:04639D0000000000FC
:04639E0000000000FB
:04639F0000000000FA
:0463A00000000000F9
:0463A10000000000F8
:0463A20000000000F7
:0463A30000000000F6
:0463A40000000000F5
:0463A50000000000F4
:0463A60000000000F3
:0463A70000000000F2
:0463A80000000000F1
:0463A90000000000F0
:0463AA0000000000EF
:0463AB0000000000EE
:0463AC0000000000ED
:0463AD0000000000EC
:0463AE0000000000EB
:0463AF0000000000EA
:0463B00000000000E9
:0463B10000000000E8
:0463B20000000000E7
:0463B30000000000E6
:0463B40000000000E5
:0463B50000000000E4
:0463B60000000000E3
:0463B70000000000E2
:0463B80000000000E1
:0463B90000000000E0
:0463BA0000000000DF
:0463BB0000000000DE
:0463BC0000000000DD
:0463BD0000000000DC
:0463BE0000000000DB
:0463BF0000000000DA
:0463C00000000000D9
:0463C10000000000D8
:0463C20000000000D7
:0463C30000000000D6
:0463C40000000000D5
:0463C50000000000D4
:0463C60000000000D3
:0463C70000000000D2
:0463C80000000000D1
:0463C90000000000D0
:0463CA0000000000CF
:0463CB0000000000CE
:0463CC0000000000CD
:0463CD0000000000CC
:0463CE0000000000CB
:0463CF0000000000CA
:0463D00000000000C9
:0463D10000000000C8
:0463D20000000000C7
:0463D30000000000C6
:0463D40000000000C5
:0463D50000000000C4
:0463D60000000000C3
:0463D70000000000C2
:0463D80000000000C1
:0463D90000000000C0
:0463DA0000000000BF
:0463DB0000000000BE
:0463DC0000000000BD
:0463DD0000000000BC
:0463DE0000000000BB
:0463DF0000000000BA
:0463E00000000000B9
:0463E10000000000B8
:0463E20000000000B7
:0463E30000000000B6
:0463E40000000000B5
:0463E50000000000B4
:0463E60000000000B3
:0463E70000000000B2
:0463E80000000000B1
:0463E90000000000B0
:0463EA0000000000AF
:0463EB0000000000AE
:0463EC0000000000AD
:0463ED0000000000AC
:0463EE0000000000AB
:0463EF0000000000AA
:0463F00000000000A9
:0463F10000000000A8
:0463F20000000000A7
:0463F30000000000A6
:0463F40000000000A5
:0463F50000000000A4
:0463F60000000000A3
:0463F70000000000A2
:0463F80000000000A1
:0463F90000000000A0
:0463FA00000000009F
:0463FB00000000009E
:0463FC00000000009D
:0463FD00000000009C
:0463FE00000000009B
:0463FF00000000009A
:046400000000000098
:046401000000000097
:046402000000000096
:046403000000000095
:046404000000000094
:046405000000000093
:046406000000000092
:046407000000000091
:046408000000000090
:04640900000000008F
:04640A00000000008E
:04640B00000000008D
:04640C00000000008C
:04640D00000000008B
:04640E00000000008A
:04640F000000000089
:046410000000000088
:046411000000000087
:046412000000000086
:046413000000000085
:046414000000000084
:046415000000000083
:046416000000000082
:046417000000000081
:046418000000000080
:04641900000000007F
:04641A00000000007E
:04641B00000000007D
:04641C00000000007C
:04641D00000000007B
:04641E00000000007A
:04641F000000000079
:046420000000000078
:046421000000000077
:046422000000000076
:046423000000000075
:046424000000000074
:046425000000000073
:046426000000000072
:046427000000000071
:046428000000000070
:04642900000000006F
:04642A00000000006E
:04642B00000000006D
:04642C00000000006C
:04642D00000000006B
:04642E00000000006A
:04642F000000000069
:046430000000000068
:046431000000000067
:046432000000000066
:046433000000000065
:046434000000000064
:046435000000000063
:046436000000000062
:046437000000000061
:046438000000000060
:04643900000000005F
:04643A00000000005E
:04643B00000000005D
:04643C00000000005C
:04643D00000000005B
:04643E00000000005A
:04643F000000000059
:046440000000000058
:046441000000000057
:046442000000000056
:046443000000000055
:046444000000000054
:046445000000000053
:046446000000000052
:046447000000000051
:046448000000000050
:04644900000000004F
:04644A00000000004E
:04644B00000000004D
:04644C00000000004C
:04644D00000000004B
:04644E00000000004A
:04644F000000000049
:046450000000000048
:046451000000000047
:046452000000000046
:046453000000000045
:046454000000000044
:046455000000000043
:046456000000000042
:046457000000000041
:046458000000000040
:04645900000000003F
:04645A00000000003E
:04645B00000000003D
:04645C00000000003C
:04645D00000000003B
:04645E00000000003A
:04645F000000000039
:046460000000000038
:046461000000000037
:046462000000000036
:046463000000000035
:046464000000000034
:046465000000000033
:046466000000000032
:046467000000000031
:046468000000000030
:04646900000000002F
:04646A00000000002E
:04646B00000000002D
:04646C00000000002C
:04646D00000000002B
:04646E00000000002A
:04646F000000000029
:046470000000000028
:046471000000000027
:046472000000000026
:046473000000000025
:046474000000000024
:046475000000000023
:046476000000000022
:046477000000000021
:046478000000000020
:04647900000000001F
:04647A00000000001E
:04647B00000000001D
:04647C00000000001C
:04647D00000000001B
:04647E00000000001A
:04647F000000000019
:046480000000000018
:046481000000000017
:046482000000000016
:046483000000000015
:046484000000000014
:046485000000000013
:046486000000000012
:046487000000000011
:046488000000000010
:04648900000000000F
:04648A00000000000E
:04648B00000000000D
:04648C00000000000C
:04648D00000000000B
:04648E00000000000A
:04648F000000000009
:046490000000000008
:046491000000000007
:046492000000000006
:046493000000000005
:046494000000000004
:046495000000000003
:046496000000000002
:046497000000000001
:046498000000000000
:0464990000000000FF
:04649A0000000000FE
:04649B0000000000FD
:04649C0000000000FC
:04649D0000000000FB
:04649E0000000000FA
:04649F0000000000F9
:0464A00000000000F8
:0464A10000000000F7
:0464A20000000000F6
:0464A30000000000F5
:0464A40000000000F4
:0464A50000000000F3
:0464A60000000000F2
:0464A70000000000F1
:0464A80000000000F0
:0464A90000000000EF
:0464AA0000000000EE
:0464AB0000000000ED
:0464AC0000000000EC
:0464AD0000000000EB
:0464AE0000000000EA
:0464AF0000000000E9
:0464B00000000000E8
:0464B10000000000E7
:0464B20000000000E6
:0464B30000000000E5
:0464B40000000000E4
:0464B50000000000E3
:0464B60000000000E2
:0464B70000000000E1
:0464B80000000000E0
:0464B90000000000DF
:0464BA0000000000DE
:0464BB0000000000DD
:0464BC0000000000DC
:0464BD0000000000DB
:0464BE0000000000DA
:0464BF0000000000D9
:0464C00000000000D8
:0464C10000000000D7
:0464C20000000000D6
:0464C30000000000D5
:0464C40000000000D4
:0464C50000000000D3
:0464C60000000000D2
:0464C70000000000D1
:0464C80000000000D0
:0464C90000000000CF
:0464CA0000000000CE
:0464CB0000000000CD
:0464CC0000000000CC
:0464CD0000000000CB
:0464CE0000000000CA
:0464CF0000000000C9
:0464D00000000000C8
:0464D10000000000C7
:0464D20000000000C6
:0464D30000000000C5
:0464D40000000000C4
:0464D50000000000C3
:0464D60000000000C2
:0464D70000000000C1
:0464D80000000000C0
:0464D90000000000BF
:0464DA0000000000BE
:0464DB0000000000BD
:0464DC0000000000BC
:0464DD0000000000BB
:0464DE0000000000BA
:0464DF0000000000B9
:0464E00000000000B8
:0464E10000000000B7
:0464E20000000000B6
:0464E30000000000B5
:0464E40000000000B4
:0464E50000000000B3
:0464E60000000000B2
:0464E70000000000B1
:0464E80000000000B0
:0464E90000000000AF
:0464EA0000000000AE
:0464EB0000000000AD
:0464EC0000000000AC
:0464ED0000000000AB
:0464EE0000000000AA
:0464EF0000000000A9
:0464F00000000000A8
:0464F10000000000A7
:0464F20000000000A6
:0464F30000000000A5
:0464F40000000000A4
:0464F50000000000A3
:0464F60000000000A2
:0464F70000000000A1
:0464F80000000000A0
:0464F900000000009F
:0464FA00000000009E
:0464FB00000000009D
:0464FC00000000009C
:0464FD00000000009B
:0464FE00000000009A
:0464FF000000000099
:046500000000000097
:046501000000000096
:046502000000000095
:046503000000000094
:046504000000000093
:046505000000000092
:046506000000000091
:046507000000000090
:04650800000000008F
:04650900000000008E
:04650A00000000008D
:04650B00000000008C
:04650C00000000008B
:04650D00000000008A
:04650E000000000089
:04650F000000000088
:046510000000000087
:046511000000000086
:046512000000000085
:046513000000000084
:046514000000000083
:046515000000000082
:046516000000000081
:046517000000000080
:04651800000000007F
:04651900000000007E
:04651A00000000007D
:04651B00000000007C
:04651C00000000007B
:04651D00000000007A
:04651E000000000079
:04651F000000000078
:046520000000000077
:046521000000000076
:046522000000000075
:046523000000000074
:046524000000000073
:046525000000000072
:046526000000000071
:046527000000000070
:04652800000000006F
:04652900000000006E
:04652A00000000006D
:04652B00000000006C
:04652C00000000006B
:04652D00000000006A
:04652E000000000069
:04652F000000000068
:046530000000000067
:046531000000000066
:046532000000000065
:046533000000000064
:046534000000000063
:046535000000000062
:046536000000000061
:046537000000000060
:04653800000000005F
:04653900000000005E
:04653A00000000005D
:04653B00000000005C
:04653C00000000005B
:04653D00000000005A
:04653E000000000059
:04653F000000000058
:046540000000000057
:046541000000000056
:046542000000000055
:046543000000000054
:046544000000000053
:046545000000000052
:046546000000000051
:046547000000000050
:04654800000000004F
:04654900000000004E
:04654A00000000004D
:04654B00000000004C
:04654C00000000004B
:04654D00000000004A
:04654E000000000049
:04654F000000000048
:046550000000000047
:046551000000000046
:046552000000000045
:046553000000000044
:046554000000000043
:046555000000000042
:046556000000000041
:046557000000000040
:04655800000000003F
:04655900000000003E
:04655A00000000003D
:04655B00000000003C
:04655C00000000003B
:04655D00000000003A
:04655E000000000039
:04655F000000000038
:046560000000000037
:046561000000000036
:046562000000000035
:046563000000000034
:046564000000000033
:046565000000000032
:046566000000000031
:046567000000000030
:04656800000000002F
:04656900000000002E
:04656A00000000002D
:04656B00000000002C
:04656C00000000002B
:04656D00000000002A
:04656E000000000029
:04656F000000000028
:046570000000000027
:046571000000000026
:046572000000000025
:046573000000000024
:046574000000000023
:046575000000000022
:046576000000000021
:046577000000000020
:04657800000000001F
:04657900000000001E
:04657A00000000001D
:04657B00000000001C
:04657C00000000001B
:04657D00000000001A
:04657E000000000019
:04657F000000000018
:046580000000000017
:046581000000000016
:046582000000000015
:046583000000000014
:046584000000000013
:046585000000000012
:046586000000000011
:046587000000000010
:04658800000000000F
:04658900000000000E
:04658A00000000000D
:04658B00000000000C
:04658C00000000000B
:04658D00000000000A
:04658E000000000009
:04658F000000000008
:046590000000000007
:046591000000000006
:046592000000000005
:046593000000000004
:046594000000000003
:046595000000000002
:046596000000000001
:046597000000000000
:0465980000000000FF
:0465990000000000FE
:04659A0000000000FD
:04659B0000000000FC
:04659C0000000000FB
:04659D0000000000FA
:04659E0000000000F9
:04659F0000000000F8
:0465A00000000000F7
:0465A10000000000F6
:0465A20000000000F5
:0465A30000000000F4
:0465A40000000000F3
:0465A50000000000F2
:0465A60000000000F1
:0465A70000000000F0
:0465A80000000000EF
:0465A90000000000EE
:0465AA0000000000ED
:0465AB0000000000EC
:0465AC0000000000EB
:0465AD0000000000EA
:0465AE0000000000E9
:0465AF0000000000E8
:0465B00000000000E7
:0465B10000000000E6
:0465B20000000000E5
:0465B30000000000E4
:0465B40000000000E3
:0465B50000000000E2
:0465B60000000000E1
:0465B70000000000E0
:0465B80000000000DF
:0465B90000000000DE
:0465BA0000000000DD
:0465BB0000000000DC
:0465BC0000000000DB
:0465BD0000000000DA
:0465BE0000000000D9
:0465BF0000000000D8
:0465C00000000000D7
:0465C10000000000D6
:0465C20000000000D5
:0465C30000000000D4
:0465C40000000000D3
:0465C50000000000D2
:0465C60000000000D1
:0465C70000000000D0
:0465C80000000000CF
:0465C90000000000CE
:0465CA0000000000CD
:0465CB0000000000CC
:0465CC0000000000CB
:0465CD0000000000CA
:0465CE0000000000C9
:0465CF0000000000C8
:0465D00000000000C7
:0465D10000000000C6
:0465D20000000000C5
:0465D30000000000C4
:0465D40000000000C3
:0465D50000000000C2
:0465D60000000000C1
:0465D70000000000C0
:0465D80000000000BF
:0465D90000000000BE
:0465DA0000000000BD
:0465DB0000000000BC
:0465DC0000000000BB
:0465DD0000000000BA
:0465DE0000000000B9
:0465DF0000000000B8
:0465E00000000000B7
:0465E10000000000B6
:0465E20000000000B5
:0465E30000000000B4
:0465E40000000000B3
:0465E50000000000B2
:0465E60000000000B1
:0465E70000000000B0
:0465E80000000000AF
:0465E90000000000AE
:0465EA0000000000AD
:0465EB0000000000AC
:0465EC0000000000AB
:0465ED0000000000AA
:0465EE0000000000A9
:0465EF0000000000A8
:0465F00000000000A7
:0465F10000000000A6
:0465F20000000000A5
:0465F30000000000A4
:0465F40000000000A3
:0465F50000000000A2
:0465F60000000000A1
:0465F70000000000A0
:0465F800000000009F
:0465F900000000009E
:0465FA00000000009D
:0465FB00000000009C
:0465FC00000000009B
:0465FD00000000009A
:0465FE000000000099
:0465FF000000000098
:046600000000000096
:046601000000000095
:046602000000000094
:046603000000000093
:046604000000000092
:046605000000000091
:046606000000000090
:04660700000000008F
:04660800000000008E
:04660900000000008D
:04660A00000000008C
:04660B00000000008B
:04660C00000000008A
:04660D000000000089
:04660E000000000088
:04660F000000000087
:046610000000000086
:046611000000000085
:046612000000000084
:046613000000000083
:046614000000000082
:046615000000000081
:046616000000000080
:04661700000000007F
:04661800000000007E
:04661900000000007D
:04661A00000000007C
:04661B00000000007B
:04661C00000000007A
:04661D000000000079
:04661E000000000078
:04661F000000000077
:046620000000000076
:046621000000000075
:046622000000000074
:046623000000000073
:046624000000000072
:046625000000000071
:046626000000000070
:04662700000000006F
:04662800000000006E
:04662900000000006D
:04662A00000000006C
:04662B00000000006B
:04662C00000000006A
:04662D000000000069
:04662E000000000068
:04662F000000000067
:046630000000000066
:046631000000000065
:046632000000000064
:046633000000000063
:046634000000000062
:046635000000000061
:046636000000000060
:04663700000000005F
:04663800000000005E
:04663900000000005D
:04663A00000000005C
:04663B00000000005B
:04663C00000000005A
:04663D000000000059
:04663E000000000058
:04663F000000000057
:046640000000000056
:046641000000000055
:046642000000000054
:046643000000000053
:046644000000000052
:046645000000000051
:046646000000000050
:04664700000000004F
:04664800000000004E
:04664900000000004D
:04664A00000000004C
:04664B00000000004B
:04664C00000000004A
:04664D000000000049
:04664E000000000048
:04664F000000000047
:046650000000000046
:046651000000000045
:046652000000000044
:046653000000000043
:046654000000000042
:046655000000000041
:046656000000000040
:04665700000000003F
:04665800000000003E
:04665900000000003D
:04665A00000000003C
:04665B00000000003B
:04665C00000000003A
:04665D000000000039
:04665E000000000038
:04665F000000000037
:046660000000000036
:046661000000000035
:046662000000000034
:046663000000000033
:046664000000000032
:046665000000000031
:046666000000000030
:04666700000000002F
:04666800000000002E
:04666900000000002D
:04666A00000000002C
:04666B00000000002B
:04666C00000000002A
:04666D000000000029
:04666E000000000028
:04666F000000000027
:046670000000000026
:046671000000000025
:046672000000000024
:046673000000000023
:046674000000000022
:046675000000000021
:046676000000000020
:04667700000000001F
:04667800000000001E
:04667900000000001D
:04667A00000000001C
:04667B00000000001B
:04667C00000000001A
:04667D000000000019
:04667E000000000018
:04667F000000000017
:046680000000000016
:046681000000000015
:046682000000000014
:046683000000000013
:046684000000000012
:046685000000000011
:046686000000000010
:04668700000000000F
:04668800000000000E
:04668900000000000D
:04668A00000000000C
:04668B00000000000B
:04668C00000000000A
:04668D000000000009
:04668E000000000008
:04668F000000000007
:046690000000000006
:046691000000000005
:046692000000000004
:046693000000000003
:046694000000000002
:046695000000000001
:046696000000000000
:0466970000000000FF
:0466980000000000FE
:0466990000000000FD
:04669A0000000000FC
:04669B0000000000FB
:04669C0000000000FA
:04669D0000000000F9
:04669E0000000000F8
:04669F0000000000F7
:0466A00000000000F6
:0466A10000000000F5
:0466A20000000000F4
:0466A30000000000F3
:0466A40000000000F2
:0466A50000000000F1
:0466A60000000000F0
:0466A70000000000EF
:0466A80000000000EE
:0466A90000000000ED
:0466AA0000000000EC
:0466AB0000000000EB
:0466AC0000000000EA
:0466AD0000000000E9
:0466AE0000000000E8
:0466AF0000000000E7
:0466B00000000000E6
:0466B10000000000E5
:0466B20000000000E4
:0466B30000000000E3
:0466B40000000000E2
:0466B50000000000E1
:0466B60000000000E0
:0466B70000000000DF
:0466B80000000000DE
:0466B90000000000DD
:0466BA0000000000DC
:0466BB0000000000DB
:0466BC0000000000DA
:0466BD0000000000D9
:0466BE0000000000D8
:0466BF0000000000D7
:0466C00000000000D6
:0466C10000000000D5
:0466C20000000000D4
:0466C30000000000D3
:0466C40000000000D2
:0466C50000000000D1
:0466C60000000000D0
:0466C70000000000CF
:0466C80000000000CE
:0466C90000000000CD
:0466CA0000000000CC
:0466CB0000000000CB
:0466CC0000000000CA
:0466CD0000000000C9
:0466CE0000000000C8
:0466CF0000000000C7
:0466D00000000000C6
:0466D10000000000C5
:0466D20000000000C4
:0466D30000000000C3
:0466D40000000000C2
:0466D50000000000C1
:0466D60000000000C0
:0466D70000000000BF
:0466D80000000000BE
:0466D90000000000BD
:0466DA0000000000BC
:0466DB0000000000BB
:0466DC0000000000BA
:0466DD0000000000B9
:0466DE0000000000B8
:0466DF0000000000B7
:0466E00000000000B6
:0466E10000000000B5
:0466E20000000000B4
:0466E30000000000B3
:0466E40000000000B2
:0466E50000000000B1
:0466E60000000000B0
:0466E70000000000AF
:0466E80000000000AE
:0466E90000000000AD
:0466EA0000000000AC
:0466EB0000000000AB
:0466EC0000000000AA
:0466ED0000000000A9
:0466EE0000000000A8
:0466EF0000000000A7
:0466F00000000000A6
:0466F10000000000A5
:0466F20000000000A4
:0466F30000000000A3
:0466F40000000000A2
:0466F50000000000A1
:0466F60000000000A0
:0466F700000000009F
:0466F800000000009E
:0466F900000000009D
:0466FA00000000009C
:0466FB00000000009B
:0466FC00000000009A
:0466FD000000000099
:0466FE000000000098
:0466FF000000000097
:046700000000000095
:046701000000000094
:046702000000000093
:046703000000000092
:046704000000000091
:046705000000000090
:04670600000000008F
:04670700000000008E
:04670800000000008D
:04670900000000008C
:04670A00000000008B
:04670B00000000008A
:04670C000000000089
:04670D000000000088
:04670E000000000087
:04670F000000000086
:046710000000000085
:046711000000000084
:046712000000000083
:046713000000000082
:046714000000000081
:046715000000000080
:04671600000000007F
:04671700000000007E
:04671800000000007D
:04671900000000007C
:04671A00000000007B
:04671B00000000007A
:04671C000000000079
:04671D000000000078
:04671E000000000077
:04671F000000000076
:046720000000000075
:046721000000000074
:046722000000000073
:046723000000000072
:046724000000000071
:046725000000000070
:04672600000000006F
:04672700000000006E
:04672800000000006D
:04672900000000006C
:04672A00000000006B
:04672B00000000006A
:04672C000000000069
:04672D000000000068
:04672E000000000067
:04672F000000000066
:046730000000000065
:046731000000000064
:046732000000000063
:046733000000000062
:046734000000000061
:046735000000000060
:04673600000000005F
:04673700000000005E
:04673800000000005D
:04673900000000005C
:04673A00000000005B
:04673B00000000005A
:04673C000000000059
:04673D000000000058
:04673E000000000057
:04673F000000000056
:046740000000000055
:046741000000000054
:046742000000000053
:046743000000000052
:046744000000000051
:046745000000000050
:04674600000000004F
:04674700000000004E
:04674800000000004D
:04674900000000004C
:04674A00000000004B
:04674B00000000004A
:04674C000000000049
:04674D000000000048
:04674E000000000047
:04674F000000000046
:046750000000000045
:046751000000000044
:046752000000000043
:046753000000000042
:046754000000000041
:046755000000000040
:04675600000000003F
:04675700000000003E
:04675800000000003D
:04675900000000003C
:04675A00000000003B
:04675B00000000003A
:04675C000000000039
:04675D000000000038
:04675E000000000037
:04675F000000000036
:046760000000000035
:046761000000000034
:046762000000000033
:046763000000000032
:046764000000000031
:046765000000000030
:04676600000000002F
:04676700000000002E
:04676800000000002D
:04676900000000002C
:04676A00000000002B
:04676B00000000002A
:04676C000000000029
:04676D000000000028
:04676E000000000027
:04676F000000000026
:046770000000000025
:046771000000000024
:046772000000000023
:046773000000000022
:046774000000000021
:046775000000000020
:04677600000000001F
:04677700000000001E
:04677800000000001D
:04677900000000001C
:04677A00000000001B
:04677B00000000001A
:04677C000000000019
:04677D000000000018
:04677E000000000017
:04677F000000000016
:046780000000000015
:046781000000000014
:046782000000000013
:046783000000000012
:046784000000000011
:046785000000000010
:04678600000000000F
:04678700000000000E
:04678800000000000D
:04678900000000000C
:04678A00000000000B
:04678B00000000000A
:04678C000000000009
:04678D000000000008
:04678E000000000007
:04678F000000000006
:046790000000000005
:046791000000000004
:046792000000000003
:046793000000000002
:046794000000000001
:046795000000000000
:0467960000000000FF
:0467970000000000FE
:0467980000000000FD
:0467990000000000FC
:04679A0000000000FB
:04679B0000000000FA
:04679C0000000000F9
:04679D0000000000F8
:04679E0000000000F7
:04679F0000000000F6
:0467A00000000000F5
:0467A10000000000F4
:0467A20000000000F3
:0467A30000000000F2
:0467A40000000000F1
:0467A50000000000F0
:0467A60000000000EF
:0467A70000000000EE
:0467A80000000000ED
:0467A90000000000EC
:0467AA0000000000EB
:0467AB0000000000EA
:0467AC0000000000E9
:0467AD0000000000E8
:0467AE0000000000E7
:0467AF0000000000E6
:0467B00000000000E5
:0467B10000000000E4
:0467B20000000000E3
:0467B30000000000E2
:0467B40000000000E1
:0467B50000000000E0
:0467B60000000000DF
:0467B70000000000DE
:0467B80000000000DD
:0467B90000000000DC
:0467BA0000000000DB
:0467BB0000000000DA
:0467BC0000000000D9
:0467BD0000000000D8
:0467BE0000000000D7
:0467BF0000000000D6
:0467C00000000000D5
:0467C10000000000D4
:0467C20000000000D3
:0467C30000000000D2
:0467C40000000000D1
:0467C50000000000D0
:0467C60000000000CF
:0467C70000000000CE
:0467C80000000000CD
:0467C90000000000CC
:0467CA0000000000CB
:0467CB0000000000CA
:0467CC0000000000C9
:0467CD0000000000C8
:0467CE0000000000C7
:0467CF0000000000C6
:0467D00000000000C5
:0467D10000000000C4
:0467D20000000000C3
:0467D30000000000C2
:0467D40000000000C1
:0467D50000000000C0
:0467D60000000000BF
:0467D70000000000BE
:0467D80000000000BD
:0467D90000000000BC
:0467DA0000000000BB
:0467DB0000000000BA
:0467DC0000000000B9
:0467DD0000000000B8
:0467DE0000000000B7
:0467DF0000000000B6
:0467E00000000000B5
:0467E10000000000B4
:0467E20000000000B3
:0467E30000000000B2
:0467E40000000000B1
:0467E50000000000B0
:0467E60000000000AF
:0467E70000000000AE
:0467E80000000000AD
:0467E90000000000AC
:0467EA0000000000AB
:0467EB0000000000AA
:0467EC0000000000A9
:0467ED0000000000A8
:0467EE0000000000A7
:0467EF0000000000A6
:0467F00000000000A5
:0467F10000000000A4
:0467F20000000000A3
:0467F30000000000A2
:0467F40000000000A1
:0467F50000000000A0
:0467F600000000009F
:0467F700000000009E
:0467F800000000009D
:0467F900000000009C
:0467FA00000000009B
:0467FB00000000009A
:0467FC000000000099
:0467FD000000000098
:0467FE000000000097
:0467FF000000000096
:046800000000000094
:046801000000000093
:046802000000000092
:046803000000000091
:046804000000000090
:04680500000000008F
:04680600000000008E
:04680700000000008D
:04680800000000008C
:04680900000000008B
:04680A00000000008A
:04680B000000000089
:04680C000000000088
:04680D000000000087
:04680E000000000086
:04680F000000000085
:046810000000000084
:046811000000000083
:046812000000000082
:046813000000000081
:046814000000000080
:04681500000000007F
:04681600000000007E
:04681700000000007D
:04681800000000007C
:04681900000000007B
:04681A00000000007A
:04681B000000000079
:04681C000000000078
:04681D000000000077
:04681E000000000076
:04681F000000000075
:046820000000000074
:046821000000000073
:046822000000000072
:046823000000000071
:046824000000000070
:04682500000000006F
:04682600000000006E
:04682700000000006D
:04682800000000006C
:04682900000000006B
:04682A00000000006A
:04682B000000000069
:04682C000000000068
:04682D000000000067
:04682E000000000066
:04682F000000000065
:046830000000000064
:046831000000000063
:046832000000000062
:046833000000000061
:046834000000000060
:04683500000000005F
:04683600000000005E
:04683700000000005D
:04683800000000005C
:04683900000000005B
:04683A00000000005A
:04683B000000000059
:04683C000000000058
:04683D000000000057
:04683E000000000056
:04683F000000000055
:046840000000000054
:046841000000000053
:046842000000000052
:046843000000000051
:046844000000000050
:04684500000000004F
:04684600000000004E
:04684700000000004D
:04684800000000004C
:04684900000000004B
:04684A00000000004A
:04684B000000000049
:04684C000000000048
:04684D000000000047
:04684E000000000046
:04684F000000000045
:046850000000000044
:046851000000000043
:046852000000000042
:046853000000000041
:046854000000000040
:04685500000000003F
:04685600000000003E
:04685700000000003D
:04685800000000003C
:04685900000000003B
:04685A00000000003A
:04685B000000000039
:04685C000000000038
:04685D000000000037
:04685E000000000036
:04685F000000000035
:046860000000000034
:046861000000000033
:046862000000000032
:046863000000000031
:046864000000000030
:04686500000000002F
:04686600000000002E
:04686700000000002D
:04686800000000002C
:04686900000000002B
:04686A00000000002A
:04686B000000000029
:04686C000000000028
:04686D000000000027
:04686E000000000026
:04686F000000000025
:046870000000000024
:046871000000000023
:046872000000000022
:046873000000000021
:046874000000000020
:04687500000000001F
:04687600000000001E
:04687700000000001D
:04687800000000001C
:04687900000000001B
:04687A00000000001A
:04687B000000000019
:04687C000000000018
:04687D000000000017
:04687E000000000016
:04687F000000000015
:046880000000000014
:046881000000000013
:046882000000000012
:046883000000000011
:046884000000000010
:04688500000000000F
:04688600000000000E
:04688700000000000D
:04688800000000000C
:04688900000000000B
:04688A00000000000A
:04688B000000000009
:04688C000000000008
:04688D000000000007
:04688E000000000006
:04688F000000000005
:046890000000000004
:046891000000000003
:046892000000000002
:046893000000000001
:046894000000000000
:0468950000000000FF
:0468960000000000FE
:0468970000000000FD
:0468980000000000FC
:0468990000000000FB
:04689A0000000000FA
:04689B0000000000F9
:04689C0000000000F8
:04689D0000000000F7
:04689E0000000000F6
:04689F0000000000F5
:0468A00000000000F4
:0468A10000000000F3
:0468A20000000000F2
:0468A30000000000F1
:0468A40000000000F0
:0468A50000000000EF
:0468A60000000000EE
:0468A70000000000ED
:0468A80000000000EC
:0468A90000000000EB
:0468AA0000000000EA
:0468AB0000000000E9
:0468AC0000000000E8
:0468AD0000000000E7
:0468AE0000000000E6
:0468AF0000000000E5
:0468B00000000000E4
:0468B10000000000E3
:0468B20000000000E2
:0468B30000000000E1
:0468B40000000000E0
:0468B50000000000DF
:0468B60000000000DE
:0468B70000000000DD
:0468B80000000000DC
:0468B90000000000DB
:0468BA0000000000DA
:0468BB0000000000D9
:0468BC0000000000D8
:0468BD0000000000D7
:0468BE0000000000D6
:0468BF0000000000D5
:0468C00000000000D4
:0468C10000000000D3
:0468C20000000000D2
:0468C30000000000D1
:0468C40000000000D0
:0468C50000000000CF
:0468C60000000000CE
:0468C70000000000CD
:0468C80000000000CC
:0468C90000000000CB
:0468CA0000000000CA
:0468CB0000000000C9
:0468CC0000000000C8
:0468CD0000000000C7
:0468CE0000000000C6
:0468CF0000000000C5
:0468D00000000000C4
:0468D10000000000C3
:0468D20000000000C2
:0468D30000000000C1
:0468D40000000000C0
:0468D50000000000BF
:0468D60000000000BE
:0468D70000000000BD
:0468D80000000000BC
:0468D90000000000BB
:0468DA0000000000BA
:0468DB0000000000B9
:0468DC0000000000B8
:0468DD0000000000B7
:0468DE0000000000B6
:0468DF0000000000B5
:0468E00000000000B4
:0468E10000000000B3
:0468E20000000000B2
:0468E30000000000B1
:0468E40000000000B0
:0468E50000000000AF
:0468E60000000000AE
:0468E70000000000AD
:0468E80000000000AC
:0468E90000000000AB
:0468EA0000000000AA
:0468EB0000000000A9
:0468EC0000000000A8
:0468ED0000000000A7
:0468EE0000000000A6
:0468EF0000000000A5
:0468F00000000000A4
:0468F10000000000A3
:0468F20000000000A2
:0468F30000000000A1
:0468F40000000000A0
:0468F500000000009F
:0468F600000000009E
:0468F700000000009D
:0468F800000000009C
:0468F900000000009B
:0468FA00000000009A
:0468FB000000000099
:0468FC000000000098
:0468FD000000000097
:0468FE000000000096
:0468FF000000000095
:046900000000000093
:046901000000000092
:046902000000000091
:046903000000000090
:04690400000000008F
:04690500000000008E
:04690600000000008D
:04690700000000008C
:04690800000000008B
:04690900000000008A
:04690A000000000089
:04690B000000000088
:04690C000000000087
:04690D000000000086
:04690E000000000085
:04690F000000000084
:046910000000000083
:046911000000000082
:046912000000000081
:046913000000000080
:04691400000000007F
:04691500000000007E
:04691600000000007D
:04691700000000007C
:04691800000000007B
:04691900000000007A
:04691A000000000079
:04691B000000000078
:04691C000000000077
:04691D000000000076
:04691E000000000075
:04691F000000000074
:046920000000000073
:046921000000000072
:046922000000000071
:046923000000000070
:04692400000000006F
:04692500000000006E
:04692600000000006D
:04692700000000006C
:04692800000000006B
:04692900000000006A
:04692A000000000069
:04692B000000000068
:04692C000000000067
:04692D000000000066
:04692E000000000065
:04692F000000000064
:046930000000000063
:046931000000000062
:046932000000000061
:046933000000000060
:04693400000000005F
:04693500000000005E
:04693600000000005D
:04693700000000005C
:04693800000000005B
:04693900000000005A
:04693A000000000059
:04693B000000000058
:04693C000000000057
:04693D000000000056
:04693E000000000055
:04693F000000000054
:046940000000000053
:046941000000000052
:046942000000000051
:046943000000000050
:04694400000000004F
:04694500000000004E
:04694600000000004D
:04694700000000004C
:04694800000000004B
:04694900000000004A
:04694A000000000049
:04694B000000000048
:04694C000000000047
:04694D000000000046
:04694E000000000045
:04694F000000000044
:046950000000000043
:046951000000000042
:046952000000000041
:046953000000000040
:04695400000000003F
:04695500000000003E
:04695600000000003D
:04695700000000003C
:04695800000000003B
:04695900000000003A
:04695A000000000039
:04695B000000000038
:04695C000000000037
:04695D000000000036
:04695E000000000035
:04695F000000000034
:046960000000000033
:046961000000000032
:046962000000000031
:046963000000000030
:04696400000000002F
:04696500000000002E
:04696600000000002D
:04696700000000002C
:04696800000000002B
:04696900000000002A
:04696A000000000029
:04696B000000000028
:04696C000000000027
:04696D000000000026
:04696E000000000025
:04696F000000000024
:046970000000000023
:046971000000000022
:046972000000000021
:046973000000000020
:04697400000000001F
:04697500000000001E
:04697600000000001D
:04697700000000001C
:04697800000000001B
:04697900000000001A
:04697A000000000019
:04697B000000000018
:04697C000000000017
:04697D000000000016
:04697E000000000015
:04697F000000000014
:046980000000000013
:046981000000000012
:046982000000000011
:046983000000000010
:04698400000000000F
:04698500000000000E
:04698600000000000D
:04698700000000000C
:04698800000000000B
:04698900000000000A
:04698A000000000009
:04698B000000000008
:04698C000000000007
:04698D000000000006
:04698E000000000005
:04698F000000000004
:046990000000000003
:046991000000000002
:046992000000000001
:046993000000000000
:0469940000000000FF
:0469950000000000FE
:0469960000000000FD
:0469970000000000FC
:0469980000000000FB
:0469990000000000FA
:04699A0000000000F9
:04699B0000000000F8
:04699C0000000000F7
:04699D0000000000F6
:04699E0000000000F5
:04699F0000000000F4
:0469A00000000000F3
:0469A10000000000F2
:0469A20000000000F1
:0469A30000000000F0
:0469A40000000000EF
:0469A50000000000EE
:0469A60000000000ED
:0469A70000000000EC
:0469A80000000000EB
:0469A90000000000EA
:0469AA0000000000E9
:0469AB0000000000E8
:0469AC0000000000E7
:0469AD0000000000E6
:0469AE0000000000E5
:0469AF0000000000E4
:0469B00000000000E3
:0469B10000000000E2
:0469B20000000000E1
:0469B30000000000E0
:0469B40000000000DF
:0469B50000000000DE
:0469B60000000000DD
:0469B70000000000DC
:0469B80000000000DB
:0469B90000000000DA
:0469BA0000000000D9
:0469BB0000000000D8
:0469BC0000000000D7
:0469BD0000000000D6
:0469BE0000000000D5
:0469BF0000000000D4
:0469C00000000000D3
:0469C10000000000D2
:0469C20000000000D1
:0469C30000000000D0
:0469C40000000000CF
:0469C50000000000CE
:0469C60000000000CD
:0469C70000000000CC
:0469C80000000000CB
:0469C90000000000CA
:0469CA0000000000C9
:0469CB0000000000C8
:0469CC0000000000C7
:0469CD0000000000C6
:0469CE0000000000C5
:0469CF0000000000C4
:0469D00000000000C3
:0469D10000000000C2
:0469D20000000000C1
:0469D30000000000C0
:0469D40000000000BF
:0469D50000000000BE
:0469D60000000000BD
:0469D70000000000BC
:0469D80000000000BB
:0469D90000000000BA
:0469DA0000000000B9
:0469DB0000000000B8
:0469DC0000000000B7
:0469DD0000000000B6
:0469DE0000000000B5
:0469DF0000000000B4
:0469E00000000000B3
:0469E10000000000B2
:0469E20000000000B1
:0469E30000000000B0
:0469E40000000000AF
:0469E50000000000AE
:0469E60000000000AD
:0469E70000000000AC
:0469E80000000000AB
:0469E90000000000AA
:0469EA0000000000A9
:0469EB0000000000A8
:0469EC0000000000A7
:0469ED0000000000A6
:0469EE0000000000A5
:0469EF0000000000A4
:0469F00000000000A3
:0469F10000000000A2
:0469F20000000000A1
:0469F30000000000A0
:0469F400000000009F
:0469F500000000009E
:0469F600000000009D
:0469F700000000009C
:0469F800000000009B
:0469F900000000009A
:0469FA000000000099
:0469FB000000000098
:0469FC000000000097
:0469FD000000000096
:0469FE000000000095
:0469FF000000000094
:046A00000000000092
:046A01000000000091
:046A02000000000090
:046A0300000000008F
:046A0400000000008E
:046A0500000000008D
:046A0600000000008C
:046A0700000000008B
:046A0800000000008A
:046A09000000000089
:046A0A000000000088
:046A0B000000000087
:046A0C000000000086
:046A0D000000000085
:046A0E000000000084
:046A0F000000000083
:046A10000000000082
:046A11000000000081
:046A12000000000080
:046A1300000000007F
:046A1400000000007E
:046A1500000000007D
:046A1600000000007C
:046A1700000000007B
:046A1800000000007A
:046A19000000000079
:046A1A000000000078
:046A1B000000000077
:046A1C000000000076
:046A1D000000000075
:046A1E000000000074
:046A1F000000000073
:046A20000000000072
:046A21000000000071
:046A22000000000070
:046A2300000000006F
:046A2400000000006E
:046A2500000000006D
:046A2600000000006C
:046A2700000000006B
:046A2800000000006A
:046A29000000000069
:046A2A000000000068
:046A2B000000000067
:046A2C000000000066
:046A2D000000000065
:046A2E000000000064
:046A2F000000000063
:046A30000000000062
:046A31000000000061
:046A32000000000060
:046A3300000000005F
:046A3400000000005E
:046A3500000000005D
:046A3600000000005C
:046A3700000000005B
:046A3800000000005A
:046A39000000000059
:046A3A000000000058
:046A3B000000000057
:046A3C000000000056
:046A3D000000000055
:046A3E000000000054
:046A3F000000000053
:046A40000000000052
:046A41000000000051
:046A42000000000050
:046A4300000000004F
:046A4400000000004E
:046A4500000000004D
:046A4600000000004C
:046A4700000000004B
:046A4800000000004A
:046A49000000000049
:046A4A000000000048
:046A4B000000000047
:046A4C000000000046
:046A4D000000000045
:046A4E000000000044
:046A4F000000000043
:046A50000000000042
:046A51000000000041
:046A52000000000040
:046A5300000000003F
:046A5400000000003E
:046A5500000000003D
:046A5600000000003C
:046A5700000000003B
:046A5800000000003A
:046A59000000000039
:046A5A000000000038
:046A5B000000000037
:046A5C000000000036
:046A5D000000000035
:046A5E000000000034
:046A5F000000000033
:046A60000000000032
:046A61000000000031
:046A62000000000030
:046A6300000000002F
:046A6400000000002E
:046A6500000000002D
:046A6600000000002C
:046A6700000000002B
:046A6800000000002A
:046A69000000000029
:046A6A000000000028
:046A6B000000000027
:046A6C000000000026
:046A6D000000000025
:046A6E000000000024
:046A6F000000000023
:046A70000000000022
:046A71000000000021
:046A72000000000020
:046A7300000000001F
:046A7400000000001E
:046A7500000000001D
:046A7600000000001C
:046A7700000000001B
:046A7800000000001A
:046A79000000000019
:046A7A000000000018
:046A7B000000000017
:046A7C000000000016
:046A7D000000000015
:046A7E000000000014
:046A7F000000000013
:046A80000000000012
:046A81000000000011
:046A82000000000010
:046A8300000000000F
:046A8400000000000E
:046A8500000000000D
:046A8600000000000C
:046A8700000000000B
:046A8800000000000A
:046A89000000000009
:046A8A000000000008
:046A8B000000000007
:046A8C000000000006
:046A8D000000000005
:046A8E000000000004
:046A8F000000000003
:046A90000000000002
:046A91000000000001
:046A92000000000000
:046A930000000000FF
:046A940000000000FE
:046A950000000000FD
:046A960000000000FC
:046A970000000000FB
:046A980000000000FA
:046A990000000000F9
:046A9A0000000000F8
:046A9B0000000000F7
:046A9C0000000000F6
:046A9D0000000000F5
:046A9E0000000000F4
:046A9F0000000000F3
:046AA00000000000F2
:046AA10000000000F1
:046AA20000000000F0
:046AA30000000000EF
:046AA40000000000EE
:046AA50000000000ED
:046AA60000000000EC
:046AA70000000000EB
:046AA80000000000EA
:046AA90000000000E9
:046AAA0000000000E8
:046AAB0000000000E7
:046AAC0000000000E6
:046AAD0000000000E5
:046AAE0000000000E4
:046AAF0000000000E3
:046AB00000000000E2
:046AB10000000000E1
:046AB20000000000E0
:046AB30000000000DF
:046AB40000000000DE
:046AB50000000000DD
:046AB60000000000DC
:046AB70000000000DB
:046AB80000000000DA
:046AB90000000000D9
:046ABA0000000000D8
:046ABB0000000000D7
:046ABC0000000000D6
:046ABD0000000000D5
:046ABE0000000000D4
:046ABF0000000000D3
:046AC00000000000D2
:046AC10000000000D1
:046AC20000000000D0
:046AC30000000000CF
:046AC40000000000CE
:046AC50000000000CD
:046AC60000000000CC
:046AC70000000000CB
:046AC80000000000CA
:046AC90000000000C9
:046ACA0000000000C8
:046ACB0000000000C7
:046ACC0000000000C6
:046ACD0000000000C5
:046ACE0000000000C4
:046ACF0000000000C3
:046AD00000000000C2
:046AD10000000000C1
:046AD20000000000C0
:046AD30000000000BF
:046AD40000000000BE
:046AD50000000000BD
:046AD60000000000BC
:046AD70000000000BB
:046AD80000000000BA
:046AD90000000000B9
:046ADA0000000000B8
:046ADB0000000000B7
:046ADC0000000000B6
:046ADD0000000000B5
:046ADE0000000000B4
:046ADF0000000000B3
:046AE00000000000B2
:046AE10000000000B1
:046AE20000000000B0
:046AE30000000000AF
:046AE40000000000AE
:046AE50000000000AD
:046AE60000000000AC
:046AE70000000000AB
:046AE80000000000AA
:046AE90000000000A9
:046AEA0000000000A8
:046AEB0000000000A7
:046AEC0000000000A6
:046AED0000000000A5
:046AEE0000000000A4
:046AEF0000000000A3
:046AF00000000000A2
:046AF10000000000A1
:046AF20000000000A0
:046AF300000000009F
:046AF400000000009E
:046AF500000000009D
:046AF600000000009C
:046AF700000000009B
:046AF800000000009A
:046AF9000000000099
:046AFA000000000098
:046AFB000000000097
:046AFC000000000096
:046AFD000000000095
:046AFE000000000094
:046AFF000000000093
:046B00000000000091
:046B01000000000090
:046B0200000000008F
:046B0300000000008E
:046B0400000000008D
:046B0500000000008C
:046B0600000000008B
:046B0700000000008A
:046B08000000000089
:046B09000000000088
:046B0A000000000087
:046B0B000000000086
:046B0C000000000085
:046B0D000000000084
:046B0E000000000083
:046B0F000000000082
:046B10000000000081
:046B11000000000080
:046B1200000000007F
:046B1300000000007E
:046B1400000000007D
:046B1500000000007C
:046B1600000000007B
:046B1700000000007A
:046B18000000000079
:046B19000000000078
:046B1A000000000077
:046B1B000000000076
:046B1C000000000075
:046B1D000000000074
:046B1E000000000073
:046B1F000000000072
:046B20000000000071
:046B21000000000070
:046B2200000000006F
:046B2300000000006E
:046B2400000000006D
:046B2500000000006C
:046B2600000000006B
:046B2700000000006A
:046B28000000000069
:046B29000000000068
:046B2A000000000067
:046B2B000000000066
:046B2C000000000065
:046B2D000000000064
:046B2E000000000063
:046B2F000000000062
:046B30000000000061
:046B31000000000060
:046B3200000000005F
:046B3300000000005E
:046B3400000000005D
:046B3500000000005C
:046B3600000000005B
:046B3700000000005A
:046B38000000000059
:046B39000000000058
:046B3A000000000057
:046B3B000000000056
:046B3C000000000055
:046B3D000000000054
:046B3E000000000053
:046B3F000000000052
:046B40000000000051
:046B41000000000050
:046B4200000000004F
:046B4300000000004E
:046B4400000000004D
:046B4500000000004C
:046B4600000000004B
:046B4700000000004A
:046B48000000000049
:046B49000000000048
:046B4A000000000047
:046B4B000000000046
:046B4C000000000045
:046B4D000000000044
:046B4E000000000043
:046B4F000000000042
:046B50000000000041
:046B51000000000040
:046B5200000000003F
:046B5300000000003E
:046B5400000000003D
:046B5500000000003C
:046B5600000000003B
:046B5700000000003A
:046B58000000000039
:046B59000000000038
:046B5A000000000037
:046B5B000000000036
:046B5C000000000035
:046B5D000000000034
:046B5E000000000033
:046B5F000000000032
:046B60000000000031
:046B61000000000030
:046B6200000000002F
:046B6300000000002E
:046B6400000000002D
:046B6500000000002C
:046B6600000000002B
:046B6700000000002A
:046B68000000000029
:046B69000000000028
:046B6A000000000027
:046B6B000000000026
:046B6C000000000025
:046B6D000000000024
:046B6E000000000023
:046B6F000000000022
:046B70000000000021
:046B71000000000020
:046B7200000000001F
:046B7300000000001E
:046B7400000000001D
:046B7500000000001C
:046B7600000000001B
:046B7700000000001A
:046B78000000000019
:046B79000000000018
:046B7A000000000017
:046B7B000000000016
:046B7C000000000015
:046B7D000000000014
:046B7E000000000013
:046B7F000000000012
:046B80000000000011
:046B81000000000010
:046B8200000000000F
:046B8300000000000E
:046B8400000000000D
:046B8500000000000C
:046B8600000000000B
:046B8700000000000A
:046B88000000000009
:046B89000000000008
:046B8A000000000007
:046B8B000000000006
:046B8C000000000005
:046B8D000000000004
:046B8E000000000003
:046B8F000000000002
:046B90000000000001
:046B91000000000000
:046B920000000000FF
:046B930000000000FE
:046B940000000000FD
:046B950000000000FC
:046B960000000000FB
:046B970000000000FA
:046B980000000000F9
:046B990000000000F8
:046B9A0000000000F7
:046B9B0000000000F6
:046B9C0000000000F5
:046B9D0000000000F4
:046B9E0000000000F3
:046B9F0000000000F2
:046BA00000000000F1
:046BA10000000000F0
:046BA20000000000EF
:046BA30000000000EE
:046BA40000000000ED
:046BA50000000000EC
:046BA60000000000EB
:046BA70000000000EA
:046BA80000000000E9
:046BA90000000000E8
:046BAA0000000000E7
:046BAB0000000000E6
:046BAC0000000000E5
:046BAD0000000000E4
:046BAE0000000000E3
:046BAF0000000000E2
:046BB00000000000E1
:046BB10000000000E0
:046BB20000000000DF
:046BB30000000000DE
:046BB40000000000DD
:046BB50000000000DC
:046BB60000000000DB
:046BB70000000000DA
:046BB80000000000D9
:046BB90000000000D8
:046BBA0000000000D7
:046BBB0000000000D6
:046BBC0000000000D5
:046BBD0000000000D4
:046BBE0000000000D3
:046BBF0000000000D2
:046BC00000000000D1
:046BC10000000000D0
:046BC20000000000CF
:046BC30000000000CE
:046BC40000000000CD
:046BC50000000000CC
:046BC60000000000CB
:046BC70000000000CA
:046BC80000000000C9
:046BC90000000000C8
:046BCA0000000000C7
:046BCB0000000000C6
:046BCC0000000000C5
:046BCD0000000000C4
:046BCE0000000000C3
:046BCF0000000000C2
:046BD00000000000C1
:046BD10000000000C0
:046BD20000000000BF
:046BD30000000000BE
:046BD40000000000BD
:046BD50000000000BC
:046BD60000000000BB
:046BD70000000000BA
:046BD80000000000B9
:046BD90000000000B8
:046BDA0000000000B7
:046BDB0000000000B6
:046BDC0000000000B5
:046BDD0000000000B4
:046BDE0000000000B3
:046BDF0000000000B2
:046BE00000000000B1
:046BE10000000000B0
:046BE20000000000AF
:046BE30000000000AE
:046BE40000000000AD
:046BE50000000000AC
:046BE60000000000AB
:046BE70000000000AA
:046BE80000000000A9
:046BE90000000000A8
:046BEA0000000000A7
:046BEB0000000000A6
:046BEC0000000000A5
:046BED0000000000A4
:046BEE0000000000A3
:046BEF0000000000A2
:046BF00000000000A1
:046BF10000000000A0
:046BF200000000009F
:046BF300000000009E
:046BF400000000009D
:046BF500000000009C
:046BF600000000009B
:046BF700000000009A
:046BF8000000000099
:046BF9000000000098
:046BFA000000000097
:046BFB000000000096
:046BFC000000000095
:046BFD000000000094
:046BFE000000000093
:046BFF000000000092
:046C00000000000090
:046C0100000000008F
:046C0200000000008E
:046C0300000000008D
:046C0400000000008C
:046C0500000000008B
:046C0600000000008A
:046C07000000000089
:046C08000000000088
:046C09000000000087
:046C0A000000000086
:046C0B000000000085
:046C0C000000000084
:046C0D000000000083
:046C0E000000000082
:046C0F000000000081
:046C10000000000080
:046C1100000000007F
:046C1200000000007E
:046C1300000000007D
:046C1400000000007C
:046C1500000000007B
:046C1600000000007A
:046C17000000000079
:046C18000000000078
:046C19000000000077
:046C1A000000000076
:046C1B000000000075
:046C1C000000000074
:046C1D000000000073
:046C1E000000000072
:046C1F000000000071
:046C20000000000070
:046C2100000000006F
:046C2200000000006E
:046C2300000000006D
:046C2400000000006C
:046C2500000000006B
:046C2600000000006A
:046C27000000000069
:046C28000000000068
:046C29000000000067
:046C2A000000000066
:046C2B000000000065
:046C2C000000000064
:046C2D000000000063
:046C2E000000000062
:046C2F000000000061
:046C30000000000060
:046C3100000000005F
:046C3200000000005E
:046C3300000000005D
:046C3400000000005C
:046C3500000000005B
:046C3600000000005A
:046C37000000000059
:046C38000000000058
:046C39000000000057
:046C3A000000000056
:046C3B000000000055
:046C3C000000000054
:046C3D000000000053
:046C3E000000000052
:046C3F000000000051
:046C40000000000050
:046C4100000000004F
:046C4200000000004E
:046C4300000000004D
:046C4400000000004C
:046C4500000000004B
:046C4600000000004A
:046C47000000000049
:046C48000000000048
:046C49000000000047
:046C4A000000000046
:046C4B000000000045
:046C4C000000000044
:046C4D000000000043
:046C4E000000000042
:046C4F000000000041
:046C50000000000040
:046C5100000000003F
:046C5200000000003E
:046C5300000000003D
:046C5400000000003C
:046C5500000000003B
:046C5600000000003A
:046C57000000000039
:046C58000000000038
:046C59000000000037
:046C5A000000000036
:046C5B000000000035
:046C5C000000000034
:046C5D000000000033
:046C5E000000000032
:046C5F000000000031
:046C60000000000030
:046C6100000000002F
:046C6200000000002E
:046C6300000000002D
:046C6400000000002C
:046C6500000000002B
:046C6600000000002A
:046C67000000000029
:046C68000000000028
:046C69000000000027
:046C6A000000000026
:046C6B000000000025
:046C6C000000000024
:046C6D000000000023
:046C6E000000000022
:046C6F000000000021
:046C70000000000020
:046C7100000000001F
:046C7200000000001E
:046C7300000000001D
:046C7400000000001C
:046C7500000000001B
:046C7600000000001A
:046C77000000000019
:046C78000000000018
:046C79000000000017
:046C7A000000000016
:046C7B000000000015
:046C7C000000000014
:046C7D000000000013
:046C7E000000000012
:046C7F000000000011
:046C80000000000010
:046C8100000000000F
:046C8200000000000E
:046C8300000000000D
:046C8400000000000C
:046C8500000000000B
:046C8600000000000A
:046C87000000000009
:046C88000000000008
:046C89000000000007
:046C8A000000000006
:046C8B000000000005
:046C8C000000000004
:046C8D000000000003
:046C8E000000000002
:046C8F000000000001
:046C90000000000000
:046C910000000000FF
:046C920000000000FE
:046C930000000000FD
:046C940000000000FC
:046C950000000000FB
:046C960000000000FA
:046C970000000000F9
:046C980000000000F8
:046C990000000000F7
:046C9A0000000000F6
:046C9B0000000000F5
:046C9C0000000000F4
:046C9D0000000000F3
:046C9E0000000000F2
:046C9F0000000000F1
:046CA00000000000F0
:046CA10000000000EF
:046CA20000000000EE
:046CA30000000000ED
:046CA40000000000EC
:046CA50000000000EB
:046CA60000000000EA
:046CA70000000000E9
:046CA80000000000E8
:046CA90000000000E7
:046CAA0000000000E6
:046CAB0000000000E5
:046CAC0000000000E4
:046CAD0000000000E3
:046CAE0000000000E2
:046CAF0000000000E1
:046CB00000000000E0
:046CB10000000000DF
:046CB20000000000DE
:046CB30000000000DD
:046CB40000000000DC
:046CB50000000000DB
:046CB60000000000DA
:046CB70000000000D9
:046CB80000000000D8
:046CB90000000000D7
:046CBA0000000000D6
:046CBB0000000000D5
:046CBC0000000000D4
:046CBD0000000000D3
:046CBE0000000000D2
:046CBF0000000000D1
:046CC00000000000D0
:046CC10000000000CF
:046CC20000000000CE
:046CC30000000000CD
:046CC40000000000CC
:046CC50000000000CB
:046CC60000000000CA
:046CC70000000000C9
:046CC80000000000C8
:046CC90000000000C7
:046CCA0000000000C6
:046CCB0000000000C5
:046CCC0000000000C4
:046CCD0000000000C3
:046CCE0000000000C2
:046CCF0000000000C1
:046CD00000000000C0
:046CD10000000000BF
:046CD20000000000BE
:046CD30000000000BD
:046CD40000000000BC
:046CD50000000000BB
:046CD60000000000BA
:046CD70000000000B9
:046CD80000000000B8
:046CD90000000000B7
:046CDA0000000000B6
:046CDB0000000000B5
:046CDC0000000000B4
:046CDD0000000000B3
:046CDE0000000000B2
:046CDF0000000000B1
:046CE00000000000B0
:046CE10000000000AF
:046CE20000000000AE
:046CE30000000000AD
:046CE40000000000AC
:046CE50000000000AB
:046CE60000000000AA
:046CE70000000000A9
:046CE80000000000A8
:046CE90000000000A7
:046CEA0000000000A6
:046CEB0000000000A5
:046CEC0000000000A4
:046CED0000000000A3
:046CEE0000000000A2
:046CEF0000000000A1
:046CF00000000000A0
:046CF100000000009F
:046CF200000000009E
:046CF300000000009D
:046CF400000000009C
:046CF500000000009B
:046CF600000000009A
:046CF7000000000099
:046CF8000000000098
:046CF9000000000097
:046CFA000000000096
:046CFB000000000095
:046CFC000000000094
:046CFD000000000093
:046CFE000000000092
:046CFF000000000091
:046D0000000000008F
:046D0100000000008E
:046D0200000000008D
:046D0300000000008C
:046D0400000000008B
:046D0500000000008A
:046D06000000000089
:046D07000000000088
:046D08000000000087
:046D09000000000086
:046D0A000000000085
:046D0B000000000084
:046D0C000000000083
:046D0D000000000082
:046D0E000000000081
:046D0F000000000080
:046D1000000000007F
:046D1100000000007E
:046D1200000000007D
:046D1300000000007C
:046D1400000000007B
:046D1500000000007A
:046D16000000000079
:046D17000000000078
:046D18000000000077
:046D19000000000076
:046D1A000000000075
:046D1B000000000074
:046D1C000000000073
:046D1D000000000072
:046D1E000000000071
:046D1F000000000070
:046D2000000000006F
:046D2100000000006E
:046D2200000000006D
:046D2300000000006C
:046D2400000000006B
:046D2500000000006A
:046D26000000000069
:046D27000000000068
:046D28000000000067
:046D29000000000066
:046D2A000000000065
:046D2B000000000064
:046D2C000000000063
:046D2D000000000062
:046D2E000000000061
:046D2F000000000060
:046D3000000000005F
:046D3100000000005E
:046D3200000000005D
:046D3300000000005C
:046D3400000000005B
:046D3500000000005A
:046D36000000000059
:046D37000000000058
:046D38000000000057
:046D39000000000056
:046D3A000000000055
:046D3B000000000054
:046D3C000000000053
:046D3D000000000052
:046D3E000000000051
:046D3F000000000050
:046D4000000000004F
:046D4100000000004E
:046D4200000000004D
:046D4300000000004C
:046D4400000000004B
:046D4500000000004A
:046D46000000000049
:046D47000000000048
:046D48000000000047
:046D49000000000046
:046D4A000000000045
:046D4B000000000044
:046D4C000000000043
:046D4D000000000042
:046D4E000000000041
:046D4F000000000040
:046D5000000000003F
:046D5100000000003E
:046D5200000000003D
:046D5300000000003C
:046D5400000000003B
:046D5500000000003A
:046D56000000000039
:046D57000000000038
:046D58000000000037
:046D59000000000036
:046D5A000000000035
:046D5B000000000034
:046D5C000000000033
:046D5D000000000032
:046D5E000000000031
:046D5F000000000030
:046D6000000000002F
:046D6100000000002E
:046D6200000000002D
:046D6300000000002C
:046D6400000000002B
:046D6500000000002A
:046D66000000000029
:046D67000000000028
:046D68000000000027
:046D69000000000026
:046D6A000000000025
:046D6B000000000024
:046D6C000000000023
:046D6D000000000022
:046D6E000000000021
:046D6F000000000020
:046D7000000000001F
:046D7100000000001E
:046D7200000000001D
:046D7300000000001C
:046D7400000000001B
:046D7500000000001A
:046D76000000000019
:046D77000000000018
:046D78000000000017
:046D79000000000016
:046D7A000000000015
:046D7B000000000014
:046D7C000000000013
:046D7D000000000012
:046D7E000000000011
:046D7F000000000010
:046D8000000000000F
:046D8100000000000E
:046D8200000000000D
:046D8300000000000C
:046D8400000000000B
:046D8500000000000A
:046D86000000000009
:046D87000000000008
:046D88000000000007
:046D89000000000006
:046D8A000000000005
:046D8B000000000004
:046D8C000000000003
:046D8D000000000002
:046D8E000000000001
:046D8F000000000000
:046D900000000000FF
:046D910000000000FE
:046D920000000000FD
:046D930000000000FC
:046D940000000000FB
:046D950000000000FA
:046D960000000000F9
:046D970000000000F8
:046D980000000000F7
:046D990000000000F6
:046D9A0000000000F5
:046D9B0000000000F4
:046D9C0000000000F3
:046D9D0000000000F2
:046D9E0000000000F1
:046D9F0000000000F0
:046DA00000000000EF
:046DA10000000000EE
:046DA20000000000ED
:046DA30000000000EC
:046DA40000000000EB
:046DA50000000000EA
:046DA60000000000E9
:046DA70000000000E8
:046DA80000000000E7
:046DA90000000000E6
:046DAA0000000000E5
:046DAB0000000000E4
:046DAC0000000000E3
:046DAD0000000000E2
:046DAE0000000000E1
:046DAF0000000000E0
:046DB00000000000DF
:046DB10000000000DE
:046DB20000000000DD
:046DB30000000000DC
:046DB40000000000DB
:046DB50000000000DA
:046DB60000000000D9
:046DB70000000000D8
:046DB80000000000D7
:046DB90000000000D6
:046DBA0000000000D5
:046DBB0000000000D4
:046DBC0000000000D3
:046DBD0000000000D2
:046DBE0000000000D1
:046DBF0000000000D0
:046DC00000000000CF
:046DC10000000000CE
:046DC20000000000CD
:046DC30000000000CC
:046DC40000000000CB
:046DC50000000000CA
:046DC60000000000C9
:046DC70000000000C8
:046DC80000000000C7
:046DC90000000000C6
:046DCA0000000000C5
:046DCB0000000000C4
:046DCC0000000000C3
:046DCD0000000000C2
:046DCE0000000000C1
:046DCF0000000000C0
:046DD00000000000BF
:046DD10000000000BE
:046DD20000000000BD
:046DD30000000000BC
:046DD40000000000BB
:046DD50000000000BA
:046DD60000000000B9
:046DD70000000000B8
:046DD80000000000B7
:046DD90000000000B6
:046DDA0000000000B5
:046DDB0000000000B4
:046DDC0000000000B3
:046DDD0000000000B2
:046DDE0000000000B1
:046DDF0000000000B0
:046DE00000000000AF
:046DE10000000000AE
:046DE20000000000AD
:046DE30000000000AC
:046DE40000000000AB
:046DE50000000000AA
:046DE60000000000A9
:046DE70000000000A8
:046DE80000000000A7
:046DE90000000000A6
:046DEA0000000000A5
:046DEB0000000000A4
:046DEC0000000000A3
:046DED0000000000A2
:046DEE0000000000A1
:046DEF0000000000A0
:046DF000000000009F
:046DF100000000009E
:046DF200000000009D
:046DF300000000009C
:046DF400000000009B
:046DF500000000009A
:046DF6000000000099
:046DF7000000000098
:046DF8000000000097
:046DF9000000000096
:046DFA000000000095
:046DFB000000000094
:046DFC000000000093
:046DFD000000000092
:046DFE000000000091
:046DFF000000000090
:046E0000000000008E
:046E0100000000008D
:046E0200000000008C
:046E0300000000008B
:046E0400000000008A
:046E05000000000089
:046E06000000000088
:046E07000000000087
:046E08000000000086
:046E09000000000085
:046E0A000000000084
:046E0B000000000083
:046E0C000000000082
:046E0D000000000081
:046E0E000000000080
:046E0F00000000007F
:046E1000000000007E
:046E1100000000007D
:046E1200000000007C
:046E1300000000007B
:046E1400000000007A
:046E15000000000079
:046E16000000000078
:046E17000000000077
:046E18000000000076
:046E19000000000075
:046E1A000000000074
:046E1B000000000073
:046E1C000000000072
:046E1D000000000071
:046E1E000000000070
:046E1F00000000006F
:046E2000000000006E
:046E2100000000006D
:046E2200000000006C
:046E2300000000006B
:046E2400000000006A
:046E25000000000069
:046E26000000000068
:046E27000000000067
:046E28000000000066
:046E29000000000065
:046E2A000000000064
:046E2B000000000063
:046E2C000000000062
:046E2D000000000061
:046E2E000000000060
:046E2F00000000005F
:046E3000000000005E
:046E3100000000005D
:046E3200000000005C
:046E3300000000005B
:046E3400000000005A
:046E35000000000059
:046E36000000000058
:046E37000000000057
:046E38000000000056
:046E39000000000055
:046E3A000000000054
:046E3B000000000053
:046E3C000000000052
:046E3D000000000051
:046E3E000000000050
:046E3F00000000004F
:046E4000000000004E
:046E4100000000004D
:046E4200000000004C
:046E4300000000004B
:046E4400000000004A
:046E45000000000049
:046E46000000000048
:046E47000000000047
:046E48000000000046
:046E49000000000045
:046E4A000000000044
:046E4B000000000043
:046E4C000000000042
:046E4D000000000041
:046E4E000000000040
:046E4F00000000003F
:046E5000000000003E
:046E5100000000003D
:046E5200000000003C
:046E5300000000003B
:046E5400000000003A
:046E55000000000039
:046E56000000000038
:046E57000000000037
:046E58000000000036
:046E59000000000035
:046E5A000000000034
:046E5B000000000033
:046E5C000000000032
:046E5D000000000031
:046E5E000000000030
:046E5F00000000002F
:046E6000000000002E
:046E6100000000002D
:046E6200000000002C
:046E6300000000002B
:046E6400000000002A
:046E65000000000029
:046E66000000000028
:046E67000000000027
:046E68000000000026
:046E69000000000025
:046E6A000000000024
:046E6B000000000023
:046E6C000000000022
:046E6D000000000021
:046E6E000000000020
:046E6F00000000001F
:046E7000000000001E
:046E7100000000001D
:046E7200000000001C
:046E7300000000001B
:046E7400000000001A
:046E75000000000019
:046E76000000000018
:046E77000000000017
:046E78000000000016
:046E79000000000015
:046E7A000000000014
:046E7B000000000013
:046E7C000000000012
:046E7D000000000011
:046E7E000000000010
:046E7F00000000000F
:046E8000000000000E
:046E8100000000000D
:046E8200000000000C
:046E8300000000000B
:046E8400000000000A
:046E85000000000009
:046E86000000000008
:046E87000000000007
:046E88000000000006
:046E89000000000005
:046E8A000000000004
:046E8B000000000003
:046E8C000000000002
:046E8D000000000001
:046E8E000000000000
:046E8F0000000000FF
:046E900000000000FE
:046E910000000000FD
:046E920000000000FC
:046E930000000000FB
:046E940000000000FA
:046E950000000000F9
:046E960000000000F8
:046E970000000000F7
:046E980000000000F6
:046E990000000000F5
:046E9A0000000000F4
:046E9B0000000000F3
:046E9C0000000000F2
:046E9D0000000000F1
:046E9E0000000000F0
:046E9F0000000000EF
:046EA00000000000EE
:046EA10000000000ED
:046EA20000000000EC
:046EA30000000000EB
:046EA40000000000EA
:046EA50000000000E9
:046EA60000000000E8
:046EA70000000000E7
:046EA80000000000E6
:046EA90000000000E5
:046EAA0000000000E4
:046EAB0000000000E3
:046EAC0000000000E2
:046EAD0000000000E1
:046EAE0000000000E0
:046EAF0000000000DF
:046EB00000000000DE
:046EB10000000000DD
:046EB20000000000DC
:046EB30000000000DB
:046EB40000000000DA
:046EB50000000000D9
:046EB60000000000D8
:046EB70000000000D7
:046EB80000000000D6
:046EB90000000000D5
:046EBA0000000000D4
:046EBB0000000000D3
:046EBC0000000000D2
:046EBD0000000000D1
:046EBE0000000000D0
:046EBF0000000000CF
:046EC00000000000CE
:046EC10000000000CD
:046EC20000000000CC
:046EC30000000000CB
:046EC40000000000CA
:046EC50000000000C9
:046EC60000000000C8
:046EC70000000000C7
:046EC80000000000C6
:046EC90000000000C5
:046ECA0000000000C4
:046ECB0000000000C3
:046ECC0000000000C2
:046ECD0000000000C1
:046ECE0000000000C0
:046ECF0000000000BF
:046ED00000000000BE
:046ED10000000000BD
:046ED20000000000BC
:046ED30000000000BB
:046ED40000000000BA
:046ED50000000000B9
:046ED60000000000B8
:046ED70000000000B7
:046ED80000000000B6
:046ED90000000000B5
:046EDA0000000000B4
:046EDB0000000000B3
:046EDC0000000000B2
:046EDD0000000000B1
:046EDE0000000000B0
:046EDF0000000000AF
:046EE00000000000AE
:046EE10000000000AD
:046EE20000000000AC
:046EE30000000000AB
:046EE40000000000AA
:046EE50000000000A9
:046EE60000000000A8
:046EE70000000000A7
:046EE80000000000A6
:046EE90000000000A5
:046EEA0000000000A4
:046EEB0000000000A3
:046EEC0000000000A2
:046EED0000000000A1
:046EEE0000000000A0
:046EEF00000000009F
:046EF000000000009E
:046EF100000000009D
:046EF200000000009C
:046EF300000000009B
:046EF400000000009A
:046EF5000000000099
:046EF6000000000098
:046EF7000000000097
:046EF8000000000096
:046EF9000000000095
:046EFA000000000094
:046EFB000000000093
:046EFC000000000092
:046EFD000000000091
:046EFE000000000090
:046EFF00000000008F
:046F0000000000008D
:046F0100000000008C
:046F0200000000008B
:046F0300000000008A
:046F04000000000089
:046F05000000000088
:046F06000000000087
:046F07000000000086
:046F08000000000085
:046F09000000000084
:046F0A000000000083
:046F0B000000000082
:046F0C000000000081
:046F0D000000000080
:046F0E00000000007F
:046F0F00000000007E
:046F1000000000007D
:046F1100000000007C
:046F1200000000007B
:046F1300000000007A
:046F14000000000079
:046F15000000000078
:046F16000000000077
:046F17000000000076
:046F18000000000075
:046F19000000000074
:046F1A000000000073
:046F1B000000000072
:046F1C000000000071
:046F1D000000000070
:046F1E00000000006F
:046F1F00000000006E
:046F2000000000006D
:046F2100000000006C
:046F2200000000006B
:046F2300000000006A
:046F24000000000069
:046F25000000000068
:046F26000000000067
:046F27000000000066
:046F28000000000065
:046F29000000000064
:046F2A000000000063
:046F2B000000000062
:046F2C000000000061
:046F2D000000000060
:046F2E00000000005F
:046F2F00000000005E
:046F3000000000005D
:046F3100000000005C
:046F3200000000005B
:046F3300000000005A
:046F34000000000059
:046F35000000000058
:046F36000000000057
:046F37000000000056
:046F38000000000055
:046F39000000000054
:046F3A000000000053
:046F3B000000000052
:046F3C000000000051
:046F3D000000000050
:046F3E00000000004F
:046F3F00000000004E
:046F4000000000004D
:046F4100000000004C
:046F4200000000004B
:046F4300000000004A
:046F44000000000049
:046F45000000000048
:046F46000000000047
:046F47000000000046
:046F48000000000045
:046F49000000000044
:046F4A000000000043
:046F4B000000000042
:046F4C000000000041
:046F4D000000000040
:046F4E00000000003F
:046F4F00000000003E
:046F5000000000003D
:046F5100000000003C
:046F5200000000003B
:046F5300000000003A
:046F54000000000039
:046F55000000000038
:046F56000000000037
:046F57000000000036
:046F58000000000035
:046F59000000000034
:046F5A000000000033
:046F5B000000000032
:046F5C000000000031
:046F5D000000000030
:046F5E00000000002F
:046F5F00000000002E
:046F6000000000002D
:046F6100000000002C
:046F6200000000002B
:046F6300000000002A
:046F64000000000029
:046F65000000000028
:046F66000000000027
:046F67000000000026
:046F68000000000025
:046F69000000000024
:046F6A000000000023
:046F6B000000000022
:046F6C000000000021
:046F6D000000000020
:046F6E00000000001F
:046F6F00000000001E
:046F7000000000001D
:046F7100000000001C
:046F7200000000001B
:046F7300000000001A
:046F74000000000019
:046F75000000000018
:046F76000000000017
:046F77000000000016
:046F78000000000015
:046F79000000000014
:046F7A000000000013
:046F7B000000000012
:046F7C000000000011
:046F7D000000000010
:046F7E00000000000F
:046F7F00000000000E
:046F8000000000000D
:046F8100000000000C
:046F8200000000000B
:046F8300000000000A
:046F84000000000009
:046F85000000000008
:046F86000000000007
:046F87000000000006
:046F88000000000005
:046F89000000000004
:046F8A000000000003
:046F8B000000000002
:046F8C000000000001
:046F8D000000000000
:046F8E0000000000FF
:046F8F0000000000FE
:046F900000000000FD
:046F910000000000FC
:046F920000000000FB
:046F930000000000FA
:046F940000000000F9
:046F950000000000F8
:046F960000000000F7
:046F970000000000F6
:046F980000000000F5
:046F990000000000F4
:046F9A0000000000F3
:046F9B0000000000F2
:046F9C0000000000F1
:046F9D0000000000F0
:046F9E0000000000EF
:046F9F0000000000EE
:046FA00000000000ED
:046FA10000000000EC
:046FA20000000000EB
:046FA30000000000EA
:046FA40000000000E9
:046FA50000000000E8
:046FA60000000000E7
:046FA70000000000E6
:046FA80000000000E5
:046FA90000000000E4
:046FAA0000000000E3
:046FAB0000000000E2
:046FAC0000000000E1
:046FAD0000000000E0
:046FAE0000000000DF
:046FAF0000000000DE
:046FB00000000000DD
:046FB10000000000DC
:046FB20000000000DB
:046FB30000000000DA
:046FB40000000000D9
:046FB50000000000D8
:046FB60000000000D7
:046FB70000000000D6
:046FB80000000000D5
:046FB90000000000D4
:046FBA0000000000D3
:046FBB0000000000D2
:046FBC0000000000D1
:046FBD0000000000D0
:046FBE0000000000CF
:046FBF0000000000CE
:046FC00000000000CD
:046FC10000000000CC
:046FC20000000000CB
:046FC30000000000CA
:046FC40000000000C9
:046FC50000000000C8
:046FC60000000000C7
:046FC70000000000C6
:046FC80000000000C5
:046FC90000000000C4
:046FCA0000000000C3
:046FCB0000000000C2
:046FCC0000000000C1
:046FCD0000000000C0
:046FCE0000000000BF
:046FCF0000000000BE
:046FD00000000000BD
:046FD10000000000BC
:046FD20000000000BB
:046FD30000000000BA
:046FD40000000000B9
:046FD50000000000B8
:046FD60000000000B7
:046FD70000000000B6
:046FD80000000000B5
:046FD90000000000B4
:046FDA0000000000B3
:046FDB0000000000B2
:046FDC0000000000B1
:046FDD0000000000B0
:046FDE0000000000AF
:046FDF0000000000AE
:046FE00000000000AD
:046FE10000000000AC
:046FE20000000000AB
:046FE30000000000AA
:046FE40000000000A9
:046FE50000000000A8
:046FE60000000000A7
:046FE70000000000A6
:046FE80000000000A5
:046FE90000000000A4
:046FEA0000000000A3
:046FEB0000000000A2
:046FEC0000000000A1
:046FED0000000000A0
:046FEE00000000009F
:046FEF00000000009E
:046FF000000000009D
:046FF100000000009C
:046FF200000000009B
:046FF300000000009A
:046FF4000000000099
:046FF5000000000098
:046FF6000000000097
:046FF7000000000096
:046FF8000000000095
:046FF9000000000094
:046FFA000000000093
:046FFB000000000092
:046FFC000000000091
:046FFD000000000090
:046FFE00000000008F
:046FFF00000000008E
:04700000000000008C
:04700100000000008B
:04700200000000008A
:047003000000000089
:047004000000000088
:047005000000000087
:047006000000000086
:047007000000000085
:047008000000000084
:047009000000000083
:04700A000000000082
:04700B000000000081
:04700C000000000080
:04700D00000000007F
:04700E00000000007E
:04700F00000000007D
:04701000000000007C
:04701100000000007B
:04701200000000007A
:047013000000000079
:047014000000000078
:047015000000000077
:047016000000000076
:047017000000000075
:047018000000000074
:047019000000000073
:04701A000000000072
:04701B000000000071
:04701C000000000070
:04701D00000000006F
:04701E00000000006E
:04701F00000000006D
:04702000000000006C
:04702100000000006B
:04702200000000006A
:047023000000000069
:047024000000000068
:047025000000000067
:047026000000000066
:047027000000000065
:047028000000000064
:047029000000000063
:04702A000000000062
:04702B000000000061
:04702C000000000060
:04702D00000000005F
:04702E00000000005E
:04702F00000000005D
:04703000000000005C
:04703100000000005B
:04703200000000005A
:047033000000000059
:047034000000000058
:047035000000000057
:047036000000000056
:047037000000000055
:047038000000000054
:047039000000000053
:04703A000000000052
:04703B000000000051
:04703C000000000050
:04703D00000000004F
:04703E00000000004E
:04703F00000000004D
:04704000000000004C
:04704100000000004B
:04704200000000004A
:047043000000000049
:047044000000000048
:047045000000000047
:047046000000000046
:047047000000000045
:047048000000000044
:047049000000000043
:04704A000000000042
:04704B000000000041
:04704C000000000040
:04704D00000000003F
:04704E00000000003E
:04704F00000000003D
:04705000000000003C
:04705100000000003B
:04705200000000003A
:047053000000000039
:047054000000000038
:047055000000000037
:047056000000000036
:047057000000000035
:047058000000000034
:047059000000000033
:04705A000000000032
:04705B000000000031
:04705C000000000030
:04705D00000000002F
:04705E00000000002E
:04705F00000000002D
:04706000000000002C
:04706100000000002B
:04706200000000002A
:047063000000000029
:047064000000000028
:047065000000000027
:047066000000000026
:047067000000000025
:047068000000000024
:047069000000000023
:04706A000000000022
:04706B000000000021
:04706C000000000020
:04706D00000000001F
:04706E00000000001E
:04706F00000000001D
:04707000000000001C
:04707100000000001B
:04707200000000001A
:047073000000000019
:047074000000000018
:047075000000000017
:047076000000000016
:047077000000000015
:047078000000000014
:047079000000000013
:04707A000000000012
:04707B000000000011
:04707C000000000010
:04707D00000000000F
:04707E00000000000E
:04707F00000000000D
:04708000000000000C
:04708100000000000B
:04708200000000000A
:047083000000000009
:047084000000000008
:047085000000000007
:047086000000000006
:047087000000000005
:047088000000000004
:047089000000000003
:04708A000000000002
:04708B000000000001
:04708C000000000000
:04708D0000000000FF
:04708E0000000000FE
:04708F0000000000FD
:0470900000000000FC
:0470910000000000FB
:0470920000000000FA
:0470930000000000F9
:0470940000000000F8
:0470950000000000F7
:0470960000000000F6
:0470970000000000F5
:0470980000000000F4
:0470990000000000F3
:04709A0000000000F2
:04709B0000000000F1
:04709C0000000000F0
:04709D0000000000EF
:04709E0000000000EE
:04709F0000000000ED
:0470A00000000000EC
:0470A10000000000EB
:0470A20000000000EA
:0470A30000000000E9
:0470A40000000000E8
:0470A50000000000E7
:0470A60000000000E6
:0470A70000000000E5
:0470A80000000000E4
:0470A90000000000E3
:0470AA0000000000E2
:0470AB0000000000E1
:0470AC0000000000E0
:0470AD0000000000DF
:0470AE0000000000DE
:0470AF0000000000DD
:0470B00000000000DC
:0470B10000000000DB
:0470B20000000000DA
:0470B30000000000D9
:0470B40000000000D8
:0470B50000000000D7
:0470B60000000000D6
:0470B70000000000D5
:0470B80000000000D4
:0470B90000000000D3
:0470BA0000000000D2
:0470BB0000000000D1
:0470BC0000000000D0
:0470BD0000000000CF
:0470BE0000000000CE
:0470BF0000000000CD
:0470C00000000000CC
:0470C10000000000CB
:0470C20000000000CA
:0470C30000000000C9
:0470C40000000000C8
:0470C50000000000C7
:0470C60000000000C6
:0470C70000000000C5
:0470C80000000000C4
:0470C90000000000C3
:0470CA0000000000C2
:0470CB0000000000C1
:0470CC0000000000C0
:0470CD0000000000BF
:0470CE0000000000BE
:0470CF0000000000BD
:0470D00000000000BC
:0470D10000000000BB
:0470D20000000000BA
:0470D30000000000B9
:0470D40000000000B8
:0470D50000000000B7
:0470D60000000000B6
:0470D70000000000B5
:0470D80000000000B4
:0470D90000000000B3
:0470DA0000000000B2
:0470DB0000000000B1
:0470DC0000000000B0
:0470DD0000000000AF
:0470DE0000000000AE
:0470DF0000000000AD
:0470E00000000000AC
:0470E10000000000AB
:0470E20000000000AA
:0470E30000000000A9
:0470E40000000000A8
:0470E50000000000A7
:0470E60000000000A6
:0470E70000000000A5
:0470E80000000000A4
:0470E90000000000A3
:0470EA0000000000A2
:0470EB0000000000A1
:0470EC0000000000A0
:0470ED00000000009F
:0470EE00000000009E
:0470EF00000000009D
:0470F000000000009C
:0470F100000000009B
:0470F200000000009A
:0470F3000000000099
:0470F4000000000098
:0470F5000000000097
:0470F6000000000096
:0470F7000000000095
:0470F8000000000094
:0470F9000000000093
:0470FA000000000092
:0470FB000000000091
:0470FC000000000090
:0470FD00000000008F
:0470FE00000000008E
:0470FF00000000008D
:04710000000000008B
:04710100000000008A
:047102000000000089
:047103000000000088
:047104000000000087
:047105000000000086
:047106000000000085
:047107000000000084
:047108000000000083
:047109000000000082
:04710A000000000081
:04710B000000000080
:04710C00000000007F
:04710D00000000007E
:04710E00000000007D
:04710F00000000007C
:04711000000000007B
:04711100000000007A
:047112000000000079
:047113000000000078
:047114000000000077
:047115000000000076
:047116000000000075
:047117000000000074
:047118000000000073
:047119000000000072
:04711A000000000071
:04711B000000000070
:04711C00000000006F
:04711D00000000006E
:04711E00000000006D
:04711F00000000006C
:04712000000000006B
:04712100000000006A
:047122000000000069
:047123000000000068
:047124000000000067
:047125000000000066
:047126000000000065
:047127000000000064
:047128000000000063
:047129000000000062
:04712A000000000061
:04712B000000000060
:04712C00000000005F
:04712D00000000005E
:04712E00000000005D
:04712F00000000005C
:04713000000000005B
:04713100000000005A
:047132000000000059
:047133000000000058
:047134000000000057
:047135000000000056
:047136000000000055
:047137000000000054
:047138000000000053
:047139000000000052
:04713A000000000051
:04713B000000000050
:04713C00000000004F
:04713D00000000004E
:04713E00000000004D
:04713F00000000004C
:04714000000000004B
:04714100000000004A
:047142000000000049
:047143000000000048
:047144000000000047
:047145000000000046
:047146000000000045
:047147000000000044
:047148000000000043
:047149000000000042
:04714A000000000041
:04714B000000000040
:04714C00000000003F
:04714D00000000003E
:04714E00000000003D
:04714F00000000003C
:04715000000000003B
:04715100000000003A
:047152000000000039
:047153000000000038
:047154000000000037
:047155000000000036
:047156000000000035
:047157000000000034
:047158000000000033
:047159000000000032
:04715A000000000031
:04715B000000000030
:04715C00000000002F
:04715D00000000002E
:04715E00000000002D
:04715F00000000002C
:04716000000000002B
:04716100000000002A
:047162000000000029
:047163000000000028
:047164000000000027
:047165000000000026
:047166000000000025
:047167000000000024
:047168000000000023
:047169000000000022
:04716A000000000021
:04716B000000000020
:04716C00000000001F
:04716D00000000001E
:04716E00000000001D
:04716F00000000001C
:04717000000000001B
:04717100000000001A
:047172000000000019
:047173000000000018
:047174000000000017
:047175000000000016
:047176000000000015
:047177000000000014
:047178000000000013
:047179000000000012
:04717A000000000011
:04717B000000000010
:04717C00000000000F
:04717D00000000000E
:04717E00000000000D
:04717F00000000000C
:04718000000000000B
:04718100000000000A
:047182000000000009
:047183000000000008
:047184000000000007
:047185000000000006
:047186000000000005
:047187000000000004
:047188000000000003
:047189000000000002
:04718A000000000001
:04718B000000000000
:04718C0000000000FF
:04718D0000000000FE
:04718E0000000000FD
:04718F0000000000FC
:0471900000000000FB
:0471910000000000FA
:0471920000000000F9
:0471930000000000F8
:0471940000000000F7
:0471950000000000F6
:0471960000000000F5
:0471970000000000F4
:0471980000000000F3
:0471990000000000F2
:04719A0000000000F1
:04719B0000000000F0
:04719C0000000000EF
:04719D0000000000EE
:04719E0000000000ED
:04719F0000000000EC
:0471A00000000000EB
:0471A10000000000EA
:0471A20000000000E9
:0471A30000000000E8
:0471A40000000000E7
:0471A50000000000E6
:0471A60000000000E5
:0471A70000000000E4
:0471A80000000000E3
:0471A90000000000E2
:0471AA0000000000E1
:0471AB0000000000E0
:0471AC0000000000DF
:0471AD0000000000DE
:0471AE0000000000DD
:0471AF0000000000DC
:0471B00000000000DB
:0471B10000000000DA
:0471B20000000000D9
:0471B30000000000D8
:0471B40000000000D7
:0471B50000000000D6
:0471B60000000000D5
:0471B70000000000D4
:0471B80000000000D3
:0471B90000000000D2
:0471BA0000000000D1
:0471BB0000000000D0
:0471BC0000000000CF
:0471BD0000000000CE
:0471BE0000000000CD
:0471BF0000000000CC
:0471C00000000000CB
:0471C10000000000CA
:0471C20000000000C9
:0471C30000000000C8
:0471C40000000000C7
:0471C50000000000C6
:0471C60000000000C5
:0471C70000000000C4
:0471C80000000000C3
:0471C90000000000C2
:0471CA0000000000C1
:0471CB0000000000C0
:0471CC0000000000BF
:0471CD0000000000BE
:0471CE0000000000BD
:0471CF0000000000BC
:0471D00000000000BB
:0471D10000000000BA
:0471D20000000000B9
:0471D30000000000B8
:0471D40000000000B7
:0471D50000000000B6
:0471D60000000000B5
:0471D70000000000B4
:0471D80000000000B3
:0471D90000000000B2
:0471DA0000000000B1
:0471DB0000000000B0
:0471DC0000000000AF
:0471DD0000000000AE
:0471DE0000000000AD
:0471DF0000000000AC
:0471E00000000000AB
:0471E10000000000AA
:0471E20000000000A9
:0471E30000000000A8
:0471E40000000000A7
:0471E50000000000A6
:0471E60000000000A5
:0471E70000000000A4
:0471E80000000000A3
:0471E90000000000A2
:0471EA0000000000A1
:0471EB0000000000A0
:0471EC00000000009F
:0471ED00000000009E
:0471EE00000000009D
:0471EF00000000009C
:0471F000000000009B
:0471F100000000009A
:0471F2000000000099
:0471F3000000000098
:0471F4000000000097
:0471F5000000000096
:0471F6000000000095
:0471F7000000000094
:0471F8000000000093
:0471F9000000000092
:0471FA000000000091
:0471FB000000000090
:0471FC00000000008F
:0471FD00000000008E
:0471FE00000000008D
:0471FF00000000008C
:04720000000000008A
:047201000000000089
:047202000000000088
:047203000000000087
:047204000000000086
:047205000000000085
:047206000000000084
:047207000000000083
:047208000000000082
:047209000000000081
:04720A000000000080
:04720B00000000007F
:04720C00000000007E
:04720D00000000007D
:04720E00000000007C
:04720F00000000007B
:04721000000000007A
:047211000000000079
:047212000000000078
:047213000000000077
:047214000000000076
:047215000000000075
:047216000000000074
:047217000000000073
:047218000000000072
:047219000000000071
:04721A000000000070
:04721B00000000006F
:04721C00000000006E
:04721D00000000006D
:04721E00000000006C
:04721F00000000006B
:04722000000000006A
:047221000000000069
:047222000000000068
:047223000000000067
:047224000000000066
:047225000000000065
:047226000000000064
:047227000000000063
:047228000000000062
:047229000000000061
:04722A000000000060
:04722B00000000005F
:04722C00000000005E
:04722D00000000005D
:04722E00000000005C
:04722F00000000005B
:04723000000000005A
:047231000000000059
:047232000000000058
:047233000000000057
:047234000000000056
:047235000000000055
:047236000000000054
:047237000000000053
:047238000000000052
:047239000000000051
:04723A000000000050
:04723B00000000004F
:04723C00000000004E
:04723D00000000004D
:04723E00000000004C
:04723F00000000004B
:04724000000000004A
:047241000000000049
:047242000000000048
:047243000000000047
:047244000000000046
:047245000000000045
:047246000000000044
:047247000000000043
:047248000000000042
:047249000000000041
:04724A000000000040
:04724B00000000003F
:04724C00000000003E
:04724D00000000003D
:04724E00000000003C
:04724F00000000003B
:04725000000000003A
:047251000000000039
:047252000000000038
:047253000000000037
:047254000000000036
:047255000000000035
:047256000000000034
:047257000000000033
:047258000000000032
:047259000000000031
:04725A000000000030
:04725B00000000002F
:04725C00000000002E
:04725D00000000002D
:04725E00000000002C
:04725F00000000002B
:04726000000000002A
:047261000000000029
:047262000000000028
:047263000000000027
:047264000000000026
:047265000000000025
:047266000000000024
:047267000000000023
:047268000000000022
:047269000000000021
:04726A000000000020
:04726B00000000001F
:04726C00000000001E
:04726D00000000001D
:04726E00000000001C
:04726F00000000001B
:04727000000000001A
:047271000000000019
:047272000000000018
:047273000000000017
:047274000000000016
:047275000000000015
:047276000000000014
:047277000000000013
:047278000000000012
:047279000000000011
:04727A000000000010
:04727B00000000000F
:04727C00000000000E
:04727D00000000000D
:04727E00000000000C
:04727F00000000000B
:04728000000000000A
:047281000000000009
:047282000000000008
:047283000000000007
:047284000000000006
:047285000000000005
:047286000000000004
:047287000000000003
:047288000000000002
:047289000000000001
:04728A000000000000
:04728B0000000000FF
:04728C0000000000FE
:04728D0000000000FD
:04728E0000000000FC
:04728F0000000000FB
:0472900000000000FA
:0472910000000000F9
:0472920000000000F8
:0472930000000000F7
:0472940000000000F6
:0472950000000000F5
:0472960000000000F4
:0472970000000000F3
:0472980000000000F2
:0472990000000000F1
:04729A0000000000F0
:04729B0000000000EF
:04729C0000000000EE
:04729D0000000000ED
:04729E0000000000EC
:04729F0000000000EB
:0472A00000000000EA
:0472A10000000000E9
:0472A20000000000E8
:0472A30000000000E7
:0472A40000000000E6
:0472A50000000000E5
:0472A60000000000E4
:0472A70000000000E3
:0472A80000000000E2
:0472A90000000000E1
:0472AA0000000000E0
:0472AB0000000000DF
:0472AC0000000000DE
:0472AD0000000000DD
:0472AE0000000000DC
:0472AF0000000000DB
:0472B00000000000DA
:0472B10000000000D9
:0472B20000000000D8
:0472B30000000000D7
:0472B40000000000D6
:0472B50000000000D5
:0472B60000000000D4
:0472B70000000000D3
:0472B80000000000D2
:0472B90000000000D1
:0472BA0000000000D0
:0472BB0000000000CF
:0472BC0000000000CE
:0472BD0000000000CD
:0472BE0000000000CC
:0472BF0000000000CB
:0472C00000000000CA
:0472C10000000000C9
:0472C20000000000C8
:0472C30000000000C7
:0472C40000000000C6
:0472C50000000000C5
:0472C60000000000C4
:0472C70000000000C3
:0472C80000000000C2
:0472C90000000000C1
:0472CA0000000000C0
:0472CB0000000000BF
:0472CC0000000000BE
:0472CD0000000000BD
:0472CE0000000000BC
:0472CF0000000000BB
:0472D00000000000BA
:0472D10000000000B9
:0472D20000000000B8
:0472D30000000000B7
:0472D40000000000B6
:0472D50000000000B5
:0472D60000000000B4
:0472D70000000000B3
:0472D80000000000B2
:0472D90000000000B1
:0472DA0000000000B0
:0472DB0000000000AF
:0472DC0000000000AE
:0472DD0000000000AD
:0472DE0000000000AC
:0472DF0000000000AB
:0472E00000000000AA
:0472E10000000000A9
:0472E20000000000A8
:0472E30000000000A7
:0472E40000000000A6
:0472E50000000000A5
:0472E60000000000A4
:0472E70000000000A3
:0472E80000000000A2
:0472E90000000000A1
:0472EA0000000000A0
:0472EB00000000009F
:0472EC00000000009E
:0472ED00000000009D
:0472EE00000000009C
:0472EF00000000009B
:0472F000000000009A
:0472F1000000000099
:0472F2000000000098
:0472F3000000000097
:0472F4000000000096
:0472F5000000000095
:0472F6000000000094
:0472F7000000000093
:0472F8000000000092
:0472F9000000000091
:0472FA000000000090
:0472FB00000000008F
:0472FC00000000008E
:0472FD00000000008D
:0472FE00000000008C
:0472FF00000000008B
:047300000000000089
:047301000000000088
:047302000000000087
:047303000000000086
:047304000000000085
:047305000000000084
:047306000000000083
:047307000000000082
:047308000000000081
:047309000000000080
:04730A00000000007F
:04730B00000000007E
:04730C00000000007D
:04730D00000000007C
:04730E00000000007B
:04730F00000000007A
:047310000000000079
:047311000000000078
:047312000000000077
:047313000000000076
:047314000000000075
:047315000000000074
:047316000000000073
:047317000000000072
:047318000000000071
:047319000000000070
:04731A00000000006F
:04731B00000000006E
:04731C00000000006D
:04731D00000000006C
:04731E00000000006B
:04731F00000000006A
:047320000000000069
:047321000000000068
:047322000000000067
:047323000000000066
:047324000000000065
:047325000000000064
:047326000000000063
:047327000000000062
:047328000000000061
:047329000000000060
:04732A00000000005F
:04732B00000000005E
:04732C00000000005D
:04732D00000000005C
:04732E00000000005B
:04732F00000000005A
:047330000000000059
:047331000000000058
:047332000000000057
:047333000000000056
:047334000000000055
:047335000000000054
:047336000000000053
:047337000000000052
:047338000000000051
:047339000000000050
:04733A00000000004F
:04733B00000000004E
:04733C00000000004D
:04733D00000000004C
:04733E00000000004B
:04733F00000000004A
:047340000000000049
:047341000000000048
:047342000000000047
:047343000000000046
:047344000000000045
:047345000000000044
:047346000000000043
:047347000000000042
:047348000000000041
:047349000000000040
:04734A00000000003F
:04734B00000000003E
:04734C00000000003D
:04734D00000000003C
:04734E00000000003B
:04734F00000000003A
:047350000000000039
:047351000000000038
:047352000000000037
:047353000000000036
:047354000000000035
:047355000000000034
:047356000000000033
:047357000000000032
:047358000000000031
:047359000000000030
:04735A00000000002F
:04735B00000000002E
:04735C00000000002D
:04735D00000000002C
:04735E00000000002B
:04735F00000000002A
:047360000000000029
:047361000000000028
:047362000000000027
:047363000000000026
:047364000000000025
:047365000000000024
:047366000000000023
:047367000000000022
:047368000000000021
:047369000000000020
:04736A00000000001F
:04736B00000000001E
:04736C00000000001D
:04736D00000000001C
:04736E00000000001B
:04736F00000000001A
:047370000000000019
:047371000000000018
:047372000000000017
:047373000000000016
:047374000000000015
:047375000000000014
:047376000000000013
:047377000000000012
:047378000000000011
:047379000000000010
:04737A00000000000F
:04737B00000000000E
:04737C00000000000D
:04737D00000000000C
:04737E00000000000B
:04737F00000000000A
:047380000000000009
:047381000000000008
:047382000000000007
:047383000000000006
:047384000000000005
:047385000000000004
:047386000000000003
:047387000000000002
:047388000000000001
:047389000000000000
:04738A0000000000FF
:04738B0000000000FE
:04738C0000000000FD
:04738D0000000000FC
:04738E0000000000FB
:04738F0000000000FA
:0473900000000000F9
:0473910000000000F8
:0473920000000000F7
:0473930000000000F6
:0473940000000000F5
:0473950000000000F4
:0473960000000000F3
:0473970000000000F2
:0473980000000000F1
:0473990000000000F0
:04739A0000000000EF
:04739B0000000000EE
:04739C0000000000ED
:04739D0000000000EC
:04739E0000000000EB
:04739F0000000000EA
:0473A00000000000E9
:0473A10000000000E8
:0473A20000000000E7
:0473A30000000000E6
:0473A40000000000E5
:0473A50000000000E4
:0473A60000000000E3
:0473A70000000000E2
:0473A80000000000E1
:0473A90000000000E0
:0473AA0000000000DF
:0473AB0000000000DE
:0473AC0000000000DD
:0473AD0000000000DC
:0473AE0000000000DB
:0473AF0000000000DA
:0473B00000000000D9
:0473B10000000000D8
:0473B20000000000D7
:0473B30000000000D6
:0473B40000000000D5
:0473B50000000000D4
:0473B60000000000D3
:0473B70000000000D2
:0473B80000000000D1
:0473B90000000000D0
:0473BA0000000000CF
:0473BB0000000000CE
:0473BC0000000000CD
:0473BD0000000000CC
:0473BE0000000000CB
:0473BF0000000000CA
:0473C00000000000C9
:0473C10000000000C8
:0473C20000000000C7
:0473C30000000000C6
:0473C40000000000C5
:0473C50000000000C4
:0473C60000000000C3
:0473C70000000000C2
:0473C80000000000C1
:0473C90000000000C0
:0473CA0000000000BF
:0473CB0000000000BE
:0473CC0000000000BD
:0473CD0000000000BC
:0473CE0000000000BB
:0473CF0000000000BA
:0473D00000000000B9
:0473D10000000000B8
:0473D20000000000B7
:0473D30000000000B6
:0473D40000000000B5
:0473D50000000000B4
:0473D60000000000B3
:0473D70000000000B2
:0473D80000000000B1
:0473D90000000000B0
:0473DA0000000000AF
:0473DB0000000000AE
:0473DC0000000000AD
:0473DD0000000000AC
:0473DE0000000000AB
:0473DF0000000000AA
:0473E00000000000A9
:0473E10000000000A8
:0473E20000000000A7
:0473E30000000000A6
:0473E40000000000A5
:0473E50000000000A4
:0473E60000000000A3
:0473E70000000000A2
:0473E80000000000A1
:0473E90000000000A0
:0473EA00000000009F
:0473EB00000000009E
:0473EC00000000009D
:0473ED00000000009C
:0473EE00000000009B
:0473EF00000000009A
:0473F0000000000099
:0473F1000000000098
:0473F2000000000097
:0473F3000000000096
:0473F4000000000095
:0473F5000000000094
:0473F6000000000093
:0473F7000000000092
:0473F8000000000091
:0473F9000000000090
:0473FA00000000008F
:0473FB00000000008E
:0473FC00000000008D
:0473FD00000000008C
:0473FE00000000008B
:0473FF00000000008A
:047400000000000088
:047401000000000087
:047402000000000086
:047403000000000085
:047404000000000084
:047405000000000083
:047406000000000082
:047407000000000081
:047408000000000080
:04740900000000007F
:04740A00000000007E
:04740B00000000007D
:04740C00000000007C
:04740D00000000007B
:04740E00000000007A
:04740F000000000079
:047410000000000078
:047411000000000077
:047412000000000076
:047413000000000075
:047414000000000074
:047415000000000073
:047416000000000072
:047417000000000071
:047418000000000070
:04741900000000006F
:04741A00000000006E
:04741B00000000006D
:04741C00000000006C
:04741D00000000006B
:04741E00000000006A
:04741F000000000069
:047420000000000068
:047421000000000067
:047422000000000066
:047423000000000065
:047424000000000064
:047425000000000063
:047426000000000062
:047427000000000061
:047428000000000060
:04742900000000005F
:04742A00000000005E
:04742B00000000005D
:04742C00000000005C
:04742D00000000005B
:04742E00000000005A
:04742F000000000059
:047430000000000058
:047431000000000057
:047432000000000056
:047433000000000055
:047434000000000054
:047435000000000053
:047436000000000052
:047437000000000051
:047438000000000050
:04743900000000004F
:04743A00000000004E
:04743B00000000004D
:04743C00000000004C
:04743D00000000004B
:04743E00000000004A
:04743F000000000049
:047440000000000048
:047441000000000047
:047442000000000046
:047443000000000045
:047444000000000044
:047445000000000043
:047446000000000042
:047447000000000041
:047448000000000040
:04744900000000003F
:04744A00000000003E
:04744B00000000003D
:04744C00000000003C
:04744D00000000003B
:04744E00000000003A
:04744F000000000039
:047450000000000038
:047451000000000037
:047452000000000036
:047453000000000035
:047454000000000034
:047455000000000033
:047456000000000032
:047457000000000031
:047458000000000030
:04745900000000002F
:04745A00000000002E
:04745B00000000002D
:04745C00000000002C
:04745D00000000002B
:04745E00000000002A
:04745F000000000029
:047460000000000028
:047461000000000027
:047462000000000026
:047463000000000025
:047464000000000024
:047465000000000023
:047466000000000022
:047467000000000021
:047468000000000020
:04746900000000001F
:04746A00000000001E
:04746B00000000001D
:04746C00000000001C
:04746D00000000001B
:04746E00000000001A
:04746F000000000019
:047470000000000018
:047471000000000017
:047472000000000016
:047473000000000015
:047474000000000014
:047475000000000013
:047476000000000012
:047477000000000011
:047478000000000010
:04747900000000000F
:04747A00000000000E
:04747B00000000000D
:04747C00000000000C
:04747D00000000000B
:04747E00000000000A
:04747F000000000009
:047480000000000008
:047481000000000007
:047482000000000006
:047483000000000005
:047484000000000004
:047485000000000003
:047486000000000002
:047487000000000001
:047488000000000000
:0474890000000000FF
:04748A0000000000FE
:04748B0000000000FD
:04748C0000000000FC
:04748D0000000000FB
:04748E0000000000FA
:04748F0000000000F9
:0474900000000000F8
:0474910000000000F7
:0474920000000000F6
:0474930000000000F5
:0474940000000000F4
:0474950000000000F3
:0474960000000000F2
:0474970000000000F1
:0474980000000000F0
:0474990000000000EF
:04749A0000000000EE
:04749B0000000000ED
:04749C0000000000EC
:04749D0000000000EB
:04749E0000000000EA
:04749F0000000000E9
:0474A00000000000E8
:0474A10000000000E7
:0474A20000000000E6
:0474A30000000000E5
:0474A40000000000E4
:0474A50000000000E3
:0474A60000000000E2
:0474A70000000000E1
:0474A80000000000E0
:0474A90000000000DF
:0474AA0000000000DE
:0474AB0000000000DD
:0474AC0000000000DC
:0474AD0000000000DB
:0474AE0000000000DA
:0474AF0000000000D9
:0474B00000000000D8
:0474B10000000000D7
:0474B20000000000D6
:0474B30000000000D5
:0474B40000000000D4
:0474B50000000000D3
:0474B60000000000D2
:0474B70000000000D1
:0474B80000000000D0
:0474B90000000000CF
:0474BA0000000000CE
:0474BB0000000000CD
:0474BC0000000000CC
:0474BD0000000000CB
:0474BE0000000000CA
:0474BF0000000000C9
:0474C00000000000C8
:0474C10000000000C7
:0474C20000000000C6
:0474C30000000000C5
:0474C40000000000C4
:0474C50000000000C3
:0474C60000000000C2
:0474C70000000000C1
:0474C80000000000C0
:0474C90000000000BF
:0474CA0000000000BE
:0474CB0000000000BD
:0474CC0000000000BC
:0474CD0000000000BB
:0474CE0000000000BA
:0474CF0000000000B9
:0474D00000000000B8
:0474D10000000000B7
:0474D20000000000B6
:0474D30000000000B5
:0474D40000000000B4
:0474D50000000000B3
:0474D60000000000B2
:0474D70000000000B1
:0474D80000000000B0
:0474D90000000000AF
:0474DA0000000000AE
:0474DB0000000000AD
:0474DC0000000000AC
:0474DD0000000000AB
:0474DE0000000000AA
:0474DF0000000000A9
:0474E00000000000A8
:0474E10000000000A7
:0474E20000000000A6
:0474E30000000000A5
:0474E40000000000A4
:0474E50000000000A3
:0474E60000000000A2
:0474E70000000000A1
:0474E80000000000A0
:0474E900000000009F
:0474EA00000000009E
:0474EB00000000009D
:0474EC00000000009C
:0474ED00000000009B
:0474EE00000000009A
:0474EF000000000099
:0474F0000000000098
:0474F1000000000097
:0474F2000000000096
:0474F3000000000095
:0474F4000000000094
:0474F5000000000093
:0474F6000000000092
:0474F7000000000091
:0474F8000000000090
:0474F900000000008F
:0474FA00000000008E
:0474FB00000000008D
:0474FC00000000008C
:0474FD00000000008B
:0474FE00000000008A
:0474FF000000000089
:047500000000000087
:047501000000000086
:047502000000000085
:047503000000000084
:047504000000000083
:047505000000000082
:047506000000000081
:047507000000000080
:04750800000000007F
:04750900000000007E
:04750A00000000007D
:04750B00000000007C
:04750C00000000007B
:04750D00000000007A
:04750E000000000079
:04750F000000000078
:047510000000000077
:047511000000000076
:047512000000000075
:047513000000000074
:047514000000000073
:047515000000000072
:047516000000000071
:047517000000000070
:04751800000000006F
:04751900000000006E
:04751A00000000006D
:04751B00000000006C
:04751C00000000006B
:04751D00000000006A
:04751E000000000069
:04751F000000000068
:047520000000000067
:047521000000000066
:047522000000000065
:047523000000000064
:047524000000000063
:047525000000000062
:047526000000000061
:047527000000000060
:04752800000000005F
:04752900000000005E
:04752A00000000005D
:04752B00000000005C
:04752C00000000005B
:04752D00000000005A
:04752E000000000059
:04752F000000000058
:047530000000000057
:047531000000000056
:047532000000000055
:047533000000000054
:047534000000000053
:047535000000000052
:047536000000000051
:047537000000000050
:04753800000000004F
:04753900000000004E
:04753A00000000004D
:04753B00000000004C
:04753C00000000004B
:04753D00000000004A
:04753E000000000049
:04753F000000000048
:047540000000000047
:047541000000000046
:047542000000000045
:047543000000000044
:047544000000000043
:047545000000000042
:047546000000000041
:047547000000000040
:04754800000000003F
:04754900000000003E
:04754A00000000003D
:04754B00000000003C
:04754C00000000003B
:04754D00000000003A
:04754E000000000039
:04754F000000000038
:047550000000000037
:047551000000000036
:047552000000000035
:047553000000000034
:047554000000000033
:047555000000000032
:047556000000000031
:047557000000000030
:04755800000000002F
:04755900000000002E
:04755A00000000002D
:04755B00000000002C
:04755C00000000002B
:04755D00000000002A
:04755E000000000029
:04755F000000000028
:047560000000000027
:047561000000000026
:047562000000000025
:047563000000000024
:047564000000000023
:047565000000000022
:047566000000000021
:047567000000000020
:04756800000000001F
:04756900000000001E
:04756A00000000001D
:04756B00000000001C
:04756C00000000001B
:04756D00000000001A
:04756E000000000019
:04756F000000000018
:047570000000000017
:047571000000000016
:047572000000000015
:047573000000000014
:047574000000000013
:047575000000000012
:047576000000000011
:047577000000000010
:04757800000000000F
:04757900000000000E
:04757A00000000000D
:04757B00000000000C
:04757C00000000000B
:04757D00000000000A
:04757E000000000009
:04757F000000000008
:047580000000000007
:047581000000000006
:047582000000000005
:047583000000000004
:047584000000000003
:047585000000000002
:047586000000000001
:047587000000000000
:0475880000000000FF
:0475890000000000FE
:04758A0000000000FD
:04758B0000000000FC
:04758C0000000000FB
:04758D0000000000FA
:04758E0000000000F9
:04758F0000000000F8
:0475900000000000F7
:0475910000000000F6
:0475920000000000F5
:0475930000000000F4
:0475940000000000F3
:0475950000000000F2
:0475960000000000F1
:0475970000000000F0
:0475980000000000EF
:0475990000000000EE
:04759A0000000000ED
:04759B0000000000EC
:04759C0000000000EB
:04759D0000000000EA
:04759E0000000000E9
:04759F0000000000E8
:0475A00000000000E7
:0475A10000000000E6
:0475A20000000000E5
:0475A30000000000E4
:0475A40000000000E3
:0475A50000000000E2
:0475A60000000000E1
:0475A70000000000E0
:0475A80000000000DF
:0475A90000000000DE
:0475AA0000000000DD
:0475AB0000000000DC
:0475AC0000000000DB
:0475AD0000000000DA
:0475AE0000000000D9
:0475AF0000000000D8
:0475B00000000000D7
:0475B10000000000D6
:0475B20000000000D5
:0475B30000000000D4
:0475B40000000000D3
:0475B50000000000D2
:0475B60000000000D1
:0475B70000000000D0
:0475B80000000000CF
:0475B90000000000CE
:0475BA0000000000CD
:0475BB0000000000CC
:0475BC0000000000CB
:0475BD0000000000CA
:0475BE0000000000C9
:0475BF0000000000C8
:0475C00000000000C7
:0475C10000000000C6
:0475C20000000000C5
:0475C30000000000C4
:0475C40000000000C3
:0475C50000000000C2
:0475C60000000000C1
:0475C70000000000C0
:0475C80000000000BF
:0475C90000000000BE
:0475CA0000000000BD
:0475CB0000000000BC
:0475CC0000000000BB
:0475CD0000000000BA
:0475CE0000000000B9
:0475CF0000000000B8
:0475D00000000000B7
:0475D10000000000B6
:0475D20000000000B5
:0475D30000000000B4
:0475D40000000000B3
:0475D50000000000B2
:0475D60000000000B1
:0475D70000000000B0
:0475D80000000000AF
:0475D90000000000AE
:0475DA0000000000AD
:0475DB0000000000AC
:0475DC0000000000AB
:0475DD0000000000AA
:0475DE0000000000A9
:0475DF0000000000A8
:0475E00000000000A7
:0475E10000000000A6
:0475E20000000000A5
:0475E30000000000A4
:0475E40000000000A3
:0475E50000000000A2
:0475E60000000000A1
:0475E70000000000A0
:0475E800000000009F
:0475E900000000009E
:0475EA00000000009D
:0475EB00000000009C
:0475EC00000000009B
:0475ED00000000009A
:0475EE000000000099
:0475EF000000000098
:0475F0000000000097
:0475F1000000000096
:0475F2000000000095
:0475F3000000000094
:0475F4000000000093
:0475F5000000000092
:0475F6000000000091
:0475F7000000000090
:0475F800000000008F
:0475F900000000008E
:0475FA00000000008D
:0475FB00000000008C
:0475FC00000000008B
:0475FD00000000008A
:0475FE000000000089
:0475FF000000000088
:047600000000000086
:047601000000000085
:047602000000000084
:047603000000000083
:047604000000000082
:047605000000000081
:047606000000000080
:04760700000000007F
:04760800000000007E
:04760900000000007D
:04760A00000000007C
:04760B00000000007B
:04760C00000000007A
:04760D000000000079
:04760E000000000078
:04760F000000000077
:047610000000000076
:047611000000000075
:047612000000000074
:047613000000000073
:047614000000000072
:047615000000000071
:047616000000000070
:04761700000000006F
:04761800000000006E
:04761900000000006D
:04761A00000000006C
:04761B00000000006B
:04761C00000000006A
:04761D000000000069
:04761E000000000068
:04761F000000000067
:047620000000000066
:047621000000000065
:047622000000000064
:047623000000000063
:047624000000000062
:047625000000000061
:047626000000000060
:04762700000000005F
:04762800000000005E
:04762900000000005D
:04762A00000000005C
:04762B00000000005B
:04762C00000000005A
:04762D000000000059
:04762E000000000058
:04762F000000000057
:047630000000000056
:047631000000000055
:047632000000000054
:047633000000000053
:047634000000000052
:047635000000000051
:047636000000000050
:04763700000000004F
:04763800000000004E
:04763900000000004D
:04763A00000000004C
:04763B00000000004B
:04763C00000000004A
:04763D000000000049
:04763E000000000048
:04763F000000000047
:047640000000000046
:047641000000000045
:047642000000000044
:047643000000000043
:047644000000000042
:047645000000000041
:047646000000000040
:04764700000000003F
:04764800000000003E
:04764900000000003D
:04764A00000000003C
:04764B00000000003B
:04764C00000000003A
:04764D000000000039
:04764E000000000038
:04764F000000000037
:047650000000000036
:047651000000000035
:047652000000000034
:047653000000000033
:047654000000000032
:047655000000000031
:047656000000000030
:04765700000000002F
:04765800000000002E
:04765900000000002D
:04765A00000000002C
:04765B00000000002B
:04765C00000000002A
:04765D000000000029
:04765E000000000028
:04765F000000000027
:047660000000000026
:047661000000000025
:047662000000000024
:047663000000000023
:047664000000000022
:047665000000000021
:047666000000000020
:04766700000000001F
:04766800000000001E
:04766900000000001D
:04766A00000000001C
:04766B00000000001B
:04766C00000000001A
:04766D000000000019
:04766E000000000018
:04766F000000000017
:047670000000000016
:047671000000000015
:047672000000000014
:047673000000000013
:047674000000000012
:047675000000000011
:047676000000000010
:04767700000000000F
:04767800000000000E
:04767900000000000D
:04767A00000000000C
:04767B00000000000B
:04767C00000000000A
:04767D000000000009
:04767E000000000008
:04767F000000000007
:047680000000000006
:047681000000000005
:047682000000000004
:047683000000000003
:047684000000000002
:047685000000000001
:047686000000000000
:0476870000000000FF
:0476880000000000FE
:0476890000000000FD
:04768A0000000000FC
:04768B0000000000FB
:04768C0000000000FA
:04768D0000000000F9
:04768E0000000000F8
:04768F0000000000F7
:0476900000000000F6
:0476910000000000F5
:0476920000000000F4
:0476930000000000F3
:0476940000000000F2
:0476950000000000F1
:0476960000000000F0
:0476970000000000EF
:0476980000000000EE
:0476990000000000ED
:04769A0000000000EC
:04769B0000000000EB
:04769C0000000000EA
:04769D0000000000E9
:04769E0000000000E8
:04769F0000000000E7
:0476A00000000000E6
:0476A10000000000E5
:0476A20000000000E4
:0476A30000000000E3
:0476A40000000000E2
:0476A50000000000E1
:0476A60000000000E0
:0476A70000000000DF
:0476A80000000000DE
:0476A90000000000DD
:0476AA0000000000DC
:0476AB0000000000DB
:0476AC0000000000DA
:0476AD0000000000D9
:0476AE0000000000D8
:0476AF0000000000D7
:0476B00000000000D6
:0476B10000000000D5
:0476B20000000000D4
:0476B30000000000D3
:0476B40000000000D2
:0476B50000000000D1
:0476B60000000000D0
:0476B70000000000CF
:0476B80000000000CE
:0476B90000000000CD
:0476BA0000000000CC
:0476BB0000000000CB
:0476BC0000000000CA
:0476BD0000000000C9
:0476BE0000000000C8
:0476BF0000000000C7
:0476C00000000000C6
:0476C10000000000C5
:0476C20000000000C4
:0476C30000000000C3
:0476C40000000000C2
:0476C50000000000C1
:0476C60000000000C0
:0476C70000000000BF
:0476C80000000000BE
:0476C90000000000BD
:0476CA0000000000BC
:0476CB0000000000BB
:0476CC0000000000BA
:0476CD0000000000B9
:0476CE0000000000B8
:0476CF0000000000B7
:0476D00000000000B6
:0476D10000000000B5
:0476D20000000000B4
:0476D30000000000B3
:0476D40000000000B2
:0476D50000000000B1
:0476D60000000000B0
:0476D70000000000AF
:0476D80000000000AE
:0476D90000000000AD
:0476DA0000000000AC
:0476DB0000000000AB
:0476DC0000000000AA
:0476DD0000000000A9
:0476DE0000000000A8
:0476DF0000000000A7
:0476E00000000000A6
:0476E10000000000A5
:0476E20000000000A4
:0476E30000000000A3
:0476E40000000000A2
:0476E50000000000A1
:0476E60000000000A0
:0476E700000000009F
:0476E800000000009E
:0476E900000000009D
:0476EA00000000009C
:0476EB00000000009B
:0476EC00000000009A
:0476ED000000000099
:0476EE000000000098
:0476EF000000000097
:0476F0000000000096
:0476F1000000000095
:0476F2000000000094
:0476F3000000000093
:0476F4000000000092
:0476F5000000000091
:0476F6000000000090
:0476F700000000008F
:0476F800000000008E
:0476F900000000008D
:0476FA00000000008C
:0476FB00000000008B
:0476FC00000000008A
:0476FD000000000089
:0476FE000000000088
:0476FF000000000087
:047700000000000085
:047701000000000084
:047702000000000083
:047703000000000082
:047704000000000081
:047705000000000080
:04770600000000007F
:04770700000000007E
:04770800000000007D
:04770900000000007C
:04770A00000000007B
:04770B00000000007A
:04770C000000000079
:04770D000000000078
:04770E000000000077
:04770F000000000076
:047710000000000075
:047711000000000074
:047712000000000073
:047713000000000072
:047714000000000071
:047715000000000070
:04771600000000006F
:04771700000000006E
:04771800000000006D
:04771900000000006C
:04771A00000000006B
:04771B00000000006A
:04771C000000000069
:04771D000000000068
:04771E000000000067
:04771F000000000066
:047720000000000065
:047721000000000064
:047722000000000063
:047723000000000062
:047724000000000061
:047725000000000060
:04772600000000005F
:04772700000000005E
:04772800000000005D
:04772900000000005C
:04772A00000000005B
:04772B00000000005A
:04772C000000000059
:04772D000000000058
:04772E000000000057
:04772F000000000056
:047730000000000055
:047731000000000054
:047732000000000053
:047733000000000052
:047734000000000051
:047735000000000050
:04773600000000004F
:04773700000000004E
:04773800000000004D
:04773900000000004C
:04773A00000000004B
:04773B00000000004A
:04773C000000000049
:04773D000000000048
:04773E000000000047
:04773F000000000046
:047740000000000045
:047741000000000044
:047742000000000043
:047743000000000042
:047744000000000041
:047745000000000040
:04774600000000003F
:04774700000000003E
:04774800000000003D
:04774900000000003C
:04774A00000000003B
:04774B00000000003A
:04774C000000000039
:04774D000000000038
:04774E000000000037
:04774F000000000036
:047750000000000035
:047751000000000034
:047752000000000033
:047753000000000032
:047754000000000031
:047755000000000030
:04775600000000002F
:04775700000000002E
:04775800000000002D
:04775900000000002C
:04775A00000000002B
:04775B00000000002A
:04775C000000000029
:04775D000000000028
:04775E000000000027
:04775F000000000026
:047760000000000025
:047761000000000024
:047762000000000023
:047763000000000022
:047764000000000021
:047765000000000020
:04776600000000001F
:04776700000000001E
:04776800000000001D
:04776900000000001C
:04776A00000000001B
:04776B00000000001A
:04776C000000000019
:04776D000000000018
:04776E000000000017
:04776F000000000016
:047770000000000015
:047771000000000014
:047772000000000013
:047773000000000012
:047774000000000011
:047775000000000010
:04777600000000000F
:04777700000000000E
:04777800000000000D
:04777900000000000C
:04777A00000000000B
:04777B00000000000A
:04777C000000000009
:04777D000000000008
:04777E000000000007
:04777F000000000006
:047780000000000005
:047781000000000004
:047782000000000003
:047783000000000002
:047784000000000001
:047785000000000000
:0477860000000000FF
:0477870000000000FE
:0477880000000000FD
:0477890000000000FC
:04778A0000000000FB
:04778B0000000000FA
:04778C0000000000F9
:04778D0000000000F8
:04778E0000000000F7
:04778F0000000000F6
:0477900000000000F5
:0477910000000000F4
:0477920000000000F3
:0477930000000000F2
:0477940000000000F1
:0477950000000000F0
:0477960000000000EF
:0477970000000000EE
:0477980000000000ED
:0477990000000000EC
:04779A0000000000EB
:04779B0000000000EA
:04779C0000000000E9
:04779D0000000000E8
:04779E0000000000E7
:04779F0000000000E6
:0477A00000000000E5
:0477A10000000000E4
:0477A20000000000E3
:0477A30000000000E2
:0477A40000000000E1
:0477A50000000000E0
:0477A60000000000DF
:0477A70000000000DE
:0477A80000000000DD
:0477A90000000000DC
:0477AA0000000000DB
:0477AB0000000000DA
:0477AC0000000000D9
:0477AD0000000000D8
:0477AE0000000000D7
:0477AF0000000000D6
:0477B00000000000D5
:0477B10000000000D4
:0477B20000000000D3
:0477B30000000000D2
:0477B40000000000D1
:0477B50000000000D0
:0477B60000000000CF
:0477B70000000000CE
:0477B80000000000CD
:0477B90000000000CC
:0477BA0000000000CB
:0477BB0000000000CA
:0477BC0000000000C9
:0477BD0000000000C8
:0477BE0000000000C7
:0477BF0000000000C6
:0477C00000000000C5
:0477C10000000000C4
:0477C20000000000C3
:0477C30000000000C2
:0477C40000000000C1
:0477C50000000000C0
:0477C60000000000BF
:0477C70000000000BE
:0477C80000000000BD
:0477C90000000000BC
:0477CA0000000000BB
:0477CB0000000000BA
:0477CC0000000000B9
:0477CD0000000000B8
:0477CE0000000000B7
:0477CF0000000000B6
:0477D00000000000B5
:0477D10000000000B4
:0477D20000000000B3
:0477D30000000000B2
:0477D40000000000B1
:0477D50000000000B0
:0477D60000000000AF
:0477D70000000000AE
:0477D80000000000AD
:0477D90000000000AC
:0477DA0000000000AB
:0477DB0000000000AA
:0477DC0000000000A9
:0477DD0000000000A8
:0477DE0000000000A7
:0477DF0000000000A6
:0477E00000000000A5
:0477E10000000000A4
:0477E20000000000A3
:0477E30000000000A2
:0477E40000000000A1
:0477E50000000000A0
:0477E600000000009F
:0477E700000000009E
:0477E800000000009D
:0477E900000000009C
:0477EA00000000009B
:0477EB00000000009A
:0477EC000000000099
:0477ED000000000098
:0477EE000000000097
:0477EF000000000096
:0477F0000000000095
:0477F1000000000094
:0477F2000000000093
:0477F3000000000092
:0477F4000000000091
:0477F5000000000090
:0477F600000000008F
:0477F700000000008E
:0477F800000000008D
:0477F900000000008C
:0477FA00000000008B
:0477FB00000000008A
:0477FC000000000089
:0477FD000000000088
:0477FE000000000087
:0477FF000000000086
:047800000000000084
:047801000000000083
:047802000000000082
:047803000000000081
:047804000000000080
:04780500000000007F
:04780600000000007E
:04780700000000007D
:04780800000000007C
:04780900000000007B
:04780A00000000007A
:04780B000000000079
:04780C000000000078
:04780D000000000077
:04780E000000000076
:04780F000000000075
:047810000000000074
:047811000000000073
:047812000000000072
:047813000000000071
:047814000000000070
:04781500000000006F
:04781600000000006E
:04781700000000006D
:04781800000000006C
:04781900000000006B
:04781A00000000006A
:04781B000000000069
:04781C000000000068
:04781D000000000067
:04781E000000000066
:04781F000000000065
:047820000000000064
:047821000000000063
:047822000000000062
:047823000000000061
:047824000000000060
:04782500000000005F
:04782600000000005E
:04782700000000005D
:04782800000000005C
:04782900000000005B
:04782A00000000005A
:04782B000000000059
:04782C000000000058
:04782D000000000057
:04782E000000000056
:04782F000000000055
:047830000000000054
:047831000000000053
:047832000000000052
:047833000000000051
:047834000000000050
:04783500000000004F
:04783600000000004E
:04783700000000004D
:04783800000000004C
:04783900000000004B
:04783A00000000004A
:04783B000000000049
:04783C000000000048
:04783D000000000047
:04783E000000000046
:04783F000000000045
:047840000000000044
:047841000000000043
:047842000000000042
:047843000000000041
:047844000000000040
:04784500000000003F
:04784600000000003E
:04784700000000003D
:04784800000000003C
:04784900000000003B
:04784A00000000003A
:04784B000000000039
:04784C000000000038
:04784D000000000037
:04784E000000000036
:04784F000000000035
:047850000000000034
:047851000000000033
:047852000000000032
:047853000000000031
:047854000000000030
:04785500000000002F
:04785600000000002E
:04785700000000002D
:04785800000000002C
:04785900000000002B
:04785A00000000002A
:04785B000000000029
:04785C000000000028
:04785D000000000027
:04785E000000000026
:04785F000000000025
:047860000000000024
:047861000000000023
:047862000000000022
:047863000000000021
:047864000000000020
:04786500000000001F
:04786600000000001E
:04786700000000001D
:04786800000000001C
:04786900000000001B
:04786A00000000001A
:04786B000000000019
:04786C000000000018
:04786D000000000017
:04786E000000000016
:04786F000000000015
:047870000000000014
:047871000000000013
:047872000000000012
:047873000000000011
:047874000000000010
:04787500000000000F
:04787600000000000E
:04787700000000000D
:04787800000000000C
:04787900000000000B
:04787A00000000000A
:04787B000000000009
:04787C000000000008
:04787D000000000007
:04787E000000000006
:04787F000000000005
:047880000000000004
:047881000000000003
:047882000000000002
:047883000000000001
:047884000000000000
:0478850000000000FF
:0478860000000000FE
:0478870000000000FD
:0478880000000000FC
:0478890000000000FB
:04788A0000000000FA
:04788B0000000000F9
:04788C0000000000F8
:04788D0000000000F7
:04788E0000000000F6
:04788F0000000000F5
:0478900000000000F4
:0478910000000000F3
:0478920000000000F2
:0478930000000000F1
:0478940000000000F0
:0478950000000000EF
:0478960000000000EE
:0478970000000000ED
:0478980000000000EC
:0478990000000000EB
:04789A0000000000EA
:04789B0000000000E9
:04789C0000000000E8
:04789D0000000000E7
:04789E0000000000E6
:04789F0000000000E5
:0478A00000000000E4
:0478A10000000000E3
:0478A20000000000E2
:0478A30000000000E1
:0478A40000000000E0
:0478A50000000000DF
:0478A60000000000DE
:0478A70000000000DD
:0478A80000000000DC
:0478A90000000000DB
:0478AA0000000000DA
:0478AB0000000000D9
:0478AC0000000000D8
:0478AD0000000000D7
:0478AE0000000000D6
:0478AF0000000000D5
:0478B00000000000D4
:0478B10000000000D3
:0478B20000000000D2
:0478B30000000000D1
:0478B40000000000D0
:0478B50000000000CF
:0478B60000000000CE
:0478B70000000000CD
:0478B80000000000CC
:0478B90000000000CB
:0478BA0000000000CA
:0478BB0000000000C9
:0478BC0000000000C8
:0478BD0000000000C7
:0478BE0000000000C6
:0478BF0000000000C5
:0478C00000000000C4
:0478C10000000000C3
:0478C20000000000C2
:0478C30000000000C1
:0478C40000000000C0
:0478C50000000000BF
:0478C60000000000BE
:0478C70000000000BD
:0478C80000000000BC
:0478C90000000000BB
:0478CA0000000000BA
:0478CB0000000000B9
:0478CC0000000000B8
:0478CD0000000000B7
:0478CE0000000000B6
:0478CF0000000000B5
:0478D00000000000B4
:0478D10000000000B3
:0478D20000000000B2
:0478D30000000000B1
:0478D40000000000B0
:0478D50000000000AF
:0478D60000000000AE
:0478D70000000000AD
:0478D80000000000AC
:0478D90000000000AB
:0478DA0000000000AA
:0478DB0000000000A9
:0478DC0000000000A8
:0478DD0000000000A7
:0478DE0000000000A6
:0478DF0000000000A5
:0478E00000000000A4
:0478E10000000000A3
:0478E20000000000A2
:0478E30000000000A1
:0478E40000000000A0
:0478E500000000009F
:0478E600000000009E
:0478E700000000009D
:0478E800000000009C
:0478E900000000009B
:0478EA00000000009A
:0478EB000000000099
:0478EC000000000098
:0478ED000000000097
:0478EE000000000096
:0478EF000000000095
:0478F0000000000094
:0478F1000000000093
:0478F2000000000092
:0478F3000000000091
:0478F4000000000090
:0478F500000000008F
:0478F600000000008E
:0478F700000000008D
:0478F800000000008C
:0478F900000000008B
:0478FA00000000008A
:0478FB000000000089
:0478FC000000000088
:0478FD000000000087
:0478FE000000000086
:0478FF000000000085
:047900000000000083
:047901000000000082
:047902000000000081
:047903000000000080
:04790400000000007F
:04790500000000007E
:04790600000000007D
:04790700000000007C
:04790800000000007B
:04790900000000007A
:04790A000000000079
:04790B000000000078
:04790C000000000077
:04790D000000000076
:04790E000000000075
:04790F000000000074
:047910000000000073
:047911000000000072
:047912000000000071
:047913000000000070
:04791400000000006F
:04791500000000006E
:04791600000000006D
:04791700000000006C
:04791800000000006B
:04791900000000006A
:04791A000000000069
:04791B000000000068
:04791C000000000067
:04791D000000000066
:04791E000000000065
:04791F000000000064
:047920000000000063
:047921000000000062
:047922000000000061
:047923000000000060
:04792400000000005F
:04792500000000005E
:04792600000000005D
:04792700000000005C
:04792800000000005B
:04792900000000005A
:04792A000000000059
:04792B000000000058
:04792C000000000057
:04792D000000000056
:04792E000000000055
:04792F000000000054
:047930000000000053
:047931000000000052
:047932000000000051
:047933000000000050
:04793400000000004F
:04793500000000004E
:04793600000000004D
:04793700000000004C
:04793800000000004B
:04793900000000004A
:04793A000000000049
:04793B000000000048
:04793C000000000047
:04793D000000000046
:04793E000000000045
:04793F000000000044
:047940000000000043
:047941000000000042
:047942000000000041
:047943000000000040
:04794400000000003F
:04794500000000003E
:04794600000000003D
:04794700000000003C
:04794800000000003B
:04794900000000003A
:04794A000000000039
:04794B000000000038
:04794C000000000037
:04794D000000000036
:04794E000000000035
:04794F000000000034
:047950000000000033
:047951000000000032
:047952000000000031
:047953000000000030
:04795400000000002F
:04795500000000002E
:04795600000000002D
:04795700000000002C
:04795800000000002B
:04795900000000002A
:04795A000000000029
:04795B000000000028
:04795C000000000027
:04795D000000000026
:04795E000000000025
:04795F000000000024
:047960000000000023
:047961000000000022
:047962000000000021
:047963000000000020
:04796400000000001F
:04796500000000001E
:04796600000000001D
:04796700000000001C
:04796800000000001B
:04796900000000001A
:04796A000000000019
:04796B000000000018
:04796C000000000017
:04796D000000000016
:04796E000000000015
:04796F000000000014
:047970000000000013
:047971000000000012
:047972000000000011
:047973000000000010
:04797400000000000F
:04797500000000000E
:04797600000000000D
:04797700000000000C
:04797800000000000B
:04797900000000000A
:04797A000000000009
:04797B000000000008
:04797C000000000007
:04797D000000000006
:04797E000000000005
:04797F000000000004
:047980000000000003
:047981000000000002
:047982000000000001
:047983000000000000
:0479840000000000FF
:0479850000000000FE
:0479860000000000FD
:0479870000000000FC
:0479880000000000FB
:0479890000000000FA
:04798A0000000000F9
:04798B0000000000F8
:04798C0000000000F7
:04798D0000000000F6
:04798E0000000000F5
:04798F0000000000F4
:0479900000000000F3
:0479910000000000F2
:0479920000000000F1
:0479930000000000F0
:0479940000000000EF
:0479950000000000EE
:0479960000000000ED
:0479970000000000EC
:0479980000000000EB
:0479990000000000EA
:04799A0000000000E9
:04799B0000000000E8
:04799C0000000000E7
:04799D0000000000E6
:04799E0000000000E5
:04799F0000000000E4
:0479A00000000000E3
:0479A10000000000E2
:0479A20000000000E1
:0479A30000000000E0
:0479A40000000000DF
:0479A50000000000DE
:0479A60000000000DD
:0479A70000000000DC
:0479A80000000000DB
:0479A90000000000DA
:0479AA0000000000D9
:0479AB0000000000D8
:0479AC0000000000D7
:0479AD0000000000D6
:0479AE0000000000D5
:0479AF0000000000D4
:0479B00000000000D3
:0479B10000000000D2
:0479B20000000000D1
:0479B30000000000D0
:0479B40000000000CF
:0479B50000000000CE
:0479B60000000000CD
:0479B70000000000CC
:0479B80000000000CB
:0479B90000000000CA
:0479BA0000000000C9
:0479BB0000000000C8
:0479BC0000000000C7
:0479BD0000000000C6
:0479BE0000000000C5
:0479BF0000000000C4
:0479C00000000000C3
:0479C10000000000C2
:0479C20000000000C1
:0479C30000000000C0
:0479C40000000000BF
:0479C50000000000BE
:0479C60000000000BD
:0479C70000000000BC
:0479C80000000000BB
:0479C90000000000BA
:0479CA0000000000B9
:0479CB0000000000B8
:0479CC0000000000B7
:0479CD0000000000B6
:0479CE0000000000B5
:0479CF0000000000B4
:0479D00000000000B3
:0479D10000000000B2
:0479D20000000000B1
:0479D30000000000B0
:0479D40000000000AF
:0479D50000000000AE
:0479D60000000000AD
:0479D70000000000AC
:0479D80000000000AB
:0479D90000000000AA
:0479DA0000000000A9
:0479DB0000000000A8
:0479DC0000000000A7
:0479DD0000000000A6
:0479DE0000000000A5
:0479DF0000000000A4
:0479E00000000000A3
:0479E10000000000A2
:0479E20000000000A1
:0479E30000000000A0
:0479E400000000009F
:0479E500000000009E
:0479E600000000009D
:0479E700000000009C
:0479E800000000009B
:0479E900000000009A
:0479EA000000000099
:0479EB000000000098
:0479EC000000000097
:0479ED000000000096
:0479EE000000000095
:0479EF000000000094
:0479F0000000000093
:0479F1000000000092
:0479F2000000000091
:0479F3000000000090
:0479F400000000008F
:0479F500000000008E
:0479F600000000008D
:0479F700000000008C
:0479F800000000008B
:0479F900000000008A
:0479FA000000000089
:0479FB000000000088
:0479FC000000000087
:0479FD000000000086
:0479FE000000000085
:0479FF000000000084
:047A00000000000082
:047A01000000000081
:047A02000000000080
:047A0300000000007F
:047A0400000000007E
:047A0500000000007D
:047A0600000000007C
:047A0700000000007B
:047A0800000000007A
:047A09000000000079
:047A0A000000000078
:047A0B000000000077
:047A0C000000000076
:047A0D000000000075
:047A0E000000000074
:047A0F000000000073
:047A10000000000072
:047A11000000000071
:047A12000000000070
:047A1300000000006F
:047A1400000000006E
:047A1500000000006D
:047A1600000000006C
:047A1700000000006B
:047A1800000000006A
:047A19000000000069
:047A1A000000000068
:047A1B000000000067
:047A1C000000000066
:047A1D000000000065
:047A1E000000000064
:047A1F000000000063
:047A20000000000062
:047A21000000000061
:047A22000000000060
:047A2300000000005F
:047A2400000000005E
:047A2500000000005D
:047A2600000000005C
:047A2700000000005B
:047A2800000000005A
:047A29000000000059
:047A2A000000000058
:047A2B000000000057
:047A2C000000000056
:047A2D000000000055
:047A2E000000000054
:047A2F000000000053
:047A30000000000052
:047A31000000000051
:047A32000000000050
:047A3300000000004F
:047A3400000000004E
:047A3500000000004D
:047A3600000000004C
:047A3700000000004B
:047A3800000000004A
:047A39000000000049
:047A3A000000000048
:047A3B000000000047
:047A3C000000000046
:047A3D000000000045
:047A3E000000000044
:047A3F000000000043
:047A40000000000042
:047A41000000000041
:047A42000000000040
:047A4300000000003F
:047A4400000000003E
:047A4500000000003D
:047A4600000000003C
:047A4700000000003B
:047A4800000000003A
:047A49000000000039
:047A4A000000000038
:047A4B000000000037
:047A4C000000000036
:047A4D000000000035
:047A4E000000000034
:047A4F000000000033
:047A50000000000032
:047A51000000000031
:047A52000000000030
:047A5300000000002F
:047A5400000000002E
:047A5500000000002D
:047A5600000000002C
:047A5700000000002B
:047A5800000000002A
:047A59000000000029
:047A5A000000000028
:047A5B000000000027
:047A5C000000000026
:047A5D000000000025
:047A5E000000000024
:047A5F000000000023
:047A60000000000022
:047A61000000000021
:047A62000000000020
:047A6300000000001F
:047A6400000000001E
:047A6500000000001D
:047A6600000000001C
:047A6700000000001B
:047A6800000000001A
:047A69000000000019
:047A6A000000000018
:047A6B000000000017
:047A6C000000000016
:047A6D000000000015
:047A6E000000000014
:047A6F000000000013
:047A70000000000012
:047A71000000000011
:047A72000000000010
:047A7300000000000F
:047A7400000000000E
:047A7500000000000D
:047A7600000000000C
:047A7700000000000B
:047A7800000000000A
:047A79000000000009
:047A7A000000000008
:047A7B000000000007
:047A7C000000000006
:047A7D000000000005
:047A7E000000000004
:047A7F000000000003
:047A80000000000002
:047A81000000000001
:047A82000000000000
:047A830000000000FF
:047A840000000000FE
:047A850000000000FD
:047A860000000000FC
:047A870000000000FB
:047A880000000000FA
:047A890000000000F9
:047A8A0000000000F8
:047A8B0000000000F7
:047A8C0000000000F6
:047A8D0000000000F5
:047A8E0000000000F4
:047A8F0000000000F3
:047A900000000000F2
:047A910000000000F1
:047A920000000000F0
:047A930000000000EF
:047A940000000000EE
:047A950000000000ED
:047A960000000000EC
:047A970000000000EB
:047A980000000000EA
:047A990000000000E9
:047A9A0000000000E8
:047A9B0000000000E7
:047A9C0000000000E6
:047A9D0000000000E5
:047A9E0000000000E4
:047A9F0000000000E3
:047AA00000000000E2
:047AA10000000000E1
:047AA20000000000E0
:047AA30000000000DF
:047AA40000000000DE
:047AA50000000000DD
:047AA60000000000DC
:047AA70000000000DB
:047AA80000000000DA
:047AA90000000000D9
:047AAA0000000000D8
:047AAB0000000000D7
:047AAC0000000000D6
:047AAD0000000000D5
:047AAE0000000000D4
:047AAF0000000000D3
:047AB00000000000D2
:047AB10000000000D1
:047AB20000000000D0
:047AB30000000000CF
:047AB40000000000CE
:047AB50000000000CD
:047AB60000000000CC
:047AB70000000000CB
:047AB80000000000CA
:047AB90000000000C9
:047ABA0000000000C8
:047ABB0000000000C7
:047ABC0000000000C6
:047ABD0000000000C5
:047ABE0000000000C4
:047ABF0000000000C3
:047AC00000000000C2
:047AC10000000000C1
:047AC20000000000C0
:047AC30000000000BF
:047AC40000000000BE
:047AC50000000000BD
:047AC60000000000BC
:047AC70000000000BB
:047AC80000000000BA
:047AC90000000000B9
:047ACA0000000000B8
:047ACB0000000000B7
:047ACC0000000000B6
:047ACD0000000000B5
:047ACE0000000000B4
:047ACF0000000000B3
:047AD00000000000B2
:047AD10000000000B1
:047AD20000000000B0
:047AD30000000000AF
:047AD40000000000AE
:047AD50000000000AD
:047AD60000000000AC
:047AD70000000000AB
:047AD80000000000AA
:047AD90000000000A9
:047ADA0000000000A8
:047ADB0000000000A7
:047ADC0000000000A6
:047ADD0000000000A5
:047ADE0000000000A4
:047ADF0000000000A3
:047AE00000000000A2
:047AE10000000000A1
:047AE20000000000A0
:047AE300000000009F
:047AE400000000009E
:047AE500000000009D
:047AE600000000009C
:047AE700000000009B
:047AE800000000009A
:047AE9000000000099
:047AEA000000000098
:047AEB000000000097
:047AEC000000000096
:047AED000000000095
:047AEE000000000094
:047AEF000000000093
:047AF0000000000092
:047AF1000000000091
:047AF2000000000090
:047AF300000000008F
:047AF400000000008E
:047AF500000000008D
:047AF600000000008C
:047AF700000000008B
:047AF800000000008A
:047AF9000000000089
:047AFA000000000088
:047AFB000000000087
:047AFC000000000086
:047AFD000000000085
:047AFE000000000084
:047AFF000000000083
:047B00000000000081
:047B01000000000080
:047B0200000000007F
:047B0300000000007E
:047B0400000000007D
:047B0500000000007C
:047B0600000000007B
:047B0700000000007A
:047B08000000000079
:047B09000000000078
:047B0A000000000077
:047B0B000000000076
:047B0C000000000075
:047B0D000000000074
:047B0E000000000073
:047B0F000000000072
:047B10000000000071
:047B11000000000070
:047B1200000000006F
:047B1300000000006E
:047B1400000000006D
:047B1500000000006C
:047B1600000000006B
:047B1700000000006A
:047B18000000000069
:047B19000000000068
:047B1A000000000067
:047B1B000000000066
:047B1C000000000065
:047B1D000000000064
:047B1E000000000063
:047B1F000000000062
:047B20000000000061
:047B21000000000060
:047B2200000000005F
:047B2300000000005E
:047B2400000000005D
:047B2500000000005C
:047B2600000000005B
:047B2700000000005A
:047B28000000000059
:047B29000000000058
:047B2A000000000057
:047B2B000000000056
:047B2C000000000055
:047B2D000000000054
:047B2E000000000053
:047B2F000000000052
:047B30000000000051
:047B31000000000050
:047B3200000000004F
:047B3300000000004E
:047B3400000000004D
:047B3500000000004C
:047B3600000000004B
:047B3700000000004A
:047B38000000000049
:047B39000000000048
:047B3A000000000047
:047B3B000000000046
:047B3C000000000045
:047B3D000000000044
:047B3E000000000043
:047B3F000000000042
:047B40000000000041
:047B41000000000040
:047B4200000000003F
:047B4300000000003E
:047B4400000000003D
:047B4500000000003C
:047B4600000000003B
:047B4700000000003A
:047B48000000000039
:047B49000000000038
:047B4A000000000037
:047B4B000000000036
:047B4C000000000035
:047B4D000000000034
:047B4E000000000033
:047B4F000000000032
:047B50000000000031
:047B51000000000030
:047B5200000000002F
:047B5300000000002E
:047B5400000000002D
:047B5500000000002C
:047B5600000000002B
:047B5700000000002A
:047B58000000000029
:047B59000000000028
:047B5A000000000027
:047B5B000000000026
:047B5C000000000025
:047B5D000000000024
:047B5E000000000023
:047B5F000000000022
:047B60000000000021
:047B61000000000020
:047B6200000000001F
:047B6300000000001E
:047B6400000000001D
:047B6500000000001C
:047B6600000000001B
:047B6700000000001A
:047B68000000000019
:047B69000000000018
:047B6A000000000017
:047B6B000000000016
:047B6C000000000015
:047B6D000000000014
:047B6E000000000013
:047B6F000000000012
:047B70000000000011
:047B71000000000010
:047B7200000000000F
:047B7300000000000E
:047B7400000000000D
:047B7500000000000C
:047B7600000000000B
:047B7700000000000A
:047B78000000000009
:047B79000000000008
:047B7A000000000007
:047B7B000000000006
:047B7C000000000005
:047B7D000000000004
:047B7E000000000003
:047B7F000000000002
:047B80000000000001
:047B81000000000000
:047B820000000000FF
:047B830000000000FE
:047B840000000000FD
:047B850000000000FC
:047B860000000000FB
:047B870000000000FA
:047B880000000000F9
:047B890000000000F8
:047B8A0000000000F7
:047B8B0000000000F6
:047B8C0000000000F5
:047B8D0000000000F4
:047B8E0000000000F3
:047B8F0000000000F2
:047B900000000000F1
:047B910000000000F0
:047B920000000000EF
:047B930000000000EE
:047B940000000000ED
:047B950000000000EC
:047B960000000000EB
:047B970000000000EA
:047B980000000000E9
:047B990000000000E8
:047B9A0000000000E7
:047B9B0000000000E6
:047B9C0000000000E5
:047B9D0000000000E4
:047B9E0000000000E3
:047B9F0000000000E2
:047BA00000000000E1
:047BA10000000000E0
:047BA20000000000DF
:047BA30000000000DE
:047BA40000000000DD
:047BA50000000000DC
:047BA60000000000DB
:047BA70000000000DA
:047BA80000000000D9
:047BA90000000000D8
:047BAA0000000000D7
:047BAB0000000000D6
:047BAC0000000000D5
:047BAD0000000000D4
:047BAE0000000000D3
:047BAF0000000000D2
:047BB00000000000D1
:047BB10000000000D0
:047BB20000000000CF
:047BB30000000000CE
:047BB40000000000CD
:047BB50000000000CC
:047BB60000000000CB
:047BB70000000000CA
:047BB80000000000C9
:047BB90000000000C8
:047BBA0000000000C7
:047BBB0000000000C6
:047BBC0000000000C5
:047BBD0000000000C4
:047BBE0000000000C3
:047BBF0000000000C2
:047BC00000000000C1
:047BC10000000000C0
:047BC20000000000BF
:047BC30000000000BE
:047BC40000000000BD
:047BC50000000000BC
:047BC60000000000BB
:047BC70000000000BA
:047BC80000000000B9
:047BC90000000000B8
:047BCA0000000000B7
:047BCB0000000000B6
:047BCC0000000000B5
:047BCD0000000000B4
:047BCE0000000000B3
:047BCF0000000000B2
:047BD00000000000B1
:047BD10000000000B0
:047BD20000000000AF
:047BD30000000000AE
:047BD40000000000AD
:047BD50000000000AC
:047BD60000000000AB
:047BD70000000000AA
:047BD80000000000A9
:047BD90000000000A8
:047BDA0000000000A7
:047BDB0000000000A6
:047BDC0000000000A5
:047BDD0000000000A4
:047BDE0000000000A3
:047BDF0000000000A2
:047BE00000000000A1
:047BE10000000000A0
:047BE200000000009F
:047BE300000000009E
:047BE400000000009D
:047BE500000000009C
:047BE600000000009B
:047BE700000000009A
:047BE8000000000099
:047BE9000000000098
:047BEA000000000097
:047BEB000000000096
:047BEC000000000095
:047BED000000000094
:047BEE000000000093
:047BEF000000000092
:047BF0000000000091
:047BF1000000000090
:047BF200000000008F
:047BF300000000008E
:047BF400000000008D
:047BF500000000008C
:047BF600000000008B
:047BF700000000008A
:047BF8000000000089
:047BF9000000000088
:047BFA000000000087
:047BFB000000000086
:047BFC000000000085
:047BFD000000000084
:047BFE000000000083
:047BFF000000000082
:047C00000000000080
:047C0100000000007F
:047C0200000000007E
:047C0300000000007D
:047C0400000000007C
:047C0500000000007B
:047C0600000000007A
:047C07000000000079
:047C08000000000078
:047C09000000000077
:047C0A000000000076
:047C0B000000000075
:047C0C000000000074
:047C0D000000000073
:047C0E000000000072
:047C0F000000000071
:047C10000000000070
:047C1100000000006F
:047C1200000000006E
:047C1300000000006D
:047C1400000000006C
:047C1500000000006B
:047C1600000000006A
:047C17000000000069
:047C18000000000068
:047C19000000000067
:047C1A000000000066
:047C1B000000000065
:047C1C000000000064
:047C1D000000000063
:047C1E000000000062
:047C1F000000000061
:047C20000000000060
:047C2100000000005F
:047C2200000000005E
:047C2300000000005D
:047C2400000000005C
:047C2500000000005B
:047C2600000000005A
:047C27000000000059
:047C28000000000058
:047C29000000000057
:047C2A000000000056
:047C2B000000000055
:047C2C000000000054
:047C2D000000000053
:047C2E000000000052
:047C2F000000000051
:047C30000000000050
:047C3100000000004F
:047C3200000000004E
:047C3300000000004D
:047C3400000000004C
:047C3500000000004B
:047C3600000000004A
:047C37000000000049
:047C38000000000048
:047C39000000000047
:047C3A000000000046
:047C3B000000000045
:047C3C000000000044
:047C3D000000000043
:047C3E000000000042
:047C3F000000000041
:047C40000000000040
:047C4100000000003F
:047C4200000000003E
:047C4300000000003D
:047C4400000000003C
:047C4500000000003B
:047C4600000000003A
:047C47000000000039
:047C48000000000038
:047C49000000000037
:047C4A000000000036
:047C4B000000000035
:047C4C000000000034
:047C4D000000000033
:047C4E000000000032
:047C4F000000000031
:047C50000000000030
:047C5100000000002F
:047C5200000000002E
:047C5300000000002D
:047C5400000000002C
:047C5500000000002B
:047C5600000000002A
:047C57000000000029
:047C58000000000028
:047C59000000000027
:047C5A000000000026
:047C5B000000000025
:047C5C000000000024
:047C5D000000000023
:047C5E000000000022
:047C5F000000000021
:047C60000000000020
:047C6100000000001F
:047C6200000000001E
:047C6300000000001D
:047C6400000000001C
:047C6500000000001B
:047C6600000000001A
:047C67000000000019
:047C68000000000018
:047C69000000000017
:047C6A000000000016
:047C6B000000000015
:047C6C000000000014
:047C6D000000000013
:047C6E000000000012
:047C6F000000000011
:047C70000000000010
:047C7100000000000F
:047C7200000000000E
:047C7300000000000D
:047C7400000000000C
:047C7500000000000B
:047C7600000000000A
:047C77000000000009
:047C78000000000008
:047C79000000000007
:047C7A000000000006
:047C7B000000000005
:047C7C000000000004
:047C7D000000000003
:047C7E000000000002
:047C7F000000000001
:047C80000000000000
:047C810000000000FF
:047C820000000000FE
:047C830000000000FD
:047C840000000000FC
:047C850000000000FB
:047C860000000000FA
:047C870000000000F9
:047C880000000000F8
:047C890000000000F7
:047C8A0000000000F6
:047C8B0000000000F5
:047C8C0000000000F4
:047C8D0000000000F3
:047C8E0000000000F2
:047C8F0000000000F1
:047C900000000000F0
:047C910000000000EF
:047C920000000000EE
:047C930000000000ED
:047C940000000000EC
:047C950000000000EB
:047C960000000000EA
:047C970000000000E9
:047C980000000000E8
:047C990000000000E7
:047C9A0000000000E6
:047C9B0000000000E5
:047C9C0000000000E4
:047C9D0000000000E3
:047C9E0000000000E2
:047C9F0000000000E1
:047CA00000000000E0
:047CA10000000000DF
:047CA20000000000DE
:047CA30000000000DD
:047CA40000000000DC
:047CA50000000000DB
:047CA60000000000DA
:047CA70000000000D9
:047CA80000000000D8
:047CA90000000000D7
:047CAA0000000000D6
:047CAB0000000000D5
:047CAC0000000000D4
:047CAD0000000000D3
:047CAE0000000000D2
:047CAF0000000000D1
:047CB00000000000D0
:047CB10000000000CF
:047CB20000000000CE
:047CB30000000000CD
:047CB40000000000CC
:047CB50000000000CB
:047CB60000000000CA
:047CB70000000000C9
:047CB80000000000C8
:047CB90000000000C7
:047CBA0000000000C6
:047CBB0000000000C5
:047CBC0000000000C4
:047CBD0000000000C3
:047CBE0000000000C2
:047CBF0000000000C1
:047CC00000000000C0
:047CC10000000000BF
:047CC20000000000BE
:047CC30000000000BD
:047CC40000000000BC
:047CC50000000000BB
:047CC60000000000BA
:047CC70000000000B9
:047CC80000000000B8
:047CC90000000000B7
:047CCA0000000000B6
:047CCB0000000000B5
:047CCC0000000000B4
:047CCD0000000000B3
:047CCE0000000000B2
:047CCF0000000000B1
:047CD00000000000B0
:047CD10000000000AF
:047CD20000000000AE
:047CD30000000000AD
:047CD40000000000AC
:047CD50000000000AB
:047CD60000000000AA
:047CD70000000000A9
:047CD80000000000A8
:047CD90000000000A7
:047CDA0000000000A6
:047CDB0000000000A5
:047CDC0000000000A4
:047CDD0000000000A3
:047CDE0000000000A2
:047CDF0000000000A1
:047CE00000000000A0
:047CE100000000009F
:047CE200000000009E
:047CE300000000009D
:047CE400000000009C
:047CE500000000009B
:047CE600000000009A
:047CE7000000000099
:047CE8000000000098
:047CE9000000000097
:047CEA000000000096
:047CEB000000000095
:047CEC000000000094
:047CED000000000093
:047CEE000000000092
:047CEF000000000091
:047CF0000000000090
:047CF100000000008F
:047CF200000000008E
:047CF300000000008D
:047CF400000000008C
:047CF500000000008B
:047CF600000000008A
:047CF7000000000089
:047CF8000000000088
:047CF9000000000087
:047CFA000000000086
:047CFB000000000085
:047CFC000000000084
:047CFD000000000083
:047CFE000000000082
:047CFF000000000081
:047D0000000000007F
:047D0100000000007E
:047D0200000000007D
:047D0300000000007C
:047D0400000000007B
:047D0500000000007A
:047D06000000000079
:047D07000000000078
:047D08000000000077
:047D09000000000076
:047D0A000000000075
:047D0B000000000074
:047D0C000000000073
:047D0D000000000072
:047D0E000000000071
:047D0F000000000070
:047D1000000000006F
:047D1100000000006E
:047D1200000000006D
:047D1300000000006C
:047D1400000000006B
:047D1500000000006A
:047D16000000000069
:047D17000000000068
:047D18000000000067
:047D19000000000066
:047D1A000000000065
:047D1B000000000064
:047D1C000000000063
:047D1D000000000062
:047D1E000000000061
:047D1F000000000060
:047D2000000000005F
:047D2100000000005E
:047D2200000000005D
:047D2300000000005C
:047D2400000000005B
:047D2500000000005A
:047D26000000000059
:047D27000000000058
:047D28000000000057
:047D29000000000056
:047D2A000000000055
:047D2B000000000054
:047D2C000000000053
:047D2D000000000052
:047D2E000000000051
:047D2F000000000050
:047D3000000000004F
:047D3100000000004E
:047D3200000000004D
:047D3300000000004C
:047D3400000000004B
:047D3500000000004A
:047D36000000000049
:047D37000000000048
:047D38000000000047
:047D39000000000046
:047D3A000000000045
:047D3B000000000044
:047D3C000000000043
:047D3D000000000042
:047D3E000000000041
:047D3F000000000040
:047D4000000000003F
:047D4100000000003E
:047D4200000000003D
:047D4300000000003C
:047D4400000000003B
:047D4500000000003A
:047D46000000000039
:047D47000000000038
:047D48000000000037
:047D49000000000036
:047D4A000000000035
:047D4B000000000034
:047D4C000000000033
:047D4D000000000032
:047D4E000000000031
:047D4F000000000030
:047D5000000000002F
:047D5100000000002E
:047D5200000000002D
:047D5300000000002C
:047D5400000000002B
:047D5500000000002A
:047D56000000000029
:047D57000000000028
:047D58000000000027
:047D59000000000026
:047D5A000000000025
:047D5B000000000024
:047D5C000000000023
:047D5D000000000022
:047D5E000000000021
:047D5F000000000020
:047D6000000000001F
:047D6100000000001E
:047D6200000000001D
:047D6300000000001C
:047D6400000000001B
:047D6500000000001A
:047D66000000000019
:047D67000000000018
:047D68000000000017
:047D69000000000016
:047D6A000000000015
:047D6B000000000014
:047D6C000000000013
:047D6D000000000012
:047D6E000000000011
:047D6F000000000010
:047D7000000000000F
:047D7100000000000E
:047D7200000000000D
:047D7300000000000C
:047D7400000000000B
:047D7500000000000A
:047D76000000000009
:047D77000000000008
:047D78000000000007
:047D79000000000006
:047D7A000000000005
:047D7B000000000004
:047D7C000000000003
:047D7D000000000002
:047D7E000000000001
:047D7F000000000000
:047D800000000000FF
:047D810000000000FE
:047D820000000000FD
:047D830000000000FC
:047D840000000000FB
:047D850000000000FA
:047D860000000000F9
:047D870000000000F8
:047D880000000000F7
:047D890000000000F6
:047D8A0000000000F5
:047D8B0000000000F4
:047D8C0000000000F3
:047D8D0000000000F2
:047D8E0000000000F1
:047D8F0000000000F0
:047D900000000000EF
:047D910000000000EE
:047D920000000000ED
:047D930000000000EC
:047D940000000000EB
:047D950000000000EA
:047D960000000000E9
:047D970000000000E8
:047D980000000000E7
:047D990000000000E6
:047D9A0000000000E5
:047D9B0000000000E4
:047D9C0000000000E3
:047D9D0000000000E2
:047D9E0000000000E1
:047D9F0000000000E0
:047DA00000000000DF
:047DA10000000000DE
:047DA20000000000DD
:047DA30000000000DC
:047DA40000000000DB
:047DA50000000000DA
:047DA60000000000D9
:047DA70000000000D8
:047DA80000000000D7
:047DA90000000000D6
:047DAA0000000000D5
:047DAB0000000000D4
:047DAC0000000000D3
:047DAD0000000000D2
:047DAE0000000000D1
:047DAF0000000000D0
:047DB00000000000CF
:047DB10000000000CE
:047DB20000000000CD
:047DB30000000000CC
:047DB40000000000CB
:047DB50000000000CA
:047DB60000000000C9
:047DB70000000000C8
:047DB80000000000C7
:047DB90000000000C6
:047DBA0000000000C5
:047DBB0000000000C4
:047DBC0000000000C3
:047DBD0000000000C2
:047DBE0000000000C1
:047DBF0000000000C0
:047DC00000000000BF
:047DC10000000000BE
:047DC20000000000BD
:047DC30000000000BC
:047DC40000000000BB
:047DC50000000000BA
:047DC60000000000B9
:047DC70000000000B8
:047DC80000000000B7
:047DC90000000000B6
:047DCA0000000000B5
:047DCB0000000000B4
:047DCC0000000000B3
:047DCD0000000000B2
:047DCE0000000000B1
:047DCF0000000000B0
:047DD00000000000AF
:047DD10000000000AE
:047DD20000000000AD
:047DD30000000000AC
:047DD40000000000AB
:047DD50000000000AA
:047DD60000000000A9
:047DD70000000000A8
:047DD80000000000A7
:047DD90000000000A6
:047DDA0000000000A5
:047DDB0000000000A4
:047DDC0000000000A3
:047DDD0000000000A2
:047DDE0000000000A1
:047DDF0000000000A0
:047DE000000000009F
:047DE100000000009E
:047DE200000000009D
:047DE300000000009C
:047DE400000000009B
:047DE500000000009A
:047DE6000000000099
:047DE7000000000098
:047DE8000000000097
:047DE9000000000096
:047DEA000000000095
:047DEB000000000094
:047DEC000000000093
:047DED000000000092
:047DEE000000000091
:047DEF000000000090
:047DF000000000008F
:047DF100000000008E
:047DF200000000008D
:047DF300000000008C
:047DF400000000008B
:047DF500000000008A
:047DF6000000000089
:047DF7000000000088
:047DF8000000000087
:047DF9000000000086
:047DFA000000000085
:047DFB000000000084
:047DFC000000000083
:047DFD000000000082
:047DFE000000000081
:047DFF000000000080
:047E0000000000007E
:047E0100000000007D
:047E0200000000007C
:047E0300000000007B
:047E0400000000007A
:047E05000000000079
:047E06000000000078
:047E07000000000077
:047E08000000000076
:047E09000000000075
:047E0A000000000074
:047E0B000000000073
:047E0C000000000072
:047E0D000000000071
:047E0E000000000070
:047E0F00000000006F
:047E1000000000006E
:047E1100000000006D
:047E1200000000006C
:047E1300000000006B
:047E1400000000006A
:047E15000000000069
:047E16000000000068
:047E17000000000067
:047E18000000000066
:047E19000000000065
:047E1A000000000064
:047E1B000000000063
:047E1C000000000062
:047E1D000000000061
:047E1E000000000060
:047E1F00000000005F
:047E2000000000005E
:047E2100000000005D
:047E2200000000005C
:047E2300000000005B
:047E2400000000005A
:047E25000000000059
:047E26000000000058
:047E27000000000057
:047E28000000000056
:047E29000000000055
:047E2A000000000054
:047E2B000000000053
:047E2C000000000052
:047E2D000000000051
:047E2E000000000050
:047E2F00000000004F
:047E3000000000004E
:047E3100000000004D
:047E3200000000004C
:047E3300000000004B
:047E3400000000004A
:047E35000000000049
:047E36000000000048
:047E37000000000047
:047E38000000000046
:047E39000000000045
:047E3A000000000044
:047E3B000000000043
:047E3C000000000042
:047E3D000000000041
:047E3E000000000040
:047E3F00000000003F
:047E4000000000003E
:047E4100000000003D
:047E4200000000003C
:047E4300000000003B
:047E4400000000003A
:047E45000000000039
:047E46000000000038
:047E47000000000037
:047E48000000000036
:047E49000000000035
:047E4A000000000034
:047E4B000000000033
:047E4C000000000032
:047E4D000000000031
:047E4E000000000030
:047E4F00000000002F
:047E5000000000002E
:047E5100000000002D
:047E5200000000002C
:047E5300000000002B
:047E5400000000002A
:047E55000000000029
:047E56000000000028
:047E57000000000027
:047E58000000000026
:047E59000000000025
:047E5A000000000024
:047E5B000000000023
:047E5C000000000022
:047E5D000000000021
:047E5E000000000020
:047E5F00000000001F
:047E6000000000001E
:047E6100000000001D
:047E6200000000001C
:047E6300000000001B
:047E6400000000001A
:047E65000000000019
:047E66000000000018
:047E67000000000017
:047E68000000000016
:047E69000000000015
:047E6A000000000014
:047E6B000000000013
:047E6C000000000012
:047E6D000000000011
:047E6E000000000010
:047E6F00000000000F
:047E7000000000000E
:047E7100000000000D
:047E7200000000000C
:047E7300000000000B
:047E7400000000000A
:047E75000000000009
:047E76000000000008
:047E77000000000007
:047E78000000000006
:047E79000000000005
:047E7A000000000004
:047E7B000000000003
:047E7C000000000002
:047E7D000000000001
:047E7E000000000000
:047E7F0000000000FF
:047E800000000000FE
:047E810000000000FD
:047E820000000000FC
:047E830000000000FB
:047E840000000000FA
:047E850000000000F9
:047E860000000000F8
:047E870000000000F7
:047E880000000000F6
:047E890000000000F5
:047E8A0000000000F4
:047E8B0000000000F3
:047E8C0000000000F2
:047E8D0000000000F1
:047E8E0000000000F0
:047E8F0000000000EF
:047E900000000000EE
:047E910000000000ED
:047E920000000000EC
:047E930000000000EB
:047E940000000000EA
:047E950000000000E9
:047E960000000000E8
:047E970000000000E7
:047E980000000000E6
:047E990000000000E5
:047E9A0000000000E4
:047E9B0000000000E3
:047E9C0000000000E2
:047E9D0000000000E1
:047E9E0000000000E0
:047E9F0000000000DF
:047EA00000000000DE
:047EA10000000000DD
:047EA20000000000DC
:047EA30000000000DB
:047EA40000000000DA
:047EA50000000000D9
:047EA60000000000D8
:047EA70000000000D7
:047EA80000000000D6
:047EA90000000000D5
:047EAA0000000000D4
:047EAB0000000000D3
:047EAC0000000000D2
:047EAD0000000000D1
:047EAE0000000000D0
:047EAF0000000000CF
:047EB00000000000CE
:047EB10000000000CD
:047EB20000000000CC
:047EB30000000000CB
:047EB40000000000CA
:047EB50000000000C9
:047EB60000000000C8
:047EB70000000000C7
:047EB80000000000C6
:047EB90000000000C5
:047EBA0000000000C4
:047EBB0000000000C3
:047EBC0000000000C2
:047EBD0000000000C1
:047EBE0000000000C0
:047EBF0000000000BF
:047EC00000000000BE
:047EC10000000000BD
:047EC20000000000BC
:047EC30000000000BB
:047EC40000000000BA
:047EC50000000000B9
:047EC60000000000B8
:047EC70000000000B7
:047EC80000000000B6
:047EC90000000000B5
:047ECA0000000000B4
:047ECB0000000000B3
:047ECC0000000000B2
:047ECD0000000000B1
:047ECE0000000000B0
:047ECF0000000000AF
:047ED00000000000AE
:047ED10000000000AD
:047ED20000000000AC
:047ED30000000000AB
:047ED40000000000AA
:047ED50000000000A9
:047ED60000000000A8
:047ED70000000000A7
:047ED80000000000A6
:047ED90000000000A5
:047EDA0000000000A4
:047EDB0000000000A3
:047EDC0000000000A2
:047EDD0000000000A1
:047EDE0000000000A0
:047EDF00000000009F
:047EE000000000009E
:047EE100000000009D
:047EE200000000009C
:047EE300000000009B
:047EE400000000009A
:047EE5000000000099
:047EE6000000000098
:047EE7000000000097
:047EE8000000000096
:047EE9000000000095
:047EEA000000000094
:047EEB000000000093
:047EEC000000000092
:047EED000000000091
:047EEE000000000090
:047EEF00000000008F
:047EF000000000008E
:047EF100000000008D
:047EF200000000008C
:047EF300000000008B
:047EF400000000008A
:047EF5000000000089
:047EF6000000000088
:047EF7000000000087
:047EF8000000000086
:047EF9000000000085
:047EFA000000000084
:047EFB000000000083
:047EFC000000000082
:047EFD000000000081
:047EFE000000000080
:047EFF00000000007F
:047F0000000000007D
:047F0100000000007C
:047F0200000000007B
:047F0300000000007A
:047F04000000000079
:047F05000000000078
:047F06000000000077
:047F07000000000076
:047F08000000000075
:047F09000000000074
:047F0A000000000073
:047F0B000000000072
:047F0C000000000071
:047F0D000000000070
:047F0E00000000006F
:047F0F00000000006E
:047F1000000000006D
:047F1100000000006C
:047F1200000000006B
:047F1300000000006A
:047F14000000000069
:047F15000000000068
:047F16000000000067
:047F17000000000066
:047F18000000000065
:047F19000000000064
:047F1A000000000063
:047F1B000000000062
:047F1C000000000061
:047F1D000000000060
:047F1E00000000005F
:047F1F00000000005E
:047F2000000000005D
:047F2100000000005C
:047F2200000000005B
:047F2300000000005A
:047F24000000000059
:047F25000000000058
:047F26000000000057
:047F27000000000056
:047F28000000000055
:047F29000000000054
:047F2A000000000053
:047F2B000000000052
:047F2C000000000051
:047F2D000000000050
:047F2E00000000004F
:047F2F00000000004E
:047F3000000000004D
:047F3100000000004C
:047F3200000000004B
:047F3300000000004A
:047F34000000000049
:047F35000000000048
:047F36000000000047
:047F37000000000046
:047F38000000000045
:047F39000000000044
:047F3A000000000043
:047F3B000000000042
:047F3C000000000041
:047F3D000000000040
:047F3E00000000003F
:047F3F00000000003E
:047F4000000000003D
:047F4100000000003C
:047F4200000000003B
:047F4300000000003A
:047F44000000000039
:047F45000000000038
:047F46000000000037
:047F47000000000036
:047F48000000000035
:047F49000000000034
:047F4A000000000033
:047F4B000000000032
:047F4C000000000031
:047F4D000000000030
:047F4E00000000002F
:047F4F00000000002E
:047F5000000000002D
:047F5100000000002C
:047F5200000000002B
:047F5300000000002A
:047F54000000000029
:047F55000000000028
:047F56000000000027
:047F57000000000026
:047F58000000000025
:047F59000000000024
:047F5A000000000023
:047F5B000000000022
:047F5C000000000021
:047F5D000000000020
:047F5E00000000001F
:047F5F00000000001E
:047F6000000000001D
:047F6100000000001C
:047F6200000000001B
:047F6300000000001A
:047F64000000000019
:047F65000000000018
:047F66000000000017
:047F67000000000016
:047F68000000000015
:047F69000000000014
:047F6A000000000013
:047F6B000000000012
:047F6C000000000011
:047F6D000000000010
:047F6E00000000000F
:047F6F00000000000E
:047F7000000000000D
:047F7100000000000C
:047F7200000000000B
:047F7300000000000A
:047F74000000000009
:047F75000000000008
:047F76000000000007
:047F77000000000006
:047F78000000000005
:047F79000000000004
:047F7A000000000003
:047F7B000000000002
:047F7C000000000001
:047F7D000000000000
:047F7E0000000000FF
:047F7F0000000000FE
:047F800000000000FD
:047F810000000000FC
:047F820000000000FB
:047F830000000000FA
:047F840000000000F9
:047F850000000000F8
:047F860000000000F7
:047F870000000000F6
:047F880000000000F5
:047F890000000000F4
:047F8A0000000000F3
:047F8B0000000000F2
:047F8C0000000000F1
:047F8D0000000000F0
:047F8E0000000000EF
:047F8F0000000000EE
:047F900000000000ED
:047F910000000000EC
:047F920000000000EB
:047F930000000000EA
:047F940000000000E9
:047F950000000000E8
:047F960000000000E7
:047F970000000000E6
:047F980000000000E5
:047F990000000000E4
:047F9A0000000000E3
:047F9B0000000000E2
:047F9C0000000000E1
:047F9D0000000000E0
:047F9E0000000000DF
:047F9F0000000000DE
:047FA00000000000DD
:047FA10000000000DC
:047FA20000000000DB
:047FA30000000000DA
:047FA40000000000D9
:047FA50000000000D8
:047FA60000000000D7
:047FA70000000000D6
:047FA80000000000D5
:047FA90000000000D4
:047FAA0000000000D3
:047FAB0000000000D2
:047FAC0000000000D1
:047FAD0000000000D0
:047FAE0000000000CF
:047FAF0000000000CE
:047FB00000000000CD
:047FB10000000000CC
:047FB20000000000CB
:047FB30000000000CA
:047FB40000000000C9
:047FB50000000000C8
:047FB60000000000C7
:047FB70000000000C6
:047FB80000000000C5
:047FB90000000000C4
:047FBA0000000000C3
:047FBB0000000000C2
:047FBC0000000000C1
:047FBD0000000000C0
:047FBE0000000000BF
:047FBF0000000000BE
:047FC00000000000BD
:047FC10000000000BC
:047FC20000000000BB
:047FC30000000000BA
:047FC40000000000B9
:047FC50000000000B8
:047FC60000000000B7
:047FC70000000000B6
:047FC80000000000B5
:047FC90000000000B4
:047FCA0000000000B3
:047FCB0000000000B2
:047FCC0000000000B1
:047FCD0000000000B0
:047FCE0000000000AF
:047FCF0000000000AE
:047FD00000000000AD
:047FD10000000000AC
:047FD20000000000AB
:047FD30000000000AA
:047FD40000000000A9
:047FD50000000000A8
:047FD60000000000A7
:047FD70000000000A6
:047FD80000000000A5
:047FD90000000000A4
:047FDA0000000000A3
:047FDB0000000000A2
:047FDC0000000000A1
:047FDD0000000000A0
:047FDE00000000009F
:047FDF00000000009E
:047FE000000000009D
:047FE100000000009C
:047FE200000000009B
:047FE300000000009A
:047FE4000000000099
:047FE5000000000098
:047FE6000000000097
:047FE7000000000096
:047FE8000000000095
:047FE9000000000094
:047FEA000000000093
:047FEB000000000092
:047FEC000000000091
:047FED000000000090
:047FEE00000000008F
:047FEF00000000008E
:047FF000000000008D
:047FF100000000008C
:047FF200000000008B
:047FF300000000008A
:047FF4000000000089
:047FF5000000000088
:047FF6000000000087
:047FF7000000000086
:047FF8000000000085
:047FF9000000000084
:047FFA000000000083
:047FFB000000000082
:047FFC000000000081
:047FFD000000000080
:047FFE00000000007F
:047FFF00000000007E
:00000001FF
