:020000020000FC
:040000003640006F17
:0400010000000000FB
:0400020000000000FA
:0400030000000000F9
:0400040000000000F8
:0400050000000000F7
:0400060000000000F6
:0400070000000000F5
:04000800FC010113E3
:04000900001120239F
:04000A00005122235C
:04000B000061242349
:04000C000071262336
:04000D0000A1282303
:04000E0000B12A23F0
:04000F0000C12C23DD
:0400100000D12E23CA
:0400110002E12023C5
:0400120002F12223B2
:04001300030124239E
:04001400031126238B
:0400150003C12823D8
:0400160003D12A23C5
:0400170003E12C23B2
:0400180003F12E239F
:0400190034202573F7
:04001A00341025F386
:04001B0034302673E4
:04001C0019C000EF18
:04001D003415107313
:04001E00000120833A
:04001F0000412283F7
:040020000081230335
:0400210000C1238374
:04002200018126032F
:0400230001C126836E
:0400240002012703AB
:0400250002412783EA
:040026000281280328
:0400270002C1288367
:0400280003012E039F
:0400290003412E83DE
:04002A0003812F031C
:04002B0003C12F835B
:04002C0001012503A6
:04002D0001412583E5
:04002E0004010113B5
:04002F00302000730A
:0400300034302673CF
:04003100148000EF48
:0400320034151073FE
:04003300FADFF06F91
:04003400FD010113B6
:0400350002812623FB
:0400360003010413AB
:04003700FCA42E23D4
:04003800FE04262379
:04003900FEC4278357
:04003A000007851323
:04003B0002C12403D7
:04003C0003010113A8
:04003D0000008067D8
:04003E00FF010113AA
:04003F0000812623F3
:0400400001010413A3
:040041000010007338
:0400420000000013A7
:0400430000C12403D1
:0400440001010113A2
:0400450000008067D0
:04004600FD010113A4
:040047000211262359
:0400480002812423EA
:040049000301041398
:04004A00000000139F
:04004B00344027F323
:04004C00FEF420237B
:04004D00304027F325
:04004E00FEF4222377
:04004F00FE04270381
:04005000FE442783C0
:0400510000F777B38A
:040052000107D79338
:04005300FCF42A236C
:04005400FC042E2357
:0400550000100793FD
:04005600FCF42C2367
:04005700FD4427033A
:04005800FD84278379
:0400590000F777B382
:04005A0006078263B0
:04005B00000197B752
:04005C001F078713E0
:04005D00FDC4278334
:04005E00003797933D
:04005F0000F707B3EC
:040060000007A703EB
:04006100000197B74C
:040062001F0786935B
:04006300FDC427832E
:040064000037979337
:0400650000F687B367
:040066000047A78325
:0400670000078513F6
:04006800000700E7A6
:040069000000001380
:04006A00344027F304
:04006B00FEF4242358
:04006C00304027F306
:04006D00FEF4262354
:04006E00FE842703E2
:04006F00FEC4278321
:0400700000F777B36B
:040071000107D79319
:040072000200006F19
:04007300FD8427835E
:040074000017979347
:04007500FCF42C2348
:04007600FDC427831B
:040077000017879354
:04007800FCF42E2343
:04007900F79FF06F8E
:04007A00FCF42A2345
:04007B00FD44278396
:04007C00F60790E310
:04007D00000000136C
:04007E00000000136B
:04007F0002C1208317
:0400800002812403D2
:040081000301011363
:040082000000806793
:04008300FD01011367
:04008400021126231C
:0400850002812423AD
:04008600030104135B
:04008700FCA42E2384
:04008800FCB42C2375
:04008900FCC42A2366
:04008A00FDC4270387
:04008B00800007B733
:04008C0000F777B34F
:04008D00FEF4242336
:04008E00FDC4270383
:04008F00800007B72F
:04009000FFF787935C
:0400910000F777B34A
:04009200FEF426232F
:04009300FE8427833D
:04009400080788636E
:04009500FEC427037B
:04009600003007939C
:0400970004F7006307
:04009800FEC4270378
:040099000070079359
:04009A0006F71263F0
:04009B00000197B712
:04009C001847A783D7
:04009D00080782636B
:04009E00000000134B
:04009F00000197B70E
:0400A0001847A783D3
:0400A100FD442603F1
:0400A200FD84258331
:0400A300FDC4250370
:0400A400000780E7EA
:0400A5000000001344
:0400A6000600006FE1
:0400A700000197B706
:0400A8001807A7830B
:0400A90004078E6357
:0400AA00000000133F
:0400AB00000197B702
:0400AC001807A78307
:0400AD00FD442603E5
:0400AE00FD84258325
:0400AF00FDC4250364
:0400B000000780E7DE
:0400B1000000001338
:0400B2000380006F58
:0400B300FEC427035D
:0400B40000F00793BE
:0400B50002E7FA6301
:0400B600E41FF0EF64
:0400B70002C0006F14
:0400B800FEC425035A
:0400B900DEDFF0EFA7
:0400BA0000050793A3
:0400BB000207906345
:0400BC00E09FF0EFE2
:0400BD000180006F4F
:0400BE00000000132B
:0400BF000100006FCD
:0400C0000000001329
:0400C1000080006F4C
:0400C2000000001327
:0400C300FD8427830E
:0400C4000007851399
:0400C50002C12083D1
:0400C600028124038C
:0400C700030101131D
:0400C800000080674D
:0400C900FF0101131F
:0400CA0000112623D8
:0400CB000081242369
:0400CC000101041317
:0400CD00000157B720
:0400CE00630785132C
:0400CF002E8020EF70
:0400D000000157B71D
:0400D10064478513E8
:0400D20015C020EF46
:0400D300000007938F
:0400D4000007851389
:0400D50000C12083C3
:0400D600008124037E
:0400D700010101130F
:0400D800000080673D
:0400D900000002978A
:0400DA00CBC2829380
:0400DB00305290739C
:0400DC000880029303
:0400DD003002B073CA
:0400DE00304010732B
:0400DF003440107326
:0400E0000001819703
:0400E100CEC1819378
:0400E2000002011700
:0400E300C7810113BD
:0400E400000193176D
:0400E500DF0303131F
:0400E60000019397EB
:0400E7001C83839360
:0400E80000032023CE
:0400E90000430313BA
:0400EA00FE736CE352
:0400EB000C8000EF96
:0400EC000001631795
:0400ED00C103031335
:0400EE000001639713
:0400EF00C0838393B4
:0400F00000737863BE
:0400F10000032023C5
:0400F20000430313B1
:0400F300FE736CE349
:0400F400000162970E
:0400F500BF02829331
:0400F600000163178B
:0400F700BE830313AE
:0400F8000001639709
:0400F900BE0383932C
:0400FA000062FC6341
:0400FB000002A483D8
:0400FC000093A023AA
:0400FD0000428293A8
:0400FE0000438393A5
:0400FF00FE62E8E3D2
:040100000001621781
:04010100BC02021327
:040102000E0000EFFC
:040103000000006F89
:04010400FE010113E4
:0401050000812E2324
:0401060002010413DB
:04010700FEA4262309
:04010800FEB42423FA
:04010900FEC42223EB
:04010A00FE84270345
:04010B00FEC4278384
:04010C0002F70A6389
:04010D000240006F3D
:04010E00FEC4270301
:04010F00004707930B
:04011000FEF42623B0
:04011100FE842783BE
:040112000047869389
:04011300FED42423CF
:0401140000072703B6
:0401150000E7A0233C
:04011600FE84270339
:04011700FE442783F8
:04011800FCF71CE3F1
:0401190000000013CF
:04011A0001C12403F8
:04011B0002010113C9
:04011C0000008067F8
:04011D00FF010113CA
:04011E000011262383
:04011F000081242314
:0401200001010413C2
:04012100000187B79B
:040122008A078613AF
:04012300000167B7B9
:04012400FC078593BC
:04012500000187B797
:040126008A078513AC
:04012700F75FF0EF9F
:040128003240061348
:040129000200059338
:04012A0002000513B7
:04012B00F65FF0EF9C
:04012C00000167B7B0
:04012D00FC07861332
:04012E00000157B7BE
:04012F00630785934A
:04013000000157B7BC
:0401310063078513C8
:04013200F49FF0EF57
:040133005CD000EFAD
:040134007F9000EFC9
:0401350000000013B3
:0401360000C1208361
:04013700008124031C
:0401380001010113AD
:0401390000008067DB
:04013A00FE010113AE
:04013B0000112E235E
:04013C0000812C23EF
:04013D0002010413A4
:04013E0000000513A5
:04013F00074000EF86
:0401400000000013A8
:040141000A4000EF81
:04014200000157B7AA
:0401430064C78613F4
:04014400000157B7A8
:0401450064C7859373
:04014600000157B7A6
:0401470064C78513F1
:04014800270010EF8D
:040149006E5000EF05
:04014A00000017B7E3
:04014B00468785134B
:04014C00159010EF0B
:04014D00000197B75F
:04014E001887A70364
:04014F00000197B75D
:0401500018C7A683A3
:04015100000197B75B
:040152001907A7835F
:040153000007861308
:040154000006859389
:040155000007051387
:04015600DCDFF0EF0B
:04015700FEA42623B9
:04015800001005137B
:04015900768020EF9D
:04015A00FEC42503B7
:04015B00131010EF7E
:04015C00FE0101138C
:04015D0000112E233C
:04015E0000812C23CD
:04015F000201041382
:04016000FEA42623B0
:0401610056C010EF85
:04016200008007937F
:040163003007A0734E
:040164000000001384
:040165000000001383
:0401660001C1208330
:0401670001812403EB
:04016800020101137C
:0401690000008067AB
:04016A00FE0101137E
:04016B0000112E232E
:04016C0000812C23BF
:04016D000201041374
:04016E000000061374
:04016F0000000593F4
:04017000000167B76C
:04017100FE8785136D
:040172001E0000EF7C
:04017300000167B769
:04017400FC078513EC
:0401750050D000EF77
:040176003E8007932D
:04017700FEF4262349
:04017800000197B734
:040179001987A783B8
:04017A0000079A637D
:04017B00000197B731
:04017C00FEC4270393
:04017D0018E7AC23B0
:04017E000080006F8E
:04017F000000001369
:04018000000027B79D
:04018100D607879383
:04018200FEF4242340
:04018300000197B729
:04018400FE842703CB
:0401850018E7A223B2
:040186000000001362
:040187007F0010EFF6
:040188000000001360
:0401890001C120830D
:04018A0001812403C8
:04018B000201011359
:04018C000000806788
:04018D00FD0101135C
:04018E000211262311
:04018F0002812423A2
:040190000301041350
:04019100FCA42E2379
:04019200FCB42C236A
:04019300FCC42A235B
:04019400FDC42783FC
:040195000007A78335
:04019600FEF426232A
:04019700FEC42783F8
:040198000287871340
:04019900FDC42783F7
:04019A000087A783B0
:04019B000007869340
:04019C00FD442603F5
:04019D00FD84258335
:04019E00000705133E
:04019F0064C000EF49
:0401A00000050793BC
:0401A10000078513BB
:0401A20002C12083F3
:0401A30002812403AE
:0401A400030101133F
:0401A500000080676F
:0401A600FD01011343
:0401A70002112623F8
:0401A8000281242389
:0401A9000301041337
:0401AA00FCA42E2360
:0401AB00FCB42C2351
:0401AC00FCC42A2342
:0401AD00FDC42783E3
:0401AE000007A7831C
:0401AF00FEF4262311
:0401B000FEC42783DF
:0401B1000287871327
:0401B200FDC42783DE
:0401B3000087A78397
:0401B4000007869327
:0401B500FD442603DC
:0401B600FD8425831C
:0401B7000007051325
:0401B800015000EF03
:0401B90000050793A3
:0401BA0000078513A2
:0401BB0002C12083DA
:0401BC000281240395
:0401BD000301011326
:0401BE000000806756
:0401BF00FD0101132A
:0401C00002112623DF
:0401C1000281242370
:0401C200030104131E
:0401C300FCA42E2347
:0401C400FDC42783CC
:0401C5000007A78305
:0401C600FEF42623FA
:0401C700FEC42783C8
:0401C8000287871310
:0401C900FDC42783C7
:0401CA000087A78380
:0401CB000007859311
:0401CC000007051310
:0401CD00428000EF7D
:0401CE00000507938E
:0401CF00000785138D
:0401D00002C12083C5
:0401D1000281240380
:0401D2000301011311
:0401D3000000806741
:0401D400FD01011315
:0401D50002112623CA
:0401D600028124235B
:0401D7000301041309
:0401D800FCA42E2332
:0401D900FCB42C2323
:0401DA00FCC42A2314
:0401DB00FDC42783B5
:0401DC000007A783EE
:0401DD00FEF42623E3
:0401DE00FEC42783B1
:0401DF000287879379
:0401E000FD442603B1
:0401E100FD842583F1
:0401E200000785137A
:0401E30043C000EF26
:0401E4000005079378
:0401E5000007851377
:0401E60002C12083AF
:0401E700028124036A
:0401E80003010113FB
:0401E900000080672B
:0401EA00FD010113FF
:0401EB0002112623B4
:0401EC000281242345
:0401ED0003010413F3
:0401EE00FCA42E231C
:0401EF00FCB42C230D
:0401F000FCC42A23FE
:0401F100FDC427839F
:0401F20000100713DF
:0401F30002E7A0235C
:0401F400FDC427839C
:0401F5000207A783D3
:0401F600FEF42623CA
:0401F700FDC4278399
:0401F8000007A783D2
:0401F90000478793A1
:0401FA000007871360
:0401FB00FEC4278394
:0401FC0000F72023C5
:0401FD00FD84250355
:0401FE00FD44258314
:0401FF0000000713E2
:04020000FDC4268390
:04020100000017B72B
:040202008687861352
:040203004D9000EF2B
:04020400FDC427838B
:040205000207A22327
:04020600FDC4278389
:0402070000878713D2
:04020800000197B7A3
:040209001987A58329
:04020A00FDC4268386
:04020B00000017B721
:04020C00AA078613A4
:04020D0000070513CE
:04020E000F9000EF5E
:04020F00000507934C
:040210000007DA63A6
:04021100FDC427837E
:04021200800007372A
:04021300FFF70713D7
:0402140000E7A2233A
:0402150000000013D2
:0402160002C120837E
:040217000281240339
:0402180003010113CA
:0402190000008067FA
:04021A00FA010113D1
:04021B0004812E2309
:04021C0006010413C0
:04021D00FAA42623F6
:04021E00FAC4278374
:04021F00FCF42223A6
:04022000FC442783F0
:040221000007A783A8
:04022200FCF42423A1
:04022300FA042C238A
:04022400FC842783AC
:040225000047879374
:040226000007A783A3
:04022700FCF426239A
:04022800FCC4278368
:04022900FCF4282396
:04022A00FD04278325
:04022B003007F7930E
:04022C001C078E63BA
:04022D00FD04278322
:04022E001007F7932B
:04022F000E078663CD
:04023000000107B70B
:04023100FAF42E238A
:04023200FC442783DE
:040233000287A78314
:040234000017879395
:040235007FF7F793C5
:04023600FCF42A2387
:04023700FC442783D9
:0402380002C7A783CF
:04023900FD44270356
:04023A0006F702635E
:04023B00FC84278395
:04023C000007A7838D
:04023D00FCF42C237E
:04023E00FD84278391
:04023F00FAF42E237C
:04024000FBC42703D1
:04024100000087B77B
:0402420000F777B397
:0402430004078463C5
:04024400FC442783CC
:040245000287A78302
:04024600FBC42703CB
:040247000FF7771323
:04024800FC442683C9
:0402490000F687B381
:04024A0002E78C2318
:04024B00FC442783C5
:04024C000287A783FB
:04024D00001787937C
:04024E007FF7F7132C
:04024F00FC442783C1
:0402500002E7A423FA
:040251000000001396
:04025200F81FF06F32
:040253000000001394
:040254000080006FB7
:040255000000001392
:04025600FBC42703BB
:04025700000107B7E4
:0402580004F76463E0
:04025900FC442783B7
:04025A000207A7836D
:04025B00FFE7F713AF
:04025C00FC442783B4
:04025D0002E7A023F1
:04025E00FC442783B2
:04025F000207A78368
:04026000FCF42E2359
:04026100FC8427836F
:040262000047879337
:0402630000078713F6
:04026400FDC427832B
:0402650000F720235B
:04026600FC8427836A
:040267000047879332
:040268000007A78361
:04026900FEF420235C
:04026A00FD042783E5
:04026B002007F793DE
:04026C00EE0780E336
:04026D00FD042783E2
:04026E000107D7931A
:04026F00FCF4202358
:0402700005C0006F56
:04027100FC4427839F
:040272000347A78314
:04027300FC4427031D
:0402740000F707B3D5
:040275000000173737
:0402760000F707B3D3
:040277008387C7832F
:04027800FEF422234B
:04027900FC84278357
:04027A00FE44270314
:04027B0000E7A023D5
:04027C00FC44278394
:04027D000347A78309
:04027E00001787934B
:04027F007FF7F713FB
:04028000FC44278390
:0402810002E7AA23C3
:0402820000100793CE
:04028300FAF42C233A
:04028400FC042783CC
:04028500FFF7879365
:04028600FCF4202341
:04028700FC042783C9
:0402880000078C637C
:04028900FC44278387
:04028A000347A7037C
:04028B00FC44278385
:04028C000307A7833A
:04028D00F8F718E383
:04028E00FC042783C2
:04028F00E4078AE313
:04029000FC44278380
:040291000207A78336
:04029200FFD7F71388
:04029300FC4427837D
:0402940002E7A023BA
:04029500FC4427837B
:040296000207A78331
:04029700FEF424232A
:04029800FC44278378
:040299000007A78330
:04029A0000478793FF
:04029B0000078713BE
:04029C00FE84278332
:04029D0000F7202323
:04029E00FC84278332
:04029F0000478793FA
:0402A0000007A78329
:0402A100FEF426231E
:0402A200E09FF06F7A
:0402A3000000001344
:0402A4000000001343
:0402A50005C1240368
:0402A6000601011339
:0402A700000080676C
:0402A800FD01011340
:0402A9000281262385
:0402AA000301041335
:0402AB00FCA42E235E
:0402AC00FDC42783E3
:0402AD00FEF4202318
:0402AE00FE042783A0
:0402AF000007A7831A
:0402B00000478793E9
:0402B1000007A78318
:0402B200FEF4222311
:0402B300FE4427835B
:0402B400FEF424230D
:0402B500FE84278319
:0402B6004007F79373
:0402B70002078C634B
:0402B800FE04278396
:0402B9000207A7830E
:0402BA004007E7937F
:0402BB00FEF4262304
:0402BC00FE04278392
:0402BD000007A7830C
:0402BE0000478793DB
:0402BF00000787139A
:0402C000FEC42783CE
:0402C10000F72023FF
:0402C200FE0427838C
:0402C3000207A22369
:0402C4000340006F84
:0402C500FE04278389
:0402C6000247A70341
:0402C700800007B7F5
:0402C800FFC7879352
:0402C90002E7E06305
:0402CA00FE04278384
:0402CB000247A783BC
:0402CC00001787137D
:0402CD00FE04278381
:0402CE0002E7A2237E
:0402CF00FE0427837F
:0402D0000247A783B7
:0402D100000197B7DA
:0402D2001987A7835E
:0402D3000007851388
:0402D40002C124033C
:0402D500030101130D
:0402D600000080673D
:0402D700FE01011310
:0402D80000812E2350
:0402D9000201041307
:0402DA00FEA4262335
:0402DB00FEB4242326
:0402DC0001C0006FEE
:0402DD00FE84270371
:0402DE00000047B71E
:0402DF0000F777B3FA
:0402E000000786632A
:0402E100FF50079330
:0402E2000300006FA6
:0402E300FEC42783AB
:0402E4000347A70322
:0402E500FEC42783A9
:0402E6000307A783E0
:0402E70000F70C63AD
:0402E800FEC42783A6
:0402E9000247A7031E
:0402EA00FEC42783A4
:0402EB000047A7839E
:0402EC00FCF762E3D6
:0402ED000000079373
:0402EE00000785136D
:0402EF0001C1240322
:0402F00002010113F3
:0402F1000000806722
:0402F200FD010113F6
:0402F300028126233B
:0402F40003010413EB
:0402F500FCA42E2314
:0402F600FCB42C2305
:0402F700FCC42A23F6
:0402F800FE700793FA
:0402F900FEF42423C8
:0402FA00FD84270355
:0402FB00000077B7D1
:0402FC00A01787932D
:0402FD0000F70C6397
:0402FE00FD84270351
:0402FF00000077B7CD
:04030000A027879318
:0403010006F7026396
:040302000AC0006FBE
:04030300FDC427838B
:040304000047A70304
:04030500800007B7B6
:04030600FFF78793E3
:0403070008F706638A
:04030800FD44278306
:040309000007A783BF
:04030A00FEF42623B4
:04030B00FEC4270302
:04030C000010079343
:04030D0000E7DE63C4
:04030E00FEC42703FF
:04030F00800007B7AC
:04031000FFF78793D9
:0403110000F7066388
:04031200FEC427837B
:0403130000C0006FB7
:04031400800007B7A7
:04031500FFE78793E4
:04031600FDC42703F8
:0403170000F72223A6
:04031800FE04242398
:040319000440006F2D
:04031A00FDC4278374
:04031B000047A703ED
:04031C00800007B79F
:04031D00FFF78793CC
:04031E0002F70C6373
:04031F00FDC427836F
:040320000247A703E6
:04032100FDC427836D
:040322000047A78366
:0403230000F737B3F5
:040324000FF7F79345
:040325000007871333
:04032600FD442783E8
:0403270000E7A02328
:04032800FE04242388
:0403290000C0006FA1
:04032A0000000013BC
:04032B000080006FDF
:04032C0000000013BA
:04032D00FE842783A0
:04032E00000785132C
:04032F0002C12403E0
:0403300003010113B1
:0403310000008067E1
:04033200FC010113B6
:0403330002112E2362
:0403340002812C23F3
:0403350004010413A8
:04033600FCA42623DA
:04033700FCB42423CB
:04033800FCC42223BC
:04033900FCD42023AD
:04033A00FC84278395
:04033B00FCF4282383
:04033C001280006FBC
:04033D00FCC4278352
:04033E000287A78308
:04033F00FCF42C237B
:04034000FCC427834F
:0403410002C7A783C5
:04034200FCF42E2376
:04034300FD8427030B
:04034400FDC427834A
:0403450000F76C63EE
:04034600FD84270308
:04034700FDC4278347
:0403480040F707B3C0
:04034900FCF42A2373
:04034A000180006FBF
:04034B00000017B7E0
:04034C00800787138C
:04034D00FDC4278341
:04034E0040F707B3BA
:04034F00FCF42A236D
:04035000FD442783BE
:0403510006078E63AA
:04035200FC442783BD
:04035300FD4427033B
:0403540000E7F66365
:04035500FC442783BA
:04035600FCF42A2366
:04035700FCC4278338
:04035800038787137D
:04035900FDC4278335
:04035A0000F707B3EE
:04035B00FD44260334
:04035C00000785937E
:04035D00FD04250373
:04035E00084020EF44
:04035F00FD0427036F
:04036000FD442783AE
:0403610000F707B3E7
:04036200FCF428235C
:04036300FC4427032C
:04036400FD442783AA
:0403650040F707B3A3
:04036600FCF422235E
:04036700FDC42703A7
:04036800FD442783A6
:0403690000F707B3DF
:04036A007FF7F7130F
:04036B00FCC4278324
:04036C0002E7A623DB
:04036D00FC442783A2
:04036E00F2F04EE378
:04036F000080006F9B
:040370000000001376
:04037100FD0427035D
:04037200FC8427835D
:0403730004F71C630C
:04037400FC0427035B
:04037500000047B786
:0403760000F777B362
:04037700040798637C
:04037800000000136E
:04037900FCC4278316
:04037A000287A783CC
:04037B00FD842703D3
:04037C0000F71C6307
:04037D00FCC4278312
:04037E000247A70388
:04037F00FCC4278310
:040380000047A78308
:04038100FEF760E340
:04038200FCC427830D
:040383000287A783C3
:04038400FD842703CA
:0403850002F7006318
:04038600FC44278389
:04038700ECF04CE367
:040388000180006F81
:04038900000000135D
:04038A000100006FFF
:04038B00000000135B
:04038C000080006F7E
:04038D000000001359
:04038E00FD04270340
:04038F00FC84278340
:0403900006F7046305
:04039100008007934E
:040392003007B7F386
:04039300FEF426232B
:04039400FEC42783F9
:04039500FEF420232F
:04039600FCC42783F9
:040397000207A7832F
:040398000017E71350
:04039900FCC42783F6
:04039A0002E7A023B3
:04039B00FCC42783F4
:04039C000207A7832A
:04039D00FEF4222325
:04039E00FCC42783F1
:04039F000007A78329
:0403A00000478793F8
:0403A10000078713B7
:0403A200FE4427836B
:0403A30000F720231C
:0403A400FE042783A9
:0403A500FEF424231B
:0403A600FE84278327
:0403A7000087F79341
:0403A8003007A07307
:0403A900000000133D
:0403AA00FD04270324
:0403AB00FC84278324
:0403AC0000F70A63E9
:0403AD00FD04270321
:0403AE00FC84278321
:0403AF0040F707B359
:0403B0000200006FD8
:0403B100FC0427031E
:0403B200000047B749
:0403B30000F777B325
:0403B4000007866355
:0403B500FF5007935B
:0403B6000080006F54
:0403B700FFB00793F9
:0403B80000078513A2
:0403B90003C12083D9
:0403BA000381240394
:0403BB000401011325
:0403BC000000806756
:0403BD00FC0101132B
:0403BE0002112E23D7
:0403BF0002812C2368
:0403C000040104131D
:0403C100FCA426234F
:0403C200FCB4242340
:0403C300FCC4222331
:0403C400FCD4202322
:0403C500FC042823E9
:0403C600FC84278309
:0403C700FCF42C23F3
:0403C8000EC0006FF4
:0403C900FCC42783C6
:0403CA000307A783FB
:0403CB00FCF42E23ED
:0403CC00FCC42783C3
:0403CD000347A783B8
:0403CE00FCF42823F0
:0403CF00FDC427033F
:0403D000FD0427837E
:0403D10000F77E6350
:0403D200FD042703FC
:0403D300FDC42783BB
:0403D40040F707B334
:0403D500FFF7879314
:0403D600FCF42A23E6
:0403D7000340006F70
:0403D800FD04278376
:0403D90000078E6328
:0403DA00000017B751
:0403DB0080078713FD
:0403DC00FDC42783B2
:0403DD0040F707B32B
:0403DE00FCF42A23DE
:0403DF000140006F6A
:0403E0007FF0071390
:0403E100FDC42783AD
:0403E20040F707B326
:0403E300FCF42A23D9
:0403E400FD4427832A
:0403E5000807826320
:0403E600FC44278329
:0403E700FD442703A7
:0403E80000E7F663D1
:0403E900FC44278326
:0403EA00FCF42A23D2
:0403EB00FCC4270324
:0403EC00000017B73F
:0403ED0083878793E8
:0403EE0000F70733DA
:0403EF00FDC427839F
:0403F00000F707B358
:0403F100FD4426039E
:0403F200FC842583DF
:0403F3000007851367
:0403F40062D010EFD4
:0403F500FC8427035A
:0403F600FD44278318
:0403F70000F707B351
:0403F800FCF42423CA
:0403F900FC44270396
:0403FA00FD44278314
:0403FB0040F707B30D
:0403FC00FCF42223C8
:0403FD00FDC4270311
:0403FE00FD44278310
:0403FF0000F707B349
:040400007FF7F71378
:04040100FCC427838D
:0404020002E7A82342
:04040300FC4427830B
:04040400F0F04AE3E7
:040405000080006F04
:0404060000000013DF
:0404070000800793D7
:040408003007B7F30F
:04040900FEF42623B4
:04040A00FEC4278382
:04040B00FEF42023B8
:04040C00FCC4278382
:04040D000207A783B8
:04040E000027E713C9
:04040F00FCC427837F
:0404100002E7A0233C
:04041100FCC427837D
:040412000207A783B3
:04041300FEF42223AE
:04041400FCC427837A
:040415000007A783B2
:040416000047879381
:040417000007871340
:04041800FE442783F4
:0404190000F72023A5
:04041A00FE04278332
:04041B00FEF42423A4
:04041C00FE842783B0
:04041D000087F793CA
:04041E003007A07390
:04041F0000000013C6
:04042000FC442783EE
:0404210004F054632C
:04042200FC042703AC
:04042300000047B7D7
:0404240000F777B3B3
:0404250004079263D3
:0404260000000013BF
:04042700FCC4278367
:040428000347A7835C
:04042900FD042703A4
:04042A0000F71C6358
:04042B00FCC4278363
:04042C000247A703D9
:04042D00FCC4278361
:04042E000047A78359
:04042F00FEF760E391
:04043000FCC427835E
:040431000247A78354
:0404320000079C63C0
:04043300FC442783DB
:04043400F2F04EE3B1
:040435000100006F53
:0404360000000013AF
:040437000080006FD2
:0404380000000013AD
:04043900FC84270315
:04043A00FD84278393
:04043B0000F70A6359
:04043C00FC84270312
:04043D00FD84278390
:04043E0040F707B3C9
:04043F000200006F48
:04044000FC0427038E
:04044100000047B7B9
:0404420000F777B395
:0404430000078663C5
:04044400FF500793CB
:040445000080006FC4
:04044600FFB0079369
:040447000007851312
:0404480003C1208349
:040449000381240304
:04044A000401011395
:04044B0000008067C6
:04044C00FC0101139B
:04044D0002812E23D7
:04044E00040104138E
:04044F00FCA42623C0
:04045000FCB42423B1
:04045100FCC42223A2
:04045200FCD4202393
:04045300000007138B
:04045400000007930A
:04045500FEE424237A
:04045600FEF4262367
:04045700000197B752
:040458001987A783D6
:0404590012078063A3
:04045A00FCC4278334
:04045B00100788639B
:04045C00FCC4278332
:04045D00FC44270331
:04045E0000E7A823E8
:04045F00FCC427832F
:04046000FC0427036E
:0404610000E7AA23E3
:04046200008007937C
:040463003007B7F3B4
:04046400FEF422235D
:04046500FE442783A7
:04046600FCF42A2355
:04046700000197B742
:040468001A07A703C5
:040469001A47A78304
:04046A00FEE4242365
:04046B00FEF4262352
:04046C00FC84278362
:04046D0000078813E9
:04046E0000000893EF
:04046F00FE842603DE
:04047000FEC426831D
:0404710000C8073385
:0404720000070593E7
:040473000105B5B317
:0404740000D887B372
:0404750000F586B355
:040476000006879362
:040477000007061361
:040478000007869360
:040479000010051357
:04047A0000000593E6
:04047B0000A607339D
:04047C00000708135A
:04047D0000C8383348
:04047E0000B687B38A
:04047F0000F806B3C8
:040480000006879358
:04048100FCC426830E
:0404820000E6A423C9
:0404830000F6A623B6
:04048400FCC427830A
:0404850081818713D7
:04048600FCE42E2341
:04048700FEF420233C
:04048800FE042783C4
:04048900FDC4270384
:04048A0000E7A223C2
:04048B00FDC4278302
:04048C000007A703BB
:04048D00FE042783BF
:04048E0000E7A023C0
:04048F00FDC42783FE
:040490000007A78337
:04049100FE0427033B
:0404920000E7A223BA
:04049300FDC42783FA
:04049400FE04270338
:0404950000E7A023B9
:04049600000000134F
:04049700FD44278376
:04049800FCF42C2321
:04049900FD84278334
:04049A000087F7934D
:04049B003007A07313
:04049C000000001349
:04049D0000000793C1
:04049E000100006FEA
:04049F00FEA0079321
:0404A0000080006F69
:0404A100F7A0079326
:0404A20000078513B7
:0404A30003C124036A
:0404A400040101133B
:0404A500000080676C
:0404A600FF0101133E
:0404A7000081262387
:0404A8000101041337
:0404A900000000133C
:0404AA0000C1240366
:0404AB000101011337
:0404AC000000806765
:0404AD00FE01011338
:0404AE0000812E2378
:0404AF00020104132F
:0404B000FEA426235D
:0404B100FEB424234E
:0404B200FEC422233F
:0404B300FE44278359
:0404B40000078513A5
:0404B50001C124035A
:0404B600020101132B
:0404B700000080675A
:0404B800FE0101132D
:0404B90000112E23DD
:0404BA0000812C236E
:0404BB000201041323
:0404BC00FEA4262351
:0404BD00000187B7FC
:0404BE008747859354
:0404BF00FEC425034F
:0404C000060000EF43
:0404C1000005079398
:0404C2000007851397
:0404C30001C12083D0
:0404C400018124038B
:0404C500020101131C
:0404C600000080674B
:0404C700FF0101131D
:0404C80000112623D6
:0404C9000081242367
:0404CA000101041315
:0404CB008141A78341
:0404CC0000078A6338
:0404CD008141A7833F
:0404CE00000780E7BC
:0404CF00000507938A
:0404D00000C0006FF9
:0404D100000197B7D8
:0404D2001B478793AA
:0404D3000007851386
:0404D40000C12083C0
:0404D500008124037B
:0404D600010101130C
:0404D700000080673A
:0404D800FD0101130E
:0404D90002112623C3
:0404DA000281242354
:0404DB000301041302
:0404DC00FCA42E232B
:0404DD00FCB42C231C
:0404DE00FDC42783AF
:0404DF000007886327
:0404E000FDC42783AD
:0404E1000087A78366
:0404E20000079E630E
:0404E300F91FF0EF1E
:0404E40000050713F5
:0404E5000160079318
:0404E60000F72023D8
:0404E700FEA00793D9
:0404E8000540006F5C
:0404E900FDC42783A4
:0404EA00FD84270363
:0404EB00FEE42423E4
:0404EC00FEF42623D1
:0404ED00FEC427839F
:0404EE00FE8427035E
:0404EF0000E7A2235D
:0404F000FE842783DC
:0404F1000007A70356
:0404F200FEC427839A
:0404F30000E7A0235B
:0404F400FE842783D8
:0404F5000007A783D2
:0404F600FEC4270316
:0404F70000E7A22355
:0404F800FE842783D4
:0404F900FEC4270313
:0404FA0000E7A02354
:0404FB0000000013EA
:0404FC000000079362
:0404FD00000785135C
:0404FE0002C1208394
:0404FF00028124034F
:0405000003010113DF
:04050100000080670F
:04050200FE010113E2
:0405030000112E2392
:0405040000812C2323
:0405050002010413D8
:04050600000157B7E2
:0405070046C78793C9
:04050800FEF42623B4
:0405090001C0006FBE
:04050A00FEC4278381
:04050B000007A783BB
:04050C00000780E77D
:04050D00FEC427837E
:04050E000047879388
:04050F00FEF42623AD
:04051000FEC42703FB
:04051100000157B7D7
:04051200474787933D
:04051300FCF76EE3A0
:0405140000000013D0
:0405150000000013CF
:0405160001C120837C
:040517000181240337
:0405180002010113C8
:0405190000008067F7
:04051A00FE010113CA
:04051B0000112E237A
:04051C0000812C230B
:04051D0002010413C0
:04051E00000157B7CA
:04051F004707879370
:04052000FEF426239C
:0405210001C0006FA6
:04052200FEC4278369
:040523000007A783A3
:04052400000780E765
:04052500FEC4278366
:04052600FFC78793F1
:04052700FEF4262395
:04052800FEC42703E3
:04052900000157B7BF
:04052A004747879325
:04052B00FCF77EE378
:04052C0000000013B8
:04052D0000000013B7
:04052E0001C1208364
:04052F00018124031F
:0405300002010113B0
:0405310000008067DF
:04053200FF010113B1
:0405330000812623FA
:0405340001010413AA
:0405350000000013AF
:0405360000C12403D9
:0405370001010113AA
:0405380000008067D8
:04053900FD010113AC
:04053A000211262361
:04053B0002812423F2
:04053C0003010413A0
:04053D00FEA42623CF
:04053E00FEB42423C0
:04053F00FEC42223B1
:04054000FED42023A2
:04054100FCE42E2385
:04054200FDC42703CA
:04054300FE04268309
:04054400FE44260348
:04054500FE84258388
:04054600FEC42503C7
:0405470001C000EF00
:040548000005079310
:04054900000785130F
:04054A0002C1208347
:04054B000281240302
:04054C000301011393
:04054D0000008067C3
:04054E00FA0101139A
:04054F0004812E23D2
:040550000601041389
:04055100FAA42E23B7
:04055200FAB42C23A8
:04055300FAC42A2399
:04055400FAD428238A
:04055500FAE426237B
:04055600FEA0079369
:04055700FCF422236B
:04055800FB84278376
:04055900FCF4242367
:04055A00FC842703F3
:04055B0000F0079312
:04055C0012E7C86377
:04055D000080079380
:04055E003007B7F3B8
:04055F00FCF428235D
:04056000FD042783EC
:04056100FCF426235D
:04056200000197B746
:040563001F078713D4
:04056400FC84278369
:040565000037979331
:0405660000F707B3E0
:04056700FB44270327
:0405680000E7A023E5
:04056900000197B73F
:04056A001F078713CD
:04056B00FC84278362
:04056C00003797932A
:04056D0000F707B3D9
:04056E00FB04270360
:04056F0000E7A223DC
:04057000FB4427839E
:040571000607826394
:04057200FC8427835B
:04057300FBC427039B
:04057400FCE42A2356
:04057500FCF42C2343
:04057600FD842703D6
:0405770000F00793F6
:0405780000E7E8634D
:04057900FD84278353
:04057A00010787935B
:04057B000080006F8D
:04057C00FFF00793F2
:04057D00FCF42E2339
:04057E00FDC427830E
:04057F000007D66338
:04058000FDC427830C
:040581000800006FFF
:04058200FDC427830A
:04058300FCF42C2335
:04058400FD84278348
:040585000010071348
:0405860000F717B3B0
:040587003047A073E6
:0405880000000793D5
:040589000600006FF9
:04058A00FC84278343
:04058B00FBC4270383
:04058C00FEE4202346
:04058D00FEF4222333
:04058E00FE442703FD
:04058F0000F00793DE
:0405900000E7E86335
:04059100FE4427837A
:040592000107879343
:040593000080006F75
:04059400FFF00793DA
:04059500FEF4242329
:04059600FE84278335
:040597000007D66320
:04059800FE84278333
:040599000200006FED
:04059A00FE84278331
:04059B00FEF4222325
:04059C00FE4427836F
:04059D000010071330
:04059E0000F717B398
:04059F003047B073BE
:0405A00000000793BD
:0405A100FCF4222321
:0405A200FCC42783EB
:0405A300FEF4262319
:0405A400FEC42783E7
:0405A5000087F79341
:0405A6003007A07307
:0405A700000000133D
:0405A800FC44278365
:0405A90000078513AF
:0405AA0005C1240360
:0405AB000601011331
:0405AC000000806764
:0405AD00FD01011338
:0405AE0002112623ED
:0405AF00028124237E
:0405B000030104132C
:0405B100FCA42E2355
:0405B200FCB42C2346
:0405B300FCC42A2337
:0405B400FCD4282328
:0405B500FD04260318
:0405B600FD44258358
:0405B700FD84250397
:0405B8005F8010EF61
:0405B900FEA4262353
:0405BA00FEC42783D1
:0405BB000807C86302
:0405BC00000177B70C
:0405BD000487869396
:0405BE00FEC427034D
:0405BF000007079397
:0405C00000179793F6
:0405C10000E787B315
:0405C20000279793E4
:0405C30000F687B304
:0405C4000007A70382
:0405C500FDC42783C7
:0405C60000E7A02387
:0405C700000177B701
:0405C800048786938B
:0405C900FEC4270342
:0405CA00000707938C
:0405CB0000179793EB
:0405CC0000E787B30A
:0405CD0000279793D9
:0405CE0000F687B3F9
:0405CF000047A70337
:0405D000FDC42783BC
:0405D10000E7A2237A
:0405D200000177B7F6
:0405D3000487869380
:0405D400FEC4270337
:0405D5000007079381
:0405D60000179793E0
:0405D70000E787B3FF
:0405D80000279793CE
:0405D90000F687B3EE
:0405DA000087A703EC
:0405DB00FDC42783B1
:0405DC0000E7A4236D
:0405DD00FEC4250330
:0405DE00114000EFD9
:0405DF000000001305
:0405E00002C12083B1
:0405E100028124036C
:0405E20003010113FD
:0405E300000080672D
:0405E400FE01011300
:0405E50000112E23B0
:0405E60000812C2341
:0405E70002010413F6
:0405E800FEA4262324
:0405E900FEB4242315
:0405EA00FEC4222306
:0405EB001FF0069364
:0405EC0000100613E2
:0405ED00FEC42583A0
:0405EE00000177B7DA
:0405EF000547851324
:0405F000EF5FF0EFDA
:0405F1001FF006935E
:0405F20000000613EC
:0405F300FE842583DA
:0405F400000177B7D4
:0405F50004878513DF
:0405F600EDDFF0EF56
:0405F7001FF0069358
:0405F80000100613D6
:0405F900FE44258314
:0405FA00000177B7CE
:0405FB000607851357
:0405FC00EC5FF0EFD1
:0405FD008201A7834D
:0405FE000047A78388
:0405FF000107A783C6
:0406000002079063FA
:040601008201A78348
:040602000047A78383
:04060300000006935A
:0406040000200613B9
:040605000000059359
:040606000007851351
:04060700615000EF4F
:040608008201A78341
:040609000087A7833C
:04060A000107A783BA
:04060B0002079063EF
:04060C008201A7833D
:04060D000087A78338
:04060E00000006934F
:04060F0000200613AE
:04061000000005934E
:040611000007851346
:040612005E9000EF07
:040613008201A78336
:0406140000C7A783F1
:040615000107A783AF
:0406160002079063E4
:040617008201A78332
:0406180000C7A783ED
:040619000000069344
:04061A0000200613A3
:04061B000000059343
:04061C00000785133B
:04061D005BD000EFBF
:04061E0000000013C5
:04061F0001C1208372
:04062000018124032D
:0406210002010113BE
:0406220000008067ED
:04062300FE010113C0
:0406240000812E2300
:0406250002010413B7
:04062600FEA42623E5
:04062700FEC42703E3
:040628000020079314
:0406290004E7D663A9
:04062A00000177B79D
:04062B000487869327
:04062C00FEC42703DE
:04062D000007079328
:04062E000017979387
:04062F0000E787B3A6
:040630000027979375
:0406310000F687B395
:040632000007A423F6
:04063300000177B794
:04063400048786931E
:04063500FEC42703D5
:04063600000707931F
:04063700001797937E
:0406380000E787B39D
:04063900002797936C
:04063A0000F687B38C
:04063B000007A023F1
:04063C0000000013A7
:04063D0001C12403D0
:04063E0002010113A1
:04063F0000008067D0
:04064000FD010113A4
:0406410002812623E9
:040642000301041399
:04064300FCA42E23C2
:040644000080079398
:040645003007B7F3D0
:04064600FEF4262375
:04064700FEC4278343
:04064800FEF4202379
:04064900FDC4278342
:04064A00FEF4242373
:04064B00FE8427837F
:04064C000007A78379
:04064D00FE842703FD
:04064E000047270337
:04064F0000E7A223FB
:04065000FE8427837A
:040651000047A78334
:04065200FE842703F8
:040653000007270372
:0406540000E7A023F8
:04065500FE84278375
:04065600FE842703F4
:0406570000E7A223F3
:04065800FE84278372
:04065900FE842703F1
:04065A0000E7A023F2
:04065B000000001388
:04065C00FE042783EE
:04065D00FEF4222362
:04065E00FE442783AC
:04065F000087F79386
:040660003007A0734C
:040661000000001382
:040662000000001381
:0406630002C12403A9
:04066400030101137A
:0406650000008067AA
:04066600FE0101137D
:0406670000112E232D
:0406680000812C23BE
:0406690001212A231E
:04066A00013128230F
:04066B000201041371
:04066C00818187936E
:04066D000007A78358
:04066E00FEF4222351
:04066F00000197B738
:040670001A07A703BB
:040671001A47A783FA
:04067200001005135C
:0406730000000593EB
:0406740000A70633A2
:040675000006081360
:0406760000E838332D
:0406770000B786B38F
:0406780000D807B3EC
:04067900000786935D
:04067A00000607135C
:04067B00000687935B
:04067C00000196B72C
:04067D001AE6A023B6
:04067E001AF6A223A3
:04067F000C80006F7C
:04068000FE4427838A
:040681000007A78344
:04068200FEF424233B
:04068300FE44278387
:040684000087A60342
:0406850000C7A68381
:04068600000197B721
:040687001A07A703A4
:040688001A47A783E3
:0406890000068513CF
:04068A00000785934D
:04068B0008A5E86373
:04068C0000068513CC
:04068D00000785934A
:04068E0000B5186338
:04068F0000060693C8
:0406900000070793C5
:0406910006D7EC6339
:04069200FE44278378
:040693000107A78331
:04069400FE442703F6
:0406950001472703EF
:040696000007051341
:04069700000780E7F1
:04069800FEA4262373
:04069900FEC42783F1
:04069A00000798635A
:04069B00FE442503F1
:04069C00E91FF0EF73
:04069D000480006F66
:04069E00FE4427836C
:04069F000087A70326
:0406A00000C7A78365
:0406A100FEC42683EA
:0406A20000068913B2
:0406A30000000993B7
:0406A40001270633F1
:0406A50000060593B3
:0406A60000E5B5B303
:0406A700013786B3DE
:0406A80000D587B33F
:0406A900000786932D
:0406AA00000607132C
:0406AB00000687932B
:0406AC00FE4426835F
:0406AD0000E6A4239C
:0406AE0000F6A62389
:0406AF00FE8427831B
:0406B000FEF422230F
:0406B100FE442703D9
:0406B2008181879328
:0406B300F2F71AE35D
:0406B400000000132F
:0406B500000000132E
:0406B60001C12083DB
:0406B7000181240396
:0406B80001412903D0
:0406B900010129838F
:0406BA000201011325
:0406BB000000806754
:0406BC00FF01011326
:0406BD00008126236F
:0406BE00010104131F
:0406BF00FFF00793AE
:0406C0003047B0739C
:0406C100003007936B
:0406C2003057B0738A
:0406C3000000001320
:0406C40000C124034A
:0406C500010101131B
:0406C6000000806749
:0406C700FF0101131B
:0406C80000112623D4
:0406C9000081242365
:0406CA000101041313
:0406CB000AC000EF72
:0406CC00000507130B
:0406CD00000587930A
:0406CE00000196B7DA
:0406CF001AE6A42360
:0406D0001AF6A6234D
:0406D100000007938B
:0406D2000007851385
:0406D30000C12083BF
:0406D400008124037A
:0406D500010101130B
:0406D6000000806739
:0406D700FF0101130B
:0406D80000112623C4
:0406D9000081242355
:0406DA000101041303
:0406DB0006C000EF66
:0406DC0000050613FC
:0406DD0000058693FB
:0406DE00000197B7C9
:0406DF001A87A503CE
:0406E0001AC7A5830D
:0406E10040A60733F5
:0406E20000070813F2
:0406E30001063833A1
:0406E40040B687B3E2
:0406E500410786B390
:0406E60000068793F0
:0406E70000070513F0
:0406E80000078593EF
:0406E90000C12083A9
:0406EA000081240364
:0406EB0001010113F5
:0406EC000000806723
:0406ED00FF010113F5
:0406EE00008126233E
:0406EF0001010413EE
:0406F00002FAF7B75C
:0406F10008078793DC
:0406F2000007851365
:0406F30000C124031B
:0406F40001010113EC
:0406F500000080671A
:0406F600FE010113ED
:0406F70000812E232D
:0406F80002010413E4
:0406F90000030337C0
:0406FA0000430313A3
:0406FB0000032303D2
:0406FC00FE64242351
:0406FD0000030337BC
:0406FE0000032303CF
:0406FF00FE6426234C
:0407000000030337B8
:04070100004303139B
:0407020000032303CA
:04070300FE842E033F
:04070400FC6E1AE38A
:04070500FE84230348
:0407060000030813D1
:040707000000089353
:04070800000817933B
:0407090000000713D2
:04070A00FEC42803FE
:04070B0000080613C9
:04070C000000069350
:04070D0000C7653389
:04070E0000D7E5B378
:04070F0000050713C7
:0407100000058793C6
:0407110000070513C5
:0407120000078593C4
:0407130001C12403F9
:0407140002010113CA
:0407150000008067F9
:04071600FD010113CD
:040717000281262312
:0407180003010413C2
:04071900FCA42C23ED
:04071A00FCB42E23DA
:04071B00F14026F390
:04071C00FED42623BE
:04071D00FEC42603ED
:04071E00000066B7BA
:04071F0000168693A7
:0407200000D606B346
:040721000036969375
:04072200FED42423BA
:04072300FE842683A7
:040724000046869372
:04072500FFF00613C8
:0407260000C6A02346
:04072700FD84260324
:04072800FE842683A2
:0407290000C6A02343
:04072A00FDC4268361
:04072B000006D713DA
:04072C00000007932F
:04072D00FE8426839D
:04072E000046869368
:04072F000007079325
:0407300000F6A0230C
:0407310000000013B1
:0407320002C12403D9
:0407330003010113AA
:0407340000008067DA
:04073500FE010113AD
:0407360000812E23ED
:0407370002010413A4
:04073800F1402373F6
:04073900FE64262311
:04073A00FEC42E03C8
:04073B000000633720
:04073C000013031390
:04073D00006E033314
:04073E00003313135E
:04073F00FE64202311
:04074000FE0423038D
:04074100000323038B
:04074200FE6422230C
:04074300FE0423038A
:040744000043031358
:040745000003230387
:04074600FE64242306
:04074700FE84230306
:04074800000308138F
:040749000000089311
:04074A0000081793F9
:04074B000000071390
:04074C00FE4428033C
:04074D000008061387
:04074E00000006930E
:04074F0000C7653347
:0407500000D7E5B336
:040751000005071385
:040752000005879384
:040753000007051383
:040754000007859382
:0407550001C12403B7
:040756000201011388
:0407570000008067B7
:04075800FC0101138C
:0407590002112E2338
:04075A0002812C23C9
:04075B00040104137E
:04075C00FCA42623B0
:04075D00FCB42423A1
:04075E00FCC4222392
:04075F00E5DFF0EFF3
:04076000FEA42423AC
:04076100FEB4262399
:04076200FE842703E7
:04076300FEC4278326
:040764000000C53795
:04076500350505133E
:0407660000000593F7
:0407670000A70633AE
:04076800000608136C
:0407690000E8383339
:04076A0000B786B39B
:04076B0000D807B3F8
:04076C000007869369
:04076D000006071368
:04076E000006879367
:04076F000007051367
:040770000007859366
:04077100E95FF0EF5D
:040772000080079369
:040773003007B7F3A1
:04077400FEF422234A
:04077500FE44278394
:04077600FCF42E233E
:04077700BBDFF0EF05
:04077800FDC4278312
:04077900FEF4202347
:04077A00FE042783CF
:04077B000087F79369
:04077C003007A0732F
:04077D000000001365
:04077E000000001364
:04077F0003C120830F
:0407800003812403CA
:04078100040101135B
:04078200000080678C
:04078300FE0101135F
:0407840000112E230F
:0407850000812C23A0
:040786000201041355
:04078700DBDFF0EFD5
:04078800FEA4242384
:04078900FEB4262371
:04078A00FE842703BF
:04078B00FEC42783FE
:04078C000000C5376D
:04078D003505051316
:04078E0000000593CF
:04078F0000A7063386
:040790000006081344
:0407910000E8383311
:0407920000B786B373
:0407930000D807B3D0
:040794000007869341
:040795000006071340
:04079600000687933F
:04079700000705133F
:04079800000785933E
:04079900DF5FF0EF3F
:04079A0008000793B9
:04079B003047A073D0
:04079C000000001346
:04079D000000001345
:04079E0001C12083F2
:04079F0001812403AD
:0407A000020101133E
:0407A100000080676D
:0407A20000050593B6
:0407A30000000693B9
:0407A4000000061338
:0407A5000000051338
:0407A6001940106F77
:0407A700FF0101133A
:0407A80000000593B5
:0407A9000081242384
:0407AA0000112623F1
:0407AB00000504132E
:0407AC00268010EFA4
:0407AD000001779739
:0407AE002FC7A78327
:0407AF000007846358
:0407B000000780E7D7
:0407B1000004051328
:0407B2006C8120EF47
:0407B30000015617D4
:0407B4002FC6061333
:0407B5000000559754
:0407B600AEC58593B4
:0407B70000015517D1
:0407B8002FC5051331
:0407B9004CC0006FC1
:0407BA00004525834E
:0407BB00FF01011326
:0407BC000081242371
:0407BD0000112623DE
:0407BE000001779728
:0407BF00378787935E
:0407C0000005041319
:0407C10000F5846358
:0407C2002B9040EF49
:0407C3000084258306
:0407C4000001779722
:0407C5003C87879353
:0407C60000F5866351
:0407C7000004051312
:0407C8002A1040EFC4
:0407C90000C42583C0
:0407CA00000177971C
:0407CB004187879348
:0407CC0000F58C6345
:0407CD00000405130C
:0407CE00008124037F
:0407CF0000C12083C2
:0407D000010101130F
:0407D10027D0406F7E
:0407D20000C12083BF
:0407D300008124037A
:0407D400010101130B
:0407D5000000806739
:0407D6000645A783AA
:0407D7000017F7937D
:0407D800000798631B
:0407D90000C5D783FD
:0407DA002007F7936A
:0407DB00000786632A
:0407DC000000051301
:0407DD000000806731
:0407DE000585A503E5
:0407DF00FF01011302
:0407E00000112623BB
:0407E10052D000EF03
:0407E20000C12083AF
:0407E30000000513FA
:0407E40001010113FB
:0407E5000000806729
:0407E6000645A7839A
:0407E7000017F7936D
:0407E800000798630B
:0407E90000C5D783ED
:0407EA002007F7935A
:0407EB00000786631A
:0407EC0000000513F1
:0407ED000000806721
:0407EE000585A503D5
:0407EF00FF010113F2
:0407F00000112623AB
:0407F100505000EF75
:0407F20000C120839F
:0407F30000000513EA
:0407F40001010113EB
:0407F5000000806719
:0407F600FE010113EC
:0407F7000000079760
:0407F800EF078793ED
:0407F90000112E239A
:0407FA0000812C232B
:0407FB0000912A231C
:0407FC00000174176D
:0407FD0028040413B5
:0407FE00012128238A
:0407FF00013126237B
:04080000014124236B
:04080100008006135A
:04080200000005935A
:040803000001771762
:040804001AF722239A
:040805000001751762
:040806002B85051326
:040807000040079313
:0408080000F42623AF
:0408090000042023A4
:04080A0000042223A1
:04080B00000424239E
:04080C000604222399
:04080D000004282398
:04080E0000042A2395
:04080F0000042C2392
:040810004E1000EF97
:0408110000001A17B2
:04081200884A0A13F3
:040813000000199731
:040814008E0989932D
:0408150000001917AF
:040816009609091323
:040817000000149732
:040818009D04849324
:04081900000175174E
:04081A002645051357
:04081B00034420234F
:04081C00033422235C
:04081D000324242369
:04081E0002942623F7
:04081F0000842E2300
:04082000421000EF93
:04082100000107B714
:040822000087879331
:040823000080061338
:040824000000059338
:040825000001751742
:040826002A05051387
:0408270006F42A2386
:04082800060424237B
:040829000604262378
:04082A000604282375
:04082B000C04262370
:04082C0006042C236F
:04082D0006042E236C
:04082E000804202377
:04082F00465000EF40
:0408300000017797B5
:040831002187879301
:040832000001751735
:0408330026850513FE
:0408340008F422237F
:04083500094424232B
:040836000934262338
:040837000924282345
:0408380008942A23D3
:040839003BD000EFC1
:04083A00000207B7FA
:04083B000127879377
:04083C00008006131F
:04083D00000005931F
:04083E000001751729
:04083F002A4505132E
:040840000CF42E2363
:040841000C04282358
:040842000C042A2355
:040843000C042C2352
:0408440012042A234D
:040845000E0420235A
:040846000E04222357
:040847000E04242354
:04084800401000EF6D
:04084900000177979C
:04084A0021C78793A8
:04084B000F4428230B
:04084C000F342A2318
:04084D000F242C2325
:04084E000E942E23B3
:04084F000EF426235A
:0408500001812403FB
:0408510001C120833E
:0408520001412483B9
:040853000101290373
:0408540000C1298333
:0408550000812A03F1
:040856000001751711
:04085700240505135C
:040858000201011385
:0408590033D0006F29
:04085A00FE01011387
:04085B00013126231E
:04085C0000050993F7
:04085D00000175170A
:04085E000605051373
:04085F0000112E2333
:0408600000812C23C4
:0408610000912A23B5
:040862000121282325
:04086300325000EF20
:040864000001779781
:040865000207A7835C
:040866001007826392
:04086700000159171C
:0408680002C90913A5
:04086900FFF0049305
:04086A000049278397
:04086B0000892403D9
:04086C00FFF7879378
:04086D000007D86345
:04086E000940006FCE
:04086F0006840413E4
:0408700008978663FC
:0408710000C41703A5
:04087200FFF7879372
:04087300FE0718E381
:04087400FFFF07B7C4
:04087500001787934E
:0408760000F4262341
:0408770005840513DC
:04087800060422232D
:040879002BD000EF91
:04087A0000017517ED
:04087B00FEC505139E
:04087C002D9000EFCC
:04087D0000800613DE
:04087E00000420232F
:04087F00000424232A
:04088000000422232B
:040881000004282324
:0408820000042A2321
:0408830000042C231E
:0408840000000593D8
:0408850005C405138E
:04088600309000EFBF
:04088700020428231C
:0408880002042A2319
:04088900040422231E
:04088A00040424231B
:04088B0001C1208304
:04088C00000405134C
:04088D0001812403BE
:04088E00014124837D
:04088F000101290337
:0408900000C12983F7
:04089100020101134C
:04089200000080677B
:040893000009240331
:0408940000040663F3
:04089500000409133F
:04089600F51FF06FEB
:040897001AC00593EB
:0408980000098513BB
:04089900480010EF14
:04089A00000504133E
:04089B0002050C63E3
:04089C0000C505137B
:04089D00004007937D
:04089E00000420230F
:04089F0000F422231C
:0408A00000A4242369
:0408A1001A00061320
:0408A20000000593BA
:0408A300295000EFE9
:0408A4000089202384
:0408A500000409132F
:0408A600F11FF06FDF
:0408A700D3DFF0EFBC
:0408A800EFDFF06F1F
:0408A90000092023FF
:0408AA0000017517BD
:0408AB00F2C505137A
:0408AC00219000EFA8
:0408AD0000C00793ED
:0408AE0000F9A0238A
:0408AF00F71FF06FD0
:0408B000FF01011330
:0408B100008124237B
:0408B2000005041326
:0408B30000017517B4
:0408B400F0850513B3
:0408B50000112623E5
:0408B6001D9000EFA2
:0408B700034427834C
:0408B80000079E6334
:0408B900000007979D
:0408BA00C047879319
:0408BB0002F42A23F6
:0408BC000001779729
:0408BD00EC07A7831A
:0408BE0000078E633E
:0408BF00008124038D
:0408C00000C12083D0
:0408C10000017517A6
:0408C200ED05051328
:0408C300010101131B
:0408C4001B90006F16
:0408C500CC5FF0EF25
:0408C6000081240386
:0408C70000C12083C9
:0408C800000175179F
:0408C900EB450513E3
:0408CA000101011314
:0408CB0019D0006FD1
:0408CC00000175179B
:0408CD00EA450513E0
:0408CE001790006F10
:0408CF000001751798
:0408D000E98505139E
:0408D1001850006F4C
:0408D200FF0101130E
:0408D3000001751794
:0408D400E88505139B
:0408D50000112623C5
:0408D600159000EF8A
:0408D70000C12083B9
:0408D80000015617AE
:0408D900E686061396
:0408DA00000005977E
:0408DB00BF0585933D
:0408DC000000051300
:0408DD000101011301
:0408DE000380006F24
:0408DF00FF01011301
:0408E00000015617A6
:0408E100E486061390
:0408E2000000059776
:0408E300C105859333
:0408E40000000513F8
:0408E50000112623B5
:0408E600018000EF9E
:0408E70000C12083A9
:0408E800000175177F
:0408E900E3450513CB
:0408EA0001010113F4
:0408EB0011D0006FB9
:0408EC00FD010113F6
:0408ED0003212023A0
:0408EE0001312E2383
:0408EF0001412C2374
:0408F00001512A2365
:0408F1000161282356
:0408F2000171262347
:0408F30002112623A5
:0408F4000281242336
:0408F5000291222327
:0408F60000050B13DB
:0408F70000058B93DA
:0408F80000060A9359
:0408F90000000A13DE
:0408FA00001009934E
:0408FB00FFF00913EE
:0408FC00004AA48387
:0408FD00008AA403C6
:0408FE00FFF48493EC
:0408FF000204C863C4
:0409000000C4578355
:0409010000F9FE6398
:0409020000E4178373
:040903000004059354
:04090400000B0513CC
:0409050001278663DD
:04090600000B80E77B
:0409070000AA6A33A5
:04090800FFF48493E1
:040909000684041349
:04090A00FD249CE349
:04090B00000AAA83B1
:04090C00FC0A90E36E
:04090D0002C1208380
:04090E00028124033B
:04090F0002412483FA
:0409100002012903B4
:0409110001C1298374
:0409120001412A83F2
:0409130001012B03B0
:0409140000C12B8370
:04091500000A0513BC
:0409160001812A032E
:0409170003010113C4
:0409180000008067F4
:04091900FC010113C9
:04091A0002C12423CF
:04091B0002D12623BC
:04091C0002E12823A9
:04091D0002F12A2396
:04091E0003012C2382
:04091F0003112E236F
:040920000005861335
:0409210000852583A5
:0409220002810693B5
:0409230000112E236E
:0409240000D12623B5
:04092500245010EF5B
:0409260001C1208368
:0409270004010113B3
:0409280000008067E4
:04092900FC010113B9
:04092A0002C12423BF
:04092B0002D12623AC
:04092C008201A3039E
:04092D0002B12223CE
:04092E0002E1282397
:04092F0002F12A2384
:0409300003012C2370
:0409310003112E235D
:040932000083258396
:0409330002410693E4
:0409340000050613A1
:0409350000030513A3
:0409360000112E235B
:0409370000D12623A2
:040938001F9010EF0D
:0409390001C1208355
:04093A0004010113A0
:04093B0000008067D1
:04093C00FD010113A5
:04093D0002912223DE
:04093E000005049319
:04093F000005851317
:0409400002812423E9
:040941000211262356
:040942000005841315
:04094300295000EF48
:040944000015071380
:0409450000013697E0
:0409460015C68693B9
:0409470000E1262382
:040948000344A7833A
:04094900010107138E
:04094A0000D12C2389
:04094B0000E1222382
:04094C0000100693FE
:04094D00002007136C
:04094E0000812823D9
:04094F0000A12A23B6
:0409500000D12E2381
:0409510000E124237A
:040952000084A40376
:040953000C078263A8
:0409540006442783AB
:0409550000C41703C0
:040956000017F693FD
:04095700000696639D
:04095800200776936B
:0409590008068C639D
:04095A0001271693C8
:04095B000206C0636D
:04095C00FFFFE6B7FC
:04095D00FFF6869388
:04095E000000263738
:04095F0000C7673333
:0409600000D7F7B312
:0409610000E4162375
:0409620006F4222352
:0409630001279713BE
:0409640008074663D7
:040965000041061334
:0409660000040593F1
:0409670000048513F0
:04096800199040EFB3
:040969000644278396
:04096A0006051A6301
:04096B0000A0049351
:04096C000017F793E6
:04096D000007986384
:04096E0000C45783E7
:04096F002007F793D3
:0409700000078E638B
:0409710002C120831C
:0409720002812403D7
:0409730000048513E4
:040974000241248395
:040975000301011366
:040976000000806796
:0409770005842503CB
:040978006E8000EF9E
:0409790002C1208314
:04097A0002812403CF
:04097B0000048513DC
:04097C00024124838D
:04097D00030101135E
:04097E00000080678E
:04097F0005842503C3
:040980006B0000EF19
:0409810000C4170394
:04098200064427837D
:04098300F5DFF06F3D
:0409840000048513D3
:04098500CADFF0EFE6
:04098600F39FF06F7C
:04098700FFF00493E6
:04098800F91FF06FF4
:0409890000050593CD
:04098A008201A5033E
:04098B00EC5FF06FBE
:04098C00FD01011355
:04098D00028124239C
:04098E00029122238D
:04098F0003212023FD
:0409900001312E23E0
:0409910001412C23D1
:040992000211262305
:040993008201AA0330
:040994000005041343
:0409950000058913BD
:0409960000060993BB
:04099700000684933F
:04099800000A0663E8
:04099900034A278363
:04099A0020078A6345
:04099B00002007939E
:04099C0000F9886373
:04099D0000100793AC
:04099E002137E863B2
:04099F002004C66307
:0409A000064427835F
:0409A1000017F793B1
:0409A200100788634F
:0409A30000040593B4
:0409A400000A05132D
:0409A5006F4040EF70
:0409A600030425839E
:0409A70000058C6358
:0409A80004040793A9
:0409A90000F586636C
:0409AA00000A051327
:0409AB00519000EF78
:0409AC0002042823F6
:0409AD0000C41783E8
:0409AE0000042C23F2
:0409AF0000042223FB
:0409B0000807F7132A
:0409B10014071263B2
:0409B200FFFFF73715
:0409B30035C707132A
:0409B40000E7F7B3AE
:0409B50000F4162311
:0409B6000020071303
:0409B70014E98A6352
:0409B80000C10693E1
:0409B90000810613A0
:0409BA00000405939D
:0409BB00000A051316
:0409BC006F5040EF49
:0409BD0000C4578398
:0409BE0000A7E7B3F4
:0409BF0000F4162307
:0409C0000A0488633A
:0409C1000A090863B4
:0409C200034A27833A
:0409C3000C07866334
:0409C4000081270384
:0409C50000C41783D0
:0409C60000970A6329
:0409C70000001737DE
:0409C800800707138A
:0409C90000E7E7B3A9
:0409CA0000F41623FC
:0409CB0000100713FE
:0409CC0000E9966345
:0409CD000017E79395
:0409CE0000F41623F8
:0409CF0001242023BC
:0409D00001242823B3
:0409D10000942A2341
:0409D2000087F71390
:0409D30008070C63A2
:0409D4000017F713FE
:0409D50012070063A2
:0409D60006442703A9
:0409D700409004B395
:0409D80000042423D0
:0409D90000942C2337
:0409DA000017771378
:0409DB0008070463A2
:0409DC000000049380
:0409DD0002C12083B0
:0409DE00028124036B
:0409DF0002012903E5
:0409E00001C12983A5
:0409E10001812A0363
:0409E2000004851375
:0409E3000241248326
:0409E40003010113F7
:0409E5000000806727
:0409E60000C457836F
:0409E7002007F7935B
:0409E800EE0796E39D
:0409E9000584250359
:0409EA00508000EF4A
:0409EB00EE1FF06F9C
:0409EC0000812483DF
:0409ED00000485136A
:0409EE00715000EF55
:0409EF0000050913E3
:0409F0000C05086387
:0409F10000C4578364
:0409F2000807E79378
:0409F30000F41623D3
:0409F400034A278308
:0409F500F2079EE384
:0409F600000A0513DB
:0409F700AE5FF0EF10
:0409F800F31FF06F8A
:0409F90000042423AF
:0409FA000644270385
:0409FB000017771357
:0409FC00F80710E305
:0409FD002007F79345
:0409FE00F6079CE379
:0409FF000584250343
:040A00004C8000EF37
:040A0100F6DFF06FBD
:040A02000104258343
:040A0300000A0513CD
:040A04003B5000EF74
:040A050000C417838F
:040A0600FFFFF737C0
:040A070035C70713D5
:040A080000E7F7B359
:040A090000F41623BC
:040A0A0000200713AE
:040A0B00EAE99AE397
:040A0C00000004934F
:040A0D000644270371
:040A0E000434069313
:040A0F000027E613C3
:040A100000D42023CB
:040A110000D42823C2
:040A12000010069337
:040A130000C41623E2
:040A14000004242393
:040A150000D42A23BC
:040A1600001777133B
:040A1700F0071CE3E5
:040A18002007F79329
:040A1900F00798E367
:040A1A000584250327
:040A1B0045C000EFE3
:040A1C00F05FF06F28
:040A1D0000942423FA
:040A1E00F71FF06F5F
:040A1F00000A0513B1
:040A2000A41FF0EF30
:040A2100DE9FF06FF5
:040A2200FFF004934A
:040A2300EE9FF06FE3
:040A240001512A232F
:040A250000812A839F
:040A2600029A80634D
:040A2700000A851329
:040A280062D000EFA9
:040A290000050913A8
:040A2A00000A8493A7
:040A2B000005066359
:040A2C0001412A83D7
:040A2D00F11FF06F56
:040A2E0000C4178366
:040A2F0001412A83D4
:040A3000FFF004933C
:040A3100F71FF06F4C
:040A3200FF010113AC
:040A330000812423F7
:040A34000005841322
:040A350000E59583C0
:040A36000011262362
:040A37002F8000EF1D
:040A38000205406310
:040A39000504278306
:040A3A0000C1208354
:040A3B0000A787B3D6
:040A3C0004F4282373
:040A3D00008124030D
:040A3E00010101139E
:040A3F0000008067CC
:040A400000C4578314
:040A4100FFFFF73785
:040A4200FFF70713A0
:040A430000E7F7B31E
:040A440000C120834A
:040A450000F4162380
:040A46000081240304
:040A47000101011395
:040A480000008067C3
:040A49000000051391
:040A4A0000008067C1
:040A4B0000C59783C8
:040A4C00FE01011393
:040A4D0000812C23D5
:040A4E0000912A23C6
:040A4F000121282336
:040A50000131262327
:040A510000112E233F
:040A52001007F7137F
:040A53000005841303
:040A54000005049302
:040A5500000609137B
:040A5600000689937A
:040A5700040710631D
:040A5800FFFFF7376E
:040A5900FFF7071389
:040A5A0000E7F7B307
:040A5B0000E415831B
:040A5C0000F4162369
:040A5D0001812403EC
:040A5E0001C120832F
:040A5F000009869371
:040A60000009061370
:040A610000C1298324
:040A62000101290362
:040A630000048513F3
:040A640001412483A5
:040A65000201011376
:040A66002A00006FF3
:040A670000E595838E
:040A680000200693D1
:040A69000000061370
:040A6A001C8000EFFD
:040A6B0000C4178329
:040A6C00FB1FF06F0D
:040A6D00FF01011371
:040A6E0000812423BC
:040A6F0000058413E7
:040A700000E5958385
:040A71000011262327
:040A72001A8000EFF7
:040A7300FFF00793F6
:040A740002F508631C
:040A750000C45783DF
:040A7600000017372E
:040A770000C1208317
:040A780000E7E7B3F9
:040A79000107979347
:040A7A004107D793C6
:040A7B0004A4282384
:040A7C0000F4162349
:040A7D0000812403CD
:040A7E00010101135E
:040A7F00000080678C
:040A800000C45783D4
:040A8100FFFFF73745
:040A8200FFF7071360
:040A830000E7F7B3DE
:040A8400010797933C
:040A85004107D793BB
:040A860000C1208308
:040A870000F416233E
:040A880000812403C2
:040A89000101011353
:040A8A000000806781
:040A8B0000E595836A
:040A8C000040006FB7
:040A8D00FF01011351
:040A8E00008124239C
:040A8F000005041347
:040A900000058513C5
:040A91000001679762
:040A92007607A82318
:040A93000011262305
:040A9400261110EF28
:040A9500FFF00793D4
:040A960000F50A63FA
:040A970000C12083F7
:040A980000812403B2
:040A99000101011343
:040A9A000000806771
:040A9B000001679758
:040A9C007487A78331
:040A9D00FE0784E3E9
:040A9E0000C12083F0
:040A9F0000F420231C
:040AA00000812403AA
:040AA100010101133B
:040AA2000000806769
:040AA3008201A783A2
:040AA4000CA78E63AA
:040AA500044525835C
:040AA600FE01011339
:040AA70000912A236D
:040AA80000112E23E8
:040AA90000812C2379
:040AAA0000050493AC
:040AAB000405886353
:040AAC0001212823D9
:040AAD0001312623CA
:040AAE000000091328
:040AAF00080009939F
:040AB000012587B3E2
:040AB1000007A40393
:040AB20000040E63CB
:040AB30000040593A3
:040AB4000004240313
:040AB50000048513A1
:040AB6000ED000EF6F
:040AB700FE0418E33E
:040AB8000444A583CA
:040AB90000490913D4
:040ABA00FD391CE303
:040ABB00000485139B
:040ABC000D5000EFEA
:040ABD000101290307
:040ABE0000C12983C7
:040ABF000384A58384
:040AC0000005866344
:040AC1000004851395
:040AC2000BD000EF66
:040AC3000404A40380
:040AC40000040C63BB
:040AC5000004059391
:040AC6000004240301
:040AC700000485138F
:040AC8000A5000EFE1
:040AC900FE0418E32C
:040ACA0004C4A58338
:040ACB000005866339
:040ACC00000485138A
:040ACD00091000EF1D
:040ACE000344A783B3
:040ACF0000078E632B
:040AD0000181240379
:040AD10001C12083BC
:040AD2000004851384
:040AD3000141248336
:040AD4000201011307
:040AD500000780672F
:040AD60001C12083B7
:040AD7000181240372
:040AD8000141248331
:040AD9000201011302
:040ADA000000806731
:040ADB000000806730
:040ADC00FF01011302
:040ADD000005871376
:040ADE00008124234C
:040ADF000006059375
:040AE00000050413F6
:040AE1000006861372
:040AE20000070513F1
:040AE3000001679710
:040AE4006207A423DE
:040AE50000112623B3
:040AE600619110EF1B
:040AE700FFF0079382
:040AE80000F50A63A8
:040AE90000C12083A5
:040AEA000081240360
:040AEB0001010113F1
:040AEC00000080671F
:040AED000001679706
:040AEE006007A78373
:040AEF00FE0784E397
:040AF00000C120839E
:040AF10000F42023CA
:040AF2000081240358
:040AF30001010113E9
:040AF4000000806717
:040AF500FF010113E9
:040AF600000587135D
:040AF7000081242333
:040AF800000605935C
:040AF90000050413DD
:040AFA000006861359
:040AFB0000070513D8
:040AFC0000016797F7
:040AFD005C07A223CD
:040AFE00001126239A
:040AFF0016C120EF0D
:040B0000FFF0079368
:040B010000F50A638E
:040B020000C120838B
:040B03000081240346
:040B040001010113D7
:040B05000000806705
:040B060000016797EC
:040B070059C7A783A0
:040B0800FE0784E37D
:040B090000C1208384
:040B0A0000F42023B0
:040B0B00008124033E
:040B0C0001010113CF
:040B0D0000008067FD
:040B0E00FF010113CF
:040B0F000005871343
:040B10000081242319
:040B11000006059342
:040B120000050413C3
:040B1300000686133F
:040B140000070513BE
:040B150000016797DD
:040B16005607A023BB
:040B17000011262380
:040B1800308120EF19
:040B1900FFF007934F
:040B1A0000F50A6375
:040B1B0000C1208372
:040B1C00008124032D
:040B1D0001010113BE
:040B1E0000008067EC
:040B1F0000016797D3
:040B20005387A783CD
:040B2100FE0784E364
:040B220000C120836B
:040B230000F4202397
:040B24000081240325
:040B250001010113B6
:040B260000008067E4
:040B270000008067E3
:040B280000008067E2
:040B290000008067E1
:040B2A0000008067E0
:040B2B0000008067DF
:040B2C0000008067DE
:040B2D00001005139C
:040B2E0000008067DC
:040B2F00001005139A
:040B300000008067DA
:040B310000008067D9
:040B320000008067D8
:040B33000005059321
:040B34008201A50392
:040B3500D61FF06F68
:040B3600FC010113AA
:040B370002C12423B0
:040B380002D126239D
:040B390002F12A2378
:040B3A000006069318
:040B3B000281079399
:040B3C000005861317
:040B3D000005059317
:040B3E008201A50388
:040B3F0000112E2350
:040B400002E1282383
:040B410003012C235D
:040B420003112E234A
:040B430000F1262374
:040B4400535040EFDB
:040B450001C1208347
:040B46000401011392
:040B470000008067C3
:040B480000F00313A3
:040B49000005071389
:040B4A0002C37E6301
:040B4B0000F77793A5
:040B4C000A079063A1
:040B4D0008059263A2
:040B4E00FF06769395
:040B4F0000F6761323
:040B500000E686B382
:040B510000B72023A6
:040B520000B72223A3
:040B530000B72423A0
:040B540000B726239D
:040B5500010707137A
:040B5600FED766E37D
:040B5700000614631D
:040B580000008067B2
:040B590040C306B3DC
:040B5A000026969348
:040B5B0000000297FD
:040B5C00005686B306
:040B5D0000C68067E7
:040B5E0000B70723B2
:040B5F0000B706A332
:040B600000B70623B1
:040B610000B705A331
:040B620000B70523B0
:040B630000B704A330
:040B640000B70423AF
:040B650000B703A32F
:040B660000B70323AE
:040B670000B702A32E
:040B680000B70223AD
:040B690000B701A32D
:040B6A0000B70123AC
:040B6B0000B700A32C
:040B6C0000B70023AB
:040B6D00000080679D
:040B6E000FF5F593F7
:040B6F0000859693D4
:040B700000D5E5B314
:040B71000105969351
:040B720000D5E5B312
:040B7300F6DFF06F4A
:040B7400002796932D
:040B750000000297E3
:040B7600005686B3EC
:040B77000000829365
:040B7800FA0680E712
:040B79000002809363
:040B7A00FF07879357
:040B7B0040F7073305
:040B7C0000F6063346
:040B7D00F6C378E360
:040B7E00F3DFF06F42
:040B7F0000A5C7B353
:040B80000037F793B0
:040B810000C508B3F0
:040B8200060794636B
:040B830000300793A4
:040B840006C7F0634D
:040B8500003577932D
:040B8600000507134C
:040B870006079A6360
:040B8800FFC8F61399
:040B890040E606B389
:040B8A0002000793CB
:040B8B0008D7CE6356
:040B8C000005869347
:040B8D0000070793C3
:040B8E0002C77863BF
:040B8F000006A803B1
:040B90000047879300
:040B91000046869301
:040B9200FF07AE2388
:040B9300FEC7E8E3CE
:040B9400FFF60793CE
:040B950040E787B3FB
:040B9600FFC7F7930B
:040B970000478793F9
:040B980000F7073328
:040B990000F585B32B
:040B9A000117686374
:040B9B00000080676F
:040B9C000005071336
:040B9D00051578635F
:040B9E000005C78304
:040B9F000017071321
:040BA0000015859324
:040BA100FEF70FA3A9
:040BA200FEE898E3EE
:040BA3000000806767
:040BA4000005C683FF
:040BA500001707131B
:040BA600003777930A
:040BA700FED70FA3C3
:040BA800001585931C
:040BA900F6078EE3DA
:040BAA000005C683F9
:040BAB000017071315
:040BAC000037779304
:040BAD00FED70FA3BD
:040BAE000015859316
:040BAF00FC079AE3C2
:040BB000F61FF06FCD
:040BB1000000806759
:040BB200FF0101132B
:040BB3000081262374
:040BB4000200041324
:040BB5000005A38311
:040BB6000045A283D1
:040BB7000085AF8383
:040BB80000C5AF03C2
:040BB9000105AE8301
:040BBA000145AE0340
:040BBB000185A3030A
:040BBC0001C5A803C4
:040BBD000205A68304
:040BBE0002470713D0
:040BBF0040E607B352
:040BC000FC772E236D
:040BC100FE57202398
:040BC200FFF72223F4
:040BC300FFE7242301
:040BC400FFD726230E
:040BC500FFC728231B
:040BC600FE672A2379
:040BC700FF072C23D5
:040BC800FED72E2303
:040BC90002458593C9
:040BCA00FAF446E310
:040BCB000005869308
:040BCC000007079384
:040BCD0002C7786380
:040BCE000006A80372
:040BCF0000478793C1
:040BD00000468693C2
:040BD100FF07AE2349
:040BD200FEC7E8E38F
:040BD300FFF607938F
:040BD40040E787B3BC
:040BD500FFC7F793CC
:040BD60000478793BA
:040BD70000F70733E9
:040BD80000F585B3EC
:040BD9000117686335
:040BDA0000C124032F
:040BDB000101011300
:040BDC00000080672E
:040BDD000005C783C5
:040BDE0000170713E2
:040BDF0000158593E5
:040BE000FEF70FA36A
:040BE100FEE882E3C5
:040BE2000005C783C0
:040BE30000170713DD
:040BE40000158593E0
:040BE500FEF70FA365
:040BE600FCE89EE3A6
:040BE700FCDFF06FD0
:040BE80000357793CA
:040BE90000050713E9
:040BEA0004079C63FD
:040BEB007F7F86B7CB
:040BEC00F7F68693FF
:040BED00FFF005937D
:040BEE0000072603D3
:040BEF0000470713A1
:040BF00000D677B301
:040BF10000D787B3EF
:040BF20000C7E7B39E
:040BF30000D7E7B38D
:040BF400FEB784E3E1
:040BF500FFC746836D
:040BF60040A707B35A
:040BF7000406846309
:040BF800FFD746835A
:040BF90002068C6301
:040BFA00FFE74503C9
:040BFB0000A03533EE
:040BFC0000F50533C8
:040BFD00FFE50513F8
:040BFE00000080670C
:040BFF00FA0688E387
:040C0000000747831F
:040C010000170713BE
:040C020000377693AE
:040C0300FE0798E36D
:040C040040A70733CB
:040C0500FFF70513DD
:040C06000000806703
:040C0700FFD785137B
:040C08000000806701
:040C0900FFC7851389
:040C0A0000008067FF
:040C0B00FE010113D2
:040C0C000121282377
:040C0D008241891384
:040C0E0000812C2312
:040C0F0000050413C5
:040C100000092503AF
:040C110000912A2301
:040C12000131262363
:040C13000141242354
:040C140000112E237A
:040C150000058493BF
:040C160000060A13B7
:040C170000068993B7
:040C1800C51FF0EF15
:040C19000001671758
:040C1A00174707135E
:040C1B000007278324
:040C1C0008078663DC
:040C1D000047A703E2
:040C1E0001F0059349
:040C1F0000092503A0
:040C200008E5C663BA
:040C21000027159300
:040C220002041E6347
:040C2300001707139C
:040C240000E7A22320
:040C250000B787B3DA
:040C26000097A4236C
:040C2700C2DFF0EF49
:040C280000000513B0
:040C290001C1208362
:040C2A00018124031D
:040C2B0001412483DC
:040C2C000101290396
:040C2D0000C1298356
:040C2E0000812A0314
:040C2F0002010113AA
:040C300000008067D9
:040C310000B788334D
:040C32000948242326
:040C33001887A683F5
:040C34000010061393
:040C350000E616338C
:040C360000C6E6B35B
:040C370018D7A42303
:040C38001138242328
:040C390000200693FE
:040C3A00FAD412E3F3
:040C3B0018C7A683AD
:040C3C0000C6E6B355
:040C3D0018D7A623FB
:040C3E00F95FF06FFB
:040C3F0000016797B2
:040C40002AC78793A5
:040C410000F7202375
:040C4200F6DFF06F7A
:040C4300BBDFF0EF34
:040C4400FFF00513A5
:040C4500F91FF06F34
:040C4600FD01011398
:040C470001712623EE
:040C480082418B93C7
:040C490001612823FA
:040C4A0000050B1383
:040C4B00000BA503F2
:040C4C0001412C2313
:040C4D0000016A1721
:040C4E000A4A0A1331
:040C4F00032120233A
:040C500001812423D7
:040C51000211262343
:040C520000058C13FA
:040C5300B65FF0EFA9
:040C5400000A290366
:040C550008090C631B
:040C560001312E2317
:040C570001512A23FA
:040C580002812423CE
:040C590002912223BF
:040C5A0001912223BF
:040C5B00FFF009930A
:040C5C0000100A93E7
:040C5D0000492483A3
:040C5E00FFF4841308
:040C5F0004044E63D8
:040C60000024949345
:040C6100009904B33F
:040C6200080C146303
:040C6300004927839A
:040C64000044A6831F
:040C6500FFF787937B
:040C66000C87806314
:040C67000004A223C0
:040C68000206866397
:040C6900188927833C
:040C6A00008A973332
:040C6B0000492C838D
:040C6C0000F777B363
:040C6D0006079A6379
:040C6E00000680E715
:040C6F00004927030E
:040C7000000A2783CC
:040C71000997146368
:040C72000927926359
:040C7300FFF4041373
:040C7400FFC48493A2
:040C7500FB341AE34F
:040C760002812403D0
:040C7700024124838F
:040C780001C129830A
:040C790001412A8388
:040C7A0000412C8386
:040C7B00000BA503C2
:040C7C0002C120830E
:040C7D000201290344
:040C7E0001812A03C3
:040C7F0001012B0341
:040C800000C12B8301
:040C810000812C03BF
:040C82000301011356
:040C8300ABDFF06F84
:040C84001044A783EE
:040C8500F7878CE37E
:040C8600FFF4041360
:040C8700FFC484938F
:040C8800FF3418E33A
:040C8900FB5FF06FAE
:040C8A0018C92783DB
:040C8B000844A583F1
:040C8C0000F77733C3
:040C8D0002071663E1
:040C8E00000B05133F
:040C8F00000680E7F4
:040C900000492703ED
:040C9100000A2783AB
:040C9200F99700E3EB
:040C9300F80786E3F5
:040C940000078913B9
:040C9500F21FF06FEB
:040C9600008922238C
:040C9700F45FF06FA7
:040C980000058513BB
:040C9900000680E7EA
:040C9A00F55FF06FA3
:040C9B0000000793BB
:040C9C000007886362
:040C9D0000005517E7
:040C9E0088C50513ED
:040C9F00C0DFE06F63
:040CA0000000806769
:040CA100FE0101133C
:040CA20000812C237E
:040CA30000912A236F
:040CA40001212823DF
:040CA50001312623D0
:040CA60001412423C1
:040CA7000005899328
:040CA80000112E23E6
:040CA9000005091326
:040CAA0000014A17E4
:040CAB00050A0A1319
:040CAC00411000EF04
:040CAD00008A27038F
:040CAE00000017B774
:040CAF00FEF7879332
:040CB0000047248352
:040CB10000001737F1
:040CB200FFC4F493F4
:040CB30000F4843392
:040CB4004134043390
:040CB50000C4541310
:040CB600FFF4041330
:040CB70000C414134E
:040CB80000E44E63A3
:040CB900000005939F
:040CBA000009051315
:040CBB007BC040EFCB
:040CBC00008A278300
:040CBD00009787B362
:040CBE0002F50863D0
:040CBF000009051310
:040CC0003CD000EF35
:040CC10001C12083CA
:040CC2000181240385
:040CC3000141248344
:040CC40001012903FE
:040CC50000C12983BE
:040CC60000812A037C
:040CC7000000051311
:040CC8000201011311
:040CC9000000806740
:040CCA00408005B3AE
:040CCB000009051304
:040CCC00778040EFFE
:040CCD00FFF007939A
:040CCE0004F50A63BC
:040CCF0000016717A2
:040CD0001FC7071320
:040CD100000727836E
:040CD200008A2683EB
:040CD300408484B322
:040CD4000014E49391
:040CD500408787B31A
:040CD60000090513F9
:040CD7000096A223BE
:040CD80000F72023DE
:040CD900369000EF62
:040CDA0001C12083B1
:040CDB00018124036C
:040CDC00014124832B
:040CDD0001012903E5
:040CDE0000C12983A5
:040CDF0000812A0363
:040CE00000100513E8
:040CE10002010113F8
:040CE2000000806727
:040CE3000000059375
:040CE40000090513EB
:040CE500714040EF2B
:040CE600008A270356
:040CE70000F0069380
:040CE80040E507B329
:040CE900F4F6DCE35E
:040CEA008281A683DA
:040CEB0040D50533B8
:040CEC000017E79373
:040CED000001669705
:040CEE0018A6A2237F
:040CEF0000F72223C5
:040CF000F3DFF06FCF
:040CF10018058263FD
:040CF200FF010113EA
:040CF3000081242335
:040CF4000091222326
:040CF500000584135F
:040CF600000504935E
:040CF700001126239F
:040CF8002E1000EFCB
:040CF900FFC425838C
:040CFA00FF84071359
:040CFB000001451798
:040CFC00F0C5051327
:040CFD00FFE5F79385
:040CFE0000F70633C2
:040CFF000046268302
:040D0000008528033F
:040D0100FFC6F693A0
:040D02001AC80263A6
:040D030000D62223D1
:040D04000015F5934E
:040D050000D60833D9
:040D06000A059063E7
:040D0700FF8423033F
:040D080000482583F7
:040D09000001489706
:040D0A00EDC8889315
:040D0B004067073303
:040D0C000087280331
:040D0D00006787B341
:040D0E000015F59344
:040D0F00151802634E
:040D100000C72303F2
:040D1100006826232D
:040D12000103242392
:040D13001A058863D2
:040D14000017E6934B
:040D150000D72223BE
:040D160000F62023A0
:040D17001FF0069330
:040D180006F6EC638C
:040D1900FF87F693C7
:040D1A000086869336
:040D1B0000452583E7
:040D1C0000D506B345
:040D1D000006A60323
:040D1E000057D8138F
:040D1F000010079326
:040D2000010797B37D
:040D210000B7E7B37D
:040D2200FF86859330
:040D230000B72623CC
:040D240000C72423BD
:040D250000F5222390
:040D260000E6A02320
:040D270000E6262399
:040D2800008124031F
:040D290000C1208362
:040D2A000004851329
:040D2B0000412483DC
:040D2C0001010113AD
:040D2D002190006FA2
:040D2E0000482583D1
:040D2F000015F59323
:040D300008058663C9
:040D31000017E6932E
:040D3200FED42E239A
:040D330000F6202383
:040D34001FF0069313
:040D3500F8F6F8E3F1
:040D36000097D693B9
:040D3700004006135F
:040D380012D662630A
:040D39000067D693E6
:040D3A000396859304
:040D3B000386861392
:040D3C000035959356
:040D3D0000B505B345
:040D3E000005A68383
:040D3F00FF85859314
:040D400000D59863DF
:040D41001580006FAA
:040D42000086A683FE
:040D430000D58863EC
:040D44000046A603BC
:040D4500FFC676135C
:040D4600FEC7E8E319
:040D470000C6A583BA
:040D480000B72623A7
:040D490000D7242388
:040D4A0000812403FD
:040D4B0000C1208340
:040D4C0000E5A423F7
:040D4D000004851306
:040D4E0000412483B9
:040D4F0000E6A623F1
:040D50000101011389
:040D51001890006F87
:040D520000008067B6
:040D530000D787B38B
:040D540000014897BB
:040D5500DB0888939C
:040D5600008626836A
:040D57000D168E6384
:040D580000C62803A6
:040D59000017E59307
:040D5A0000F7063365
:040D5B000106A623C4
:040D5C0000D8242374
:040D5D0000B7222396
:040D5E0000F6202358
:040D5F00EE1FF06F24
:040D600012059E6377
:040D61000086258360
:040D620000C626039E
:040D630000F686B35D
:040D64000016E793FB
:040D650000C5A623FC
:040D660000B624238C
:040D670000F722234C
:040D680000D7073376
:040D690000D720236C
:040D6A00EF9FF06F98
:040D6B000015F593E7
:040D6C0000D786B373
:040D6D000205906388
:040D6E00FF84258356
:040D6F0040B707334F
:040D700000C727830E
:040D710000872603CE
:040D720000B686B38E
:040D730000F626233D
:040D740000C7A423ED
:040D75000016E793EA
:040D760000F722233D
:040D770000E524234C
:040D780082C1A7830A
:040D7900EAF6EEE3C5
:040D7A000001659778
:040D7B00BFC5A583C8
:040D7C0000048513D7
:040D7D00C91FF0EFAB
:040D7E00EA9FF06F89
:040D7F0000D787B35F
:040D8000F59FF06F7C
:040D81000140061314
:040D820002D67063C2
:040D8300054006130E
:040D840006D66463C8
:040D850000C7D6933A
:040D860006F6859355
:040D870006E68613E3
:040D8800003595930A
:040D8900ED1FF06FFB
:040D8A0005C6859382
:040D8B0005B6861310
:040D8C000035959306
:040D8D00EC1FF06FF8
:040D8E0000E52A232F
:040D8F0000E5282330
:040D90000017E693CF
:040D910001172623FD
:040D920001172423FE
:040D930000D7222340
:040D940000F707332A
:040D950000F7202320
:040D9600E49FF06F77
:040D970000452803E8
:040D98004026561388
:040D990000100793AC
:040D9A0000C797B344
:040D9B000107E7B3B2
:040D9C0000F5222319
:040D9D00EADFF06F2A
:040D9E0015400613E3
:040D9F0000D66C63AB
:040DA00000F7D693EF
:040DA10007868593A9
:040DA2000776861337
:040DA30000359593EF
:040DA400E65FF06FA7
:040DA500554006139C
:040DA60000D66C63A4
:040DA7000127D693B7
:040DA80007D6859352
:040DA90007C68613E0
:040DAA0000359593E8
:040DAB00E49FF06F62
:040DAC003F800593EC
:040DAD0007E0061342
:040DAE00E3DFF06F20
:040DAF000017E693B0
:040DB00000D7222323
:040DB10000F6202305
:040DB200DD9FF06F62
:040DB300000505939F
:040DB4008201A50310
:040DB5000100006FCA
:040DB600000505939C
:040DB7008201A5030D
:040DB800CE5FF06FAB
:040DB900FD01011324
:040DBA0003212023CE
:040DBB0002112623D8
:040DBC000281242369
:040DBD00029122235A
:040DBE0001312E23AE
:040DBF0000B5879361
:040DC00001600713B4
:040DC100000509130D
:040DC20008F7626369
:040DC3000100079391
:040DC40020B7E6630B
:040DC5007AC000EF01
:040DC600018007930E
:040DC7000020059370
:040DC800010004938F
:040DC9000001499745
:040DCA00BD49899303
:040DCB0000F987B3F1
:040DCC000047A40335
:040DCD00FF87871302
:040DCE0036E40263A2
:040DCF000044278332
:040DD00000C42683B2
:040DD1000084260371
:040DD200FFC7F793CD
:040DD30000F407B36E
:040DD4000047A7032A
:040DD50000D62623FB
:040DD60000C6A4238C
:040DD7000017671387
:040DD80000090513F6
:040DD90000E7A2236A
:040DDA00764000EF70
:040DDB000084051378
:040DDC0002C12083AD
:040DDD000281240368
:040DDE000241248327
:040DDF0002012903E1
:040DE00001C12983A1
:040DE10003010113F6
:040DE2000000806726
:040DE300FF87F493FF
:040DE4001807C663C3
:040DE50018B4E463F7
:040DE600728000EF28
:040DE7001F700793DF
:040DE8004097F863D5
:040DE9000094D79308
:040DEA001807826301
:040DEB0000400713AA
:040DEC0034F76E6307
:040DED000064D79334
:040DEE00039785934F
:040DEF0003878813DB
:040DF0000035961321
:040DF100000149971D
:040DF200B3498993E5
:040DF30000C986337A
:040DF400004624038E
:040DF500FF8606135C
:040DF6000286086306
:040DF70000F00513F0
:040DF8000140006F47
:040DF90000C4268389
:040DFA002A0756630B
:040DFB0000D60E63AD
:040DFC000006841356
:040DFD000044278304
:040DFE00FFC7F793A1
:040DFF00409787335F
:040E0000FEE552E3D6
:040E0100000805934D
:040E02000109A4033B
:040E0300000148970B
:040E0400AF488893D8
:040E050027140C633F
:040E060000442783FA
:040E070000F006935E
:040E0800FFC7F79396
:040E09004097873354
:040E0A0038E6CA6399
:040E0B000119AA23FC
:040E0C000119A823FD
:040E0D0034075E63E5
:040E0E001FF00713B7
:040E0F000049A503EE
:040E100026F76663F8
:040E1100FF87F7134D
:040E1200008707133B
:040E130000E9873338
:040E1400000726832A
:040E15000057D61399
:040E1600001007932E
:040E170000C797B3C6
:040E180000F5653349
:040E1900FF870793B5
:040E1A0000F4262397
:040E1B0000D42423B8
:040E1C0000A9A22364
:040E1D000087202307
:040E1E000086A62381
:040E1F004025D79300
:040E200000100613A5
:040E210000F616338E
:040E22000AC56A6330
:040E230000A677B3FB
:040E240002079463CA
:040E2500001616138A
:040E2600FFC5F5937C
:040E270000A677B3F7
:040E28000045859369
:040E290000079A63C1
:040E2A000016161385
:040E2B0000A677B3F3
:040E2C000045859365
:040E2D00FE078AE34F
:040E2E0000F00813B5
:040E2F0000359313E4
:040E3000006983339F
:040E310000030513A2
:040E320000C527834D
:040E330000058E1315
:040E340026F500633C
:040E35000047A703C8
:040E3600000784131A
:040E370000C7A783C6
:040E3800FFC7771366
:040E3900409706B325
:040E3A0026D8406313
:040E3B00FE06C2E30A
:040E3C0000E4073394
:040E3D0000472683C1
:040E3E000084260303
:040E3F00000905138E
:040E40000016E6931F
:040E410000D7222391
:040E420000F626236D
:040E430000C7A4231D
:040E44005BC000EFA0
:040E4500008405130D
:040E4600E59FF06FC5
:040E470000C007934D
:040E480000F920236A
:040E4900000005138D
:040E4A00E49FF06FC2
:040E4B00200006136A
:040E4C000400059306
:040E4D0003F0081393
:040E4E00E8DFF06F7A
:040E4F000089A4036F
:040E500001612823F1
:040E510000442783AF
:040E5200FFC7FB13C8
:040E5300009B686335
:040E5400409B073385
:040E550000F007930F
:040E56000EE7C86378
:040E570001912223C0
:040E580082818C9374
:040E5900000CA703DF
:040E5A0001412C2303
:040E5B0001512A23F4
:040E5C0001712623D7
:040E5D0000016A978F
:040E5E00870AAA83D2
:040E5F00FFF0079306
:040E600001640A33EC
:040E610001548AB3FB
:040E62003EF70263F2
:040E6300000017B7BD
:040E640000F7879379
:040E650000FA8AB352
:040E6600FFFFF7B7DC
:040E670000FAFAB3E0
:040E6800000A859364
:040E69000009051364
:040E6A00100040EF45
:040E6B00FFF00793FA
:040E6C0000050B93DF
:040E6D0046F50663DD
:040E6E0001812423B7
:040E6F00254568634A
:040E700000016C17FA
:040E7100B78C0C131B
:040E7200000C2583C8
:040E730000BA85B389
:040E740000BC20237B
:040E750000058713DA
:040E76002CAA10632F
:040E77000145179387
:040E78002A079C6346
:040E79000089AB83BE
:040E7A00015B07B35E
:040E7B000017E793E2
:040E7C0000FBA223B2
:040E7D000001571702
:040E7E007EC7071311
:040E7F0000072683BF
:040E800000B6F46361
:040E810000B7202373
:040E820000015717FD
:040E83007D4707138D
:040E840000072683BA
:040E850000B6F4635C
:040E860000B720236E
:040E870000812C03B7
:040E8800000B8413C4
:040E8900FFC7F79315
:040E8A0040978733D3
:040E8B003897EC6345
:040E8C0000F00793D8
:040E8D0038E7D86307
:040E8E0001812A03B1
:040E8F0001412A8370
:040E900000C12B83EF
:040E910000412C836D
:040E92000014E793CE
:040E930000F4222322
:040E9400009404B30F
:040E95000099A423F9
:040E960000176713C7
:040E97000009051336
:040E980000E4A223AD
:040E9900468000EFA0
:040E9A0002C12083EE
:040E9B0000840513B7
:040E9C0002812403A8
:040E9D0001012B0321
:040E9E000241248366
:040E9F000201290320
:040EA00001C12983E0
:040EA1000301011335
:040EA2000000806765
:040EA3000049A5035A
:040EA400DEDFF06F2E
:040EA500008426039C
:040EA600CB5FF06FBF
:040EA70000C7A403D9
:040EA8000025859309
:040EA900D68782E383
:040EAA00C95FF06FBD
:040EAB000097D713C2
:040EAC000040069369
:040EAD0014E6F263F2
:040EAE000140069366
:040EAF0032E6E663DE
:040EB00005C7061359
:040EB10005B70693E8
:040EB20000361613DD
:040EB30000C98633B9
:040EB400000627030A
:040EB500FF8606139B
:040EB60000E61863D7
:040EB7002980006F1F
:040EB8000087270385
:040EB90000E60863E4
:040EBA000047268344
:040EBB00FFC6F693E5
:040EBC00FED7E8E392
:040EBD0000C7260341
:040EBE0000C4262323
:040EBF0000E4242304
:040EC0000086242361
:040EC100008726235D
:040EC200D75FF06F97
:040EC30001400713D0
:040EC40010F7786348
:040EC50005400713CA
:040EC6002EF766633A
:040EC70000C4D793F9
:040EC80006F7859311
:040EC90006E788139D
:040ECA000035961346
:040ECB00C99FF06F5C
:040ECC00001E0E13E3
:040ECD00003E7793D9
:040ECE000085051383
:040ECF001007806325
:040ED00000C52783AF
:040ED100D8DFF06F07
:040ED200008426036F
:040ED3000014E5938F
:040ED40000B4222321
:040ED50000F62623DA
:040ED60000C7A4238A
:040ED700009404B3CC
:040ED8000099AA23B0
:040ED9000099A823B1
:040EDA000016E79384
:040EDB000114A62335
:040EDC000114A42336
:040EDD0000F4A22358
:040EDE0000E40733F2
:040EDF0000090513EE
:040EE00000D72023F4
:040EE100348000EF6A
:040EE2000084051370
:040EE300BE5FF06F8F
:040EE40000F407B35C
:040EE5000047A70318
:040EE60000090513E7
:040EE7000017671376
:040EE80000E7A2235A
:040EE900328000EF64
:040EEA000084051368
:040EEB00BC5FF06F89
:040EEC000034D59366
:040EED000084879363
:040EEE00B6DFF06F0C
:040EEF000014E69372
:040EF00000D42223E5
:040EF100009404B3B2
:040EF2000099AA2396
:040EF3000099A82397
:040EF40000176693EA
:040EF5000114A6231B
:040EF6000114A4231C
:040EF70000D4A2235E
:040EF80000F407B348
:040EF90000090513D4
:040EFA0000E7A0234A
:040EFB002E0000EFD6
:040EFC000084051356
:040EFD00B7DFF06FFC
:040EFE000067D7139F
:040EFF00039706133C
:040F000003870693CA
:040F0100003616138D
:040F0200EC5FF06F41
:040F030007340C6340
:040F04000089A403B9
:040F050000812C0338
:040F060000442783F9
:040F0700E09FF06F08
:040F080005C7859301
:040F090005B788138D
:040F0A000035961305
:040F0B00B99FF06F2B
:040F0C0000832783B4
:040F0D00FFF58593D4
:040F0E00286790635D
:040F0F000035F7931F
:040F1000FF83031345
:040F1100FE0796E35E
:040F12000049A703E8
:040F1300FFF647930B
:040F140000E7F7B348
:040F150000F9A2231A
:040F16000016161398
:040F1700CEC7E0E37E
:040F1800CC060EE312
:040F190000F6773334
:040F1A0000071A634F
:040F1B000016161393
:040F1C0000F6773331
:040F1D00004E0E1361
:040F1E00FE070AE3DD
:040F1F00000E059328
:040F2000C3DFF06FCC
:040F210000016C1748
:040F22008B4C0C13D5
:040F2300000C270394
:040F240000EA873325
:040F250000EC202399
:040F2600000CA68392
:040F2700FFF007933D
:040F280018F68663CE
:040F2900414B87B3FE
:040F2A0000E787B3A2
:040F2B0000FC202383
:040F2C00007BFC93B7
:040F2D000C0C8C63B9
:040F2E00419B8BB3A5
:040F2F00000017B7F0
:040F3000008787931C
:040F3100008B8B9313
:040F3200419785B3AB
:040F3300015B8AB321
:040F3400415585B3EB
:040F3500014595934A
:040F36000145DA1384
:040F3700000A059314
:040F38000009051394
:040F39005C5030EFE9
:040F3A00FFF007932A
:040F3B0018F5006342
:040F3C0041750533C3
:040F3D0001450AB3AD
:040F3E00000C270379
:040F3F000179A4236D
:040F4000001AE79319
:040F410000EA05B30A
:040F420000BC2023AC
:040F430000FBA223EA
:040F4400CF3402E3C1
:040F450000F006931F
:040F46000B66F063E3
:040F47000044270338
:040F4800FF4B0793C1
:040F4900FF87F79394
:040F4A000017771302
:040F4B0000F7673311
:040F4C0000E4222378
:040F4D000050061337
:040F4E0000F4073371
:040F4F0000C7222392
:040F500000C724238F
:040F510000F6E6635D
:040F5200004BA78326
:040F5300CA9FF06FD2
:040F5400008405937D
:040F55000009051377
:040F5600E6CFF0EF03
:040F57000089AB83DF
:040F5800000C2583E1
:040F5900004BA7831F
:040F5A00C8DFF06F8D
:040F5B00010A8A936A
:040F5C00C31FF06F50
:040F5D004026D693C1
:040F5E0000100793E5
:040F5F0000D797B36D
:040F600000F5653300
:040F610000A9A2231E
:040F6200D71FF06F36
:040F6300015B85B3F6
:040F640040B005B3E1
:040F6500014595931A
:040F66000145DA1354
:040F6700000A0593E4
:040F68000009051364
:040F6900505030EFC5
:040F6A00FFF00793FA
:040F6B00F4F512E3A4
:040F6C0000000A1364
:040F6D00F45FF06FCE
:040F6E0000812C03CF
:040F6F0000100793D4
:040F700000FBA223BD
:040F7100000905135B
:040F7200104000EF3C
:040F73000000051362
:040F740001812A03CA
:040F750001412A8389
:040F760001012B0347
:040F770000C12B8307
:040F780000412C8385
:040F790098DFF06F9E
:040F7A000540069395
:040F7B0004E6E46341
:040F7C0000C7D713C0
:040F7D0006F706135A
:040F7E0006E70693E9
:040F7F00003616130F
:040F8000CCDFF06F63
:040F810015400713FD
:040F820004F76463A9
:040F830000F4D7930C
:040F840007878593C3
:040F8500077788134F
:040F86000035961389
:040F87009A9FF06FCE
:040F88000089A40335
:040F89000044278376
:040F8A00BFDFF06F66
:040F8B00017CA02322
:040F8C00E81FF06FFB
:040F8D001540069372
:040F8E0004E6E4632E
:040F8F0000F7D7137D
:040F900007870613B6
:040F91000777069345
:040F920000361613FC
:040F9300C81FF06F14
:040F940055400713AA
:040F950004F7646396
:040F96000124D793C8
:040F970007D7859360
:040F980007C78813EC
:040F99000035961376
:040F9A0095DFF06F80
:040F9B00FF8C8C93A8
:040F9C00019A8AB379
:040F9D00417A8AB358
:040F9E0000000A1332
:040F9F00E7DFF06F29
:040FA000554006931F
:040FA10002E6E4631D
:040FA2000127D71339
:040FA30007D7061353
:040FA40007C70693E2
:040FA50000361613E9
:040FA600C35FF06FC6
:040FA7003F8006136E
:040FA80007F00593B6
:040FA90007E0081342
:040FAA0091DFF06F74
:040FAB003F8006136A
:040FAC0007E00693C1
:040FAD00C19FF06F81
:040FAE000049A783CC
:040FAF00D9DFF06F27
:040FB00000015517D0
:040FB100308505136F
:040FB200DE9FE06F6F
:040FB30000015517CD
:040FB4002FC505132D
:040FB500DF5FE06FAB
:040FB600E30101133F
:040FB7001C112623C0
:040FB8001C81242351
:040FB9001C91222342
:040FBA001D212023B2
:040FBB000005841396
:040FBC00000609130F
:040FBD0000D1262316
:040FBE000005049393
:040FBF0002A1202348
:040FC000275030EF97
:040FC10000052703FD
:040FC200000705130C
:040FC30002E1242300
:040FC400890FF0EFB2
:040FC50002A1222340
:040FC6000C012823CF
:040FC7000C012A23CC
:040FC8000C012C23C9
:040FC9000C012E23C6
:040FCA000004886334
:040FCB000344A70331
:040FCC0000071463A3
:040FCD0077C0106F6A
:040FCE0006442703AB
:040FCF0000C41683C1
:040FD000001776137D
:040FD100000618639B
:040FD2002006F613EC
:040FD300000614639D
:040FD40031C0106FA9
:040FD5000126961348
:040FD600020640636C
:040FD700FFFFE637FB
:040FD800FFF6061307
:040FD900000025B738
:040FDA0000B6E6B3C4
:040FDB0000C77733A1
:040FDC0000D4162304
:040FDD0006E42223E1
:040FDE00012716933E
:040FDF000006D463D1
:040FE0007D40206FC1
:040FE10000C41683AF
:040FE2000086F7137B
:040FE3003007086368
:040FE40001042703DA
:040FE500300704636A
:040FE60001A6F71356
:040FE70000A006134D
:040FE80032C70063A9
:040FE9001B312E2367
:040FEA001B412C2358
:040FEB001B7126232D
:040FEC001BA1202302
:040FED001B512A2347
:040FEE001B61282338
:040FEF001B8124231B
:040FF0001B9122230C
:040FF10019B12E23E1
:040FF20000090D13D2
:040FF300000D4703A3
:040FF4000EC109938E
:040FF5000D31222375
:040FF6000C012623A1
:040FF7000C012423A2
:040FF80000012A23A7
:040FF90002012623A8
:040FFA0002012C23A1
:040FFB0002012A23A2
:040FFC0002012E239D
:040FFD0004012023A8
:040FFE0000012223A9
:040FFF0002012B833D
:041000000100049354
:0410010000098A1345
:04100200220704635A
:04100300000D0A933F
:0410040002500693FD
:0410050034D7026377
:04100600001AC70302
:04100700001A8A93AE
:04100800FE071AE3E2
:0410090041AA89333C
:04100A0021AA846330
:04100B000CC126836B
:04100C000C81270329
:04100D0001AA2023F1
:04100E00012686B37E
:04100F0000170713AC
:04101000012A22236C
:041011000CD12623B5
:041012000CE12423A6
:0410130000700693D0
:04101400008A0A1331
:0410150030E6CA6394
:0410160000412783EB
:04101700000AC70301
:04101800012787B372
:0410190000F122239D
:04101A001C07046348
:04101B00001AC8836C
:04101C000A0103A31F
:04101D00001A8A9398
:04101E00FFF00B13C1
:04101F0000000C932E
:0410200000000D932C
:0410210005A009130A
:04102200001A8A9393
:04102300FE088793A9
:0410240004F96A63FE
:041025000001171798
:0410260072C7071373
:041027000027979374
:0410280000E787B3A3
:041029000007A78392
:04102A0000E787B3A1
:04102B0000078067D3
:04102C0000000C9321
:04102D00FD088793A0
:04102E000090069395
:04102F00000AC88368
:04103000002C9713E6
:0410310001970CB364
:04103200001C9C936F
:0410330001978CB3E2
:04103400FD08879399
:04103500001A8A9380
:04103600FEF6F2E3ED
:04103700FE08879395
:04103800FAF97AE364
:0410390014088663AE
:04103A001311062365
:04103B000A0103A300
:04103C0000100C1381
:04103D000010091383
:04103E0012C10D13BB
:04103F000001242365
:0410400000000B138E
:0410410000012E2359
:0410420000012C235A
:04104300000128235D
:04104400002DF293F6
:0410450000028463BE
:04104600002C0C135B
:04104700084DFF93BE
:041048000CC12603AE
:04104900000F96639B
:04104A00418C87331B
:04104B0046E046E352
:04104C000A714703DB
:04104D0002070A6329
:04104E000C812703E7
:04104F000A7105938A
:0410500000BA20239F
:04105100001606136C
:0410520000100593F2
:041053000017071368
:0410540000BA222399
:041055000CC1262381
:041056000CE1242362
:04105700007005938D
:04105800008A0A13ED
:0410590034E5C06357
:04105A0002028A63A1
:04105B000C812703DA
:04105C0000200593D8
:04105D000026061350
:04105E00001707135D
:04105F000A81079368
:0410600000BA22238D
:0410610000FA20234E
:041062000CC1262374
:041063000CE1242355
:041064000070059380
:04106500008A0A13E0
:0410660050E5C6E3A8
:041067000800071363
:041068001EEF80E314
:04106900412B0B33D9
:04106A002D6046E3CC
:04106B00100DF7135A
:04106C007C07126388
:04106D000C81278348
:04106E00012606331E
:04106F0001AA20238F
:04107000001787934B
:04107100012A22230B
:041072000CC1262364
:041073000CF1242335
:0410740000700713EE
:0410750040F74C6391
:04107600008A0A13CF
:04107700004DFE1317
:04107800000E0663FD
:04107900418C8933EA
:04107A004F2046E3DA
:04107B00000C8313CF
:04107C00018CD463AC
:04107D00000C03134D
:04107E000041278383
:04107F00006787B3CC
:0410800000F1222336
:0410810034061CE332
:04108200008127833F
:041083000C01242315
:041084000007886376
:04108500008125833E
:04108600000B8513C3
:041087009A8FF0EF5D
:0410880000098A13BE
:04108900000A8D13B9
:04108A00000D47030B
:04108B00DE0710E389
:04108C000CC12783E9
:04108D000007846371
:04108E0015D0106FFA
:04108F000C01242309
:0410900006442703E8
:0410910000C41783FD
:0410920000177713B9
:041093003C070063B3
:041094000407F793C3
:041095001BC12983CF
:041096001B812A038D
:041097001B412A834C
:041098001B012B030A
:041099001AC12B83CA
:04109A001A812C0388
:04109B001A412C8347
:04109C001A012D0305
:04109D0019C12D83C5
:04109E000007846360
:04109F001EC0206FE0
:0410A0001CC12083CC
:0410A1001C81240387
:0410A20000412503E1
:0410A3001C41248345
:0410A4001C012903FF
:0410A5001D01011315
:0410A600000080675F
:0410A700020125031A
:0410A80000040593A8
:0410A900418030EF63
:0410AA0000050463D6
:0410AB001B00206F97
:0410AC0000C41683E3
:0410AD0000A0061386
:0410AE0001A6F7138D
:0410AF00CEC714E3B1
:0410B00000E417033E
:0410B100CE0740E343
:0410B20006442703C6
:0410B3000017771398
:0410B40000071863B6
:0410B5002006F69388
:0410B6000006946339
:0410B7001090106F16
:0410B80000C12683CA
:0410B9000201250308
:0410BA000009061310
:0410BB000004059395
:0410BC0058C020EF09
:0410BD001CC12083AF
:0410BE001C8124036A
:0410BF0000A1222347
:0410C00000412503C3
:0410C1001C41248327
:0410C2001C012903E1
:0410C3001D010113F7
:0410C4000000806741
:0410C500000B851384
:0410C60065C030EFE2
:0410C7000045278336
:0410C8000007851385
:0410C90004F12023EB
:0410CA00C79FE0EFED
:0410CB000005079382
:0410CC00000B85137D
:0410CD0000078C1379
:0410CE0002F12E23DA
:0410CF00638030EF1B
:0410D000008527036D
:0410D10002E12A23EB
:0410D200000C0463A7
:0410D3000040106F5A
:0410D400000AC883C3
:0410D500D35FF06F86
:0410D60041AA89336F
:0410D700CDAA98E323
:0410D800000AC70340
:0410D900D05FF06F85
:0410DA000C410613AC
:0410DB000004059375
:0410DC00000B85136D
:0410DD00600020EFA0
:0410DE00EC0514E326
:0410DF0000098A1367
:0410E000CD9FF06F41
:0410E100008DF71374
:0410E200000704639C
:0410E3000140106F49
:0410E40000C127839D
:0410E50009010513E5
:0410E60001112423AD
:0410E70000778C13EF
:0410E800FF8C7C13EA
:0410E900000C25834F
:0410EA00004C26038D
:0410EB00008C0793DB
:0410EC0000F12623C6
:0410ED005110F0EFBF
:0410EE00090125834C
:0410EF00094126038A
:0410F00009812683C9
:0410F10009C1270307
:0410F20000812883CE
:0410F3000D010513D3
:0410F400011124239F
:0410F5000CE12E23B9
:0410F6000CB12823EE
:0410F7000CC12A23DB
:0410F8000CD12C23C8
:0410F9004E9030EFF6
:0410FA000AA12623FE
:0410FB0000200713B7
:0410FC0000812883C4
:0410FD0000E5146393
:0410FE002FC0106F80
:0410FF0000100713C3
:0411000000E514638F
:041101004D00106F1E
:0411020006100713B9
:0411030000E8946309
:041104000F00106F59
:0411050004100713B8
:0411060005800793C6
:0411070000E8946305
:041108000E40106F16
:04110900FFF00713D9
:04110A0000EB14637F
:04110B002880206FA9
:04110C00FDF8F713E0
:04110D0004700693D1
:04110E000001242395
:04110F0000D716638C
:04111000000B146359
:0411110000100B13AC
:041112000DC12C03DC
:04111300100DE79341
:0411140004F122239D
:041115000201282388
:041116000D012F8315
:041117000D412F0354
:041118000D812E8394
:04111900000C5A6309
:04111A008000073713
:04111B0002D0079364
:04111C0001874C33C8
:04111D0002F1282390
:04111E00FBF8871340
:04111F0002500693E1
:0411200000E6F4638E
:041121004CC0106F3F
:04112200000116971B
:041123004A4686931F
:041124000027171376
:0411250000D70733B5
:041126000007270394
:0411270000D70733B3
:041128000007006755
:041129000C4106135C
:04112A000004059325
:04112B00000B85131D
:04112C000511242362
:04112D0005F1222383
:04112E00025128231F
:04112F004B8020EFE2
:041130000A0518E3B1
:041131000CC12603C4
:041132000481288389
:0411330004412F83C1
:04113400030122830E
:0411350000098A1310
:04113600C91FF06F6E
:041137000C812903FB
:0411380001412783C7
:041139000010071388
:04113A0001AA2023C3
:04113B000016061381
:04113C00001909137A
:04113D00008A0B1306
:04113E003EF756E33F
:04113F000010071382
:0411400000EA22237C
:041141000CC1262394
:041142000D21242334
:04114300007007131E
:0411440001275463C8
:041145000780106FA0
:0411460002412783B8
:0411470002812703F7
:04114800001909136E
:0411490000F6063373
:04114A0000EB202373
:04114B0000FB222360
:04114C000CC1262389
:04114D000D21242329
:04114E000070071313
:04114F00008B0B13F3
:0411500001275463BC
:0411510006C0106F55
:041152000D01270361
:0411530001412783AC
:0411540008010593F6
:0411550008E1282362
:041156000D4127031D
:041157000901051372
:0411580000C1282387
:0411590008E12A235C
:04115A000D812703D9
:04115B000801202344
:04115C000801222341
:04115D0008E12C2356
:04115E000DC1270395
:04115F00080124233C
:041160000801262339
:0411610008E12E2350
:04116200FFF78A13F6
:041163007BC0C0EF9E
:04116400010126035C
:04116500380508E35E
:04116600001D0793CE
:04116700001909134F
:041168000146063303
:0411690000FB202344
:04116A00014B2223F0
:04116B000CC126236A
:04116C000D2124230A
:04116D000070079374
:04116E00008B0B13D4
:04116F003527C2E37B
:04117000038126834E
:041171000B41071314
:0411720000190793C6
:0411730000C68633F9
:0411740000EB202349
:0411750000DB222356
:041176000CC126235F
:041177000CF1242330
:0411780000700713E9
:04117900008B0A13CA
:04117A00BEF75AE37F
:04117B000C4106130A
:04117C0000040593D3
:04117D00000B8513CB
:04117E0037C020EF67
:04117F0076051A6374
:041180000CC1260375
:0411810000098A13C4
:04118200BD5FF06FEE
:041183002007F71337
:04118400C40710E3A9
:0411850005842503B5
:04118600EB0FE0EF9C
:0411870000C4178306
:04118800C31FF06F22
:04118900000AC8830D
:04118A00020DED93D2
:04118B00A5DFF06F7D
:04118C00010DED93D1
:04118D00020DF793C5
:04118E003A0780E3B9
:04118F0000C12783F1
:0411900000778C1345
:04119100FF8C7C1340
:04119200004C278363
:04119300000C290320
:04119400008C0713B1
:0411950000E126232C
:0411960000078813B3
:041197003A07C8E368
:04119800000D8613AD
:041199000C0B486390
:04119A00010967B32D
:04119B00F7FDF61353
:04119C000C07926347
:04119D000C0B1663BE
:04119E000000091331
:04119F0000060D93A6
:0411A00019010D1311
:0411A1000D00006FCE
:0411A20000C127035E
:0411A3000A0103A397
:0411A40000100C1318
:0411A5000007278395
:0411A60000470713E4
:0411A70000E126231A
:0411A80012F1062317
:0411A9000010091316
:0411AA0012C10D134E
:0411AB00A51FF06F1D
:0411AC0000C12783D4
:0411AD000A0103A38D
:0411AE000007AD0386
:0411AF00004788135A
:0411B0005C0D02E3ED
:0411B100000B546378
:0411B20015C0106FE5
:0411B300000B061314
:0411B400000005939F
:0411B500000D051311
:0411B60001012823E8
:0411B70001112623D9
:0411B80011C030EF43
:0411B90000A124234A
:0411BA0000C12883C5
:0411BB000101280303
:0411BC0000051463B3
:0411BD0053D0106F8C
:0411BE000081278302
:0411BF000A71470367
:0411C00001012623E0
:0411C10041A7893386
:0411C200FFF9469358
:0411C30041F6D69388
:0411C40000012423DF
:0411C50000012E23D4
:0411C60000012C23D5
:0411C70000012823D8
:0411C80000D97C339B
:0411C90000000B1304
:0411CA009E0704E395
:0411CB00001C0C13E5
:0411CC009E1FF06F03
:0411CD006A081AE3AF
:0411CE0000900793F3
:0411CF006B27E6E3C1
:0411D00003090713F5
:0411D10018E107A377
:0411D20000060D9373
:0411D30000100913EC
:0411D40018F10D13EE
:0411D5000A71470351
:0411D60000090C13ED
:0411D70001695463F3
:0411D800000B0C13E9
:0411D90000012423CA
:0411DA0000012E23BF
:0411DB0000012C23C0
:0411DC0000012823C3
:0411DD00FA071CE30E
:0411DE00999FF06F76
:0411DF00010DED937E
:0411E000020DF79372
:0411E1002A0784E372
:0411E20000C127839E
:0411E30000778C13F2
:0411E400FF8C7C13ED
:0411E500000C2903CE
:0411E600004C28038E
:0411E700008C0793DE
:0411E80000F12623C9
:0411E900BFFDF6133D
:0411EA000000079367
:0411EB000000069367
:0411EC000AD103A37E
:0411ED00300B42631E
:0411EE00010966B3DA
:0411EF00F7F67D93FF
:0411F0002E069A63CA
:0411F100360B106346
:0411F2005A079CE319
:0411F3000016791356
:0411F40019010D13BD
:0411F500F80900E312
:0411F6000300079358
:0411F70018F107A341
:0411F80018F10D13CA
:0411F900F71FF06F7D
:0411FA0000C1278386
:0411FB000007AC83BA
:0411FC00004787938E
:0411FD00280CD6E301
:0411FE0041900CB35D
:0411FF0000F12623B2
:04120000000AC88395
:04120100004DED931C
:04120200881FF06FE2
:0412030002B007939B
:04120400000AC88391
:041205000AF103A344
:04120600871FF06FDF
:04120700020DF7934A
:0412080034078AE33A
:0412090000C1278376
:04120A0000412683F6
:04120B000007A783AE
:04120C0041F6D713BD
:04120D0000D7A02343
:04120E0000E7A22330
:04120F0000C1278370
:04121000000A8D1330
:041211000047879378
:0412120000F126239E
:041213009DDFF06FFC
:0412140000C12703EB
:04121500000087B797
:041216008307879330
:041217000AF11423A1
:0412180000470793F1
:0412190000F1262397
:04121A000001179721
:04121B00E1C787930D
:04121C0002F1262392
:04121D00000729039A
:04121E0000000813B1
:04121F00002DE613A5
:041220000020079310
:0412210007800893A7
:04122200F25FF06F18
:04122300000AC88372
:0412240006C0079366
:041225003CF888E326
:04122600010DED9336
:04122700FECFF06F97
:04122800000AC8836D
:0412290006800793A1
:04122A003AF886E325
:04122B00040DED932E
:04122C00FD8FF06FD3
:04122D00010DE613B6
:04122E0002067793AA
:04122F000E0784E33F
:0412300000C127834F
:0412310000778C13A3
:04123200FF8C7C139E
:04123300008C079391
:0412340000F126237C
:04123500000C29037D
:04123600004C28033D
:041237000010079309
:04123800ECDFF06F88
:04123900000AC8835C
:04123A00008DED93A3
:04123B00F9CFF06F88
:04123C00000AC88359
:04123D00001DED9310
:04123E00F90FF06F45
:04123F000A71478366
:04124000000AC88355
:04124100F8079263B5
:04124200020007930C
:041243000AF103A306
:04124400F78FF06FC1
:04124500000AC88350
:04124600080DED930F
:04124700F6CFF06F7F
:04124800000AC8834D
:0412490002A0079365
:04124A00001A86936D
:04124B0000F89463B0
:04124C006AD0106FE5
:04124D00FD0887937E
:04124E0000900713F2
:04124F0000000B137D
:0412500000900613F1
:0412510002F76463D9
:041252000006C88347
:04125300002B171342
:0412540001670B33F0
:04125500001B1B134C
:0412560000FB0B335B
:04125700FD08879374
:041258000016869363
:04125900FEF672E348
:04125A00240B4EE330
:04125B0000068A936C
:04125C00F1CFF06F6F
:04125D00065007131D
:04125E00B71752E389
:04125F000D01270353
:0412600008010593E9
:041261000901051367
:0412620008E1282354
:041263000D4127030F
:0412640002C1282378
:041265000801202339
:0412660008E12A234E
:041267000D812703CB
:041268000801222334
:041269000801242331
:04126A0008E12C2348
:04126B000DC1270387
:04126C00080126232C
:04126D0008E12E2343
:04126E003900C0EF94
:04126F00030126034E
:041270005C051463A2
:041271000C81278342
:041272000001171749
:04127300CEC70713C8
:0412740000EA202349
:041275000016061346
:04127600001007134A
:041277000017879342
:0412780000EA222343
:041279000CC126235B
:04127A000CF124232C
:04127B0000700713E5
:04127C00008A0A13C7
:04127D004CF744E303
:04127E000AC12783F7
:04127F0001412703FF
:0412800004E7DEE3BE
:04128100028127833C
:0412820002412703FB
:04128300008A0A13C0
:04128400FEFA2C231F
:041285000C8127832E
:0412860000E6063345
:04128700FEEA2E232A
:041288000017879331
:041289000CC126234B
:04128A000CF124231C
:04128B0000700713D5
:04128C0020F742E322
:04128D000141278371
:04128E00FFF78913CA
:04128F00FB2050638D
:04129000010007133F
:041291000C81278322
:0412920000011E97A2
:04129300F8CE8E9370
:0412940049275AE3A9
:0412950001512823B8
:0412960001000B1335
:0412970000700D13C3
:04129800000E8A9327
:0412990000C0006F22
:04129A00FF0909132C
:04129B00472B58E3A2
:04129C00010606132E
:04129D00001787931C
:04129E00015A2023AE
:04129F00016A22239B
:0412A0000CC1262334
:0412A1000CF1242305
:0412A200008A0A13A1
:0412A300FCFD5EE30D
:0412A4000C410613E0
:0412A50000040593A9
:0412A600000B8513A1
:0412A7006D9010EF47
:0412A8002C05186396
:0412A9000CC126034B
:0412AA000C81278309
:0412AB0000098A1399
:0412AC00FB9FF06F45
:0412AD00000D861397
:0412AE000010069393
:0412AF00C6D78CE32F
:0412B0000020069381
:0412B10006D78C636D
:0412B20019010D13FE
:0412B30001D81793B4
:0412B40000797693B4
:0412B5000039591390
:0412B6000306869312
:0412B7000127E933EF
:0412B800003858138F
:0412B900FEDD0FA3A4
:0412BA00010967B30C
:0412BB00000D05130A
:0412BC00FFFD0D1312
:0412BD00FC079CE3AB
:0412BE00001677138C
:0412BF0006070A63B1
:0412C000030007130D
:0412C10006E6866354
:0412C200FFE505132C
:0412C3001901079373
:0412C400FEED0FA389
:0412C50040A7893382
:0412C60000060D937E
:0412C70000050D13FE
:0412C800C35FF06FA1
:0412C9000010069378
:0412CA0000D7946352
:0412CB001890106FF8
:0412CC000020069365
:0412CD00000D861377
:0412CE00F8D798E3D2
:0412CF0002C12683AF
:0412D00019010D13E0
:0412D10000F9779316
:0412D20000F687B3E8
:0412D3000007C70346
:0412D4000049591361
:0412D50001C81793A2
:0412D6000127E933D0
:0412D7000048581360
:0412D800FEED0FA375
:0412D900010967B3ED
:0412DA00FFFD0D13F4
:0412DB00FC079CE38D
:0412DC00190107935A
:0412DD0041A7893369
:0412DE0000060D9366
:0412DF00BD9FF06F50
:0412E000418C873383
:0412E100E2E0506394
:0412E20001000513EF
:0412E3000C812583D2
:0412E40000011E9750
:0412E500E44E8E93B2
:0412E60008E558635C
:0412E7000521222398
:0412E800000A07935E
:0412E90001000F13DE
:0412EA0000700F93EE
:0412EB0003112823A0
:0412EC0000070913DB
:0412ED00000E8A1352
:0412EE0000C0006FCD
:0412EF00FF090913D7
:0412F000052F5A6309
:0412F10001060613D9
:0412F20000158593CB
:0412F3000147A023EC
:0412F40001E7A22349
:0412F5000CC12623DF
:0412F6000CB12423F0
:0412F7000087879352
:0412F800FCBFDEE376
:0412F9000C4106138B
:0412FA000004059354
:0412FB00000B85134C
:0412FC00585010EF47
:0412FD0016051E6351
:0412FE0001000F13C9
:0412FF00FF090913C7
:041300000CC12603F3
:041301000C812583B3
:0413020000098793C4
:0413030000700F93D4
:04130400FB2F4AE38E
:0413050000090713C1
:041306000301288334
:041307000441290371
:04130800000A0E9336
:0413090000078A133C
:04130A0000E60633C0
:04130B0000158593B1
:04130C0000EA2223AE
:04130D0001DA2023BE
:04130E000CC12623C5
:04130F000CB12423D6
:04131000007007134F
:04131100008A0A1331
:04131200D4B75E638B
:041313000C41061370
:041314000004059339
:04131500000B851331
:041316000311282374
:04131700519010EFF2
:041318001005186341
:041319000CC12603DA
:04131A000301288320
:04131B0000098A1328
:04131C00D34FF06F4C
:04131D000C81258397
:04131E0000011E9715
:04131F00D5CE8E9306
:041320000964D86321
:04132100000A079324
:04132200007007133D
:0413230000090A13A0
:041324000311282366
:04132500000B09139D
:04132600000E8B1317
:0413270000C0006F93
:04132800FF0909139D
:041329000524DC6358
:04132A00010606139F
:04132B000015859391
:04132C00000116970F
:04132D00D24686938B
:04132E0000D7A02321
:04132F000097A2235E
:041330000CC12623A3
:041331000CB12423B4
:041332000087879316
:04133300FCB75AE3C6
:041334000C4106134F
:041335000004059318
:04133600000B851310
:04133700499010EFDA
:041338000805186329
:04133900FF0909138C
:04133A000CC12603B9
:04133B000C81258379
:04133C00000987938A
:04133D000070071322
:04133E00FB24C8E3E1
:04133F0003012883FB
:04134000000B0E93FD
:0413410000090B1381
:04134200000A091381
:0413430000078A1302
:041344000166063305
:041345000015859377
:0413460001DA202385
:04134700016A2223F2
:041348000CC126238B
:041349000CB124239C
:04134A000070071315
:04134B00008A0A13F7
:04134C00C6B75E635F
:04134D000C41061336
:04134E0000040593FF
:04134F00000B8513F7
:04135000031128233A
:04135100431010EF46
:041352000205146319
:041353000CC12603A0
:0413540003012883E6
:0413550000098A13EE
:04135600C54FF06F20
:041357000C4106132C
:0413580000040593F5
:04135900000B8513ED
:04135A0040D010EF80
:04135B00C8050E6350
:04135C000081228367
:04135D00CC028663D5
:04135E000201250360
:04135F000002859370
:04136000E44FE0EF87
:041361000644270314
:0413620000C4178329
:0413630000177713E5
:04136400CC0710633F
:04136500879FF06FFF
:04136600010005136A
:041367000C8125834D
:0413680000011F174A
:04136900C24F0F134D
:04136A000AE55063DD
:04136B00052126230F
:04136C00000A0793D9
:04136D0001000E93DA
:04136E000070039375
:04136F0002512823DC
:0413700005F122233E
:04137100051124231B
:041372000007091354
:04137300000F0A134A
:0413740000C0006F46
:04137500FF09091350
:04137600052EDA6303
:041377000106061352
:041378000015859344
:041379000147A02365
:04137A0001D7A223D2
:04137B000CC1262358
:04137C000CB1242369
:04137D0000878793CB
:04137E00FCB3DEE3FB
:04137F000C41061304
:0413800000040593CD
:04138100000B8513C5
:0413820036D010EF62
:04138300F60512E376
:0413840001000E93C3
:04138500FF09091340
:041386000CC126036D
:041387000C8125832D
:04138800000987933E
:04138900007003935A
:04138A00FB2ECAE389
:04138B00000907133B
:04138C0003012283B4
:04138D0004412F8365
:04138E00048128832B
:04138F0004C1290369
:04139000000A0F132D
:0413910000078A13B4
:0413920000E6063338
:041393000015859329
:0413940000EA222326
:0413950001EA202326
:041396000CC126233D
:041397000CB124234E
:0413980000700713C7
:04139900008A0A13A9
:04139A00ACB7546335
:04139B000C410613E8
:04139C0000040593B1
:04139D00000B8513A9
:04139E0005112423EE
:04139F0005F122230F
:0413A00002512823AB
:0413A1002F1010EF0A
:0413A200EE0514E35D
:0413A3000CC1260350
:0413A4000481288315
:0413A50004412F834D
:0413A600030122839A
:0413A70000098A139C
:0413A800A90FF06F2A
:0413A9000C410613DA
:0413AA0000040593A3
:0413AB00000B85139B
:0413AC0005112223E2
:0413AD0003F12823FD
:0413AE002BD010EF41
:0413AF00EA051AE34E
:0413B0000CC1260343
:0413B1000441288348
:0413B20003012F8381
:0413B30000098A1390
:0413B400ACCFF06F5B
:0413B50000011F17FD
:0413B600AF0F0F1353
:0413B7000100071317
:0413B8000C812783FA
:0413B90001000B1311
:0413BA0000700D139F
:0413BB00000F0D937F
:0413BC00012748635A
:0413BD000580006F38
:0413BE00FF09091307
:0413BF00052B566341
:0413C0000106061309
:0413C10000178793F7
:0413C20001BA202329
:0413C300016A222376
:0413C4000CC126230F
:0413C5000CF12423E0
:0413C600008A0A137C
:0413C700FCFD5EE3E8
:0413C8000C410613BB
:0413C9000004059384
:0413CA00000B85137C
:0413CB00249010EF6B
:0413CC00E40510E341
:0413CD00FF090913F8
:0413CE000CC1260325
:0413CF000C812783E3
:0413D00000098A1373
:0413D100FB2B4EE3C1
:0413D200000D8F1368
:0413D30001260633B6
:0413D40000178793E4
:0413D50001EA2023E6
:0413D600012A2223A3
:0413D7000CC12623FC
:0413D8000CF12423CD
:0413D9000070071386
:0413DA00A8F75263BB
:0413DB000C410613A8
:0413DC000004059371
:0413DD00000B851369
:0413DE001FD010EF1D
:0413DF00DE051AE32A
:0413E0000CC1260313
:0413E100A68FF06F74
:0413E2000AC1258394
:0413E30030B0506373
:0413E4000101278359
:0413E5000141270398
:0413E60000078B135E
:0413E70000F7546354
:0413E80000070B13DC
:0413E90003605863E2
:0413EA000C81270348
:0413EB00016606335E
:0413EC0001AA20230F
:0413ED0000170713CB
:0413EE00016A22234B
:0413EF000CC12623E4
:0413F0000CE12423C5
:0413F10000700593F0
:0413F200008A0A1350
:0413F30000E5D463DA
:0413F4003FC0106F77
:0413F500FFFB4713A0
:0413F6000101278347
:0413F70041F7571350
:0413F80000EB7B3358
:0413F90041678B338A
:0413FA007D6042636D
:0413FB000101278342
:0413FC00400DF71396
:0413FD0000FD0EB32E
:0413FE00000704637D
:0413FF001100106F5A
:041400000AC1258375
:0414010001412783FB
:0414020048F5CE6378
:04140300001DF713BE
:0414040048071A6318
:041405000141270377
:0414060000ED07B33B
:0414070040B705B332
:0414080041D78B330A
:041409000165D46342
:04140A0000058B133B
:04140B0003605863BF
:04140C000C81270325
:04140D00016606333B
:04140E0001DA2023BC
:04140F0000170713A8
:04141000016A222328
:041411000CC12623C1
:041412000CE12423A2
:0414130000700793CB
:04141400008A0A132D
:0414150000E7D463B5
:0414160042C0106F51
:04141700FFFB47137D
:0414180041F757132E
:0414190000EB77B3BA
:04141A0040F58933DD
:04141B00972058635B
:04141C0001000713B1
:04141D000C81278394
:04141E0000011E9714
:04141F0095CE8E9345
:041420006727526385
:04142100015128232A
:0414220001000B13A7
:0414230000700D1335
:04142400000E8A9399
:0414250000C0006F94
:04142600FF0909139E
:04142700652B50637E
:0414280001060613A0
:04142900001787938E
:04142A00015A202320
:04142B00016A22230D
:04142C000CC12623A6
:04142D000CF1242377
:04142E00008A0A1313
:04142F00FCFD5EE37F
:041430000C41061352
:04143100000405931B
:04143200000B851313
:041433000A9010EF1C
:04143400CA0510E3F2
:041435000CC12603BD
:041436000C8127837B
:0414370000098A130B
:04143800FB9FF06FB7
:04143900001DF5930A
:04143A00C0059A63EC
:04143B0000EA22237E
:04143C000CC1262396
:04143D000D21242336
:04143E0000700793A0
:04143F00CD27D26380
:041440000C41061342
:04144100000405930B
:04144200000B851303
:04144300069010EF10
:04144400C60510E3E6
:041445000CC12603AD
:041446000C812903E9
:0414470000098B13FA
:04144800CA0FF06F68
:041449000141270333
:04144A0000100793F4
:04144B00C8E7DA63B1
:04144C0001100793F1
:04144D0000011E97E5
:04144E008A0E8E93E1
:04144F0066E7D06319
:0414500001512823FB
:0414510001000793FC
:0414520000700D1306
:04145300000E8A936A
:0414540000C0006F65
:04145500FF0A0A136D
:041456006347DE63A7
:041457000106061371
:04145800001909135B
:04145900015B2023F0
:04145A0000FB22234E
:04145B000CC1262377
:04145C000D21242317
:04145D00008B0B13E2
:04145E00FD2D5EE31F
:04145F000C41061323
:0414600000040593EC
:04146100000B8513E4
:041462007EC010EF49
:04146300BE0512E3CD
:041464000CC126038E
:041465000C812903CA
:0414660000098B13DB
:0414670001000793E6
:04146800FB5FF06FC7
:0414690000C1268315
:04146A00010677936D
:04146B000006A703CD
:04146C00004686931D
:04146D0000D1262361
:04146E0014079E635E
:04146F000406779365
:041470001407866374
:041471000107191343
:041472000109591300
:04147300000008135A
:0414740000100793CA
:04147500DD8FF06FA8
:0414760000C1268308
:04147700010DF793D9
:041478000006A703C0
:041479000046869310
:04147A0000D1262354
:04147B0014079A6355
:04147C00040DF793D1
:04147D00140782636B
:04147E000107191336
:04147F0041095913B3
:0414800041F95813C3
:0414810000080793C5
:04148200C407DC635C
:04148300012037B35A
:0414840041000833E8
:0414850040F80833F0
:0414860041200933C5
:04148700000D8613BB
:0414880002D00693F5
:0414890000100793B5
:04148A00D88FF06F98
:04148B0000C12683F3
:04148C00010DF793C4
:04148D000006A703AB
:04148E0000468693FB
:04148F0000D126233F
:041490000E0796634A
:04149100040DF793BC
:041492000C078E6352
:041493000107191321
:0414940001095913DE
:041495000000081338
:04149600D4CFF06F50
:04149700001DF793AA
:041498000007946352
:04149900F79FE06F6A
:04149A00F9CFF06F27
:04149B00058425039C
:04149C00A41FD0EFCA
:04149D0000C41683EE
:04149E0006442703D6
:04149F00CD9FE06F8E
:0414A000000AC883F3
:0414A10000F126230D
:0414A200E01FE06FF8
:0414A3000C8127038E
:0414A4000001051727
:0414A50042450513A4
:0414A60000AA202355
:0414A7000016061312
:0414A8000010051318
:0414A900001707130E
:0414AA0000AA22234F
:0414AB000CC1262327
:0414AC000CE1242308
:0414AD0000700513B3
:0414AE00008A0A1393
:0414AF0004E546E327
:0414B0005A059A63DC
:0414B100014127834B
:0414B200001DF7130F
:0414B30000F76733A4
:0414B40000071463B6
:0414B500F09FE06F55
:0414B6000281270385
:0414B7000241278344
:0414B8000070059328
:0414B90000EA202302
:0414BA000C81270377
:0414BB0000C78633AD
:0414BC0000FA2223ED
:0414BD0000170713FA
:0414BE000CC1262314
:0414BF000CE12423F5
:0414C0000AE5CEE388
:0414C100008A0A1380
:0414C2005A00006F5D
:0414C30020067793F5
:0414C400040794E3A2
:0414C5000007091300
:0414C6000000081307
:0414C7000010079377
:0414C800C8CFF06F2A
:0414C900200DF79368
:0414CA0004079AE396
:0414CB0000070913FA
:0414CC000000081301
:0414CD00C70FF06FE6
:0414CE00200DF79363
:0414CF00020796E397
:0414D00041F7581375
:0414D10000070913F4
:0414D2000008079374
:0414D300B10FF06FF6
:0414D4000341278326
:0414D500000AC883BE
:0414D6000007946314
:0414D700D2DFE06F11
:0414D8000007C783BF
:0414D9000007946311
:0414DA00D21FE06FCE
:0414DB00400DED9340
:0414DC00D19FE06F4D
:0414DD00010DF79373
:0414DE0040079463CC
:0414DF00040DF7936E
:0414E0007C07926390
:0414E100200DFE13C9
:0414E2003E0E0C634B
:0414E30000C127839A
:0414E4000041270399
:0414E5000007A783D2
:0414E60000E7802378
:0414E700CA0FF06FC9
:0414E80000C1278395
:0414E9000007A7034E
:0414EA00004787939D
:0414EB0000F12623C3
:0414EC00000725834D
:0414ED00004726038B
:0414EE0000872683CA
:0414EF0000C7270308
:0414F00080CFF06F4A
:0414F100FFF00B13EA
:0414F20000068A93D3
:0414F300CC1FE06FBB
:0414F400000D86134E
:0414F500CE4FF06F77
:0414F6000001079753
:0414F7002C078793A4
:0414F80002F12623B4
:0414F900020DF79356
:0414FA0016078463EA
:0414FB0000C1278382
:0414FC0000778C13D6
:0414FD00FF8C7C13D1
:0414FE00000C2903B2
:0414FF00004C280372
:04150000008C0793C1
:0415010000F12623AC
:04150200001DF7933E
:0415030000078E63EC
:04150400010967B3BF
:0415050000078A63EE
:041506000300079344
:041507000AF10423BE
:041508000B1104A31C
:04150900002DED9331
:04150A00BFFDF61318
:04150B000020079322
:04150C00B7CFF06FF6
:04150D000C41061374
:04150E00000405933D
:04150F00000B851335
:04151000534010EF45
:04151100920516E346
:041512000CC12603DF
:0415130000098A132E
:04151400DE4FF06F47
:04151500001AC8836D
:04151600200DED9324
:04151700001A8A9399
:04151800C29FE06F1F
:04151900001AC88369
:04151A00020DED933E
:04151B00001A8A9395
:04151C00C19FE06F1C
:04151D00000107972B
:04151E002107879387
:04151F0002F126238C
:04152000F65FF06F13
:0415210000600793CC
:04152200000B09139E
:041523006B67E063AF
:0415240000090C139B
:041525000101262377
:0415260000010D179C
:04152700214D0D1332
:04152800C5DFE06FCC
:041529000281270311
:04152A0002412783D0
:04152B000070051334
:04152C0000EA20238E
:04152D000C81270303
:04152E0000F606338A
:04152F0000FA222379
:041530000017071386
:041531000CC12623A0
:041532000CE1242381
:04153300008A0A130D
:04153400B4E552E3E5
:041535000C4106134C
:041536000004059315
:04153700000B85130D
:0415380001D1282392
:04153900490010EF66
:04153A00880514E329
:04153B000AC1258339
:04153C000CC12603B5
:04153D0001012E83F7
:04153E0000098A1303
:04153F00B19FF06FF9
:041540000780079386
:041541000300071389
:041542000AE1042393
:041543000AF104A302
:041544000630071353
:04154500000124235A
:04154600002DED93F4
:0415470012C10D13AD
:041548000167446390
:04154900F25FE06FFE
:04154A00001B0593EA
:04154B00000B8513F9
:04154C000111242342
:04154D009B0FE0EF21
:04154E00008128836D
:04154F0000050D1373
:04155000000514631B
:041551002FC0106F28
:0415520000A12423AD
:04155300EFDFE06F77
:0415540000C1268329
:04155500010DF793FA
:041556000006A703E1
:041557000046869331
:0415580000D1262375
:0415590006079C6382
:04155A00040DF793F2
:04155B000607846398
:04155C000107191357
:04155D000109591314
:04155E00000008136E
:04155F00E8DFF06F62
:04156000000009136B
:0415610019010D134C
:041562009CCFF06FBB
:041563000C4106131E
:0415640000040593E7
:04156500000B8513DF
:041566003DC010EF85
:04156700FC051A6302
:041568000CC1260389
:041569000C812903C5
:04156A0000098B13D6
:04156B00F6DFE06F58
:04156C000C41061315
:04156D0000040593DE
:04156E00000B8513D6
:04156F003B8010EFBE
:04157000FA051863FD
:041571000CC1260380
:041572000C812903BC
:0415730000098B13CD
:04157400F79FE06F8E
:04157500200DF793BB
:041576005A07986315
:04157700000709134D
:041578000000081354
:04157900E25FF06FCE
:04157A0019010C1334
:04157B0001512423D3
:04157C0001412E23D8
:04157D00028128239C
:04157E0003412A03F8
:04157F0040067D9312
:0415800000000D1347
:041581000111282309
:0415820000C12C2355
:04158300000C041341
:0415840000080A93BE
:041585000280006F71
:0415860000A00613A8
:0415870000000693C7
:04158800000905133E
:04158900000A85933C
:04158A004A4080EF64
:04158B005E0A8CE385
:04158C00000509133A
:04158D0000058A9338
:04158E00000C041336
:04158F0000A006139F
:0415900000000693BE
:041591000009051335
:04159200000A859333
:0415930030D080EFE5
:041594000305051333
:04159500FEA40FA3FE
:04159600FFF40C133F
:04159700001D0D1313
:04159800FA0D8CE3D9
:04159900000A47837A
:04159A00FAFD18E35B
:04159B000FF00793B3
:04159C00FAFD04E36D
:04159D004C0A94E37D
:04159E00009007931F
:04159F004D27E0E311
:0415A000018126039C
:0415A10001A12A2357
:0415A2001901079391
:0415A300000C0D1318
:0415A40003412A23B2
:0415A50000812A8314
:0415A6000101288394
:0415A70001C12A0351
:0415A8000301240314
:0415A90041A789339A
:0415AA0000060D9397
:0415AB008A8FF06FC4
:0415AC000201250310
:0415AD00C0DFC0EFEC
:0415AE00881FE06F43
:0415AF000C410613D2
:0415B000000405939B
:0415B100000B851393
:0415B2002AC010EF4C
:0415B300EA051263D0
:0415B4000CC126033D
:0415B50000098A138C
:0415B600B20FF06F11
:0415B700000A8E9305
:0415B80001012A8380
:0415B90001260633CE
:0415BA0000178793FC
:0415BB0001DA20230E
:0415BC00AD5FE06FD0
:0415BD000D01278372
:0415BE000801059388
:0415BF000901051306
:0415C00008F12823E3
:0415C1000D4127832E
:0415C20008012023D9
:0415C30008012223D6
:0415C40008F12A23DD
:0415C5000D812783EA
:0415C60008012423D1
:0415C70008012623CE
:0415C80008F12C23D7
:0415C9000DC12783A6
:0415CA0008F12E23D3
:0415CB0004D0B0EFA9
:0415CC0000812883EF
:0415CD004005406332
:0415CE000A71470354
:0415CF00047006930B
:0415D00000010D17F2
:0415D100F38D0D1376
:0415D2000116C663D5
:0415D30000010D17EF
:0415D400F28D0D1374
:0415D50000012423CA
:0415D60000012E23BF
:0415D70000012C23C0
:0415D80000012823C3
:0415D900F7FDFD938A
:0415DA0000300C13BE
:0415DB0000300913C0
:0415DC0000000B13ED
:0415DD00000704639C
:0415DE00FB5FE06F60
:0415DF00995FE06FC1
:0415E00000C127839C
:0415E100004127039B
:0415E2000007A783D4
:0415E30000E7A0235A
:0415E4008ACFF06F4B
:0415E500000A8E93D7
:0415E60001012A8352
:0415E7000146063380
:0415E80000190913CA
:0415E90001DB2023DF
:0415EA00E01FE06FAF
:0415EB000100059363
:0415EC000C81270344
:0415ED0000010E9754
:0415EE00220E8E93A8
:0415EF001565D86343
:0415F0000351282358
:0415F10001000813DA
:0415F2000070091369
:0415F300000E8A93C9
:0415F40000C0006FC4
:0415F500FF0B0B13CA
:0415F60013685663BD
:0415F70001060613D0
:0415F80000170713BE
:0415F900015A202350
:0415FA00010A22239D
:0415FB000CC12623D6
:0415FC000CE12423B7
:0415FD00008A0A1343
:0415FE00FCE95EE3C3
:0415FF000C41061382
:04160000000405934A
:04160100000B851342
:0416020016C010EF0F
:04160300D605126393
:041604000CC12603EC
:041605000C8127032A
:0416060000098A133A
:0416070001000813C3
:04160800FB5FF06F25
:04160900000D0513B8
:04160A000101242393
:04160B00031128237C
:04160C00F70FD0EF15
:04160D00008128032D
:04160E000A71470313
:04160F00FFF546930A
:0416100041F6D69336
:04161100010126238A
:04161200000124238C
:0416130000012E2381
:0416140000012C2382
:041615000001282385
:041616000301288321
:0416170000050913AE
:0416180000D57C334A
:0416190000000B13AF
:04161A00000704635E
:04161B00EC1FE06F71
:04161C008A1FE06FD2
:04161D00028127031C
:04161E0002412783DB
:04161F00007005133F
:0416200000EA202399
:041621000C8127030E
:0416220000C7863344
:0416230000FA222384
:041624000017071391
:041625000CC12623AB
:041626000CE124238C
:04162700008A0A1318
:0416280030E54E63F8
:041629005005C0E3C5
:04162A0001412783D0
:04162B00001707138A
:04162C0001AA2023CC
:04162D0000C7863339
:04162E0000FA222379
:04162F000CC12623A1
:041630000CE1242382
:0416310000700793AB
:0416320000E7C463A6
:0416330090DFE06FF5
:04163400D1DFE06FB3
:041635000DC1278339
:041636002C07DE633C
:0416370002D0079343
:041638000AF103A30D
:0416390002D00713C1
:04163A00047006939F
:04163B0000010D1786
:04163C00D94D0D1364
:04163D00E716C0E309
:04163E0000010D1783
:04163F00D84D0D1362
:04164000E55FF06F03
:04164100000A8E937A
:0416420003012A83F3
:041643000166063303
:041644000017071371
:0416450001DA202383
:04164600016A2223F0
:041647000CC1262389
:041648000CE124236A
:041649000070059395
:04164A00008A0A13F5
:04164B00ECE5D06397
:04164C000C41061334
:04164D0000040593FD
:04164E00000B8513F5
:04164F00038010EF15
:04165000C205186354
:041651000CC126039F
:0416520000098A13EE
:04165300EA0FF06F3B
:04165400090109136C
:041655000AC10713AC
:041656000BC10813A9
:041657000B010793E9
:04165800000B0693EA
:041659000020061354
:04165A0000090593EB
:04165B00000B8513E8
:04165C0001112E2327
:04165D0009F1282344
:04165E0001F12C2347
:04165F0009E12A2350
:0416600001E12A2357
:0416610009D12C235C
:0416620001D1282367
:0416630009812E23A8
:04166400470020EF2C
:04166500001DF7135A
:0416660001012E83CD
:0416670001412F030B
:0416680001812F834A
:0416690001C1288310
:04166A0000050D1357
:04166B0046071AE331
:04166C000AC1278305
:04166D0000F128233D
:04166E000BC1278302
:04166F0040A787B356
:0416700000F12A2338
:0416710001012783C9
:04167200FFD007138B
:0416730000E7C46365
:041674001AFB56E324
:0416750001012783C5
:04167600FFE888936E
:04167700FFF78B13DB
:041678000B612623B9
:041679000FF8F693DD
:04167A000000061353
:04167B000AD10A2363
:04167C0002B006931F
:04167D00000B5A63A1
:04167E0001012783BC
:04167F00001007133D
:0416800002D00693FB
:0416810040F70B33F0
:041682000AD10AA3DC
:04168300009006933A
:041684004766DAE3F8
:041685000C3106130B
:0416860000812C2390
:041687000111282302
:041688000006041341
:0416890000A0059325
:04168A00000B051339
:04168B001890E0EFE4
:04168C0003050793B8
:04168D0000040C1336
:04168E00FEFC0FA3AC
:04168F00000B051334
:0416900000A005931E
:041691000ED0E0EFA8
:04169200000B09132D
:041693000630079383
:04169400FFF4041348
:0416950000050B132E
:04169600FD27C6E383
:041697000004061332
:04169800030507132C
:04169900FFEC0693C9
:04169A00FEE60FA3B6
:04169B000C31079374
:04169C00010128839D
:04169D0001812403A0
:04169E0058F6F4E323
:04169F000B610613C2
:0416A0000006C783F6
:0416A1000016869316
:0416A2000016061315
:0416A300FEF60FA39D
:0416A4000C3107936B
:0416A500FEF696E3D4
:0416A600190107938C
:0416A70041878733BD
:0416A800F37707933A
:0416A90002F12C23FB
:0416AA000141278350
:0416AB00038126830E
:0416AC000010071310
:0416AD0000D78933A6
:0416AE0040F754E3CA
:0416AF00024127834A
:0416B00000F9093301
:0416B100FFF9469364
:0416B200BFFDFE1367
:0416B30041F6D69393
:0416B400100E67931A
:0416B50004F12223F7
:0416B60000D97C33A8
:0416B70000012E23DD
:0416B80000012C23DE
:0416B90000012823E1
:0416BA00030127837E
:0416BB0060078463DD
:0416BC0002D007133E
:0416BD0004412D8334
:0416BE000AE103A397
:0416BF0000000B1309
:0416C000001C0C13EB
:0416C100E0CFE06F27
:0416C2000C410613BE
:0416C3000004059387
:0416C400000B85137F
:0416C500661000EFBC
:0416C600A4051C63F8
:0416C7000AC12583AC
:0416C8000CC1260328
:0416C90000098A1377
:0416CA00F98FF06F35
:0416CB00006009139F
:0416CC00961FF06F06
:0416CD0002D00793AD
:0416CE000AF103A377
:0416CF0002D007132B
:0416D000BFDFF06F19
:0416D10000C12783AA
:0416D20000412703A9
:0416D3000007A783E2
:0416D40000E7902378
:0416D500CE9FE06F55
:0416D6000FF779137E
:0416D70000000813F4
:0416D8000010079364
:0416D900C49FE06F5B
:0416DA000187191358
:0416DB0041895913D5
:0416DC0041F9581365
:0416DD000008079367
:0416DE00AE5FE06FAC
:0416DF000FF7791375
:0416E00000000813EB
:0416E100C21FE06FD5
:0416E2000FF7791372
:0416E30000000813E8
:0416E400879FF06F7D
:0416E50002012503D6
:0416E6000C4106139A
:0416E7000004059363
:0416E8005D5000EF62
:0416E9000005046391
:0416EA00E98FE06F35
:0416EB000C012423A7
:0416EC00E90FE06FB3
:0416ED000A71470334
:0416EE00D31FF06FA7
:0416EF000C41061391
:0416F000000405935A
:0416F100000B851352
:0416F2005AD000EFDB
:0416F3009A051263DF
:0416F4000AC125837F
:0416F5000CC12603FB
:0416F6000C81270339
:0416F70000098A1349
:0416F800CC5FF06F64
:0416F900058425033C
:0416FA008E0FD0EF90
:0416FB00EF4FE06F5E
:0416FC00001B069336
:0416FD0000200613B0
:0416FE0009010913C2
:0416FF000AC1071302
:041700000009059344
:041701000BC10813FD
:041702000B0107933D
:04170300000B85133F
:041704000511242384
:0417050000D12E23BE
:0417060009F128239A
:0417070001F12C239D
:0417080009E12A23A6
:0417090001E12A23AD
:04170A0009D12C23B2
:04170B0001D12823BD
:04170C0009812E23FE
:04170D001CC020EFED
:04170E0004812883A7
:04170F0001C126836B
:0417100004600593D9
:04171100FDF8F613D6
:0417120001012E8320
:0417130001412F035E
:0417140001812F839D
:0417150000050D13AB
:0417160000D50733C0
:0417170040B610E3E5
:04171800000D450378
:041719000300059331
:04171A0004B50AE325
:04171B000AC1268356
:04171C000801059328
:04171D0000D70733B7
:04171E0000090513A6
:04171F0000E12C2396
:0417200000C12A23B7
:041721000111282367
:0417220009F128237E
:0417230009E12A238B
:0417240009D12C2398
:0417250009812E23E5
:041726000801202373
:041727000801222370
:04172800080124236D
:04172900080126236A
:04172A000A00B0EF12
:04172B00010128830D
:04172C00014126034E
:04172D00018127030C
:04172E007A050E63C7
:04172F000BC1278340
:0417300000E7FE636D
:041731000300059319
:041732000017869383
:041733000AD12E2386
:0417340000B7802357
:041735000BC127833A
:04173600FEE7E8E3FF
:041737000AC12703B9
:0417380000E1282381
:0417390041A787B38A
:04173A00047007131D
:04173B0000F12A236C
:04173C00CCE60AE30A
:04173D00046007132A
:04173E0004E604E3D6
:04173F0001012783FA
:04174000FFF78B1311
:04174100CDDFF06F99
:04174200090109137D
:041743000801059301
:041744000AC10613BD
:04174500000905137F
:041746000511222344
:0417470009F1202361
:0417480009E122236E
:0417490009D124237B
:04174A0000B128239F
:04174B0009812623C7
:04174C00739010EF97
:04174D000901280363
:04174E000001071778
:04174F00CB8707132A
:041750000007250366
:041751000901202347
:04175200094128031E
:041753000047260322
:041754000087268361
:041755000901222341
:0417560009812803DA
:0417570000C727039D
:0417580001012583E3
:04175900090124233B
:04175A0009C1280396
:04175B0006A1282398
:04175C0006C12A2375
:04175D000009051367
:04175E000701061366
:04175F000901262333
:0417600006D12C235F
:0417610006E12E234C
:041762003500B0EFAF
:0417630001012583D8
:0417640009012F0345
:0417650009412E8385
:0417660009812803CA
:0417670009C126038B
:04176800000905135C
:0417690002B12C237A
:04176A0001E12E2348
:04176B0001D12C2359
:04176C0001012A232A
:04176D0000C128236C
:04176E00080120232B
:04176F000801222328
:041770000801242325
:041771000801262322
:041772007810A0EF5C
:041773000101260347
:041774000141280304
:0417750001812E833D
:0417760001C12F037B
:041777000381258342
:04177800044128837D
:0417790000051663EE
:04177A000010071341
:04177B000AE1262336
:04177C0000010797CA
:04177D008A8787933D
:04177E000610071337
:04177F0000F128232A
:0417800000E8986382
:0417810000010797C5
:0417820088078793BA
:0417830000F1282326
:041784000001071742
:04178500BF07071380
:0417860000072783AE
:0417870003512C23BB
:0417880005B1242360
:0417890000F12A231E
:04178A00004727836A
:04178B0005412823C9
:04178C00000D0A93AF
:04178D0000F12C2318
:04178E000087278326
:04178F0005712A2393
:0417900004812C2381
:0417910000F12E2312
:0417920000C72783E2
:0417930005A12E235B
:04179400FFFB0B1339
:0417950005112223F5
:041796000591262370
:0417970000078D13A7
:04179800000F0D939E
:04179900000E8A13A1
:04179A0000080B93A5
:04179B0000060C1325
:04179C0000058413AD
:04179D0003C0006F16
:04179E0000040593AB
:04179F000009051325
:0417A00009B1282340
:0417A10009412A23AD
:0417A20009712C237A
:0417A30009812E2367
:0417A40008012023F5
:0417A50008012223F2
:0417A60008012423EF
:0417A70008012623EC
:0417A800FFFB0C93A4
:0417A9006A50A0EFF3
:0417AA000C0506E341
:0417AB00000C8B1390
:0417AC00014127834D
:0417AD000701061317
:0417AE00000405939B
:0417AF0006F12823F4
:0417B0000181278309
:0417B1000009051313
:0417B20009B1202336
:0417B30006F12A23EE
:0417B40001C12783C5
:0417B50009412223A1
:0417B600097124236E
:0417B70006F12C23E8
:0417B800098126235A
:0417B90007A12E2333
:0417BA001F00B0EF6D
:0417BB000009051309
:0417BC0073D0D0EF27
:0417BD00000505938B
:0417BE0000050C9383
:0417BF000009051305
:0417C00009012D836B
:0417C10009412C03AB
:0417C20009812B83EB
:0417C30009C12A032B
:0417C40001C0E0EF91
:0417C500090126836D
:0417C60006010613FF
:0417C700070105937E
:0417C80006D1202303
:0417C9000941268329
:0417CA0000040513FF
:0417CB0007B1282317
:0417CC0006D12223FD
:0417CD0009812683E5
:0417CE0007812A2342
:0417CF0007712C234F
:0417D00006D12423F7
:0417D10009C12683A1
:0417D20007412E237A
:0417D30006D12623F2
:0417D4006A40C0EFB8
:0417D5000101278364
:0417D600000A8F93E3
:0417D700001A8A93D7
:0417D800019786B33C
:0417D9000006C683BD
:0417DA0008012D8352
:0417DB0008412A0394
:0417DC0008812B83D2
:0417DD0008C12C0310
:0417DE00FFF007937E
:0417DF00FEDA8FA3FC
:0417E000EEFB1CE31D
:0417E10000010517E7
:0417E200A8C505137E
:0417E3000441288312
:0417E4000045228317
:0417E50000852383D5
:0417E60000C5278390
:0417E70000052B03CB
:0417E800000D8F134E
:0417E900000A0E9351
:0417EA00000B881355
:0417EB00000C0613D5
:0417EC00000405935D
:0417ED0005C12D0302
:0417EE0004812D83C2
:0417EF0005012A03C3
:0417F00005412B8301
:0417F1000581240347
:0417F20001112C2392
:0417F30001F12A23B3
:0417F40005912E230A
:0417F500000A8C1347
:0417F60004C12C837B
:0417F70003812A83BD
:0417F80009E12823B8
:0417F90005E12C23B7
:0417FA0009D12A23C4
:0417FB0005D12A23C7
:0417FC0009012C2390
:0417FD000501282397
:0417FE0008C12E23CD
:0417FF0004C12623D8
:041800000961202337
:041801000851222345
:041802000451242346
:041803000871242321
:041804000471222326
:0418050008F126239D
:0418060002F12C239C
:0418070000B12E23DB
:0418080000090513BB
:041809005F50A0EF9D
:04180A0001412F83E6
:04180B0001812883AC
:04180C0002A048638B
:04180D0001C125836D
:04180E0000090513B5
:04180F0001112A2376
:0418100001F12C2393
:041811005050A0EFA4
:0418120001412883E5
:0418130004051E6347
:0418140005C12703E0
:0418150001812F839B
:0418160000177693AE
:0418170004068663DA
:041818000101278320
:041819000BF12E237E
:04181A00FFFC460386
:04181B0000F7C5838A
:04181C00000C069323
:04181D0002B610639C
:04181E0003000513AB
:04181F00FEA68FA3EF
:041820000BC126834F
:04182100FFF68793B4
:041822000AF12E2376
:04182300FFF6C60303
:04182400FEB606E323
:041825000016059311
:041826000390051313
:041827000FF5F59331
:0418280004A60463AB
:04182900FEB68FA3D5
:04182A000AC1278345
:04182B0041AC073392
:04182C000610061389
:04182D00FFF78B1323
:04182E0000F128237A
:04182F0000E12A2387
:041830000B612623FF
:041831000700069313
:0418320000C8866301
:041833000500069313
:041834000410089301
:041835000010061386
:04183600915FF06F5F
:04183700000B069309
:041838000030061363
:04183900B15FF06F3C
:04183A0001012783FE
:04183B0000A7C583BA
:04183C00FB5FF06FEF
:04183D000A714703E2
:04183E0004412D83B1
:04183F0000000B1387
:041840000007046336
:04184100E28FE06FE3
:04184200808FE06F44
:0418430001412783B5
:0418440001812903F2
:041845000351282300
:0418460000FD07B3E7
:0418470005B12223A2
:0418480005912423BF
:0418490001C12D8329
:04184A0005A12623AB
:04184B0001812E23C6
:04184C0000F128235C
:04184D0004012A83E5
:04184E0003C12C03A3
:04184F0003412D0321
:041850000070081309
:041851000100071378
:0418520000010B176F
:0418530088CB0B1320
:04185400000E8C9363
:04185500000A0593ED
:0418560009205663AC
:0418570017B05C6307
:04185800FFFD8D9370
:041859000C81278354
:04185A0001860633CA
:04185B000155A02370
:04185C000017879357
:04185D000185A2233C
:04185E000CC1262370
:04185F000CF1242341
:0418600000858593E7
:0418610014F84E63C6
:0418620001012783D6
:04186300000D4683AB
:0418640041978A33EB
:041865000146D46301
:0418660000068A13DB
:041867000340566381
:041868000C81268346
:0418690001460633FB
:04186A000195A02321
:04186B00001686934A
:04186C000145A2236D
:04186D000CC1262361
:04186E000CD1242352
:04186F0014D84863DE
:04187000000D46839E
:0418710000858593D6
:04187200FFFA451321
:0418730041F55513D3
:0418740000AA77B39C
:0418750040F68A337C
:041876000540446382
:0418770000DC8CB352
:04187800F7204EE324
:04187900F7B04EE393
:04187A00014127837E
:04187B0003A12A2378
:04187C0004C12D0373
:04187D00000C8E933A
:04187E0003012A83B5
:04187F0000FD07332E
:0418800004412D836F
:0418810004812C832F
:0418820001C12C0371
:0418830000058A13BF
:0418840001D76463C1
:04188500DEDFE06F53
:0418860000070E93B6
:04188700DE5FE06FD1
:041888000C81268326
:041889000000FF1745
:04188A007B0F0F13AE
:04188B0007475E634A
:04188C0001212C23E7
:04188D00000A091331
:04188E00000B0A132E
:04188F0000C0006F26
:04189000FF09091330
:0418910005275C6368
:041892000106061332
:041893000016869322
:041894000165A02327
:0418950000E5A223A5
:041896000CC1262338
:041897000CD1242329
:0418980000858593AF
:04189900FCD85EE336
:04189A000C410613E4
:04189B0000040593AD
:04189C00000B8513A5
:04189D00700000EFE8
:04189E0000050463DA
:04189F00AF5FE06FE8
:0418A0000100071329
:0418A100FF0909131F
:0418A2000CC126034C
:0418A3000C8126830B
:0418A400000985931F
:0418A50000700813B4
:0418A600FB2748E3F1
:0418A700000A0F1311
:0418A80000090A1316
:0418A900018129038D
:0418AA0001460633BA
:0418AB00001686930A
:0418AC0001E5A0238F
:0418AD000145A2232C
:0418AE000CC1262320
:0418AF000CD1242311
:0418B00012D848639F
:0418B100000D46835D
:0418B2000085859395
:0418B30000DC8CB316
:0418B400F11FF06FC1
:0418B500FFFD0D1313
:0418B600FFF909131A
:0418B700E89FF06F47
:0418B8000C410613C6
:0418B900000405938F
:0418BA00000B851387
:0418BB00688000EF52
:0418BC0000050463BC
:0418BD00A7DFE06F52
:0418BE000CC1260330
:0418BF000009859304
:0418C0000100071309
:0418C1000070081398
:0418C200E81FF06FBC
:0418C3000C410613BB
:0418C4000004059384
:0418C500000B85137C
:0418C60065C000EF0A
:0418C70000050463B1
:0418C800A51FE06F09
:0418C900000D468345
:0418CA000CC1260324
:0418CB0000098593F8
:0418CC0001000713FD
:0418CD00007008138C
:0418CE00E91FF06FAF
:0418CF0003C12783A7
:0418D0000401258367
:0418D10000000D13F3
:0418D20040FC0C3397
:0418D3000007861371
:0418D400000C0513EC
:0418D50056C010EFFA
:0418D600001A47832A
:0418D70000A0061354
:0418D8000000069373
:0418D90000F037B331
:0418DA0000090513E9
:0418DB00000A8593E7
:0418DC0000FA0A33D1
:0418DD00758070EFB3
:0418DE00AB8FF06F6D
:0418DF000141278319
:0418E00001012703D8
:0418E1001EF7486343
:0418E2000101278356
:0418E300001DF713DA
:0418E400000789135D
:0418E500000706638F
:0418E6000241270391
:0418E70000E789335A
:0418E800400DFE139E
:0418E900000E066384
:0418EA00010127834E
:0418EB0032F0406334
:0418EC00FFF9469327
:0418ED0041F6D69357
:0418EE0000D97C336E
:0418EF0006700893E4
:0418F00000012E23A2
:0418F10000012C23A3
:0418F200F20FF06F92
:0418F3000C4106138B
:0418F4000004059354
:0418F500000B85134C
:0418F60059C000EFE6
:0418F7000005046381
:0418F800991FE06FE5
:0418F9000CC12603F5
:0418FA0000098A1344
:0418FB00BE9FE06F3D
:0418FC000C41061382
:0418FD00000405934B
:0418FE00000B851343
:0418FF00578000EF1F
:041900000005046377
:0419010096DFE06F1E
:04190200000D46830B
:041903000CC12603EA
:0419040000098593BE
:0419050001000713C3
:041906000070081352
:0419070000DC8CB3C1
:04190800DC1FF06F81
:0419090000900793B0
:04190A00A127E463CA
:04190B00A54FF06F85
:04190C000A71470312
:04190D00010126238B
:04190E0000012E2383
:04190F0000012C2384
:041910000001282387
:04191100000B0C13A8
:04191200000B0913AA
:0419130000000B13B2
:041914000007046361
:04191500AD8FE06F43
:04191600CB9FD06F24
:0419170006442783D8
:041918000017F7932A
:041919002E078C63A6
:04191A00FFF0079340
:04191B0000F1222392
:04191C00E11FD06F88
:04191D000AC1278351
:04191E0000F1282389
:04191F000007079323
:04192000865FF06F7F
:041921000C4106135C
:041922000004059325
:04192300000B85131D
:041924004E4000EF42
:041925000005046352
:041926008D9FE06F42
:041927000AC1258349
:0419280001412783CF
:041929000CC12603C4
:04192A0000098A1313
:04192B0040B785B389
:04192C00BADFE06FCF
:04192D00000D861310
:04192E00A88FE06F2F
:04192F000801059313
:041930000009051392
:0419310004E12A2380
:0419320004C12823A1
:041933000511262351
:0419340004D1242393
:0419350009F1282369
:0419360001F12E236A
:0419370009E12A2375
:0419380001E12C237A
:0419390009D12C2381
:04193A0001D12A238A
:04193B0000B12823AC
:04193C0009812E23CC
:04193D00080120235A
:04193E000801222357
:04193F000801242354
:041940000801262351
:041941000450A0EFBF
:0419420001012583F7
:0419430001412E83AD
:0419440001812F03EB
:0419450001C12F832A
:04194600048126836F
:0419470004C128832C
:04194800050126036C
:04194900054127032A
:04194A002A051263F5
:04194B000AC1278323
:04194C0000F7073366
:04194D0000F128235A
:04194E0041A707B3F3
:04194F0000F12A2356
:0419500001012783E7
:04195100001DF7136B
:04195200016767338F
:041953002CF05063C1
:0419540026071463EB
:041955000101290360
:04195600066008938C
:04195700400DFE132E
:04195800160E1863EC
:04195900FFF94693B9
:04195A0041F6D693E9
:04195B0000D97C3300
:04195C00E51FF06F24
:04195D00014127839A
:04195E000241270318
:04195F000670089373
:0419600000E78933E0
:0419610001012783D6
:04196200FCF04AE368
:0419630040F908330C
:04196400001809134B
:04196500FFF94693AD
:0419660041F6D693DD
:0419670000D97C33F4
:04196800E21FF06F1B
:04196900FF00051363
:04196A0040B009334D
:04196B000000FE97E3
:04196C00428E8E9386
:04196D0008A5D26394
:04196E0001512823D8
:04196F0001000B1355
:0419700000700813E8
:04197100000E8A9347
:0419720000C0006F42
:04197300FF0909134C
:04197400072B50638A
:04197500010606134E
:04197600001707133C
:04197700015A2023CE
:04197800016A2223BB
:041979000CC1262354
:04197A000CE1242335
:04197B00008A0A13C1
:04197C00FCE85EE342
:04197D000C41061300
:04197E0000040593C9
:04197F00000B8513C1
:04198000374000EFFD
:0419810000050463F6
:04198200F68FE06F8D
:041983000CC126036A
:041984000C812703A8
:0419850000098A13B8
:0419860000700813D2
:04198700FB1FF06FE3
:0419880001650733BB
:0419890004700613CD
:04198A0008010593B8
:04198B00E4CFF06F46
:04198C00000A8E932C
:04198D0001012A83A7
:04198E0001260633F5
:04198F000017071323
:0419900001DA202335
:04199100012A2223E2
:041992000CC126233B
:041993000CE124231C
:041994000070059347
:0419950000E5C46342
:04199600CADFE06F55
:041997000C410613E6
:0419980000040593AF
:04199900000B8513A7
:04199A0030C000EF6A
:04199B0000050463DC
:04199C00F00FE06FF9
:04199D000CC1260350
:04199E000C8127038E
:04199F0000098A139E
:0419A000A28FF06FB3
:0419A1000B6106933D
:0419A20000061863C0
:0419A30003000693A4
:0419A4000AD10B2336
:0419A5000B71069329
:0419A6001901079389
:0419A70040F686334D
:0419A800030B071313
:0419A9000DD60793BD
:0419AA0000E68023B0
:0419AB0002F12C23F6
:0419AC00BF8FF06F8A
:0419AD0000012423EE
:0419AE0000600B13B7
:0419AF00D8DFD06F3E
:0419B000001DF7130C
:0419B100C007006308
:0419B200BF4FF06FC4
:0419B300067008931F
:0419B40003412603C2
:0419B5000FF0069396
:0419B60000064703DD
:0419B70016D70A63D2
:0419B800010127837F
:0419B9000000051312
:0419BA000000059391
:0419BB0000F75E6370
:0419BC0040E787B3C6
:0419BD0000164703C6
:0419BE0004070863AF
:0419BF0000158593F7
:0419C00000160613F4
:0419C100FED714E356
:0419C20002C12A2311
:0419C30000B12C2320
:0419C40000A12E232D
:0419C50000F12823E2
:0419C60001C12783B1
:0419C7000181270370
:0419C80003C12583AF
:0419C90005112423BD
:0419CA0000E785337A
:0419CB003E10D0EF0B
:0419CC0001250933B5
:0419CD00FFF9469345
:0419CE0041F6D69375
:0419CF0004812883E4
:0419D00000D97C338B
:0419D100BA4FF06FAA
:0419D20000064703C1
:0419D30000150513E3
:0419D400FB5FF06F56
:0419D500001777136D
:0419D600D00718E33B
:0419D70000C457836E
:0419D8002007F7935A
:0419D900D00792E3BE
:0419DA000584250358
:0419DB00D5CFC0EFB5
:0419DC00CF9FF06F3A
:0419DD00000A8C135D
:0419DE00001B069351
:0419DF000441288314
:0419E00004812D83CE
:0419E10004C12C838E
:0419E20005012A03CE
:0419E30003812A83CF
:0419E40005412B830B
:0419E5000581240351
:0419E60005C12D0307
:0419E70000DC06B367
:0419E80003000613DF
:0419E900900B42E33A
:0419EA00001C0C13BE
:0419EB00FECC0FA37C
:0419EC00FF869CE3F3
:0419ED008F5FF06FA9
:0419EE000241270388
:0419EF0006600893F3
:0419F00000EB0833CD
:0419F10000F80933BE
:0419F200D95FF06F5A
:0419F30000100513C8
:0419F40040D506B321
:0419F5000AD12623CA
:0419F600C9CFF06FF6
:0419F70000C1278381
:0419F8000007AB0336
:0419F9000047879389
:0419FA00000B546327
:0419FB00FFF00B13DB
:0419FC00001AC88382
:0419FD0000F12623AC
:0419FE0000068A93C2
:0419FF0088DFD06F3E
:041A00000020079328
:041A010002F12C239F
:041A0200AA0FF06FC8
:041A030000071A635B
:041A040000100C13AF
:041A050006600893DC
:041A060000100913B0
:041A0700BA5FF06F63
:041A080002412783ED
:041A090006600893D8
:041A0A000017881326
:041A0B000168093332
:041A0C00FFF9469305
:041A0D0041F6D69335
:041A0E0000D97C334C
:041A0F00B85FF06F5D
:041A100000C4578334
:041A11000407E7934C
:041A120000F41623A3
:041A13009F5FD06F92
:041A140000012E237C
:041A150000012C237D
:041A1600EC1FF06F62
:041A1700045006135E
:041A18000801059329
:041A1900C14FF06F5A
:041A1A000006069329
:041A1B000005861329
:041A1C000005059329
:041A1D008201A5039A
:041A1E00E60FD06F90
:041A1F00B7010113F7
:041A200000C59783E3
:041A210000E5D70302
:041A220048812423B0
:041A23000005841323
:041A2400000105B701
:041A2500FFD58593D1
:041A2600064423034C
:041A270001C428834B
:041A28000244280349
:041A29000107171387
:041A2A0000B7F7B357
:041A2B0000E7E7B336
:041A2C0040000593DE
:041A2D004921202308
:041A2E0000F12A2376
:041A2F000005091392
:041A30000701079310
:041A31000601051392
:041A3200481126230E
:041A33004891222391
:041A340047312E23E5
:041A35000006049310
:041A3600000689938A
:041A370006612623FB
:041A38000311222351
:041A3900030126235C
:041A3A0000F1242370
:041A3B0000F12C2367
:041A3C0000B12823AA
:041A3D0000B12E23A3
:041A3E00020120235E
:041A3F00BA4FC0EFEB
:041A40000004861305
:041A4100000986937F
:041A42000081059387
:041A4300000905137E
:041A4400DC8FD0EF74
:041A45000005049301
:041A460004055263DE
:041A4700014157837F
:041A48000407F79305
:041A490000078863A7
:041A4A0000C45783FA
:041A4B000407E79312
:041A4C0000F4162369
:041A4D000601250366
:041A4E00B70FC0EF1F
:041A4F0048C12083E7
:041A500048812403A2
:041A5100480129031C
:041A520047C12983DC
:041A530000048513F3
:041A5400484124835E
:041A5500490101132F
:041A560000008067A5
:041A57000081059372
:041A58000009051369
:041A5900424000EF18
:041A5A00FA050AE39C
:041A5B00FFF0049301
:041A5C00FADFF06F4E
:041A5D000086278355
:041A5E00FF01011370
:041A5F0000812423BB
:041A60000011262328
:041A61000006041364
:041A620000079E6378
:041A630000C120831B
:041A64000004222335
:041A650000812403D5
:041A66000000051364
:041A67000101011365
:041A68000000806793
:041A6900594000EFF1
:041A6A0000C1208314
:041A6B00000424232C
:041A6C00000422232D
:041A6D0000812403CD
:041A6E00010101135E
:041A6F00000080678C
:041A7000FF0101135E
:041A71000011262317
:041A7200012120230B
:041A73000E05826377
:041A740000812423A6
:041A75000091222397
:041A760000058413D0
:041A770000050493CF
:041A780000050663FC
:041A79000345278377
:041A7A00100780636E
:041A7B000644278373
:041A7C0000C4170388
:041A7D000017F793C4
:041A7E000A0796635A
:041A7F0020077713B2
:041A80000E070863E2
:041A810000040593C5
:041A820000048513C4
:041A8300130000EF5D
:041A840002C42783EE
:041A8500000509133C
:041A860000078A6368
:041A870001C42583EE
:041A880000048513BE
:041A8900000780E7EB
:041A8A000A054063A6
:041A8B0000C45783B9
:041A8C000807F793BD
:041A8D000A0792634F
:041A8E0003042583A5
:041A8F0000058C635F
:041A900004040793B0
:041A910000F5866373
:041A920000048513B4
:041A9300979FC0EF6A
:041A940002042823FD
:041A9500044425835D
:041A9600000588635C
:041A970000048513AF
:041A9800965FC0EFA6
:041A990004042223FC
:041A9A008C9FB0EF7E
:041A9B000644278353
:041A9C000004162309
:041A9D000017F793A4
:041A9E000A0786634A
:041A9F000584250392
:041AA000A28FC0EF62
:041AA1008B9FB0EF78
:041AA20000C12083DC
:041AA3000081240397
:041AA4000041248356
:041AA500000905131C
:041AA600000129030F
:041AA7000101011325
:041AA8000000806753
:041AA900F60710E349
:041AAA000081240390
:041AAB00004124834F
:041AAC00000009131A
:041AAD0000C12083D1
:041AAE000009051313
:041AAF000001290306
:041AB000010101131C
:041AB100000080674A
:041AB20000C4578392
:041AB300FFF0091324
:041AB4000807F79395
:041AB500F60782E3CB
:041AB600010425837F
:041AB700000485138F
:041AB8008E5FC0EF8E
:041AB900F55FF06F76
:041ABA00FD8FB0EFFD
:041ABB00F01FF06FB9
:041ABC000584250375
:041ABD009BCFC0EF0C
:041ABE0000C41783C6
:041ABF00F00794E3B5
:041AC000064427832E
:041AC1000017F79380
:041AC200FA0790E3AC
:041AC300058425036E
:041AC4000000091302
:041AC5009B4FC0EF84
:041AC6000081240374
:041AC7000041248333
:041AC800F95FF06F63
:041AC9000584250368
:041ACA009A0FC0EFC0
:041ACB00F51FF06FA4
:041ACC000005059379
:041ACD008201A503EA
:041ACE00E89FF06F2E
:041ACF0000C59703B4
:041AD000FE010113FF
:041AD10000812C2341
:041AD2000131262395
:041AD30000112E23AD
:041AD400008777937D
:041AD5000005841371
:041AD600000509936B
:041AD70012079063FF
:041AD800000017B73C
:041AD9008007879368
:041ADA000045A6839A
:041ADB0000F767B3F6
:041ADC0000F5962358
:041ADD0018D0526368
:041ADE000284280353
:041ADF000E08046386
:041AE00000912A2324
:041AE1000137169320
:041AE2000009A483D0
:041AE3000009A02333
:041AE40001C4258391
:041AE5001606CE63B0
:041AE60000000613E3
:041AE7000010069352
:041AE8000009851359
:041AE900000800E70A
:041AEA00FFF007936F
:041AEB0000050613D9
:041AEC001AF5046380
:041AED0000C4178397
:041AEE000284280343
:041AEF0001C4258386
:041AF0000047F79321
:041AF10000078E63F9
:041AF2000044270382
:041AF300030427833E
:041AF40040E606338F
:041AF50000078663FD
:041AF60003C427837B
:041AF70040F606337C
:041AF8000000069351
:041AF9000009851348
:041AFA00000800E7F9
:041AFB00FFF007935E
:041AFC0012F5146368
:041AFD000009A683B3
:041AFE0001D0079379
:041AFF0000C4170305
:041B000016D7EA63A7
:041B0100204007B7C2
:041B020000178793AE
:041B030000D7D7B37D
:041B04000017F7933C
:041B050016078063DC
:041B060001042603AD
:041B0700FFFFF7B72E
:041B08007FF7879349
:041B090000F777B3B7
:041B0A0000F41623AA
:041B0B00000422238D
:041B0C0000C42023CE
:041B0D0001371793F2
:041B0E000007D46395
:041B0F0010068263D7
:041B10000304258322
:041B11000099A02374
:041B120010058463D3
:041B1300040407932C
:041B140000F58663EF
:041B1500000985132B
:041B1600F6CFC0EF57
:041B170001412483E1
:041B18000204282378
:041B190000000513B0
:041B1A0001C1208362
:041B1B00018124031D
:041B1C0000C1298358
:041B1D0002010113AD
:041B1E0000008067DC
:041B1F000121282355
:041B20000105A9030F
:041B2100080902634A
:041B220000912A23E1
:041B23000005A48392
:041B240000377713FC
:041B25000125A023D3
:041B2600412484B31F
:041B27000000079320
:041B2800000714633B
:041B29000145A78348
:041B2A0000F424237C
:041B2B00009048637B
:041B2C000540006F01
:041B2D0000A90933CF
:041B2E000490566366
:041B2F0002442783C2
:041B300001C4258344
:041B31000004869393
:041B3200000906138D
:041B3300000985130D
:041B3400000780E73F
:041B350040A484B391
:041B3600FCA04EE3DE
:041B370000C41703CC
:041B3800010129037B
:041B39000407671323
:041B3A0001412483BE
:041B3B0000E4162389
:041B3C00FFF005139E
:041B3D00F75FF06FEF
:041B3E0003C5A683B2
:041B3F00E6D04EE3BB
:041B4000F65FF06FED
:041B410001412483B7
:041B42000101290371
:041B4300F59FF06FAB
:041B4400050426036B
:041B4500EADFF06F74
:041B460000C41703BD
:041B470001042683EC
:041B4800FFFFF7B7ED
:041B49007FF7879308
:041B4A0000F777B376
:041B4B0000F4162369
:041B4C00000422234C
:041B4D0000D420237D
:041B4E0001371793B1
:041B4F00F007D2E3E6
:041B500003042583E2
:041B510004A428239D
:041B52000099A02333
:041B5300F00590E326
:041B540001412483A4
:041B5500F11FF06F1D
:041B56000009A78358
:041B5700E4078CE330
:041B580001D007139E
:041B590000E78C63B2
:041B5A00016007130C
:041B5B0000E78863B4
:041B5C0000C41703A7
:041B5D0004076713FF
:041B5E00F71FF06F0E
:041B5F000099A02326
:041B60000141248398
:041B6100EE1FF06F14
:041B6200FF0101136B
:041B630000812423B6
:041B640000912223A7
:041B65000011262322
:041B66000121202316
:041B670000050493DE
:041B680000058413DD
:041B6900000506630A
:041B6A000345278385
:041B6B000A078A6378
:041B6C0000C4178317
:041B6D000000091358
:041B6E000407806385
:041B6F0006442703FE
:041B700000177713D0
:041B710000071663F0
:041B72002007F793BE
:041B7300040784637C
:041B740000040593D1
:041B750000048513D0
:041B7600D65FF0EF57
:041B77000644278376
:041B78000005091348
:041B79000017F793C7
:041B7A000007986365
:041B7B0000C45783C8
:041B7C002007F793B4
:041B7D000407846372
:041B7E0000C12083FF
:041B7F0000812403BA
:041B80000041248379
:041B8100000905133F
:041B82000001290332
:041B83000101011348
:041B84000000806776
:041B850005842503AB
:041B8600E99FB0EF34
:041B870000040593BE
:041B880000048513BD
:041B8900D19FF0EF09
:041B8A000644278363
:041B8B000005091335
:041B8C000017F793B4
:041B8D00FC0792E3DC
:041B8E00FB5FF06F9A
:041B8F0005842503A1
:041B9000E89FB0EF2B
:041B910000C12083EC
:041B920000812403A7
:041B93000041248366
:041B9400000905132C
:041B9500000129031F
:041B96000101011335
:041B97000000806763
:041B9800C60FB0EFD5
:041B9900F4DFF06F16
:041B9A000A050A63CB
:041B9B00FF01011332
:041B9C00008124237D
:041B9D0001212023DF
:041B9E0000112623E9
:041B9F00009122236C
:041BA0008201A90312
:041BA1000005041324
:041BA20000090663CD
:041BA3000349278348
:041BA4000607846349
:041BA50000C41783DE
:041BA60000000493A4
:041BA700040780634C
:041BA80006442703C5
:041BA9000017771397
:041BAA0000071663B7
:041BAB002007F79385
:041BAC0004078A633D
:041BAD000004059398
:041BAE000009051312
:041BAF00C81FF0EF6C
:041BB000064427833D
:041BB1000005049394
:041BB2000017F7938E
:041BB300000798632C
:041BB40000C457838F
:041BB5002007F7937B
:041BB60002078C6333
:041BB70000C12083C6
:041BB8000081240381
:041BB90000012903FB
:041BBA00000485138B
:041BBB00004124833E
:041BBC00010101130F
:041BBD00000080673D
:041BBE000009051302
:041BBF00BC4FB0EF78
:041BC000F95FF06F6A
:041BC100058425036F
:041BC200DA9FB0EF07
:041BC300FA9FF06F26
:041BC400058425036C
:041BC500DB5FB0EF43
:041BC600FC5FF06F61
:041BC70000010617FC
:041BC8002AC6061310
:041BC900000005977C
:041BCA00E6458593D4
:041BCB0000010517F9
:041BCC002AC505130E
:041BCD00C7CFB06F5F
:041BCE0000862783E3
:041BCF002C078463F8
:041BD00000C5968333
:041BD100FD010113FE
:041BD2000281242345
:041BD30001412C237D
:041BD4000161282360
:041BD50002112623B0
:041BD6000086F793FB
:041BD70000060B13E6
:041BD80000050A13E7
:041BD900000584136C
:041BDA0008078E6307
:041BDB000105A783D6
:041BDC0008078A6309
:041BDD00029122232C
:041BDE00032120239C
:041BDF0001312E237F
:041BE00001512A2362
:041BE1000026F79350
:041BE200000B24834D
:041BE3000A07846306
:041BE400024427830D
:041BE50001C425838F
:041BE60080000AB7BA
:041BE700000009935E
:041BE80000000913DD
:041BE900C00A8A9311
:041BEA000009861355
:041BEB00000A0513D4
:041BEC000409026383
:041BED000009069352
:041BEE00012AF46371
:041BEF00000A8693CF
:041BF000000780E783
:041BF10046A0526355
:041BF200008B2783BA
:041BF30000A989B309
:041BF40040A90933C8
:041BF50040A787B3CB
:041BF60000FB2423A9
:041BF7001A078663E0
:041BF80002442783F9
:041BF90001C425837B
:041BFA000009861345
:041BFB00000A0513C4
:041BFC00FC0912E3EB
:041BFD000004A983B4
:041BFE000044A903F3
:041BFF000084849347
:041C0000FA9FF06FE8
:041C01000004059343
:041C0200000A0513BC
:041C03006B0000EF83
:041C04001C051C633C
:041C050000C416837E
:041C06000291222302
:041C07000321202372
:041C080001312E2355
:041C090001512A2338
:041C0A000026F79326
:041C0B00000B248323
:041C0C00F60790E364
:041C0D000171262318
:041C0E000181242309
:041C0F000016F79331
:041C10001C079663B4
:041C11000004278321
:041C12000084270320
:041C130080000AB78C
:041C140001912223F5
:041C150000000B932D
:041C1600000009932E
:041C1700FFFA8A93B3
:041C18000007851329
:041C190000070C13A1
:041C1A0010098263C8
:041C1B002006F61396
:041C1C00280608632B
:041C1D0000070C931D
:041C1E0032E9E8635C
:041C1F004806F71369
:041C200008070A6344
:041C21000144260351
:041C22000104258311
:041C2300001617137D
:041C240000C70733BB
:041C250040B7893308
:041C260001F75C1353
:041C270000EC0C338E
:041C28000019079305
:041C2900401C5C13EC
:041C2A00013787B344
:041C2B00000C061390
:041C2C0000FC7663DF
:041C2D0000078C130D
:041C2E000007861312
:041C2F004006F693E2
:041C30003206806395
:041C31000006059311
:041C3200000A05138C
:041C3300E18FC0EF8E
:041C340000050C9308
:041C350034050E6301
:041C360001042583FD
:041C37000009061387
:041C3800D1DFB0EF59
:041C390000C4578309
:041C3A00B7F7F7936E
:041C3B000807E7931C
:041C3C0000F4162377
:041C3D00012C8533BE
:041C3E00412C07B37B
:041C3F0001942823C1
:041C400001842A23CE
:041C410000A42023B8
:041C420000098C13F6
:041C430000F4242362
:041C440000098C9374
:041C4500000C8613F6
:041C4600000B859377
:041C4700241000EF76
:041C480000842703EA
:041C490000042783E9
:041C4A0000098913F1
:041C4B004187073393
:041C4C00019787B3C2
:041C4D0000E4242368
:041C4E0000F420235B
:041C4F0000000993F5
:041C5000008B27835B
:041C5100012B8BB325
:041C5200412787B3EC
:041C530000FB24234B
:041C5400020786639A
:041C550000042783DD
:041C560000842703DC
:041C570000C416832C
:041C580000078513E9
:041C590000070C1361
:041C5A00F00992E318
:041C5B000004AB8353
:041C5C000044A98314
:041C5D0000848493E8
:041C5E00EE9FF06F96
:041C5F0000C12B8312
:041C600000812C03D0
:041C610000412C838F
:041C620002C1208318
:041C630002812403D3
:041C64000241248392
:041C6500020129034C
:041C660001C129830C
:041C670001412A838A
:041C680001812A03C9
:041C690001012B0347
:041C6A00000005135E
:041C6B00030101135D
:041C6C00000080678D
:041C6D0000040593D7
:041C6E00000A051350
:041C6F00BCDFF0EFF7
:041C70000A050E63F0
:041C710000C4178311
:041C720000C12B83FF
:041C730000812C03BD
:041C74000241248382
:041C7500020129033C
:041C760001C12983FC
:041C770001412A837A
:041C78000407E793E3
:041C790000F416233A
:041C7A0002C1208300
:041C7B0002812403BB
:041C7C0001812A03B5
:041C7D0001012B0333
:041C7E00FFF005135B
:041C7F000301011349
:041C80000000806779
:041C81000000051347
:041C82000000806777
:041C830000000A93C0
:041C84000000051344
:041C850000000C133C
:041C860000000993BE
:041C87000809826363
:041C880008050A63DE
:041C8900000A879333
:041C8A0000098B932F
:041C8B000137F463C6
:041C8C0000078B932F
:041C8D000004250327
:041C8E0001042783A3
:041C8F0000842903A1
:041C90000144268362
:041C910000A7F6634F
:041C920000D9093339
:041C93000979446324
:041C940016DBC26336
:041C9500024427835B
:041C960001C42583DD
:041C9700000C061324
:041C9800000A051326
:041C9900000780E7D9
:041C9A000005091325
:041C9B00F4A05CE372
:041C9C00412A8AB39C
:041C9D00001005131B
:041C9E00F20A8EE3D5
:041C9F00008B27830C
:041CA000012C0C33D4
:041CA100412989B399
:041CA200412787B39C
:041CA30000FB2423FB
:041CA400F80796E3C4
:041CA50000C12B83CC
:041CA60000812C038A
:041CA700EEDFF06F0D
:041CA8000044A983C8
:041CA9000004879319
:041CAA00008484939B
:041CAB00FE098AE3C1
:041CAC000007AC037E
:041CAD000009861391
:041CAE0000A00593FA
:041CAF00000C05130D
:041CB00053C000EF2E
:041CB10014050C63A7
:041CB2000015051301
:041CB30041850AB3AA
:041CB400F55FF06F79
:041CB500000C059387
:041CB6000009061308
:041CB700081000EF22
:041CB800000427837A
:041CB900000405938B
:041CBA00000A051304
:041CBB00012787B3C3
:041CBC0000F42023ED
:041CBD00A95FF0EF3C
:041CBE00F6050CE338
:041CBF00EC9FF06F37
:041CC0000104268372
:041CC10004F6E463DE
:041CC2000144258331
:041CC30004B9E0631D
:041CC4000009891377
:041CC500013AF46389
:041CC600000A891374
:041CC70000090513F8
:041CC8000940D0EF10
:041CC9000244278327
:041CCA0001C42583A9
:041CCB0040A906B373
:041CCC00000B861370
:041CCD00000A0513F1
:041CCE00000780E7A4
:041CCF0000050913F0
:041CD00004A05A63AF
:041CD100412989B369
:041CD200DF9FF06F31
:041CD30000070913EA
:041CD40000E9F463CC
:041CD5000009891366
:041CD600000785136B
:041CD70000090613E7
:041CD800000B8593E5
:041CD9007F8000EF19
:041CDA000084270358
:041CDB000004278357
:041CDC004127073362
:041CDD00012787B3A1
:041CDE0000E42423D7
:041CDF0000F42023CA
:041CE000FC0712E308
:041CE1000004059363
:041CE200000A0513DC
:041CE3009FDFF0EFA0
:041CE400FA050AE310
:041CE50000C417839D
:041CE60000C12B838B
:041CE70000812C0349
:041CE80000412C8308
:041CE900E2DFF06FD7
:041CEA0000098C134E
:041CEB0000098C93CD
:041CEC00D65FF06F60
:041CED00000B86134F
:041CEE00000C05934E
:041CEF007A0000EF88
:041CF0000084270342
:041CF1000004278341
:041CF200000B891347
:041CF30041770733FB
:041CF400017787B33A
:041CF50000E42423C0
:041CF60000F42023B3
:041CF700E95FF06F42
:041CF800000A0513C6
:041CF900290040EF8F
:041CFA0000050C9342
:041CFB00D00514E319
:041CFC000104258337
:041CFD00000A0513C1
:041CFE00FCDFB0EF68
:041CFF0000C4178383
:041D000000C0071305
:041D010000C12B836F
:041D020000812C032D
:041D030000412C83EC
:041D040000EA2023AE
:041D0500F7F7F79362
:041D0600DB9FF06F00
:041D070000198793A5
:041D080000078A93B3
:041D0900E05FF06F38
:041D0A0000C4178377
:041D0B00DA5FF06F3C
:041D0C0000C00713F9
:041D0D0000C4178374
:041D0E0000C12B8362
:041D0F0000812C0320
:041D100000412C83DF
:041D110000EA2023A1
:041D1200D89FF06FF7
:041D130000C59783ED
:041D1400F8010113BE
:041D150006812C23F4
:041D160006112E2361
:041D17000027F71397
:041D1800000584132B
:041D19000207046356
:041D1A000435879372
:041D1B0000F5A0230C
:041D1C0000F5A82303
:041D1D000010079318
:041D1E0000F5AA23FF
:041D1F0007C1208355
:041D20000781240310
:041D210008010113A1
:041D220000008067D6
:041D230000E59583BF
:041D240006912A23D7
:041D25000721282347
:041D26000731262338
:041D27000741242329
:041D2800000504931B
:041D29000805C66380
:041D2A00008106131B
:041D2B004E0000EF77
:041D2C0006054E63F7
:041D2D0000C1278347
:041D2E000000F93781
:041D2F00000019B7E0
:041D300000F979330A
:041D3100FFFFE7B712
:041D320000F9093378
:041D33000019391347
:041D340040000A134E
:041D35008009899305
:041D3600000A059307
:041D3700000485130C
:041D3800A04FC0EF09
:041D390000C4178348
:041D3A00060508632F
:041D3B000807E7931B
:041D3C0000A42023BC
:041D3D0000A42823B3
:041D3E0000F4162374
:041D3F0001442A230E
:041D40000A09106319
:041D41000137E7B3CC
:041D420007C1208332
:041D430000F416236F
:041D440007812403EC
:041D450007412483AB
:041D46000701290365
:041D470006C1298325
:041D480006812A03E3
:041D49000801011379
:041D4A0000008067AE
:041D4B0000C4178336
:041D4C000807F793FA
:041D4D000000091376
:041D4E0004078E6395
:041D4F0004000A136F
:041D5000000A0593ED
:041D510000048513F2
:041D520099CFC0EF76
:041D530000C417832E
:041D540000000993EF
:041D5500F8051CE38E
:041D56002007F71358
:041D570004071E63FC
:041D5800FFC7F79337
:041D59000027E793E5
:041D5A000434071333
:041D5B0000F4162357
:041D5C0000100793D9
:041D5D000741248393
:041D5E00070129034D
:041D5F0006C129830D
:041D600006812A03CB
:041D610000E4202357
:041D620000E428234E
:041D630000F42A233B
:041D6400EEDFF06F4F
:041D650040000A131D
:041D660000000993DD
:041D6700F3DFF06F47
:041D680000E41583FB
:041D690000048513DA
:041D6A00444000EF02
:041D6B0002051063FA
:041D6C0000C4178315
:041D6D00F51FF06FFF
:041D6E000741248382
:041D6F00070129033C
:041D700006C12983FC
:041D710006812A03BA
:041D7200EB5FF06FC4
:041D730000C45783CE
:041D7400FFC7F7931B
:041D75000017E793D9
:041D76000107979337
:041D77004107D793B6
:041D7800F25FF06FB7
:041D7900F901011358
:041D7A000681242397
:041D7B0000058413C8
:041D7C0000E5958366
:041D7D000691222386
:041D7E0007212023F6
:041D7F000611262300
:041D800000060493C2
:041D810000068913BC
:041D82000405CA6327
:041D830000810613C2
:041D840037C000EF75
:041D850004054463AA
:041D860000C127036E
:041D87000000F7B7AA
:041D880006C12083ED
:041D890000E7F7B3C5
:041D8A00FFFFE73739
:041D8B0000E787B333
:041D8C0006812403A5
:041D8D000017B793F1
:041D8E0000F9202315
:041D8F0040000713F6
:041D900000E4A023A8
:041D91000000153702
:041D9200064124835F
:041D93000601290319
:041D940080050513AE
:041D9500070101132E
:041D96000000806762
:041D970000C45783AA
:041D98000807F793AE
:041D99000207886352
:041D9A0006C12083DB
:041D9B000681240396
:041D9C0000000793A9
:041D9D0000F9202306
:041D9E000400071323
:041D9F0000E4A02399
:041DA000060129030C
:041DA1000641248350
:041DA2000000051325
:041DA3000701011320
:041DA4000000806754
:041DA50006C12083D0
:041DA600068124038B
:041DA70000F92023FC
:041DA80040000713DD
:041DA90000E4A0238F
:041DAA000601290302
:041DAB000641248346
:041DAC00000005131B
:041DAD000701011316
:041DAE00000080674A
:041DAF00FF0101131C
:041DB0000081242367
:041DB1000091222358
:041DB20000112623D3
:041DB3008201A7837F
:041DB400000504938F
:041DB500000584138E
:041DB6000007866339
:041DB7000347A70334
:041DB8000E070C63A3
:041DB90000C41783C8
:041DBA000087F71394
:041DBB0006070A63AA
:041DBC0001042703F4
:041DBD0008070663AA
:041DBE000017F69381
:041DBF00020688632D
:041DC0000144268331
:041DC10000042423D3
:041DC2000000051305
:041DC30040D006B353
:041DC40000D42C23F8
:041DC50002070A63A4
:041DC60000C12083B5
:041DC7000081240370
:041DC800004124832F
:041DC9000101011300
:041DCA00000080672E
:041DCB000027F69364
:041DCC0000000613FA
:041DCD000006946315
:041DCE0001442603A3
:041DCF0000C4242305
:041DD00000000513F7
:041DD100FC071AE30E
:041DD2000807F713F4
:041DD300FC0706E320
:041DD4000407E79386
:041DD50000F41623DD
:041DD600FFF0051302
:041DD700FBDFF06FCF
:041DD8000107F713F5
:041DD9000807006394
:041DDA000047F713B4
:041DDB0002071C637C
:041DDC0001042703D4
:041DDD000087E79301
:041DDE0000F41623D4
:041DDF00F6071EE302
:041DE0002807F69347
:041DE10020000613C5
:041DE200F6C688E3D6
:041DE3000004059360
:041DE400000485135F
:041DE500CB9FF0EFB1
:041DE60000C417839B
:041DE70001042703C9
:041DE800F59FF06F04
:041DE9000304258347
:041DEA0000058E63FF
:041DEB0004040713D2
:041DEC0000E5886323
:041DED000004851356
:041DEE00C0DFB0EFB3
:041DEF0000C4178392
:041DF000020428239E
:041DF10001042703BF
:041DF200FDB7F793AF
:041DF30000042223A3
:041DF40000E42023C4
:041DF500FA1FF06F72
:041DF600000785134A
:041DF700AE5FA0EF4C
:041DF800F05FF06F39
:041DF900009007133C
:041DFA0000E4A0233E
:041DFB000407E7935F
:041DFC0000F41623B6
:041DFD00FFF00513DB
:041DFE00F21FF06F71
:041DFF0000357793A1
:041E00000FF5F69351
:041E010002078A63E7
:041E0200FFF607934D
:041E030002060E6362
:041E0400FFF00613D2
:041E05000180006FE9
:041E060000150513AB
:041E07000035771318
:041E080000070E635E
:041E0900FFF78793C5
:041E0A0002C7806328
:041E0B000005470384
:041E0C00FED714E306
:041E0D0000008067EA
:041E0E000006079330
:041E0F000030071385
:041E100000F768630C
:041E110006079063CD
:041E120000000513B4
:041E130000008067E4
:041E14000FF5F5933E
:041E1500008597139A
:041E160000B705B359
:041E17000105971317
:041E1800FEFF08B70A
:041E19008080883706
:041E1A0000E585B3A7
:041E1B00EFF88893C1
:041E1C000808081397
:041E1D00003003137B
:041E1E000100006F50
:041E1F00FFC78793DF
:041E20000045051361
:041E2100FCF370E37B
:041E2200000527038D
:041E230000E5C733DC
:041E24000117063369
:041E2500FFF7471369
:041E260000E6773328
:041E27000107773305
:041E2800FC070EE3C2
:041E290000F507B306
:041E2A0000C0006F85
:041E2B000015051386
:041E2C00F8F50CE3D6
:041E2D000005470362
:041E2E00FED71AE3DE
:041E2F0000008067C8
:041E300000A5E7B36F
:041E31000037F793EC
:041E320000079663AC
:041E330000300793E1
:041E340004C7E66396
:041E3500000507138A
:041E360001C0006F78
:041E3700FFF5C6836A
:041E3800FFF6081396
:041E3900FED78FA39E
:041E3A0000068E63AD
:041E3B000007871302
:041E3C000008061381
:041E3D000015859374
:041E3E0000170793EF
:041E3F00FE0610E3A8
:041E400000008067B7
:041E410000C707339C
:041E4200060800632B
:041E4300001787936A
:041E4400FE078FA363
:041E4500FEE79CE335
:041E460000008067B1
:041E4700FEFF033760
:041E4800808088B757
:041E49000005071376
:041E4A00EFF303139C
:041E4B000808889368
:041E4C0000300E1341
:041E4D000180006FA1
:041E4E0000D7202376
:041E4F00FFC60613B1
:041E5000004707132D
:041E51000045859330
:041E5200FACE76E36B
:041E53000005A6835D
:041E5400006687B3EA
:041E5500FFF6C813B9
:041E56000107F7B3D6
:041E57000117F7B3C5
:041E5800FC078CE314
:041E5900F91FF06F0E
:041E5A00000080679D
:041E5B000F05051357
:041E5C00000080679B
:041E5D000001051764
:041E5E00E7C50513BC
:041E5F000000806798
:041E60000001051761
:041E6100E705051379
:041E62000000806795
:041E6300FF01011367
:041E640000058713DB
:041E650000812423B1
:041E660000060593DA
:041E6700000504135B
:041E68000007051357
:041E690000012797B6
:041E6A008007A82322
:041E6B000011262319
:041E6C004650C0EF2D
:041E6D00FFF00793E8
:041E6E0000F50A630E
:041E6F0000C120830B
:041E700000812403C6
:041E71000101011357
:041E72000000806785
:041E730000011797BC
:041E74007E87A7833B
:041E7500FE0784E3FD
:041E760000C1208304
:041E770000F4202330
:041E780000812403BE
:041E7900010101134F
:041E7A00000080677D
:041E7B00FF0101134F
:041E7C00008124239A
:041E7D000005041345
:041E7E0000058513C3
:041E7F0000011797B0
:041E80007A07AC230E
:041E81000011262303
:041E82005310C0EF4A
:041E8300FFF00793D2
:041E840000F50A63F8
:041E850000C12083F5
:041E860000812403B0
:041E87000101011341
:041E8800000080676F
:041E890000011797A6
:041E8A007907A783AA
:041E8B00FE0784E3E7
:041E8C0000C12083EE
:041E8D0000F420231A
:041E8E0000812403A8
:041E8F000101011339
:041E90000000806767
:041E9100FF01011339
:041E920000058713AD
:041E93000081242383
:041E940000060593AC
:041E9500000504132D
:041E960000068613A9
:041E97000007051328
:041E98000001179797
:041E99007407AA23FD
:041E9A0000112623EA
:041E9B001500D0EF6F
:041E9C00FFF00793B9
:041E9D0000F50A63DF
:041E9E0000C12083DC
:041E9F000081240397
:041EA0000101011328
:041EA1000000806756
:041EA200000117978D
:041EA30072C7A783D8
:041EA400FE0784E3CE
:041EA50000C12083D5
:041EA60000F4202301
:041EA700008124038F
:041EA8000101011320
:041EA900000080674E
:041EAA00FF01011320
:041EAB00008124236B
:041EAC000005041316
:041EAD000005851394
:041EAE000001179781
:041EAF006E07AE23E9
:041EB00000112623D4
:041EB1003AC0D0EF74
:041EB200FFF00793A3
:041EB30000F50A63C9
:041EB40000C12083C6
:041EB5000081240381
:041EB6000101011312
:041EB7000000806740
:041EB8000001179777
:041EB9006D47A78347
:041EBA00FE0784E3B8
:041EBB0000C12083BF
:041EBC0000F42023EB
:041EBD000081240379
:041EBE00010101130A
:041EBF000000806738
:041EC000FF0101130A
:041EC1000081242355
:041EC2000000E7979E
:041EC30096C78793A4
:041EC4000000E4171F
:041EC5009644041328
:041EC60040F40433AD
:041EC7000091222341
:041EC80000112623BC
:041EC90040245493CA
:041ECA00020480632B
:041ECB00FFC4041339
:041ECC0000F40433E7
:041ECD000004278363
:041ECE00FFF4849306
:041ECF00FFC4041335
:041ED000000780E7A0
:041ED100FE0498E390
:041ED20000C12083A8
:041ED3000081240363
:041ED4000041248322
:041ED50001010113F3
:041ED6000000806721
:041ED70002A5F66307
:041ED80000C5873387
:041ED90002E5726349
:041EDA0000C507B385
:041EDB000406066390
:041EDC00FFF7468343
:041EDD00FFF78793F1
:041EDE00FFF70713F0
:041EDF0000D7802385
:041EE000FEF518E310
:041EE1000000806716
:041EE20000F0079372
:041EE30002C7E863E7
:041EE400000507935B
:041EE500FFF606936B
:041EE6000C06026381
:041EE70000168693C8
:041EE80000D786B3E6
:041EE9000005C70326
:041EEA0000178793C3
:041EEB0000158593C6
:041EEC00FEE78FA3DB
:041EED00FED798E3A1
:041EEE000000806709
:041EEF0000B567B320
:041EF0000037F7932D
:041EF10008079663E5
:041EF200FF0608934C
:041EF300FF08F89359
:041EF40001088893C6
:041EF500011506B31A
:041EF6000005871349
:041EF7000005079348
:041EF80000072803B4
:041EF90001070713C3
:041EFA0001078793C2
:041EFB00FF07A82312
:041EFC00FF47280371
:041EFD00FF07AA230E
:041EFE00FF8728032F
:041EFF00FF07AC230A
:041F0000FFC72803EC
:041F0100FF07AE2305
:041F0200FCD79CE389
:041F030000C6781389
:041F0400011585B38B
:041F050000F6771358
:041F06000408046364
:041F0700FFC70813F5
:041F0800FFC8781383
:041F09000048081371
:041F0A00010687B392
:041F0B000005871333
:041F0C00000728831F
:041F0D000046869371
:041F0E00004707136E
:041F0F00FF16AE23E8
:041F1000FEF698E35E
:041F1100003676130D
:041F1200010585B38D
:041F1300F49FF06FD8
:041F1400FFF606933B
:041F15000005079329
:041F1600F45FF06F15
:041F170000008067DF
:041F180000070613A5
:041F1900F31FF06F53
:041F1A00F9010113B5
:041F1B000721202357
:041F1C0000C5A90350
:041F1D0005412C232B
:041F1E0005512A231C
:041F1F00056128230D
:041F20000045AA834B
:041F21000005AB0309
:041F22000085AA0389
:041F230005312E2333
:041F2400000089B779
:041F250006812423EA
:041F260006912223DB
:041F27000611262356
:041F280001095493C4
:041F2900FFF98993A0
:041F2A000361282304
:041F2B0003512A2311
:041F2C0003412C231E
:041F2D0003212E233B
:041F2E000134F4B3D3
:041F2F000006202365
:041F30000005041391
:041F3100093480638C
:041F32000101059311
:041F3300020105138F
:041F340005712623EA
:041F35000361202301
:041F360000060B9303
:041F3700035122230D
:041F3800034124231A
:041F39000321262337
:041F3A000001282357
:041F3B0000012A2354
:041F3C0000012C2351
:041F3D0000012E234E
:041F3E00050090EF1B
:041F3F000E050E631A
:041F40000000069304
:041F410006048E63A1
:041F4200FFFFC7379F
:041F43000027071359
:041F440003C12903A9
:041F450000E484B37D
:041F4600800107B758
:041F470000D484B38B
:041F4800FFF7879385
:041F4900009BA02336
:041F4A0003012B0361
:041F4B0003412A83A1
:041F4C0003812A03E0
:041F4D0004C12B831D
:041F4E0000F97933EA
:041F4F003FFE07B793
:041F500000F96933F8
:041F510001642023E4
:041F520001542223F1
:041F530001442423FE
:041F5400012426231B
:041F550006C120831E
:041F5600000405136B
:041F570006812403D8
:041F58000641248397
:041F59000601290351
:041F5A0005C1298311
:041F5B0005812A03CF
:041F5C0005412A838E
:041F5D0005012B034C
:041F5E000701011363
:041F5F000000806797
:041F60000000E797FF
:041F6100CA07879391
:041F62000007A603CB
:041F63000047A6830A
:041F64000087A70348
:041F650000C7A78387
:041F660000C1202373
:041F670001010593DC
:041F6800000106135B
:041F69000201051359
:041F6A0000D122235D
:041F6B0000E124234A
:041F6C0000F1262337
:041F6D0001612823C3
:041F6E0001512A23D0
:041F6F0001412C23DD
:041F700001212E23FA
:041F7100314090EF7C
:041F7200020127033E
:041F730002C12783FD
:041F7400F8E00693F8
:041F750002E128233A
:041F760002412703FA
:041F77000107D493F7
:041F780002F12E2321
:041F790002E12A2334
:041F7A0002812703B6
:041F7B000134F4B386
:041F7C0002E12C232F
:041F7D00F15FF06FB1
:041F7E0004C12B83EC
:041F7F00F49FF06F6C
:041F80000000E897DE
:041F8100C508889374
:041F82000008AF8321
:041F83000048AF0360
:041F84000088AE83A0
:041F850000C8AE03DF
:041F86000108A303A8
:041F87000385288323
:041F8800F40101134C
:041F89000B212823DD
:041F8A000B312623CE
:041F8B000B412423BF
:041F8C000B612023A2
:041F8D0009712E2385
:041F8E0009812C2376
:041F8F0009912A2367
:041F900009A1282358
:041F91000A112E23E0
:041F92000A812C2371
:041F93000A912A2362
:041F94000B512223A8
:041F950009B1262345
:041F960007F1262306
:041F970007E1282313
:041F980007D12A2320
:041F990007C12C232D
:041F9A0006612E238B
:041F9B0002C120233C
:041F9C0002D1222329
:041F9D000005AA038E
:041F9E000045A983CE
:041F9F000085A9030D
:041FA00000C5AC03C9
:041FA10000050B1319
:041FA20000070B9396
:041FA30000078C9314
:041FA40000080D1311
:041FA5000008886345
:041FA6000008859317
:041FA700114020EFD6
:041FA800020B2C23D9
:041FA9000781260383
:041FAA0001FC56934D
:041FAB00001C1A9369
:041FAC004016571371
:041FAD00FFFFC4B7B7
:041FAE00001C1413EC
:041FAF0000D77733AD
:041FB000011ADA93A5
:041FB100F914849308
:041FB200010C1D936E
:041FB30000DCA0238B
:041FB40000145413AE
:041FB50000C74733E7
:041FB600010DDD93A9
:041FB700009A87B352
:041FB8000301059389
:041FB9000401051307
:041FBA00054120239A
:041FBB0005312223A7
:041FBC0005212423B4
:041FBD000481262352
:041FBE000341282390
:041FBF0003312A239D
:041FC00003212C23AA
:041FC10002812E2348
:041FC20006E12C23E5
:041FC30000F12E23D8
:041FC40005412E2382
:041FC500073120239D
:041FC60007212223AA
:041FC70007B1242317
:041FC8006790B0EF7F
:041FC90018051E6376
:041FCA000000E79795
:041FCB00B0878793C1
:041FCC000007A60361
:041FCD000047A683A0
:041FCE000087A48361
:041FCF0000C7AC8318
:041FD0000301059371
:041FD10004010513EF
:041FD2000541202382
:041FD300053122238F
:041FD400052124239C
:041FD500048126233A
:041FD60002C12823F9
:041FD70002C12623FA
:041FD80002D12A23E5
:041FD90002D12423EA
:041FDA0002912C2321
:041FDB0003912E231D
:041FDC006290B0EF70
:041FDD0008051C6374
:041FDE000301059363
:041FDF0004010513E1
:041FE0007F9080EF7F
:041FE10008A054639D
:041FE2000030079331
:041FE30004F12C23B6
:041FE400020127834C
:041FE500024128038A
:041FE60001C126030C
:041FE7000581071356
:041FE80001A1202310
:041FE900000B8893CE
:041FEA0005C1069394
:041FEB0006C1059393
:041FEC00000B0513CE
:041FED00238000EF5E
:041FEE00000BA7033A
:041FEF00FFFF87B7B2
:041FF00000F718637B
:041FF100800007B7AE
:041FF200FFF78793DB
:041FF30000FBA0232C
:041FF4000BC120837A
:041FF5000B81240335
:041FF6000B412483F4
:041FF7000B012903AE
:041FF8000AC129836E
:041FF9000A812A032C
:041FFA000A412A83EB
:041FFB000A012B03A9
:041FFC0009C12B8369
:041FFD0009812C0327
:041FFE0009412C83E6
:041FFF0009012D03A4
:0420000008C12D8363
:042001000C010113BA
:0420020000008067F3
:042003000000E7975B
:04200400A3478793D4
:042005000007A60327
:042006000047A68366
:042007000087A703A4
:0420080000C7A783E3
:042009000301059337
:04200A0004010513B5
:04200B000541202348
:04200C000531222355
:04200D000521242362
:04200E000481262300
:04200F0002C12823BF
:0420100002D12A23AC
:0420110002E12C2399
:0420120002F12E2386
:042013005CD080EF2E
:0420140000054E6312
:04201500000107B708
:0420160000FDEDB329
:04201700001007931B
:0420180004F12C2380
:0420190007B12423C4
:04201A00F29FF06FD2
:04201B000301059325
:04201C0004010513A3
:04201D000541202336
:04201E000531222343
:04201F000521242350
:0420200005812623ED
:04202100020128236D
:0420220002012A236A
:0420230002012C2367
:0420240002012E2364
:042025004B5080EFAD
:042026000005166338
:0420270004012C2361
:04202800EF1FF06F47
:04202900FFFFC4B73A
:04202A0000200793F8
:04202B00F92484937D
:04202C0004F12C236C
:04202D00009A87B3DB
:04202E0000F12E236C
:04202F00ED5FF06F02
:0420300000400793D2
:0420310004F12C2367
:04203200EC9FF06FC0
:04203300FB01011399
:0420340004912223CE
:0420350000C524833B
:04203600052120233D
:0420370003312E2320
:0420380000852903F3
:0420390000452983B2
:04203A0003412C230F
:04203B0000052A036F
:04203C000014949365
:04203D000014D49324
:04203E000001059305
:04203F000101051383
:04204000041126233E
:04204100014128230E
:0420420001312A231B
:0420430001212C2328
:0420440000912E23B6
:042045000141202312
:04204600013122231F
:04204700012124232C
:0420480000912623BA
:042049004750B0EF5D
:04204A000A0512630E
:04204B000000E79713
:04204C00904787939F
:04204D0003512A23EE
:04204E0003612823DF
:04204F0003712623D0
:0420500003812423C1
:042051000047AB8316
:042052000007AC03D4
:042053000087AB0354
:0420540000C7AA8394
:0420550000010593EE
:04205600010105136C
:0420570004812423B9
:0420580001812023BF
:0420590001712223CC
:04205A0001612423D9
:04205B0001512623E6
:04205C000010041359
:04205D004250B0EF4E
:04205E000405006312
:04205F0004C1208315
:042060000014451310
:0420610004812403CF
:042062000FF57513EE
:0420630003412A8388
:0420640003012B0346
:0420650002C12B8306
:0420660002812C03C4
:042067000441248389
:042068000401290343
:0420690003C1298303
:04206A0003812A03C1
:04206B000015151334
:04206C000501011356
:04206D000000806788
:04206E0000010593D5
:04206F000101051353
:042070005B9080EF12
:04207100001524131F
:04207200FB5FF06FB1
:0420730004C1208301
:04207400044124837C
:042075000401290336
:0420760003C12983F6
:0420770003812A03B4
:04207800001005133C
:042079000501011349
:04207A00000080677B
:04207B00F401011358
:04207C000B612023B1
:04207D0000072B032A
:04207E000B212823E7
:04207F000A112E23F1
:04208000FCFB7313DF
:0420810000672023B1
:042082000007091337
:042083000C01270322
:0420840000FB7313D7
:0420850000300E1306
:0420860000E124232E
:0420870000A1202371
:0420880000C1282348
:0420890001012A2304
:04208A0001112223FB
:04208B007FC30663A6
:04208C0009812C2377
:04208D0000CB7C13F5
:04208E00720C1E634F
:04208F0078030C6363
:042090000B512223AB
:042091000005AA8319
:042092000B312623C5
:0420930009A1282354
:0420940009B1262345
:042095000006899325
:0420960002000693AB
:0420970000058D9320
:0420980000078D139D
:0420990000000593AB
:04209A0002000793A6
:04209B000156D863AF
:04209C0000179793FF
:04209D000015859312
:04209E00FF57CCE339
:04209F000001250314
:0420A000100020EF1D
:0420A10000A1262351
:0420A2003C0508E30E
:0420A30000C12783CE
:0420A400FFFA8513A7
:0420A500405555133A
:0420A6000025159369
:0420A70001478693D4
:0420A8000B412423A1
:0420A90009912A234C
:0420AA0000B985B341
:0420AB00000987930E
:0420AC000007A7037F
:0420AD0000478793CE
:0420AE0000468693CF
:0420AF00FEE6AE2378
:0420B000FEF5F8E35E
:0420B10000158593FE
:0420B20000198793F7
:0420B3000040069350
:0420B40000F5E663EA
:0420B50000251513DA
:0420B6000045069348
:0420B70000C12783BA
:0420B8004026DC934F
:0420B90000D786B313
:0420BA0000C0006FF3
:0420BB00FFC6869343
:0420BC007A0C8063B7
:0420BD000106A783EE
:0420BE00000C8A1375
:0420BF00FFFC8C9303
:0420C000FE0786E3AE
:0420C10000C1270330
:0420C200004C8793B4
:0420C30000279793C8
:0420C40000F707B367
:0420C5000047A50328
:0420C6000147282383
:0420C700005A1A138E
:0420C8003F8020EF46
:0420C90040AA0CB36A
:0420CA0000C1250329
:0420CB007F1010EF83
:0420CC000101278364
:0420CD0006A12E2317
:0420CE0002F12023D8
:0420CF0078051E630F
:0420D00000C12783A1
:0420D1000107A683DA
:0420D20066068463B7
:0420D30000C1250320
:0420D40007C10593A8
:0420D5000A812C232D
:0420D6000A912A231E
:0420D70009712E233A
:0420D800689020EFFD
:0420D90000C59A1391
:0420DA0000CA5A13CB
:0420DB003FF006B715
:0420DC0000DA64B30F
:0420DD0002012703D2
:0420DE000000E69781
:0420DF00BE868693A0
:0420E0000006A6034D
:0420E1000046A6838C
:0420E2000197073328
:0420E300000507935A
:0420E40000048593DC
:0420E500FFF70A13E4
:0420E60004F12423BA
:0420E70000E12E23C3
:0420E80002A12C2302
:0420E900761070EF0E
:0420EA000000E69775
:0420EB00BC06869316
:0420EC000006A60341
:0420ED000046A68380
:0420EE007BC070EF54
:0420EF000000E69770
:0420F000BB468693D2
:0420F1000006A6033C
:0420F2000046A6837B
:0420F3003A4060EF20
:0420F40000050B9345
:0420F500000A0513C5
:0420F600000584134A
:0420F7000B5080EF1B
:0420F8000000E69767
:0420F900B98686938B
:0420FA000006A60333
:0420FB000046A68372
:0420FC00784070EFC9
:0420FD0000050613C1
:0420FE0000058693C0
:0420FF00000B85133A
:04210000000405933F
:0421010036C060EF95
:0421020000050B9336
:04210300000584133C
:04210400000A0513B5
:04210500000A586311
:0421060001C12703E9
:0421070000100513AC
:0421080040E5053376
:04210900BCB5051349
:04210A0002A05C6370
:04210B00065080EF0B
:04210C000000E69752
:04210D00B5068693FA
:04210E000006A6031E
:04210F000046A6835D
:04211000734070EFB9
:0421110000050613AC
:0421120000058693AB
:04211300000B851325
:04211400000405932B
:0421150031C060EF86
:0421160000050B9322
:042117000005841328
:042118000004059327
:04211900000B85131F
:04211A007A4080EF98
:04211B0000050813A0
:04211C000004059323
:04211D00000B85131B
:04211E0000000613A4
:04211F000000069323
:0421200001012C236A
:042121005E8070EF7D
:0421220002055463FB
:04212300018125030E
:04212400001080EF38
:04212500000B861312
:042126000004069318
:04212700444070EFD1
:042128000181278387
:0421290000A03533AA
:04212A0040A787B390
:04212B0000F12C2370
:04212C00014A16133B
:04212D000181278382
:04212E0000960833DC
:04212F00414C843368
:0421300001600693B1
:042131000501202361
:04213200FFF40B9318
:042133005CF6E8630B
:042134000000D317BD
:042135005A830313B3
:042136000037969345
:0421370000D306B318
:042138000381288374
:042139000006A503F4
:04213A000046A58333
:04213B0000088613FF
:04213C0000080693FE
:04213D00478070EF78
:04213E001AA044E3BC
:04213F0002012E2348
:042140000201222353
:0421410000804A636D
:0421420000100693F0
:04214300408687B398
:0421440002F122235F
:0421450000000B93F8
:042146000181278369
:042147000201262348
:0421480000FB8BB35A
:0421490002F1282354
:04214A000090069368
:04214B005DA6E86342
:04214C0000500693A6
:04214D0019A6C0E32C
:04214E0001C1278321
:04214F000040061333
:042150003FD78A13D8
:042151007F8A3A1334
:0421520000CD146345
:042153000A00106FFF
:0421540000DD146333
:0421550008C0106F3F
:0421560000200693CC
:0421570000DD146330
:042158000980106F7B
:0421590000300693B9
:04215A0002012A2331
:04215B005ADD1063D6
:04215C0003012783D1
:04215D000141270312
:04215E0000E787B35C
:04215F0004F126233E
:04216000001787934A
:0421610000F12E2338
:0421620062F058E3EC
:042163000007869358
:042164000007859358
:04216500000125034D
:0421660006D12E234D
:042167000F1010EF56
:0421680000050F134C
:042169004C050063BE
:04216A0000CDA7837A
:04216B00FFF7879360
:04216C0002F1242335
:04216D005A07866324
:04216E000C07CEE3A9
:04216F00100B7E9340
:04217000580E98630A
:0421710002012783BD
:042172000007C86337
:0421730003012783BA
:0421740000E00693EE
:0421750010F6D4E3A9
:042176000341278377
:042177000A0784E3EC
:0421780002012783B6
:04217900419A8E33C6
:04217A00004DA683EB
:04217B00001E061329
:04217C0006C12E2347
:04217D0041C78E3395
:04217E0062DE52E3E8
:04217F00FFDD061367
:04218000FFD67613FD
:04218100500604E31D
:0421820040D786B309
:042183000016869329
:0421840006D12E232F
:04218500001006132D
:0421860001A65C63EF
:0421870001C12783E8
:0421880000F05863A8
:0421890001C12783E6
:04218A0000D7D46343
:04218B006400106F6D
:04218C000241278362
:04218D0002C12483E4
:04218E0000DB8BB334
:04218F0000078A9328
:0421900000F687B31B
:0421910002F1222312
:042192000001250320
:0421930000100593A0
:0421940003E1202320
:0421950021C020EF56
:0421960002012F0310
:0421970000050A1322
:042198004005026399
:04219900020A86634D
:04219A000370546317
:04219B00000A86931D
:04219C00015BD463AC
:04219D00000B86931A
:04219E000241278350
:04219F0006D12E2314
:0421A00040DA8AB3E4
:0421A10040D787B3E9
:0421A20002F1222301
:0421A30040DB8BB3DF
:0421A40002C12783CA
:0421A5000207886342
:0421A6000341278347
:0421A7000007846346
:0421A800660490E356
:0421A90002C1260346
:0421AA0000C12583C8
:0421AB000001250307
:0421AC0003E1202308
:0421AD00534020EF8C
:0421AE0000A1262343
:0421AF0002012F03F7
:0421B0003A05026387
:0421B1000001250301
:0421B2000010059381
:0421B30003E1202301
:0421B4001A0020EFFE
:0421B500000503130B
:0421B600380506637F
:0421B70001812783F8
:0421B80002012F03EE
:0421B9004E0790E35A
:0421BA000010069378
:0421BB001DA6D0E3AA
:0421BC0001F00B1310
:0421BD000241278331
:0421BE00417B0B3323
:0421BF00FFCB0B1334
:0421C00001FB7B1391
:0421C10000FB0633E6
:0421C20007612E2360
:0421C300000B079373
:0421C4002AC044E306
:0421C50000FB863362
:0421C60032C0486378
:0421C70003C12783A6
:0421C8002C0792E36B
:0421C90001C12783A6
:0421CA0040F058E3A6
:0421CB000341278322
:0421CC0030078EE367
:0421CD00015B063379
:0421CE0066C048E3BC
:0421CF0001812783E0
:0421D000000A0A9364
:0421D100000784631C
:0421D2006E50006FDC
:0421D30001212A2399
:0421D40000C124839F
:0421D50000012903D9
:0421D600000F0D9356
:0421D700001007935A
:0421D80000200413CC
:0421D90000030C13E0
:0421DA0001E12823D4
:0421DB000B00006F86
:0421DC0000090513DE
:0421DD004C1010EFA3
:0421DE00000B54633B
:0421DF0006C0106FB7
:0421E000016D6B33EF
:0421E100000B1A6372
:0421E2000009A783C6
:0421E3000017F79357
:0421E40000079463F9
:0421E5000540106F32
:0421E60002812783C8
:0421E7000087846386
:0421E8003C80106FB8
:0421E900019D8023B1
:0421EA0007C127837F
:0421EB0001C1270304
:0421EC00001D8D93B2
:0421ED0000F7146380
:0421EE002D40106F01
:0421EF0000048593D0
:0421F0000000069352
:0421F10000A0061331
:0421F20000090513C8
:0421F30048D010EFD1
:0421F400000504934B
:0421F500280508634E
:0421F600000006934C
:0421F70000A006132B
:0421F800000A059341
:0421F90000090513C1
:0421FA00135A00E391
:0421FB0046D010EFCB
:0421FC0000050A13BD
:0421FD002605086348
:0421FE00000A8593BB
:0421FF000000069343
:0422000000A0061321
:0422010000090513B8
:04220200451010EF84
:0422030000050A9335
:0422040024050A6340
:0422050007C1278363
:0422060000178793A3
:04220700000C05932F
:042208000004851336
:0422090006F12E2389
:04220A007A0010EF57
:04220B0000050B932C
:04220C00000A05932C
:04220D000004851331
:04220E00690020EF54
:04220F00000C059327
:0422100000050B13A7
:04221100000A861326
:0422120000090513A7
:042213006D4020EF0B
:04221400030B8C9399
:042215000005059328
:042216002005066336
:0422170000C5278354
:04221800F00798E350
:0422190000A12623D7
:04221A000004851324
:04221B0065C020EF8B
:04221C0000C1258355
:04221D00000506931F
:04221E00000905139B
:04221F0000D12623A1
:042220003B5010EF30
:0422210000C126834F
:0422220000DD673341
:042223000007046349
:042224005680106F61
:042225000009A78382
:042226000017F79313
:04222700080790E331
:042228000281278385
:0422290000079463B3
:04222A004280106F6F
:04222B00EF604CE331
:04222C000104A60300
:04222D0000912623D3
:04222E000010069303
:04222F00000C031389
:0422300001012F0376
:04223100014129033B
:0422320000070C1382
:042233000004879389
:0422340000C6C463B9
:042235004EC0106F18
:042236000281278377
:0422370000200693EA
:0422380000D79463D4
:042239004AC0106F18
:04223A0000C1248338
:04223B0000012B83F0
:04223C0000030B137D
:04223D00000F0C136F
:04223E000240006FEB
:04223F0035D010EF97
:04224000000B0593F7
:0422410000050493FD
:0422420014050E630E
:042243006BC010EF6D
:0422440003050C93EF
:0422450000098D936C
:0422460000040A93F3
:04224700000A859371
:04224800000B05136F
:042249005A4020EFE8
:04224A0000050793F1
:04224B0000000693F6
:04224C0000A00613D5
:04224D00000A85936B
:04224E00000B8513E9
:04224F00001D899352
:0422500000F04463F3
:0422510042C0106F08
:04225200FF998FA3BE
:0422530030D010EF88
:04225400000504136A
:0422550000000693EC
:0422560000A00613CB
:042257000004859367
:04225800000B8513DF
:04225900100400630A
:04225A00F95A1AE330
:04225B0000040A135E
:04225C00F8DFF06F48
:04225D0000400793A3
:04225E0010F31863FE
:04225F000041270310
:0422600000812603D0
:0422610009812C03C0
:042262000BC1208309
:042263000B0129033F
:042264000A012B033D
:04226500FFFF87B739
:0422660000F720233A
:0422670000300693AA
:042268000000D59706
:04226900D245859342
:04226A000C0101134F
:04226B0054C0106FDC
:04226C000001250345
:04226D00000785934E
:04226E0027D010EF76
:04226F000AC12983F4
:042270000A812A03B2
:042271000A412A8371
:0422720009412C836F
:0422730009012D032D
:0422740008C12D83ED
:0422750000412703FA
:0422760000812603BA
:04227700000125033A
:0422780000100793B8
:0422790000F7202327
:04227A0000100693B7
:04227B000000D597F3
:04227C00CC858593F5
:04227D00504010EFCE
:04227E0000050F1335
:04227F000BC12083EC
:0422800009812C03A1
:042281000B01290321
:042282000A012B031F
:04228300000F051330
:042284000C01011335
:04228500000080676E
:0422860000412703E9
:0422870000812603A9
:042288000BC12083E3
:042289000B01290319
:04228A000A012B0317
:04228B00FFFF87B713
:04228C0000F7202314
:04228D000080069334
:04228E000000D597E0
:04228F00C805859366
:042290000C01011329
:042291004B40106F3F
:04229200000125031F
:0422930000030593AC
:0422940001E1282319
:042295002E4020EFC8
:0422960001012F0310
:042297000005031328
:04229800CA051EE372
:042299000B8124038E
:04229A000B4124834D
:04229B000AC12983C8
:04229C000A812A0386
:04229D000A412A8345
:04229E0009C12B83C4
:04229F0009412C8342
:0422A00009012D0300
:0422A10008C12D83C0
:0422A20000000F1316
:0422A300F71FF06FC2
:0422A40000C12783CB
:0422A5000007A82363
:0422A600891FF06F2D
:0422A7000010079389
:0422A80002F12E23EE
:0422A90002012223E9
:0422AA003C0BC463C2
:0422AB000181278303
:0422AC00A607D4E3CA
:0422AD000181278301
:0422AE0002412703BF
:0422AF0000012C23DB
:0422B00002F12823EC
:0422B10040F70733B8
:0422B20002E1222300
:0422B30040F00733BD
:0422B40002E12623FA
:0422B500A55FF06FC2
:0422B6000005059387
:0422B70000C125033A
:0422B800758010EF2E
:0422B90007C12683B0
:0422BA000101278374
:0422BB0040DC8CB3C4
:0422BC0000F687B3EE
:0422BD0002F12023E7
:0422BE00849FF06F9A
:0422BF0001C12783AF
:0422C00000000D13FA
:0422C1003FD78793E9
:0422C2007F87BA1345
:0422C300000A851375
:0422C400180080EF8F
:0422C5000000D697A8
:0422C600474686936E
:0422C7000006A60364
:0422C8000046A683A3
:0422C900050070EFAD
:0422CA000E4080EF53
:0422CB000010079365
:0422CC000035059341
:0422CD0002F12A23CD
:0422CE00FFF0079383
:0422CF0000058693ED
:0422D00000012A23BC
:0422D10004F12623CB
:0422D20000F12E23C6
:0422D300A49FF06F65
:0422D40002812783D9
:0422D500003006933C
:0422D60040F687B394
:0422D70002F12423C9
:0422D80001C1248399
:0422D90000E0069388
:0422DA00A496EEE3F5
:0422DB00A40A0CE362
:0422DC000301278350
:0422DD000281270350
:0422DE0000E7E6B37C
:0422DF00A40694E3DA
:0422E000038124034F
:0422E10004012A03C7
:0422E20003C127838A
:0422E30006012E239F
:0422E400028124232C
:0422E50003412C2362
:0422E6000207886300
:0422E7000000D69786
:0422E8003F46869354
:0422E9000006A60342
:0422EA000046A68381
:0422EB0000040513D3
:0422EC00000A05934C
:0422ED0005E12823BC
:0422EE006B5060EFE2
:0422EF0005012F03B3
:0422F000000554632E
:0422F1006ED0006F3C
:0422F20002812783BB
:0422F30005E12823B6
:0422F4000007861346
:0422F5000007851346
:0422F60003812783B6
:0422F70000078693C3
:0422F80000078593C3
:0422F90038D050EF9A
:0422FA000000D69773
:0422FB003C06869384
:0422FC000006A6032F
:0422FD000046A6836E
:0422FE00379050EFD6
:0422FF0001C127836F
:04230000FCC00737DF
:0423010005012F03A0
:0423020000050B13B4
:0423030000B70A33E2
:042304002A078CE335
:0423050001C1278368
:0423060002812E839F
:042307000381280323
:0423080004012A237F
:0423090004F1282390
:04230A00050127831F
:04230B000341270360
:04230C000000D317E3
:04230D00E48303134F
:04230E00FFF78693BC
:04230F00003696936B
:0423100000D306B33D
:0423110005012E2371
:0423120005D12C23A2
:042313000006A60317
:04231400000B049323
:042315000046A68355
:04231600480704E38D
:042317000000D59756
:0423180035C58593AF
:042319000005A50313
:04231A000045A58352
:04231B000661242310
:04231C00001F0B1380
:04231D0007E1202391
:04231E003C0060EF30
:04231F00000486131D
:04232000000A069316
:04232100680070EFF1
:0423220005812E8380
:0423230005C12803C5
:042324000005061397
:042325000005869396
:04232600000E85130D
:042327000008059312
:0423280005D1242394
:042329000501202367
:04232A0004C12C239B
:04232B0004D12E2388
:04232C0075D070EF09
:04232D000005041390
:04232E007D9070EF3F
:04232F00040128037A
:0423300004812E8373
:04233100000506138A
:042332000005869389
:04233300000E851300
:042334000008059305
:04233500630070EFE2
:0423360006012F036A
:042337000005061384
:042338000005869383
:042339000005049304
:04233A0000058A13FD
:04233B0005812503F0
:04233C0005C125832F
:04233D0003040793FB
:04233E0000FF002379
:04233F0005E1202371
:0423400046D060EF34
:0423410004012F0361
:0423420000A0546340
:0423430071D0006FE6
:042344000000D69728
:04234500280686934D
:042346000006A78363
:042347000046A803A1
:0423480007712023D6
:0423490007512223F3
:04234A0005012B83DB
:04234B0005812403E1
:04234C0005C12A831A
:04234D0004F1202354
:04234E000501222340
:04234F0005E124235D
:042350000521282318
:042351000940006FD0
:0423520007C1278315
:042353000017879355
:0423540006F12E233D
:042355000177C463E5
:042356007450006F50
:042357000000D91792
:0423580023C9091379
:04235900000926034E
:04235A00004926838D
:04235B00001B0B1345
:04235C00605060EF7E
:04235D00000926034A
:04235E000049268389
:04235F00000504135E
:0423600000058A9357
:0423610000048513DC
:04236200000A0593D5
:042363005E9060EF39
:0423640000058A13D3
:042365000005091353
:04236600675070EF5D
:0423670000050493D6
:042368006F1070EF93
:042369000005061352
:04236A000005869351
:04236B00000905134D
:04236C00000A0593CB
:04236D00550070EFB8
:04236E00030487934A
:04236F00000406134D
:04237000000A869346
:04237100FEFB0FA3BD
:0423720000050493CB
:0423730000058A13C4
:0423740049D060EFFD
:04237500640546E3D2
:042376000401250336
:042377000441258375
:0423780000048613C4
:04237900000A0693BD
:04237A0051C070EFEF
:04237B000005061340
:04237C00000586933F
:04237D000004051340
:04237E00000A859339
:04237F00371060EFC4
:0423800000050793BA
:04238100000A859336
:04238200000405133B
:04238300F2F05EE333
:042384000541278365
:0423850004812F039D
:042386000501290321
:04238700FFFB47030E
:0423880000178413A3
:042389000390069324
:04238A000100006FDF
:04238B002AFF04E33E
:04238C00FFF7C7038D
:04238D0000078B13A7
:04238E00FFFB0793B7
:04238F00FED708E38A
:042390000017069399
:042391000FF6F693BA
:0423920000D78023CD
:0423930000040493AB
:0423940002000C1324
:042395001F80006F36
:042396000AC12983CC
:042397000A412A834A
:0423980009012D0307
:0423990008C12D83C7
:04239A0000000F131D
:04239B00B91FF06F07
:04239C000010069394
:04239D00408687B33C
:04239E0002F1222303
:04239F0000000B939C
:0423A000C2DFF06F39
:0423A10002C12483CE
:0423A20002412A8347
:0423A30000000A1319
:0423A400FD4FF06F8A
:0423A500002007937A
:0423A60002F12423F9
:0423A700F20FF06FD2
:0423A8000181278305
:0423A90002012E23DC
:0423AA00FFF787931F
:0423AB0000F12C23EE
:0423AC00BF5FF06FB0
:0423AD00FFCD0D1340
:0423AE0000400613D2
:0423AF0022CD0063D8
:0423B00070DD086371
:0423B100002006936F
:0423B20002012A23D7
:0423B30000000A1309
:0423B40020DD0C63B9
:0423B50000300D13D4
:0423B600E98FF06F4C
:0423B70000379693C2
:0423B8000000D797B3
:0423B900B9878793C6
:0423BA0000D787B30E
:0423BB000007AD0367
:0423BC000047AD83A6
:0423BD000141278330
:0423BE005607C46397
:0423BF00048124036E
:0423C00004012A03E7
:0423C100001007936E
:0423C200000D0613F1
:0423C300000D8693F0
:0423C40000040513F9
:0423C500000A059372
:0423C60001E12823E6
:0423C70006F12E23CA
:0423C800118060EF31
:0423C9004E9070EFD3
:0423CA00000509936E
:0423CB00565070EF09
:0423CC00000D0613E7
:0423CD00000D8693E6
:0423CE0043D060EFA9
:0423CF0000050613EC
:0423D00000058693EB
:0423D10000040513EC
:0423D200000A059365
:0423D3003B8070EFEC
:0423D40001012F03D1
:0423D50003012703D6
:0423D60003098793DD
:0423D70000FF0023E0
:0423D80000000613E8
:0423D9000000069367
:0423DA0000170413D1
:0423DB00001F0B13C1
:0423DC0000050A935B
:0423DD0000058A135A
:0423DE00169060EF06
:0423DF0001012F03C6
:0423E000000404935E
:0423E1000C05046380
:0423E200018128232A
:0423E30001C12C8385
:0423E400000A0C13CC
:0423E5000000DB9782
:0423E600004B8B938A
:0423E70000040A13D1
:0423E800000F0413CB
:0423E9000780006FFA
:0423EA00000BA6033B
:0423EB00004BA6837A
:0423EC0007012E2394
:0423ED00001B0B13B3
:0423EE003BD060EF91
:0423EF00000D0613C4
:0423F000000D8693C3
:0423F10000050C13C4
:0423F20000058A93C5
:0423F30006C060EFD1
:0423F40043D070EF73
:0423F5000005099343
:0423F6004B9070EFA9
:0423F700000D0613BC
:0423F800000D8693BB
:0423F900391060EF48
:0423FA0000050613C1
:0423FB0000058693C0
:0423FC00000C0513B9
:0423FD00000A8593BA
:0423FE0030C070EF8C
:0423FF0003098793B4
:04240000FEFB0FA32D
:0424010000000613BE
:04240200000006933D
:0424030000050A9333
:0424040000058C1330
:042405000CD060EFA8
:0424060042050E631A
:0424070007C12703DF
:04240800000A85132E
:04240900000C05932B
:04240A00001708139C
:04240B00F7971EE33E
:04240C00028127031F
:04240D0000040F13A5
:04240E00000A0413A9
:04240F0002070AE3D3
:04241000001007931E
:0424110001000C13A7
:0424120026F700E3C6
:0424130000C125835C
:04241400000125039B
:0424150001E1282396
:042416003DC010EFC6
:0424170000412783D6
:04241800000B002392
:0424190001012F038B
:04241A000097A02364
:04241B000081278392
:04241C0000078463CE
:04241D000167A02390
:04241E000009278307
:04241F000B81240306
:042420000B412483C5
:042421000187E7B395
:042422000AC129833F
:042423000A812A03FD
:042424000A412A83BC
:0424250009C12B833B
:0424260009412C83B9
:0424270009012D0377
:0424280008C12D8337
:0424290000F9202373
:04242A00955FF06F5B
:04242B00E4DC9263F8
:04242C00004DA78335
:04242D00010127037F
:04242E000017879379
:04242F00E2E7DA63A3
:0424300002412783BB
:04243100001B8B936E
:042432000017879375
:0424330002F122236D
:0424340000100793FA
:0424350000F12C2363
:04243600E18FF06FD3
:0424370000100793F7
:0424380000000A1383
:0424390002F12A235F
:04243A0001412583B4
:04243B0000B0446346
:04243C0000100593F4
:04243D00000586937D
:04243E0004B126239C
:04243F0000B12E2397
:0424400000B12A239A
:04244100C90FF06F60
:04244200350010EF62
:0424430000050A1373
:0424440094050AE30E
:0424450000050A93F1
:04244600EFCFF06F75
:04244700E80B5463E7
:042448000281278363
:0424490000912623B5
:04244A00000C03136C
:04244B0001012F0359
:04244C00014129031E
:04244D0000070C1365
:04244E0046079AE3C0
:04244F0000C127831E
:0424500000100693DF
:0424510001000C1367
:042452000107A603D5
:04245300001D89934C
:042454003EC6D6E3C7
:04245500000A041362
:0424560000098B13DB
:04245700019D802340
:04245800000A8A13D9
:0424590000012983D2
:04245A0000030593E3
:04245B0001E1282350
:04245C0000098513DB
:04245D002C0010EF50
:04245E0003012783CC
:04245F0001012F0345
:04246000001784934A
:04246100EC0A04E39A
:0424620000040C6303
:0424630001440A63C3
:0424640000040593D8
:0424650000098513D2
:0424660029C010EF8A
:0424670001012F033D
:042468000001250347
:04246900000A0593CD
:04246A0001E1282341
:04246B00288010EFC6
:04246C0001012F0338
:04246D00E99FF06F84
:04246E0000C1258301
:04246F000001250340
:0424700003E1202341
:0424710000612823BB
:04247200371010EF20
:0424730000A126237B
:0424740088050AE3EA
:0424750007C12783F1
:0424760002012F032D
:042477000101230339
:04247800D34FF06FDF
:0424790000C1250376
:04247A0000030593C3
:04247B0003E1202336
:04247C0000612823B0
:04247D004D5010EFBF
:04247E000101230332
:04247F0002012F0324
:04248000D2055263CC
:0424810003012783A9
:0424820000C12583ED
:04248300000125032C
:04248400FFF7879344
:0424850000000693BA
:0424860000A0061399
:0424870001E12E231E
:0424880002F1282312
:04248900234010EFED
:04248A0000A1262364
:04248B0082050CE3D7
:04248C00034127835E
:04248D000101230323
:04248E0001C12F0356
:04248F0018079CE3AB
:0424900004C12783D9
:042491001EF05E6378
:0424920000F12E2304
:0424930001C12483DC
:0424940000C124035C
:0424950000012A8395
:04249600000F0D9393
:042497000010079397
:0424980000030993A1
:04249900000F0B1312
:04249A000180006F4E
:04249B001EC010EF60
:04249C000005041320
:04249D00FE050863CD
:04249E0007C12783C8
:04249F000017879308
:0424A0000009859317
:0424A100000405131B
:0424A20006F12E23EE
:0424A30053D000EF23
:0424A40003050C938D
:0424A500019D8023F2
:0424A60007C12783C0
:0424A7000000069398
:0424A80000A0061377
:0424A9000004059393
:0424AA00000A85138C
:0424AB00001D8D93F0
:0424AC00FA97CEE3EA
:0424AD000081262361
:0424AE00000983138B
:0424AF00000B0F13FC
:0424B0000000041311
:0424B100028127037A
:0424B2004A07006372
:0424B30000C126033B
:0424B400002007936A
:0424B5000106268373
:0424B6004CF70A6372
:0424B7000010079377
:0424B80028D7CE63F0
:0424B900014627832E
:0424BA0028079A63F2
:0424BB0000F037B343
:0424BC0000479C1326
:0424BD00030006937F
:0424BE00FFFDC783D4
:0424BF00000D8B136E
:0424C000FFFD8D93FC
:0424C100FED78AE3D5
:0424C200E5DFF06FF3
:0424C30001C12783A9
:0424C40002C1270327
:0424C500FFF7869304
:0424C6001AD7466378
:0424C70040D704B343
:0424C8000007DEE348
:0424C9000241278322
:0424CA0001C1270322
:0424CB0006012E23B5
:0424CC0040E78AB3A8
:0424CD00B14FF06FAC
:0424CE000020079350
:0424CF00BFA7D86368
:0424D00000012503DF
:0424D100000305936C
:0424D200000006936D
:0424D300005006139C
:0424D40001E12823D7
:0424D500104010EFB4
:0424D6000005059365
:0424D700F0050463A5
:0424D80001C1278394
:0424D90001012F03CB
:0424DA0014079463EC
:0424DB0000A1282311
:0424DC0000C1250313
:0424DD0001E12C23CA
:0424DE00351010EFB6
:0424DF00010125834F
:0424E00001812F0344
:0424E10012A056638C
:0424E2000301278348
:0424E30000278493B7
:0424E4000310079347
:0424E500001F0B13B6
:0424E60000FF0023D0
:0424E70002000C13D0
:0424E80000012503C7
:0424E90001E12823C2
:0424EA0008C010EF27
:0424EB0001012F03B9
:0424EC00C80A0EE329
:0424ED00DEDFF06FCF
:0424EE000010069341
:0424EF000010059341
:0424F0009D4FF06F9D
:0424F100000505934A
:0424F20000012503BD
:0424F3000007861345
:0424F400019010EF54
:0424F50000050313C8
:0424F600E80506638C
:0424F7000010069338
:0424F80002012F03AB
:0424F90021A6DE63D7
:0424FA000103278330
:0424FB0003E12023B6
:0424FC000061282330
:0424FD00003787938A
:0424FE000027979389
:0424FF0000F307B32C
:042500000047A503E8
:04250100314010EF66
:0425020002012F03A0
:0425030001012303AC
:0425040000050B13B0
:0425050001812C2301
:04250600ADCFF06FF6
:042507000010069327
:04250800EFA6C6E391
:0425090002412783E1
:04250A0002C1248363
:04250B0000CB8BB3C3
:04250C0000078A93A7
:04250D0000F607B31A
:04250E0002F1222391
:04250F00A0CFF06FFA
:04251000002007930D
:0425110013A7C0E369
:0425120004C1278356
:0425130000F12E2382
:04251400DFDFF06FA6
:0425150001012C0391
:0425160000040F139B
:04251700BF1FF06F83
:0425180001C1278353
:04251900A8F04CE3F7
:04251A0004079063BF
:04251B000000D7974E
:04251C00B4478793A6
:04251D000007A6030A
:04251E000047A68349
:04251F00000D051393
:04252000000D859392
:0425210001E1282389
:042522006EC060EF38
:042523000481288384
:042524000401278304
:042525000008861311
:042526000007869391
:042527004D0060EF14
:0425280001012F037B
:042529006E054C638C
:04252A000000059315
:04252B0000000A138F
:04252C0001412783BF
:04252D00000F0B137D
:04252E0001000C1389
:04252F0040F004B3C1
:04253000EE1FF06F3B
:0425310002C1278339
:042532000241270338
:04253300000004930D
:0425340040F68633B4
:042535000181278376
:0425360000070A93FD
:0425370002D1262384
:0425380000C787B39E
:0425390000F12C235E
:04253A0001C1278331
:04253B0006F12E2354
:04253C0000FB8BB362
:04253D0000F707B3E9
:04253E0002F1222361
:04253F0094CFF06FD6
:0425400000012B0368
:04254100000A0593F4
:0425420000048613F8
:04254300000B051371
:0425440003E120236C
:042545006D4010EFE6
:0425460000050A136F
:04254700D405046350
:0425480000C12603A5
:0425490000050593F1
:04254A00000B05136A
:04254B003F4010EF0E
:04254C00000504136F
:04254D00D205086348
:04254E0000C1258320
:04254F00000B051365
:042550006F5000EFD9
:0425510002C1278319
:0425520000812623BB
:0425530002012F034F
:04255400409787B372
:0425550002F1262346
:0425560096078663FB
:04255700948FF06FFE
:04255800000A04135E
:04255900000D879357
:04255A00001D899344
:04255B00000A8A13D5
:04255C00039006934F
:04255D0000098D9351
:04255E0000D78023FF
:04255F00039006934C
:042560000080006F88
:0425610025BF04632B
:04256200FFFDC7832F
:04256300000D8B13C9
:04256400FFFD8D9357
:04256500FED788E332
:042566000017879340
:0425670000FD8023D0
:0425680002000C134E
:04256900BC1FF06F34
:04256A000001250344
:04256B00000A0593CA
:04256C0001E12A233C
:04256D0000612823BE
:04256E00780010EFF2
:04256F000101230340
:0425700001412F03F3
:0425710000050A1344
:0425720096051A634D
:04257300C98FF06FAD
:0425740000100793B9
:0425750000000A1345
:0425760002F12A2321
:04257700F95FE06FB9
:0425780000100793B5
:0425790002F12A231E
:04257A00F89FE06F77
:04257B0000100793B2
:04257C0002F12A231B
:04257D00AF5FF06FED
:04257E0002012A2309
:04257F00AEDFF06F6C
:04258000DEDC94E326
:04258100004DA783DF
:042582000101270329
:042583000017879323
:04258400DCE7DCE3D1
:042585000241278365
:04258600001B8B9318
:0425870000100C1321
:04258800001787931E
:0425890002F1222316
:04258A00DC1FF06FF3
:04258B000001240324
:04258C00004A258359
:04258D0001E12A231B
:04258E00000405132D
:04258F00006128239C
:04259000541000EFF4
:0425910000050A93A4
:04259200C0050E630F
:04259300010A260310
:0425940000CA0593E1
:0425950000C5051365
:042596000026061302
:0425970000261613F1
:04259800F9CF90EFF8
:04259900000A85931C
:04259A000010061314
:04259B000004051320
:04259C006C8010EF50
:04259D000101230312
:04259E0001412F03C5
:04259F0000050A9396
:0425A00000050463CB
:0425A1008C8FF06FBC
:0425A200BDCFF06F4A
:0425A300000A069391
:0425A4000004061316
:0425A500000A059390
:0425A6000004051315
:0425A70005E1202307
:0425A8000D0050EFE3
:0425A9000000D697C1
:0425AA00904686933E
:0425AB000006A6037D
:0425AC000046A683BC
:0425AD000BC050EF20
:0425AE0004012F03F2
:0425AF00FCC007372E
:0425B00000050B1304
:0425B10000B70A3332
:0425B2000000D697B8
:0425B3008E868693F7
:0425B4000006A60374
:0425B5000281250377
:0425B6000046A683B2
:0425B70003812583F4
:0425B80005E12023F6
:0425B900421060EF7D
:0425BA00000B0613F9
:0425BB00000A069379
:0425BC00000504937F
:0425BD00000584137E
:0425BE00274060EF63
:0425BF0004012F03E1
:0425C00044A04C6384
:0425C100800008B7D7
:0425C2000148C8B351
:0425C300000B0613F0
:0425C4000004851377
:0425C50000088693F1
:0425C6000004059375
:0425C700350060EF8C
:0425C80004012F03D8
:0425C900D80542E30C
:0425CA0002812783E0
:0425CB000000C31732
:0425CC0034C30313FE
:0425CD0004F12423CE
:0425CE0003812783DB
:0425CF0004F12023D0
:0425D000020127835A
:0425D1005207C0638A
:0425D2000141278319
:0425D30002012423BA
:0425D40000032D03D0
:0425D50000432D830F
:0425D600FA07D263CB
:0425D70001C1278394
:0425D800F8079E63FF
:0425D900D09FF06F30
:0425DA0000C1258394
:0425DB0000012503D3
:0425DC0000100613D2
:0425DD0001E12A23CB
:0425DE00006128234D
:0425DF005BC010EFDE
:0425E00000A126230D
:0425E100AE050063E0
:0425E20001012303CD
:0425E3000003059359
:0425E400738010EF01
:0425E50001012303CA
:0425E60001412F037D
:0425E700DEA040E34F
:0425E8000005166371
:0425E900001CF79348
:0425EA00DC079AE38D
:0425EB0000C1278381
:0425EC0001000C13CB
:0425ED000107A683B9
:0425EE00001007933F
:0425EF00B2D7CCE3B0
:0425F00000C127837C
:0425F1000147A78374
:0425F200B25FF06F75
:0425F3000301278336
:0425F40002000C13C2
:0425F50000178793B1
:0425F60002F12823A3
:0425F7000310079333
:0425F80000FF0023BD
:0425F900981FF06FC8
:0425FA0002812783B0
:0425FB000091262302
:0425FC0001012F03A7
:0425FD00014129036C
:0425FE00000C0313B7
:0425FF0002078263EA
:0426000000C127836B
:04260100001006932C
:042602000107A60323
:0426030000C6D463D6
:042604008C8FF06F58
:042605000147A68360
:0426060000068463E3
:042607008BCFF06F16
:0426080000C1258365
:0426090000012503A4
:04260A0000100613A3
:04260B0001E12A239C
:04260C00006128231E
:04260D00504010EF3A
:04260E0000A12623DE
:04260F00A2050463B9
:04261000010123039E
:04261100000305932A
:04261200680010EF5D
:04261300010123039B
:0426140001412F034E
:042615004EA05C6314
:042616000390069394
:04261700D0DC82E3AE
:042618000200079322
:04261900031B8C9380
:04261A0002F1242382
:04261B008D1FF06FB0
:04261C00000A861317
:04261D00000C069314
:04261E0001E12A2389
:04261F006F5040EFC9
:04262000FFFB470372
:04262100000D06138F
:04262200000D86938E
:0426230000E1282387
:0426240000050A9310
:0426250000058A130F
:042626000D4060EF14
:042627000101270383
:0426280001412F033A
:04262900D8A0406392
:04262A00000A85130A
:04262B00000A059309
:04262C00000D061384
:04262D00000D869383
:04262E00028060EFD7
:04262F0001412F0333
:042630002E051863F8
:042631000019F99300
:042632002E09846386
:042633000101270377
:04263400D54FF06F1F
:0426350003100693F5
:042636000014041375
:04263700D6CFF06F9B
:04263800000B05137B
:04263900000A0593FB
:04263A0006612623EC
:04263B0007E1202370
:04263C00284060EFE3
:04263D0004812603EB
:04263E0004012683EA
:04263F0006012F035E
:0426400006C12303A9
:0426410000060A93F2
:0426420004B12E238E
:0426430004C120238B
:0426440000100593EA
:042645000000061378
:042646000731222313
:042647000721242320
:0426480004A12C239A
:04264900050129035B
:04264A0006B12E2384
:04264B0004D124236F
:04264C0000068A13E7
:04264D00000F0B135C
:04264E000000C4972D
:04264F006604849306
:042650000006041369
:0426510004612823D5
:04265200000A89935E
:042653000200006F12
:042654000004A603D5
:042655000044A68314
:0426560006612E23C8
:042657000010041358
:04265800214060EFCE
:0426590000050993DC
:04265A0000058A13DA
:04265B0000098513DA
:04265C00000A0593D8
:04265D00298070EF71
:04265E0000050A93D6
:04265F000205046309
:04266000310070EFE6
:042661000005061357
:042662000005869356
:0426630000098513D2
:04266400000A0593D0
:04266500171060EFFB
:0426660000050993CF
:0426670000058A13CD
:042668000010041347
:04266900030A879346
:04266A000FF7F7135C
:04266B0000EB00235D
:04266C0007C12783F8
:04266D00001B0B1330
:04266E0000098513C7
:04266F00000A0593C5
:0426700000178313B9
:04267100F92796E3CC
:0426720006012F032B
:0426730006812903B0
:042674000501230336
:04267500064129836E
:0426760000040663F3
:0426770004A1202377
:0426780005412423D1
:042679000000CA177C
:04267A005D4A0A1398
:04267B0005C12A83E8
:04267C00000A260327
:04267D00004A268366
:04267E0005812503AA
:04267F00000A859335
:0426800007E120232B
:0426810004E1282325
:0426820006612223A8
:04268300565040EF7E
:0426840004012483A6
:0426850004812403A5
:0426860000048613B3
:0426870000040693B2
:0426880004C060EF3B
:04268900050127031D
:04268A0006012F0313
:04268B00220546637B
:04268C00058126039B
:04268D00000A250317
:04268E00004A258356
:04268F00000A869324
:0426900005E1282315
:042691000C1060EFDA
:0426920000048613A7
:0426930000040693A6
:0426940071D050EFC2
:0426950005012F0309
:0426960006412303D3
:042697002AA04663CC
:042698000281278311
:0426990004F1242301
:04269A00038127830E
:04269B0004F1202303
:04269C00020127838D
:04269D00CC07DAE3A9
:04269E0002C12483CE
:04269F0002412A8347
:0426A00002012423EC
:0426A10000000A1318
:0426A200BDDFE06F49
:0426A300000A041312
:0426A40001012F03FE
:0426A50001412903C3
:0426A6000091262356
:0426A700000C03130D
:0426A800000A8A1387
:0426A900821FF06F2D
:0426AA00FFFB4703E8
:0426AB00B78FF06F86
:0426AC00BC048EE3F9
:0426AD0004C12483BD
:0426AE00C69058E397
:0426AF000000C697CA
:0426B0004DC68693FA
:0426B1000006A60376
:0426B2000046A683B5
:0426B300000A059381
:0426B4000004051306
:0426B50007E12023F6
:0426B60009C060EF08
:0426B7000000C697C2
:0426B8004C46869373
:0426B9000006A6036E
:0426BA000046A683AD
:0426BB0004A124232F
:0426BC0004A12E2324
:0426BD0004B1202321
:0426BE0004B12C2314
:0426BF00078060EF41
:0426C0000000C697B9
:0426C1004A8686932C
:0426C2000006A60365
:0426C3000046A683A4
:0426C400461040EF8D
:0426C500FCC0073717
:0426C600FFF0079387
:0426C700058128035E
:0426C80005C12E8397
:0426C90006012F03D4
:0426CA0000050B13E9
:0426CB0000B70A3317
:0426CC00049128232A
:0426CD0004F12A23C7
:0426CE008F0FF06F0B
:0426CF00024127039A
:0426D00006F12E23BE
:0426D10000FB8BB3CC
:0426D20000F707B353
:0426D30000070A935F
:0426D40002F12223CA
:0426D500AF5FE06FA4
:0426D6000020049349
:0426D7000000059367
:0426D80000000A13E1
:0426D90082DFF06F3D
:0426DA000091262322
:0426DB0003900693CF
:0426DC0001012F03C6
:0426DD00014129038B
:0426DE00000C0313D6
:0426DF009EDC82E318
:0426E000001C8793C0
:0426E100000A0413D4
:0426E200001D8B1339
:0426E30000FD802353
:0426E400000A8A134B
:0426E50002000C13D0
:0426E600DCCFF06FE6
:0426E7000301278341
:0426E8000000059356
:0426E90000000A13D0
:0426EA0000278493AE
:0426EB00FE4FF06F3F
:0426EC00000B079345
:0426ED0001000C13C9
:0426EE0003000613CC
:0426EF00FFF7C70327
:0426F00000078B1341
:0426F100FFF78793D5
:0426F200FEC70AE332
:0426F3000004049348
:0426F400C7CFF06FED
:0426F50000012503B8
:0426F600000A05933E
:0426F7000000069346
:0426F80000A0061325
:0426F900075000EF97
:0426FA0000050A13BA
:0426FB00000514635F
:0426FC00E75FE06F45
:0426FD0004C127836A
:0426FE0001012303B0
:0426FF0001C12F03E3
:0427000000F056632C
:0427010000F12E2392
:04270200B2DFE06FF3
:042703000020079318
:0427040015A7CA63E8
:0427050004C1278361
:0427060000F12E238D
:04270700B19FE06F2F
:0427080004812F0316
:04270900050129039A
:04270A00000485132F
:04270B00000A059328
:04270C0000000613B0
:04270D00000006932F
:04270E0001E128239A
:04270F004A5050EFED
:0427100000A037B33B
:0427110000479C13CE
:0427120005412783D3
:0427130001012F038E
:042714000017849393
:04271500BF8FF06F13
:0427160005412783CF
:042717000017841310
:042718009C4FF06F73
:042719000201242372
:04271A00971FE06FB6
:04271B0001C127834E
:04271C0002C12703CC
:04271D00FFF78693A9
:04271E0084D746E333
:04271F00024126034A
:0427200000FB8BB37C
:0427210006F12E236C
:0427220000F607B303
:0427230000060A930F
:0427240040D704B3E3
:0427250002F1222378
:042726009B1FE06FA6
:042727000281278381
:0427280004812F03F6
:0427290006012B83F7
:04272A0004F124236F
:04272B00038127837C
:04272C0006412A83B5
:04272D000501290376
:04272E0004F120236F
:04272F0002012783F9
:0427300006812303F8
:04273100A807D2E340
:042732000201242359
:04273300915FE06F63
:0427340000912623C7
:042735000390069374
:0427360001012F036B
:042737000141290330
:04273800000C03137B
:0427390086DC8EE3C9
:04273A000F60566373
:04273B00031B8C935D
:04273C0002000C1378
:04273D00000A041377
:04273E00001D8B13DC
:04273F00019D802355
:04274000000A8A13EE
:04274100C60FF06F60
:0427420000040593F7
:0427430000048513F6
:042744000000061378
:0427450000000693F7
:0427460001E1282362
:042747003C5050EFC3
:04274800054127031D
:0427490000A037B302
:04274A0000479C1395
:04274B0001012F0356
:04274C00000B0793E4
:04274D00001704135A
:04274E00E81FF06F21
:04274F000147A68315
:04275000C0069A63C2
:0427510002812C03D2
:04275200C0CFF06F95
:042753000005166304
:04275400001CF693DC
:04275500B00692E355
:0427560002000793E3
:0427570002F1242344
:04275800BDCFF06F92
:0427590004C127830D
:04275A0000F12E2339
:04275B00DD4FF06FEF
:04275C00009126239F
:04275D00039006934C
:04275E00000B031356
:04275F00000C0F1348
:0427600000DC8E63A8
:04276100001C8C9339
:0427620002000C1352
:04276300BC8FF06FC8
:0427640001000C1351
:04276500001D899337
:04276600BBCFF06F86
:04276700000A04134D
:04276800000D879346
:04276900000A8A13C5
:04276A00FC8FF06F81
:04276B000104A603BC
:04276C0000100693C0
:04276D00000487934A
:04276E0000C6D4636A
:04276F00B1DFE06F87
:042770000147A683F4
:042771000006846377
:04277200B11FE06F44
:04277300001D899329
:04277400B84FF06FFB
:0427750000C12783F5
:0427760000100693B6
:0427770001000C133E
:042778000107A603AC
:04277900F0C6C8E3FB
:04277A000147A683EA
:04277B0000D036B3A1
:04277C0000469C1364
:04277D00F01FF06FEA
:04277E00020B4263A5
:04277F00016D6B334A
:04278000000B1863CF
:042781000009A78321
:042782000017F793B2
:042783000007886360
:0427840000D04463DA
:04278500991FE06F49
:04278600981FE06F49
:0427870002812703A1
:042788000091262373
:0427890001012F0318
:04278A0001412903DD
:04278B00000C031328
:04278C0002070863D5
:04278D000104A5831B
:04278E00001006131E
:04278F0000B65463D9
:04279000A99FE06FAE
:042791000144A60356
:0427920000060463D6
:04279300A8DFE06F6C
:042794009CD048E3AA
:0427950000000C1321
:04279600001D899306
:04279700AF8FF06FA1
:04279800ACD05E6300
:042799009BDFF06F63
:04279A00FF01011327
:04279B000000C697DD
:04279C0085C68693D5
:04279D00000006131F
:04279E00039005930C
:04279F000000C5175A
:0427A0008605051392
:0427A10000112623DA
:0427A2007DD010EFE7
:0427A300FF0101131E
:0427A4000081242369
:0427A50000112623D6
:0427A6000170069325
:0427A7000005041312
:0427A8000010071303
:0427A9000040079352
:0427AA0004B6F0631E
:0427AB0000179793E9
:0427AC0001478693C8
:0427AD000007061308
:0427AE0000170713F6
:0427AF00FED5F8E378
:0427B0000006059387
:0427B10002C42E230D
:0427B2000004051307
:0427B3004B4000EFA8
:0427B40002050263B5
:0427B50000C12083BC
:0427B60002A42C232A
:0427B7000081240376
:0427B8000101011307
:0427B9000000806735
:0427BA0002052E23C3
:0427BB000000059382
:0427BC00FD9FF06F1E
:0427BD00F75FF0EFE3
:0427BE00FF01011303
:0427BF00008124234E
:0427C000009122233F
:0427C10001212023AF
:0427C20000112623B9
:0427C3000170081386
:0427C4000005049375
:0427C5000005841374
:0427C60000060913ED
:0427C70000100713E4
:0427C8000040079333
:0427C90006D87A6351
:0427CA0000179793CA
:0427CB000147881327
:0427CC00000705936A
:0427CD0000170713D7
:0427CE00FF06F8E327
:0427CF0002B4AE237F
:0427D0000004851369
:0427D10043C000EF12
:0427D2000605026393
:0427D30002A4AC238D
:0427D4000004478333
:0427D5000014059354
:0427D60000F50023E7
:0427D700040784630C
:0427D800000507935E
:0427D9000005C7032D
:0427DA0000178793CA
:0427DB0000158593CD
:0427DC0000E780236F
:0427DD00FE0718E3F8
:0427DE000009046387
:0427DF0000F92023BA
:0427E00000C1208391
:0427E100008124034C
:0427E200004124830B
:0427E30000012903C5
:0427E40001010113DB
:0427E5000000806709
:0427E60002052E2397
:0427E7000000059356
:0427E800FA1FF06F75
:0427E900000507934D
:0427EA00FD1FF06F70
:0427EB00EBDFF0EF41
:0427EC0003C5268378
:0427ED0000100713BE
:0427EE0000D71733C6
:0427EF0000D5A2234C
:0427F00000E5A42339
:0427F1004700006F2E
:0427F200FB010113D3
:0427F3000491222308
:0427F4000105278331
:0427F5000105A483B3
:0427F6000411262381
:0427F70000B12423E6
:0427F8002297C263FF
:0427F900FFF48493D2
:0427FA0003512A233A
:0427FB00037126231D
:0427FC0000249A9388
:0427FD0001458B9374
:0427FE00052120236E
:0427FF0003312E2351
:04280000015B8933BC
:0428010001450993F1
:04280200015987B33E
:042803000381242306
:0428040000092C0398
:0428050003912223F6
:042806000007AC8398
:04280700001C0C1392
:0428080003412C2339
:04280900000C059327
:04280A0000050A13A8
:04280B00000C851325
:04280C0004812423FC
:04280D0000F126238D
:04280E003000A0EF07
:04280F0000050413A9
:042810000F8CE263E4
:0428110000010CB7FF
:0428120003A12023DB
:0428130001B12E23BE
:042814000361282311
:04281500000B8D9394
:0428160000098D1315
:0428170000000C139E
:0428180000000A931F
:04281900FFFC8C93A1
:04281A00000DAB03FF
:04281B00000405931D
:04281C00004D0D134B
:04281D00019B753373
:04281E002940A0EFBE
:04281F000005079316
:042820000004059318
:04282100010B55133F
:0428220001878C336B
:042823002800A0EFFA
:04282400FFCD27833A
:04282500019C763369
:04282600010C5C1332
:042827000197F733EB
:0428280040C707336B
:0428290041570733D9
:04282A0001850533EC
:04282B0001075693B8
:04282C000016F69309
:04282D000195763368
:04282E0000C686B3A7
:04282F000107D79333
:0428300040D787B353
:042831000107969372
:042832000197773360
:0428330000E6E733A1
:042834000107D7932E
:04283500004D8D9332
:04283600FEED2E2362
:0428370001055C1328
:042838000017FA93F8
:04283900F9B972E394
:04283A0000C12703AF
:04283B0000072783E8
:04283C001207946388
:04283D00FFC70A9334
:04283E000159E863F1
:04283F000180006FA5
:04284000FFF484938A
:042841000159F863DE
:04284200000AA7835E
:04284300FFCA8A93AB
:04284400FE0788E320
:0428450003012B035D
:0428460002012D035B
:0428470001C12D831B
:04284800009A2823A7
:042849000081258362
:04284A00000A051368
:04284B0059D000EF71
:04284C000A054063D6
:04284D00000105374A
:04284E000009859365
:04284F0000000693EC
:04285000FFF5051378
:042851000005A78354
:04285200000BA603CE
:042853000045859324
:0428540000A7F733AF
:0428550000A678332E
:0428560041070733FC
:0428570040D707332C
:04285800010756938B
:042859000016F693DC
:04285A00010656130A
:04285B0000C686B37A
:04285C000107D79306
:04285D0040D787B326
:04285E000107969345
:04285F0000A7773324
:0428600000E6E73374
:042861000107D79301
:04286200004B8B9309
:04286300FEE5AE23BD
:042864000017F693D0
:04286500FB7978E3A0
:042866000024979320
:0428670000F987B33A
:042868000007A703BB
:0428690002071463EB
:04286A00FFC787938A
:04286B0000F9E86325
:04286C000180006F78
:04286D00FFF484935D
:04286E0000F9F86312
:04286F000007A703B4
:04287000FFC7879384
:04287100FE0708E373
:04287200009A28237D
:042873000014041336
:0428740004C12083F8
:042875000004051343
:0428760004812403B2
:04287700040129032C
:0428780003C12983EC
:0428790003812A03AA
:04287A0003412A8369
:04287B0002C12B83E8
:04287C0002812C03A6
:04287D0002412C8365
:04287E00044124836A
:04287F00050101133B
:04288000000080676D
:0428810004C12083EB
:042882000441248366
:042883000000051339
:042884000501011336
:042885000000806768
:042886000081258325
:04288700000A05132B
:0428880003012B031A
:0428890002012D0318
:04288A0001C12D83D8
:04288B0049D000EF41
:04288C00F00552E31E
:04288D00F9DFF06F10
:04288E000105280315
:04288F004055DE13BF
:04289000010E48638A
:0428910000052823F3
:0428920000052A23F0
:04289300000080675A
:0428940001450313E4
:0428950000281613EE
:04289600002E179366
:0428970001F5F593BF
:0428980000C3063340
:0428990000F307B38E
:04289A00060582634A
:04289B000007A68309
:04289C0002000E9395
:04289D0000478793D6
:04289E0040BE8EB3F7
:04289F0000B6D6B3F6
:0428A00008C7F4630E
:0428A1000003089395
:0428A2000007A70381
:0428A30000488893CE
:0428A40000478793CF
:0428A50001D717330D
:0428A60000D76733BD
:0428A700FEE8AE2376
:0428A800FFC7A6833D
:0428A90000B6D6B3EC
:0428AA00FEC7E0E3A2
:0428AB0041C80833E5
:0428AC0000281813D5
:0428AD00FFC8081345
:0428AE0001030833E7
:0428AF0000D820230A
:0428B00002068A632F
:0428B10000480813C0
:0428B20002C0006FF1
:0428B3000003071304
:0428B400F6C7FAE386
:0428B5000007A683EF
:0428B60000478793BD
:0428B70000470713BC
:0428B800FED72E23F6
:0428B900FEC7E8E38B
:0428BA0041C80833D6
:0428BB0000281813C6
:0428BC0001030833D9
:0428BD00406807B3B5
:0428BE004027D79345
:0428BF0000F52823D5
:0428C000F46804E3D1
:0428C100000080672C
:0428C20000D52A23F0
:0428C300F2068CE3AA
:0428C40000030813F2
:0428C50000480813AC
:0428C600FDDFF06FD3
:0428C70001052703DD
:0428C800FE010113F9
:0428C90001450513AD
:0428CA0000271713B9
:0428CB0000812C2339
:0428CC0000112E23A6
:0428CD0000E50733E8
:0428CE0000000413EF
:0428CF0000E56A6353
:0428D00002C0006FD3
:0428D10000450513A6
:0428D20002040413E5
:0428D30002E5706347
:0428D4000005278351
:0428D500FE0788E38F
:0428D60000E57A633C
:0428D70000C1051324
:0428D80000F12623C2
:0428D90042C000EF0A
:0428DA0000A404331F
:0428DB0001C1208394
:0428DC0000040513DC
:0428DD00018124034E
:0428DE0002010113DF
:0428DF00000080670E
:0428E0000445278301
:0428E100FF010113DF
:0428E200008124232A
:0428E300009122231B
:0428E4000011262396
:0428E50000050413D3
:0428E60000058493D2
:0428E70002078C63F5
:0428E800002497131E
:0428E90000E787B3CA
:0428EA000007A5033B
:0428EB000405046379
:0428EC0000052703B9
:0428ED0000E7A0233D
:0428EE000005282396
:0428EF000005262397
:0428F00000C1208380
:0428F100008124033B
:0428F20000412483FA
:0428F30001010113CB
:0428F40000008067F9
:0428F50002100613B4
:0428F6000040059306
:0428F7002F1010EF9F
:0428F80004A42223EF
:0428F900000507933C
:0428FA00FA051CE3DC
:0428FB0000000513C1
:0428FC00FD1FF06F5D
:0428FD000121202372
:0428FE0000100913AA
:0428FF0000991933F0
:042900000059061361
:042901000026161383
:042902000010059329
:0429030000040513B4
:042904002BD010EFD5
:0429050000050A635C
:042906000125242360
:0429070000952223F2
:04290800000129039E
:04290900F95FF06F13
:04290A00000129039C
:04290B0000000513B0
:04290C00F91FF06F50
:04290D0002058063DC
:04290E000045A703D6
:04290F0004452783D1
:042910000027171372
:0429110000E787B3A1
:042912000007A70310
:0429130000E5A02318
:0429140000B7A02345
:0429150000008067D7
:04291600FD010113AB
:0429170001412C232B
:042918000105AA0308
:0429190001912223E3
:04291A0000010CB7F5
:04291B0002912223E0
:04291C000321202350
:04291D0001312E2333
:04291E0001512A2316
:04291F000161282307
:0429200001712623F8
:042921000211262356
:0429220002812423E7
:0429230001812423E7
:0429240000058A938D
:0429250000050B138B
:04292600000609930B
:04292700000684938F
:0429280001458913C9
:0429290000000B930C
:04292A00FFFC8C938F
:04292B0000092C0370
:04292C000009859386
:04292D000049091341
:04292E00019C753360
:04292F00651090EFB0
:042930000005041387
:042931000009859381
:04293200010C55132C
:0429330000940433D5
:0429340063D090EFED
:0429350001045793AF
:0429360000F5053370
:0429370001051793EC
:04293800019474335F
:04293900008787B3D9
:04293A00FEF92E2351
:04293B00001B8B935F
:04293C0001055493AA
:04293D00FB4BCCE3A1
:04293E0002048263AA
:04293F00008AA783E0
:0429400004FA5A63D8
:04294100004A0793AE
:042942000027979340
:0429430000FA87B35C
:042944000097A22333
:04294500001A0A1357
:04294600014AA82377
:0429470002C1208326
:0429480002812403E1
:0429490002412483A0
:04294A00020129035A
:04294B0001C129831A
:04294C0001812A03D8
:04294D0001012B0356
:04294E0000C12B8316
:04294F0000812C03D4
:0429500000412C8393
:04295100000A8513E0
:0429520001412A8392
:042953000301011368
:042954000000806798
:04295500004AA5830C
:04295600000B05135A
:04295700001585934F
:04295800E21FF0EF9B
:04295900000504135E
:04295A0004050C6301
:04295B00010AA603C4
:04295C0000CA859395
:04295D0000C5051399
:04295E000026061336
:04295F000026161325
:0429600087DF80EF9E
:04296100004AA7037E
:04296200044B278378
:04296300002717131F
:0429640000E787B34E
:042965000007A703BD
:0429660000EAA023C0
:042967000157A02351
:04296800004A079387
:0429690000040A93C9
:04296A000027979318
:04296B0000FA87B334
:04296C000097A2230B
:04296D00001A0A132F
:04296E00014AA8234F
:04296F00F61FF06FF0
:042970000000B69716
:0429710010868693B3
:042972000000061348
:042973000BA005931D
:042974000000B51793
:04297500140505132D
:0429760008D010EF86
:04297700FE01011349
:0429780000812C238B
:0429790001212823ED
:04297A0000058413BD
:04297B000005091337
:04297C00009005932F
:04297D000086851338
:04297E0000912A2377
:04297F0001312623D9
:0429800001412423CA
:0429810000112E23F0
:042982000006849334
:0429830000060993AE
:0429840000070A132B
:0429850051D090EFAE
:042986000090079323
:042987000C97DA636C
:0429880000100793A1
:0429890000000593B2
:04298A000017979308
:04298B00001585931B
:04298C00FEA7CCE3F3
:04298D000009051325
:04298E00D49FF0EFF3
:04298F0000050593A7
:042990000A050C63C5
:042991000010079398
:0429920000F5282301
:0429930001452A23AD
:042994000090079315
:042995000937D863C3
:0429960001512223A6
:0429970000940A930B
:0429980001340A33C9
:04299900000A841399
:04299A00000446836C
:04299B0000A006137F
:04299C000009051316
:04299D00FD0686931A
:04299E00DE1FF0EF59
:04299F000014041309
:0429A0000005059396
:0429A100FF4412E3FA
:0429A200FF89841312
:0429A300008A8433EF
:0429A40000412A8341
:0429A5000299D6635A
:0429A600413484B381
:0429A700009404B3E1
:0429A800000446835E
:0429A90000A0061371
:0429AA000009051308
:0429AB00FD0686930C
:0429AC00DA9FF0EFCF
:0429AD0000140413FB
:0429AE000005059388
:0429AF00FE9412E39D
:0429B00001C12083BE
:0429B1000181240379
:0429B2000141248338
:0429B30001012903F2
:0429B40000C12983B2
:0429B50000812A0370
:0429B6000005851380
:0429B7000201011305
:0429B8000000806734
:0429B90000A404135F
:0429BA0000900993ED
:0429BB00FA9FF06F20
:0429BC00000005937F
:0429BD00F41FF06FA4
:0429BE000000B697C8
:0429BF00FD068693F8
:0429C00000000613FA
:0429C1000D3005933D
:0429C2000000B51745
:0429C3000085051373
:0429C4000151222378
:0429C500750010EF9A
:0429C600000507936E
:0429C70000010737CD
:0429C80000000513F3
:0429C90000E7F663CA
:0429CA0001079793D7
:0429CB0001000513EF
:0429CC0001000737C8
:0429CD0000E7F663C6
:0429CE000085051368
:0429CF000087979353
:0429D00010000737B5
:0429D10000E7F663C2
:0429D20000450513A4
:0429D300004797938F
:0429D4004000073781
:0429D50000E7EA63CA
:0429D600FFF7C793AD
:0429D70001F7D7939A
:0429D80000F50533CE
:0429D9000000806713
:0429DA0000279793A8
:0429DB000007CA63C4
:0429DC000017971336
:0429DD0000074A6342
:0429DE0002000513DB
:0429DF00000080670D
:0429E00000250513B6
:0429E100000080670B
:0429E20000350513A4
:0429E3000000806709
:0429E4000005278340
:0429E50000050713CF
:0429E6000077F693ED
:0429E70002068463FD
:0429E8000017F6934B
:0429E90000000513D2
:0429EA0004069E63DE
:0429EB000027F69338
:0429EC000A068863EC
:0429ED000017D79365
:0429EE0000F72023AB
:0429EF0000100513BC
:0429F00000008067FC
:0429F10001079693B1
:0429F2000106D69371
:0429F30000000513C8
:0429F40006068E63E2
:0429F5000FF7F6934F
:0429F60006068063EE
:0429F70000F7F6935C
:0429F80004068263EC
:0429F9000037F6931A
:0429FA0002068463EA
:0429FB000017F69338
:0429FC0000069C63D2
:0429FD000017D79355
:0429FE0000150513A8
:0429FF0000079663D4
:042A000002000513B8
:042A010000008067EA
:042A020000F7202396
:042A030000008067E8
:042A04000027D7933D
:042A05000017F6932D
:042A0600002505138F
:042A0700FE0696E34E
:042A0800FD5FF06F0F
:042A09000047D79318
:042A0A000037F69308
:042A0B00004505136A
:042A0C00FA069EE345
:042A0D00FDDFF06F8A
:042A0E000087D793D3
:042A0F0000F7F69343
:042A10000085051325
:042A1100FA0690E34E
:042A1200FDDFF06F85
:042A13000107D7934D
:042A14000FF7F6932F
:042A150001000513A4
:042A1600F80692E349
:042A1700FDDFF06F80
:042A18000027D79329
:042A190000F720237F
:042A1A000020051380
:042A1B0000008067D0
:042A1C0004452783C3
:042A1D00FF010113A1
:042A1E0000812423EC
:042A1F0000912223DD
:042A20000011262358
:042A21000005041395
:042A22000005849394
:042A230002078C63B7
:042A24000047A503BF
:042A2500060502633D
:042A2600000527037D
:042A270000E7A223FF
:042A280000C1208346
:042A29000081240301
:042A2A0000100793FE
:042A2B0000952A23C5
:042A2C000005262358
:042A2D0000F5282365
:042A2E0000412483BC
:042A2F00010101138D
:042A300000008067BB
:042A31000210061376
:042A320000400593C8
:042A3300600010EF40
:042A340004A42223B1
:042A350000050793FE
:042A3600FA051CE39E
:042A37000000B6974E
:042A3800DEC68693DD
:042A39000000061380
:042A3A00145005939C
:042A3B000000B517CB
:042A3C00E245051357
:042A3D00570010EF3F
:042A3E0001C00613BA
:042A3F0000100593EB
:042A40000004051376
:042A41005C8010EFB6
:042A4200FC050AE3A2
:042A430000100793E5
:042A440000F5222354
:042A450000200793D3
:042A460000F5242350
:042A4700F85FF06FD5
:042A4800FB0101137A
:042A490003312E2304
:042A4A0003812423BD
:042A4B0001062983D4
:042A4C000105AC03D1
:042A4D0004812423B9
:042A4E0003412C23F1
:042A4F000411262325
:042A500003712623C5
:042A510000058A13DF
:042A52000006041363
:042A5300013C4C6393
:042A540000098713DB
:042A550000058413E1
:042A5600000C0993D4
:042A570000060A1358
:042A580000070C1354
:042A5900008427834B
:042A5A00004425838C
:042A5B0001898BB3AF
:042A5C000177A7B3A4
:042A5D0000F585B348
:042A5E00A09FF0EF56
:042A5F0000A1262389
:042A600022050863E0
:042A610000C1278306
:042A620003512A23CF
:042A630003612823C0
:042A6400002B9A9316
:042A650001478B1387
:042A6600015B0AB353
:042A6700000B0793C6
:042A6800015B786333
:042A69000007A0239F
:042A6A000047879307
:042A6B00FF57ECE342
:042A6C00014A0A13FE
:042A6D00002C1C130A
:042A6E000144079385
:042A6F00018A07339E
:042A7000002999930D
:042A710000F1242329
:042A720000E120233C
:042A7300013789B3EB
:042A740016EA7C637F
:042A75000040071303
:042A76000491222382
:042A770005212023F2
:042A78000391222381
:042A790003A1202372
:042A7A0001B12E2355
:042A7B000154079368
:042A7C0000E1222330
:042A7D001AF9F263ED
:042A7E000001043718
:042A7F00FFF4041349
:042A800001C0006F22
:042A810001095913DB
:042A82000A091063CA
:042A830000012783A4
:042A8400004A0A13E7
:042A8500004B0B13E4
:042A860010FA7E6361
:042A8700000A290315
:042A8800008974B39A
:042A8900FE0480E3E4
:042A8A0000812C8318
:042A8B00000B0D131C
:042A8C0000000C1327
:042A8D00000CAD8309
:042A8E00000D29030B
:042A8F000004859327
:042A9000008DF5338D
:042A91000C9090EF26
:042A9200008977330D
:042A930000E5073320
:042A94000004859322
:042A9500010DD51347
:042A960001870C3375
:042A970001095913C5
:042A98000AD090EFE1
:042A9900010C5713C2
:042A9A0001250533DA
:042A9B0000E505331A
:042A9C00008C77B380
:042A9D000105171305
:042A9E00004D0D13C7
:042A9F0000F767B322
:042AA000004C8C93C7
:042AA100FEFD2E23E5
:042AA20001055C13BB
:042AA300FB3CE4E331
:042AA4000041278343
:042AA50000FB0733F8
:042AA6000187202361
:042AA700000A2903F5
:042AA80001095913B4
:042AA900F60904E343
:042AAA00000B2C836E
:042AAB0000812D0376
:042AAC00000B0C13FC
:042AAD00000C849302
:042AAE0000000D9384
:042AAF00000D2503EE
:042AB0000009059381
:042AB1000104D493B5
:042AB20000857533F3
:042AB300041090EF8C
:042AB40001B507332E
:042AB50000970DB3C6
:042AB600010D9593E6
:042AB700008CF7B3E5
:042AB80000F5E7B38B
:042AB90000FC2023DA
:042ABA00002D550393
:042ABB00004C248324
:042ABC000009059375
:042ABD00019090EF05
:042ABE000084F7B3E6
:042ABF00010DD7131B
:042AC00000F507B363
:042AC100004D0D13A4
:042AC20000E78CB3EA
:042AC300004C0C13A4
:042AC400010CDD9391
:042AC500FB3D64E38E
:042AC6000041278321
:042AC700004A0A13A4
:042AC80000FB0733D5
:042AC900000127835E
:042ACA00019720232D
:042ACB00004B0B139E
:042ACC00EEFA66E3D5
:042ACD000441248319
:042ACE0004012903D3
:042ACF0002412C8311
:042AD00002012D03CF
:042AD10001C12D838F
:042AD20001704863E4
:042AD3000180006F0F
:042AD400FFFB8B93E6
:042AD500000B886307
:042AD600FFCAA78309
:042AD700FFCA8A9315
:042AD800FE0788E38A
:042AD90000C127838E
:042ADA0004C1208390
:042ADB00048124034B
:042ADC000177A823B3
:042ADD0003412A8304
:042ADE0003012B03C2
:042ADF0003C1298383
:042AE00003812A0341
:042AE10002C12B8380
:042AE20002812C033E
:042AE3000007851350
:042AE40005010113D4
:042AE5000000806706
:042AE600408987B3E9
:042AE700FEB787931C
:042AE800FFC7F7939A
:042AE9000047879388
:042AEA0000F12223B2
:042AEB00E4DFF06FC5
:042AEC000000B69799
:042AED00B186869395
:042AEE0000000613CB
:042AEF001620059315
:042AF0000000B51716
:042AF100B50505130F
:042AF2000491222306
:042AF3000521202376
:042AF40003512A233D
:042AF500036128232E
:042AF6000391222303
:042AF70003A12023F4
:042AF80001B12E23D7
:042AF900280010EFB2
:042AFA00FE010113C5
:042AFB0000812C2307
:042AFC000121282369
:042AFD00013126235A
:042AFE0000112E2372
:042AFF000036779393
:042B000000060413B4
:042B0100000509932F
:042B0200000589132E
:042B03000A079C63BE
:042B04004024541302
:042B050006040A6355
:042B060000912A23ED
:042B07000409A48396
:042B08000C048663D0
:042B090000147793AA
:042B0A0002079063CB
:042B0B00401454130B
:042B0C0004040A6350
:042B0D000004A50318
:042B0E00060506634F
:042B0F000005049326
:042B100000147793A3
:042B1100FE0784E354
:042B12000004861322
:042B1300000905931D
:042B1400000985131C
:042B1500CCDFF0EF32
:042B1600020900634D
:042B17000049270347
:042B18000449A78342
:042B19000027171367
:042B1A0000E787B396
:042B1B000007A70305
:042B1C0000E9202389
:042B1D000127A023C9
:042B1E0040145413F8
:042B1F000005091391
:042B2000FA041AE3B6
:042B210001412483C7
:042B220001C120834A
:042B23000181240305
:042B240000C1298340
:042B2500000905138B
:042B2600010129037D
:042B27000201011393
:042B280000008067C2
:042B2900000486130B
:042B2A00000485938B
:042B2B000009851305
:042B2C00C71FF0EFE0
:042B2D0000A4A0233D
:042B2E00000520235B
:042B2F000005049306
:042B3000F81FF06F2B
:042B3100FFF7879390
:042B32000000B717D1
:042B3300DA070713A3
:042B3400002797934C
:042B350000F707B3EB
:042B36000007A603EB
:042B37000000069301
:042B3800F78FF0EF34
:042B39000005091377
:042B3A00F29FF06FA7
:042B3B0000100593EE
:042B3C0000098513F4
:042B3D00E8CFF0EFFE
:042B3E0000050493F7
:042B3F000205006328
:042B400027100793C0
:042B410000F52A234E
:042B420000100793E5
:042B430000F528234E
:042B440004A9A0231D
:042B45000005202344
:042B4600F0DFF06F5D
:042B47000000B6973D
:042B48009AC6869310
:042B4900000006136F
:042B4A00145005938B
:042B4B000000B517BA
:042B4C009E4505138A
:042B4D00130010EF72
:042B4E00FE01011370
:042B4F0001512223EB
:042B50000105AA834E
:042B51000085A783D1
:042B52000131262304
:042B530040565993FC
:042B540001598AB3E6
:042B550000812C23AC
:042B560000912A239D
:042B5700012128230D
:042B580001412423F0
:042B590000112E2316
:042B5A00001A8913C1
:042B5B00000584935A
:042B5C000006041358
:042B5D000045A58307
:042B5E0000050A1351
:042B5F000127D8630F
:042B60000017979330
:042B61000015859343
:042B6200FF27CCE39A
:042B6300000A05134C
:042B6400DF0FF0EFA0
:042B650010050C63E8
:042B6600014508130A
:042B67000330546380
:042B680000598993F4
:042B69000029999313
:042B6A0001350733F7
:042B6B0000080793C4
:042B6C000047879304
:042B6D00FE07AE238E
:042B6E00FEE79CE3FF
:042B6F00FEC989937F
:042B700001380833ED
:042B71000104A88330
:042B72000144879300
:042B730001F47613E0
:042B7400002898930A
:042B7500011788B309
:042B76000A060463E4
:042B770002000593C0
:042B780040C585B31C
:042B7900000803133A
:042B7A0000000693BE
:042B7B000007A703A5
:042B7C0000430313FC
:042B7D0000478793F3
:042B7E0000C7173342
:042B7F0000D76733E1
:042B8000FEE32E231F
:042B8100FFC7A68361
:042B820000B6D6B310
:042B8300FF17E0E375
:042B840001548793DE
:042B850000400713F2
:042B860000F8EA6306
:042B8700409887B338
:042B8800FEB787937A
:042B8900FFC7F793F8
:042B8A000047871366
:042B8B0000E8083323
:042B8C0000D820232A
:042B8D000006946347
:042B8E00000A89139D
:042B8F000044A70354
:042B9000044A278349
:042B910001C12083DB
:042B920000271713EE
:042B930000E787B31D
:042B94000007A7038C
:042B950001252823CB
:042B96000181240392
:042B970000E4A02393
:042B98000097A023DF
:042B9900010129030A
:042B9A00014124834E
:042B9B0000C12983C9
:042B9C0000812A0387
:042B9D0000412A8346
:042B9E00020101131C
:042B9F00000080674B
:042BA0000007A70380
:042BA10000478793CF
:042BA20000480813CC
:042BA300FEE82E23F7
:042BA400FB17F4E344
:042BA5000007A7037B
:042BA60000478793CA
:042BA70000480813C7
:042BA800FEE82E23F2
:042BA900FD17EEE343
:042BAA00F91FF06FB0
:042BAB000000B697D9
:042BAC0081C68693C5
:042BAD00000006130B
:042BAE001DE005938E
:042BAF000000B51756
:042BB000854505133F
:042BB1007A1000EFA7
:042BB20001052703EF
:042BB3000105A783EE
:042BB40000050813FD
:042BB50040F70533AD
:042BB60004F71263AB
:042BB70000279793C9
:042BB80001480813B5
:042BB90001458593BA
:042BBA0000F80733E5
:042BBB0000F587B3E7
:042BBC000080006F26
:042BBD0002E8746353
:042BBE00FFC7260324
:042BBF00FFC7A68323
:042BC000FFC7071331
:042BC100FFC7879330
:042BC200FED606E352
:042BC30000100513E6
:042BC40000D676635E
:042BC500FFF0051305
:042BC6000000806724
:042BC7000000806723
:042BC8000105A70359
:042BC9000106278357
:042BCA00FF010113F3
:042BCB00008124233E
:042BCC00009122232F
:042BCD0000112623AA
:042BCE00012120239E
:042BCF000005841366
:042BD0000006049364
:042BD10040F706B310
:042BD20018F71E636F
:042BD30000279693AE
:042BD400014586131E
:042BD500014487131D
:042BD60000D607B36B
:042BD70000D70733E9
:042BD8000080006F0A
:042BD90018F67C630B
:042BDA00FFC7A58309
:042BDB00FFC7268387
:042BDC00FFC7879315
:042BDD00FFC7071314
:042BDE00FED586E3B7
:042BDF0000100913C6
:042BE00000D5EA63CF
:042BE10000048793D2
:042BE20000000913D3
:042BE3000004049353
:042BE400000784134F
:042BE5000044A58380
:042BE600BE8FF0EFBF
:042BE7001A05066362
:042BE8000104A883B9
:042BE900010422833E
:042BEA0001448F9380
:042BEB000028931318
:042BEC000144081385
:042BED00002292939D
:042BEE000145059305
:042BEF0000010E379C
:042BF0000125262372
:042BF100006F8333BB
:042BF200005802B3D2
:042BF30000058F1337
:042BF400000F8E93AD
:042BF5000000069343
:042BF600FFFE0E13BD
:042BF700000EA70322
:042BF80000082603A8
:042BF900004F0F1367
:042BFA0001C777B3E5
:042BFB0001C673B3E9
:042BFC00407787B3E4
:042BFD0000D787B3C3
:042BFE000107571361
:042BFF000106561362
:042C00004107D6931F
:042C010040C707338E
:042C020000D70733BD
:042C0300010716931C
:042C040001C7F7B35A
:042C050000D7E7B35A
:042C06000048081367
:042C0700FEFF2E237B
:042C0800004E8E9359
:042C09004107569396
:042C0A00FA586AE327
:042C0B000154071356
:042C0C00408284334B
:042C0D00FEB40413FA
:042C0E0000E2B2B37B
:042C0F000012CF13CD
:042C10000024541335
:042C11000040071365
:042C12000A028463CB
:042C130000EF8FB38C
:042C140000E588331C
:042C150000010EB7F5
:042C160000080E1391
:042C1700000F861311
:042C1800FFFE8E939A
:042C19000C6FF463E5
:042C1A000006278306
:042C1B00004E0E1346
:042C1C000046061355
:042C1D0001D7F733B1
:042C1E0000D70733A1
:042C1F000107D59341
:042C200041075713FE
:042C210000B70733BE
:042C220000D787B39D
:042C230001D7F7B32B
:042C240001071693FB
:042C250000D7E7B33A
:042C2600FEFE2E235D
:042C27004107569378
:042C2800FC6664E3FF
:042C2900FFF303139F
:042C2A0041F303333C
:042C2B00FFC373135D
:042C2C000068073302
:042C2D0000079A639F
:042C2E00FFC7278332
:042C2F00FFF888938F
:042C3000FFC70713C0
:042C3100FE078AE32D
:042C320000C120833A
:042C330000812403F5
:042C3400011528233B
:042C350000412483B3
:042C3600000129036D
:042C37000101011383
:042C380000008067B1
:042C3900001009136B
:042C3A00E806DEE3E7
:042C3B00EA9FF06FAD
:042C3C000014071366
:042C3D000027171342
:042C3E00F55FF06FDF
:042C3F0000000593F9
:042C4000A80FF0EFFA
:042C41000605006321
:042C420000C120832A
:042C430000812403E5
:042C440000100793E2
:042C450000F528234B
:042C460000052A2338
:042C470000412483A1
:042C4800000129035B
:042C49000101011371
:042C4A00000080679F
:042C4B00000007136B
:042C4C00000F1663FC
:042C4D0000E58733E4
:042C4E00F7DFF06F4D
:042C4F000024171333
:042C500000E58733E1
:042C5100F71FF06F0A
:042C52000000A69741
:042C53005806869306
:042C54000000061363
:042C5500245005936F
:042C56000000A517BE
:042C57005B85051381
:042C5800505000EFE9
:042C59000000A6973A
:042C5A0056468693C1
:042C5B00000006135C
:042C5C002370059349
:042C5D000000A517B7
:042C5E0059C505133C
:042C5F004E9000EFA4
:042C60007FF007B743
:042C610000B7F5B310
:042C6200FCC007B7F4
:042C630000F585B340
:042C640000000793D2
:042C650000B0566302
:042C660000078513CB
:042C67000000806782
:042C680040B005B3C0
:042C69004145D59379
:042C6A00013007939B
:042C6B0000B7CC637F
:042C6C00000807B79E
:042C6D0040B7D5B3E4
:042C6E0000000793C8
:042C6F0000078513C2
:042C70000000806779
:042C7100FEC5859384
:042C720001E0071363
:042C730000100793B3
:042C740000B74663FC
:042C7500800007B71D
:042C760000B7D7B319
:042C770000000593C1
:042C780000078513B9
:042C79000000806770
:042C7A00FE01011343
:042C7B0000912A2377
:042C7C0001052483A7
:042C7D0000812C2383
:042C7E0001450413F5
:042C7F000024949306
:042C8000009404B305
:042C810001212823E2
:042C8200FFC4A903DF
:042C830001312623D2
:042C840001412423C3
:042C8500000905132A
:042C86000005899329
:042C870000112E23E7
:042C8800CF8FF0EF0B
:042C8900020007132B
:042C8A0040A707B3A5
:042C8B0000F9A02389
:042C8C0000A007930A
:042C8D00FFC48A13E3
:042C8E0008A7DC6354
:042C8F00FF550613D4
:042C90000544706324
:042C9100FF84A78392
:042C920004060C63C5
:042C930040C706B37D
:042C940000D7D7335B
:042C950000C9193326
:042C960000E96933B5
:042C9700FF8485939E
:042C98003FF00737CB
:042C990000E96733B4
:042C9A0000C797B325
:042C9B0002B47E639E
:042C9C00FF44A60348
:042C9D0000D656B354
:042C9E0000D7E7B3C1
:042C9F0002C0006F00
:042CA00000B00793E6
:042CA10000F50C63CB
:042CA20000C9193319
:042CA3003FF00737C0
:042CA40000E96733A9
:042CA5000000079391
:042CA6000100006FBA
:042CA700000007938F
:042CA8003FF00737BB
:042CA90000E96733A4
:042CAA0001C12083C1
:042CAB00018124037C
:042CAC00014124833B
:042CAD0001012903F5
:042CAE0000C12983B5
:042CAF0000812A0373
:042CB0000007851381
:042CB1000007059380
:042CB2000201011307
:042CB3000000806736
:042CB40000B00693D3
:042CB50040A686B3FC
:042CB6003FF007B72D
:042CB70000D95733B6
:042CB80000F7673387
:042CB900000007937D
:042CBA0001447663F8
:042CBB00FF84A78368
:042CBC0000D7D7B3B3
:042CBD0001550513A5
:042CBE0000A919331D
:042CBF0000F967B3FE
:042CC000FA9FF06F18
:042CC100FD010113FD
:042CC20001512A236F
:042CC30000058A93EB
:042CC4000010059364
:042CC5000291222333
:042CC60001312E2387
:042CC70001412C2378
:042CC80002112623AC
:042CC900028124233D
:042CCA00032120239F
:042CCB000006049368
:042CCC0000068A1361
:042CCD000007099360
:042CCE00848FF0EF10
:042CCF001005026387
:042CD00000100737B2
:042CD1000144D913CE
:042CD200FFF707936E
:042CD3007FF97913F9
:042CD40000050413E0
:042CD5000097F7B3BA
:042CD600000904638A
:042CD70000E7E7B378
:042CD80000F12623BE
:042CD900060A9263F2
:042CDA0000C105131D
:042CDB00C24FF0EF05
:042CDC0000C1270309
:042CDD00001004934C
:042CDE000094282313
:042CDF0000E42A23C0
:042CE000020507934F
:042CE1000809086373
:042CE200BCD909133D
:042CE30000F90933B8
:042CE4000350049302
:042CE500012A20237D
:042CE60040F48533FE
:042CE70000A9A0237D
:042CE80002C1208382
:042CE90000040513CB
:042CEA00028124033C
:042CEB0002412483FB
:042CEC0002012903B5
:042CED0001C1298375
:042CEE0001812A0333
:042CEF0001412A83F2
:042CF00003010113C8
:042CF10000008067F8
:042CF2000081051345
:042CF3000151242344
:042CF400BC0FF0EF32
:042CF50000C12703F0
:042CF600000507933B
:042CF70004050E635F
:042CF800008126032E
:042CF900020006933C
:042CFA0040A686B3B7
:042CFB0000D716B335
:042CFC0000A75733A3
:042CFD0000C6E6B374
:042CFE0000E12623A8
:042CFF0000E034B30A
:042D000000148493A4
:042D010000D42A23AD
:042D020000E42C239A
:042D030000942823ED
:042D0400F6091CE3CD
:042D050000249713FC
:042D060000E40733AB
:042D07000107250398
:042D0800BCE787930A
:042D090000FA202389
:042D0A00AF0FF0EF28
:042D0B000054949349
:042D0C0040A4853327
:042D0D00F69FF06FCE
:042D0E000081268397
:042D0F00FC1FF06F46
:042D10000000A69782
:042D110028868693F7
:042D120000000613A4
:042D130030F0059304
:042D14000000A517FF
:042D15002C05051371
:042D160020D000EFDA
:042D1700FD010113A6
:042D18000321202350
:042D19000005891315
:042D1A00008105939C
:042D1B000211262358
:042D1C0002812423E9
:042D1D0002912223DA
:042D1E0001312E232E
:042D1F00000509930F
:042D2000D69FF0EF5B
:042D21000005049312
:042D22000005841311
:042D2300000905138B
:042D240000C1059352
:042D2500D55FF0EF97
:042D26000109270375
:042D27000109A78374
:042D280000C126833D
:042D290040E787B345
:042D2A0000812703FA
:042D2B000057979323
:042D2C0040D7073352
:042D2D0000E787B381
:042D2E000005071382
:042D2F0002F05E63ED
:042D3000014797932D
:042D31000087843360
:042D3200000586937F
:042D33000004851300
:042D340000040593FF
:042D3500000706137A
:042D3600361030EF34
:042D370002C1208332
:042D380002812403ED
:042D390002412483AC
:042D3A000201290366
:042D3B0001C1298326
:042D3C00030101137B
:042D3D0000008067AB
:042D3E00014797931F
:042D3F0040F585B323
:042D4000FC9FF06F95
:042D4100FF0101137A
:042D42000121202328
:042D43000011262332
:042D44000170079380
:042D45000005091369
:042D460006A7D263A7
:042D47000000B717BA
:042D4800A74707137F
:042D490000072783D5
:042D4A000047258396
:042D4B000000B717B6
:042D4C00A6C70713FC
:042D4D0000812423BA
:042D4E0000912223AB
:042D4F000007240352
:042D50000047248391
:042D510000078513DF
:042D52000004061360
:042D5300000486935F
:042D5400624040EFAA
:042D5500FFF9091366
:042D560000050793DA
:042D5700FE0914E37A
:042D580000812403CF
:042D590000C1208312
:042D5A00004124838D
:042D5B000001290347
:042D5C0000078513D4
:042D5D00010101135C
:042D5E00000080678A
:042D5F00003519130F
:042D60000000A717B1
:042D61004E8707137F
:042D6200012707330B
:042D630001072783BA
:042D640000C1208307
:042D6500014725837A
:042D6600000129033C
:042D670000078513C9
:042D68000101011351
:042D6900000080677F
:042D6A0001062683B5
:042D6B00FFF5859358
:042D6C004055D59366
:042D6D000015859335
:042D6E000146079380
:042D6F000026969311
:042D70000025959312
:042D710000D786B34E
:042D720000B505B3F0
:042D730002D7F86328
:042D7400000507133C
:042D75000007A803A8
:042D760000478793F8
:042D770000470713F7
:042D7800FF072E2300
:042D7900FED7E8E3B6
:042D7A0040C687B315
:042D7B00FEB7879385
:042D7C00FFC7F79303
:042D7D0000478793F1
:042D7E0000F5053324
:042D7F0000B57863C0
:042D800000450513F2
:042D8100FE052E23FA
:042D8200FEB56CE34B
:042D83000000806765
:042D8400010527031B
:042D85004055D613CC
:042D8600014506936A
:042D870002C75263CA
:042D880000271713F6
:042D890000E687B326
:042D8A0004F6F263F6
:042D8B00FFC7A703D4
:042D8C00FFC7879363
:042D8D00FE070AE350
:042D8E000010051319
:042D8F000000806759
:042D9000002617936F
:042D910000F687B30E
:042D9200FEE650E326
:042D930001F5F593BE
:042D9400FC058CE3CB
:042D95000007A6038A
:042D96000010051311
:042D970000B65733F8
:042D980000B7173336
:042D9900FCE602E36F
:042D9A00000080674E
:042D9B00000005131C
:042D9C00000080674C
:042D9D00FD01011320
:042D9E000291222359
:042D9F0002112623D4
:042DA0000006049392
:042DA1001E05886320
:042DA2000281242363
:042DA30003212023C5
:042DA400000584138F
:042DA50001312E23A7
:042DA60001512A238A
:042DA70001412C2397
:042DA8000005091306
:042DA90081DF80EF57
:042DAA00FFC4270338
:042DAB0000B4879356
:042DAC000160069329
:042DAD00FF840A9302
:042DAE00FFC779934F
:042DAF0010F6F263C5
:042DB000FF87FA138C
:042DB1001007C263E2
:042DB200109A6063B0
:042DB3001349D2638B
:042DB4000181242352
:042DB5000000CC1737
:042DB600C24C0C13EC
:042DB700008C260363
:042DB800013A86B3A3
:042DB9000046A783A6
:042DBA001CD60863B8
:042DBB00FFE7F61325
:042DBC0000C6863394
:042DBD0000462603A3
:042DBE000016761372
:042DBF0014061A6379
:042DC000FFC7F793BF
:042DC10000F986335C
:042DC2000D465863FF
:042DC300001777136B
:042DC40002071C6383
:042DC500017126234F
:042DC600FF842B83D8
:042DC700016128235B
:042DC800417A8BB30E
:042DC900004BA70311
:042DCA00FFC77713B5
:042DCB0000E787B3E3
:042DCC0001378B330D
:042DCD00334B5C63C5
:042DCE0000E98B335A
:042DCF00294B5863D1
:042DD00001012B03CF
:042DD10000C12B838F
:042DD20000048593E1
:042DD30000090513DB
:042DD400F95F70EF44
:042DD500000504935E
:042DD6004005086349
:042DD700FFC427838B
:042DD800FF85071359
:042DD900FFE7F79386
:042DDA0000FA87B3C1
:042DDB0024E7866300
:042DDC00FFC9861392
:042DDD000240079316
:042DDE002EC7E463B5
:042DDF0001300713A5
:042DE00020C76A633B
:042DE100000507934F
:042DE20000040713CF
:042DE300000726833C
:042DE40000D7A02351
:042DE50000472683FA
:042DE60000D7A2234D
:042DE7000087270337
:042DE80000E7A42339
:042DE900000405934A
:042DEA0000090513C4
:042DEB00C19F70EF25
:042DEC0000090513C2
:042DED00F18F80EFF3
:042DEE0000812C0331
:042DEF0006C0006FAB
:042DF00001000A13C1
:042DF100F09A74E3FD
:042DF20000C0079383
:042DF30000F92023A0
:042DF4000000049344
:042DF5000540006F26
:042DF60000C6A783E9
:042DF7000086A703A8
:042DF80000812C0327
:042DF9000006099334
:042DFA0000F7262395
:042DFB0000E7A42326
:042DFC00004AA7835F
:042DFD00414986B30F
:042DFE0000F00613C8
:042DFF000017F7932F
:042E0000013A8733D9
:042E010008D662632A
:042E02000137E7B3FA
:042E030000FAA2230C
:042E040000472783D9
:042E05000017E79338
:042E060000F722238C
:042E070000090513A6
:042E0800EACF80EF9E
:042E0900000404932A
:042E0A00028124031A
:042E0B0002C120835D
:042E0C000201290393
:042E0D0001C1298353
:042E0E0001812A0311
:042E0F0001412A83D0
:042E10000004851322
:042E110002412483D3
:042E120003010113A4
:042E130000008067D4
:042E14000017771319
:042E1500EE071AE3C7
:042E160001712623FD
:042E1700FF842B8386
:042E18000161282309
:042E1900417A8BB3BC
:042E1A00004BA703BF
:042E1B00FFC7771363
:042E1C00EC9FF06FC8
:042E1D0002C120834B
:042E1E0002412483C6
:042E1F000006059311
:042E20000301011396
:042E2100E61F706FC9
:042E22000147E7B3CA
:042E230000FAA223EC
:042E2400014A85B327
:042E25000016E6931A
:042E260000D5A2230E
:042E270000472783B6
:042E28000085859309
:042E29000009051384
:042E2A000017E79313
:042E2B0000F7222367
:042E2C00B15F70EF33
:042E2D00F69FF06FAD
:042E2E00FFC7F79350
:042E2F00013786B32E
:042E3000010A06137A
:042E310026C6D0637E
:042E320000177713FB
:042E3300E6071EE3AD
:042E340001712623DF
:042E3500FF842B8368
:042E360001612823EB
:042E3700417A8BB39E
:042E3800004BA703A1
:042E3900FFC7771345
:042E3A0000E787B373
:042E3B0001378B339D
:042E3C00E4CB44E3BC
:042E3D0000CBA7839C
:042E3E00008BA7035B
:042E3F00FFC986132E
:042E400002400693B3
:042E410000F726234D
:042E420000E7A423DE
:042E4300008B8493E9
:042E440028C6E46355
:042E4500013007133E
:042E4600000487936A
:042E470002C77263E9
:042E48000004270358
:042E490001B007933A
:042E4A0000EBA423D2
:042E4B000044270315
:042E4C0000EBA623CE
:042E4D0026C7EA6347
:042E4E0000840413E5
:042E4F00010B879359
:042E50000004270350
:042E510000E7A023D3
:042E5200004427030E
:042E530000E7A223CF
:042E540000842703CC
:042E550000E7A423CB
:042E5600014B873372
:042E5700414B07B331
:042E580000EC242343
:042E59000017E793E4
:042E5A0000F7222338
:042E5B00004BA783FE
:042E5C000009051351
:042E5D000017F793D0
:042E5E000147E7B38E
:042E5F0000FBA223AF
:042E6000D4CF80EF5C
:042E610001012B033D
:042E620000C12B83FD
:042E630000812C03BB
:042E6400E99FF06F83
:042E650000042683BC
:042E660001B007139D
:042E670000D520234F
:042E68000044268379
:042E690000D522234B
:042E6A0014C76E63B8
:042E6B0000840713C5
:042E6C000085079343
:042E6D00DD9FF06F86
:042E6E00FFC52783F2
:042E6F0000812C03AF
:042E7000FFC7F7930E
:042E710000F989B328
:042E7200E29FF06F7C
:042E730000CBA78366
:042E7400008BA70325
:042E7500FFC98613F8
:042E7600024006937D
:042E770000F7262317
:042E780000E7A423A8
:042E7900008B8493B3
:042E7A0010C6E66335
:042E7B000130071308
:042E7C000004879334
:042E7D0002C77C63A9
:042E7E000004270322
:042E7F0001B0079304
:042E800000EBA4239C
:042E810000442703DF
:042E820000EBA62398
:042E830014C7F86315
:042E8400008427831C
:042E850000FBA82383
:042E860000C42783DA
:042E870000FBAA237F
:042E88000AD60C63F7
:042E89000104041329
:042E8A00018B87939E
:042E8B000004270315
:042E8C0000E7A02398
:042E8D0000442703D3
:042E8E0000E7A22394
:042E8F000084270391
:042E900000E7A42390
:042E9100000B099396
:042E9200000B8A9314
:042E930001012B030B
:042E940000C12B83CB
:042E950000812C0389
:042E9600000484139D
:042E9700D95FF06FA0
:042E9800000405939A
:042E99008F8FC0EF68
:042E9A00D3DFF06F23
:042E9B0000C6A78343
:042E9C000086A70302
:042E9D00FFC98613D0
:042E9E000240069355
:042E9F0000F72623EF
:042EA00000E7A42380
:042EA100008BA703F8
:042EA20000CBA78337
:042EA300008B849389
:042EA40000F72623EA
:042EA50000E7A4237B
:042EA60004C6EE630D
:042EA70001300713DC
:042EA8000004879308
:042EA900F8C774E30F
:042EAA0000042703F6
:042EAB0001B00793D8
:042EAC0000EBA42370
:042EAD0000442703B3
:042EAE0000EBA6236C
:042EAF000AC7F063FB
:042EB0000084270370
:042EB1000240079341
:042EB20000EBA82366
:042EB30000C427032D
:042EB40000EBAA2362
:042EB500F4F618E334
:042EB60001042703E9
:042EB700020B8793F0
:042EB800018404137A
:042EB90000EBAC235B
:042EBA00FFC4270327
:042EBB0000EBAE2357
:042EBC00F3DFF06FE1
:042EBD000004059375
:042EBE000004851374
:042EBF00860FC0EFCB
:042EC000F45FF06F5C
:042EC100008427035F
:042EC20000E52423E0
:042EC30000C427031D
:042EC40000E52623DC
:042EC50006F60463A6
:042EC60001040713E9
:042EC7000105079367
:042EC800C6DFF06F02
:042EC900014A8AB37D
:042ECA00414687B343
:042ECB00015C24235F
:042ECC000017E79371
:042ECD0000FAA22342
:042ECE00FFC4278393
:042ECF0000090513DE
:042ED0000004049363
:042ED1000017F7935C
:042ED2000147E7B31A
:042ED300FEF42E23B8
:042ED400B7CF80EF05
:042ED50000812C0349
:042ED600CD1FF06FAD
:042ED700008404135C
:042ED800010B8793D0
:042ED900EC9FF06F0B
:042EDA0000090513D3
:042EDB00B60F80EFBF
:042EDC00000004935B
:042EDD0000812C0341
:042EDE00CB1FF06FA7
:042EDF000104268341
:042EE000018407134F
:042EE10001850793CD
:042EE20000D52823CC
:042EE30001442683FD
:042EE40000D52A23C8
:042EE500BF9FF06F2C
:042EE600000405934C
:042EE700000485134B
:042EE800FBDFB0EF6D
:042EE900DB5FF06F4C
:042EEA0000842783B6
:042EEB0000FBA8231D
:042EEC0000C4278374
:042EED0000FBAA2319
:042EEE0000D608639F
:042EEF0001040413C3
:042EF000018B879338
:042EF100D7DFF06FC8
:042EF20001042703AD
:042EF300020B8793B4
:042EF400018404133E
:042EF50000EBAC231F
:042EF600FFC42703EB
:042EF70000EBAE231B
:042EF800D61FF06F82
:042EF9000406006368
:042EFA00FF010113C0
:042EFB000000A59797
:042EFC00B585859380
:042EFD0000060513B3
:042EFE000081242308
:042EFF000011262375
:042F000000060413B0
:042F01000E4000EF8F
:042F0200020514634D
:042F03000000A5170E
:042F0400B3450513B9
:042F050000C1208364
:042F0600008124031F
:042F070001010113B0
:042F080000008067DE
:042F09000000A51708
:042F0A00B1C5051335
:042F0B0000008067DB
:042F0C000000A59785
:042F0D00B1058593F2
:042F0E0000040513A3
:042F0F000AC000EF05
:042F1000FC0506E3D3
:042F11000000A59780
:042F1200B785859367
:042F1300000405139E
:042F1400098000EF41
:042F1500FA050CE3CA
:042F1600000005139F
:042F1700FB9FF06FBD
:042F18000000C517D9
:042F1900BC8545032B
:042F1A0000008067CC
:042F1B0004058063C6
:042F1C00FF0101139D
:042F1D0000812423E8
:042F1E000005841313
:042F1F000004051392
:042F20000000A59771
:042F2100AC458593A3
:042F22000011262351
:042F230005C000EFF6
:042F2400020514632B
:042F25000000A517EC
:042F2600AAC5051320
:042F270000C1208342
:042F280000812403FD
:042F2900010101138E
:042F2A0000008067BC
:042F2B000000A517E6
:042F2C00A94505139B
:042F2D0000008067B9
:042F2E000000A59763
:042F2F00A885859359
:042F30000004051381
:042F3100024000EF6B
:042F3200FC0506E3B1
:042F33000000A5975E
:042F3400AF058593CD
:042F3500000405137C
:042F3600010000EFA7
:042F3700FA050CE3A8
:042F3800000005137D
:042F3900FB9FF06F9B
:042F3A0000B5673344
:042F3B00FFF003930D
:042F3C0000377713D0
:042F3D001007106306
:042F3E007F7F87B753
:042F3F00F7F7879386
:042F4000000526035F
:042F41000005A6835E
:042F420000F672B370
:042F430000F66333FE
:042F440000F282B362
:042F45000062E2B391
:042F46001072926310
:042F470008D616632F
:042F48000045260317
:042F49000045A68316
:042F4A0000F672B368
:042F4B0000F66333F6
:042F4C0000F282B35A
:042F4D000062E2B389
:042F4E000C729E6300
:042F4F0006D6166329
:042F500000852603CF
:042F51000085A683CE
:042F520000F672B360
:042F530000F66333EE
:042F540000F282B352
:042F55000062E2B381
:042F56000C729863FE
:042F570004D6166323
:042F580000C5260387
:042F590000C5A68386
:042F5A0000F672B358
:042F5B0000F66333E6
:042F5C0000F282B34A
:042F5D000062E2B379
:042F5E000C729263FC
:042F5F0002D616631D
:042F6000010526033E
:042F61000105A6833D
:042F620000F672B350
:042F630000F66333DE
:042F640000F282B342
:042F65000062E2B371
:042F66000A729C63EC
:042F67000145051308
:042F68000145859307
:042F6900F4D60EE3A9
:042F6A000106171332
:042F6B000106979331
:042F6C0000F71E63E9
:042F6D0001065713EF
:042F6E000106D793EE
:042F6F0040F70533EF
:042F70000FF5759351
:042F71000205906362
:042F72000000806774
:042F730001075713E8
:042F74000107D793E7
:042F750040F70533E9
:042F76000FF575934B
:042F7700000594635A
:042F7800000080676E
:042F79000FF77713C4
:042F7A000FF7F793C3
:042F7B0040F70533E3
:042F7C00000080676A
:042F7D000005460302
:042F7E000005C68301
:042F7F000015051321
:042F80000015859320
:042F810000D61463FF
:042F8200FE0616E34E
:042F830040D60533FC
:042F84000000806762
:042F850000450513EB
:042F860000458593EA
:042F8700FCD61CE375
:042F8800000005132D
:042F8900000080675D
:042F8A0000850513A6
:042F8B0000858593A5
:042F8C00FCD612E37A
:042F8D000000051328
:042F8E000000806758
:042F8F0000C5051361
:042F900000C5859360
:042F9100FAD618E371
:042F92000000051323
:042F93000000806753
:042F9400010505131B
:042F9500010585931A
:042F9600F8D61EE368
:042F9700000005131E
:042F9800000080674E
:042F9900FF01011320
:042F9A000006879313
:042F9B008201A70305
:042F9C000006081310
:042F9D0000112623D6
:042F9E0000C72883BD
:042F9F00000786138E
:042FA000000506938F
:042FA100000587138D
:042FA2000000A797ED
:042FA3008C878793FD
:042FA40000080C63B2
:042FA5000000A597EC
:042FA6008CC58593BE
:042FA7000008851386
:042FA8002D0000EF09
:042FA90066C010EFFF
:042FAA000000A797E5
:042FAB009147879330
:042FAC00000788137F
:042FAD00FE1FF06FA4
:042FAE00FF0101130B
:042FAF00000606937F
:042FB0000000061304
:042FB10000112623C2
:042FB200F9DFF0EF64
:042FB300FE01011307
:042FB40000812C2349
:042FB50000112E23B6
:042FB6000105D693A8
:042FB70000058793F7
:042FB80000050413F9
:042FB90001065713A3
:042FBA000C0690630E
:042FBB0014071A637A
:042FBC000106159362
:042FBD000107951360
:042FBE000105D593A1
:042FBF0001055513A0
:042FC00040C080EF9E
:042FC100000505936F
:042FC20000040513EF
:042FC300FD8F70EF1F
:042FC40000050413ED
:042FC50010050A6386
:042FC600FFC526031A
:042FC70002400713AA
:042FC800FFC67613B7
:042FC900FFC6061326
:042FCA0004C768636D
:042FCB000130069338
:042FCC000005079362
:042FCD0002C6F263E3
:042FCE0000052023B7
:042FCF0000052223B4
:042FD00001B00793B2
:042FD10004C7F863D6
:042FD20000052423AF
:042FD30000052623AC
:042FD4000105079359
:042FD50010E602639D
:042FD6000007A0232D
:042FD7000007A2232A
:042FD8000007A42327
:042FD90001C120838F
:042FDA0000040513D7
:042FDB000181240349
:042FDC0002010113DA
:042FDD000000806709
:042FDE000000059357
:042FDF00DA5F60EF66
:042FE00001C1208388
:042FE10000040513D0
:042FE2000181240342
:042FE30002010113D3
:042FE4000000806702
:042FE50000850793C9
:042FE6000007A0231D
:042FE7000007A2231A
:042FE8000007A42317
:042FE900FC1FF06F6A
:042FEA000C07166357
:042FEB000121282375
:042FEC000131262366
:042FED0000912A2302
:042FEE00000689133D
:042FEF00000609933C
:042FF000010795132D
:042FF100010615932D
:042FF2000105D5936D
:042FF300010555136C
:042FF40033C080EF77
:042FF500000504933C
:042FF6000109159325
:042FF7000109951324
:042FF8000105D59367
:042FF9000105551366
:042FFA00324080EFF2
:042FFB000104D79363
:042FFC0000F505B324
:042FFD000105D79360
:042FFE0006079863C7
:042FFF0001049493A2
:043000000104D49360
:04300100010595939D
:043002000095E5B39D
:0430030000040513AD
:0430040001412483DF
:043005000101290399
:0430060000C1298359
:04300700EC8F70EFEB
:0430080000050413A8
:04300900EE051AE3D3
:04300A0000000413AB
:04300B0001C120835C
:04300C0000040513A4
:04300D000181240316
:04300E0002010113A7
:04300F0000008067D6
:04301000012128234F
:043011000131262340
:0430120000912A23DC
:043013000007091396
:043014000005899397
:04301500F6DFF06F83
:043016000005282366
:043017000185079395
:0430180000052A2362
:04301900EF5FF06F06
:04301A0001412483C9
:04301B000101290383
:04301C0000C1298343
:04301D00494010EF27
:04301E0000C0079354
:04301F0000F5202375
:043020000000041395
:04302100FA9FF06FB3
:043022000000B7975C
:0430230075C7A78343
:0430240000078067BA
:0430250002058063BD
:043026000406026337
:0430270004068863B0
:0430280000064783D4
:0430290000F5A023EB
:04302A000006450354
:04302B0000A0353399
:04302C0000008067B9
:04302D00FF0101138B
:04302E0000C1059345
:04302F00020604632E
:0430300002068A63A7
:0430310000064783CB
:0430320000F5A023E2
:04303300000645034B
:0430340000A0353390
:043035000101011381
:0430360000008067AF
:04303700000005137D
:0430380000008067AD
:04303900000005137B
:04303A00FEDFF06F56
:04303B00FFE005139A
:04303C0000008067A9
:04303D00FFE0051398
:04303E00FDDFF06F53
:04303F000000B7973F
:043040006E47A783AD
:04304100000780679D
:04304200020584639C
:043043000FF00793F0
:0430440000C7E86376
:0430450000C580231F
:04304600001005135E
:04304700000080679E
:0430480008A0079342
:0430490000F520234B
:04304A00FFF005137B
:04304B00000080679A
:04304C000000051368
:04304D000000806798
:04304E00FC0101136D
:04304F0002C10313A4
:0430500002D1262360
:0430510000030693DF
:0430520000112E2318
:0430530002E128234B
:0430540002F12A2338
:0430550003012C2324
:0430560003112E2311
:0430570000612623CB
:04305800058000EF00
:0430590001C120830E
:04305A000401011359
:04305B00000080678A
:04305C00FC0101135F
:04305D0002810313D6
:04305E0002C1242364
:04305F0002D1262351
:0430600000058613CE
:0430610000030693CF
:0430620000050593CD
:043063008201A5033E
:0430640000112E2306
:0430650002E1282339
:0430660002F12A2326
:0430670003012C2312
:0430680003112E23FF
:0430690000612623B9
:04306A00010000EF72
:04306B0001C12083FC
:04306C000401011347
:04306D000000806778
:04306E00ED0101135C
:04306F001291222375
:0430700013212023E5
:0430710011312E23C8
:043072001181242381
:0430730012112623ED
:04307400117126238D
:0430750000050993B6
:04307600000584933A
:0430770000060C1330
:0430780000068913B2
:0430790000050863E3
:04307A000345278360
:04307B000007946353
:04307C000980106F48
:04307D000644A783DB
:04307E0000C49703F0
:04307F000017F693AD
:04308000000696634D
:04308100200776931B
:04308200640682E37B
:043083000127169378
:043084000206C0631D
:04308500FFFFE6B7AC
:04308600FFF6869338
:0430870000002637E8
:0430880000C76733E3
:0430890000D7F7B3C2
:04308A0000E49623A5
:04308B0006F4A22382
:04308C00012797136E
:04308D000007546381
:04308E001840106F67
:04308F0000C49703DF
:0430900000877793AB
:043091002607886323
:043092000104A7830B
:043093002607846325
:0430940001A7779386
:0430950000A00693FE
:0430960026D78E6348
:0430970000000B9397
:0430980011412C2393
:0430990004C10A1351
:04309A001281242358
:04309B0011512A2382
:04309C001161282373
:04309D0011A120233A
:04309E001191222347
:04309F00000B8D1382
:0430A0000FB12E231B
:0430A10005412023A2
:0430A20004012423DE
:0430A30004012223DF
:0430A400000A079384
:0430A50000012023E3
:0430A60000012C23D6
:0430A70000012E23D3
:0430A80002012023DE
:0430A9000000AB1761
:0430AA009F0B0B135A
:0430AB000100041309
:0430AC000000AA97DF
:0430AD00B60A8A9342
:0430AE00000C0B9374
:0430AF000009089379
:0430B000000BC70347
:0430B1001C070E6387
:0430B200000B891373
:0430B300025006932E
:0430B40026D70863B0
:0430B50000194703B4
:0430B60000190913E1
:0430B700FE071AE313
:0430B80041790C331B
:0430B9001B790E630E
:0430BA0004812683E4
:0430BB0004412703A2
:0430BC000177A023D5
:0430BD00018686B34F
:0430BE0000170713DD
:0430BF000187A223C0
:0430C00004D12423F0
:0430C10004E12223E1
:0430C2000070069301
:0430C3000087879368
:0430C40024E6C063DB
:0430C50000094703B4
:0430C600018D0D3338
:0430C7001807026381
:0430C800000006936B
:0430C90000000813E8
:0430CA0000194603A0
:0430CB0000190B934A
:0430CC0002010DA34D
:0430CD00FFF00C9371
:0430CE0005A009133D
:0430CF0000080C13D6
:0430D00000068D93D6
:0430D100001B8B93C2
:0430D200FE060713DC
:0430D30004E9666343
:0430D40000271713A7
:0430D5000167073355
:0430D60000072703C5
:0430D7000167073353
:0430D8000007006786
:0430D90000000D9353
:0430DA00FD060713D5
:0430DB000090051349
:0430DC00000BC6031C
:0430DD00002D95939A
:0430DE0001B586B3FF
:0430DF0000169693AE
:0430E00000D70DB355
:0430E100FD060713CE
:0430E200001B8B93B1
:0430E300FEE572E3B1
:0430E400FE060713CA
:0430E500FAE97EE3A3
:0430E600000C0813BF
:0430E700000D8693BF
:0430E800100600636B
:0430E90008C10623F1
:0430EA0002010DA32F
:0430EB0000100913B5
:0430EC0000100313BA
:0430ED0008C10C13F7
:0430EE0000000C933F
:0430EF0000000F933B
:0430F0000848729387
:0430F100048126032D
:0430F200044127036B
:0430F30000029663DE
:0430F40041268DB331
:0430F50025B04EE3D1
:0430F60003B145835A
:0430F70002058863E3
:0430F80003B1059388
:0430F90000B7A02359
:0430FA0000170713A1
:0430FB000010059329
:0430FC0000160613A1
:0430FD0000B7A22353
:0430FE0004C12423C2
:0430FF0004E12223A3
:0431000000700593C3
:043101000087879329
:043102001EE5C263A1
:04310300020F8863CC
:0431040003C105936B
:0431050000B7A0234C
:043106000017071394
:04310700002005930C
:043108000026061384
:0431090000B7A22346
:04310A0004C12423B5
:04310B0004E1222396
:04310C0000700593B7
:04310D00008787931D
:04310E0032E5CAE3F9
:04310F00080005931C
:0431100078B28663A8
:04311100406C8CB3CF
:043112000B9046E3F5
:0431130000C30633BC
:043114000017071386
:043115000187A0236B
:043116000067A22389
:0431170004C12423A8
:0431180004E1222389
:0431190000700593AA
:04311A000087879310
:04311B0018E5C6E30A
:04311C0000487813DC
:04311D00000806633D
:04311E0041268C3387
:04311F001D8042636A
:043120000126D4634D
:043121000009069308
:0431220000DD0D338C
:043123000E0614631D
:04312400000BC703D2
:04312500040122235C
:04312600000A079301
:04312700E20716E3C2
:043128000481278374
:04312900000D0B93F7
:04312A00680792E3BD
:04312B000401222356
:04312C000E40006FE2
:04312D000004859382
:04312E0000098513FC
:04312F00A00FB0EF4E
:043130006E051CE329
:0431310000C497033C
:0431320000A0069360
:0431330001A77793E6
:04313400D8D796E36F
:0431350000E4978398
:04313600D807C2E311
:043137000644A78320
:043138000017F793F2
:043139000007966392
:04313A0020077713E0
:04313B006A070AE332
:04313C0012C1208319
:04313D0010C12B830F
:04313E0000090693EB
:04313F00000C061367
:04314000120129034C
:0431410010812C03CA
:04314200000485936D
:0431430000098513E7
:04314400124124838D
:0431450011C1298308
:04314600130101135D
:043147006F50006F56
:043148000008AD834B
:04314900004888931F
:04314A002C0DC6631F
:04314B00000BC603AC
:04314C00E15FF06FE0
:04314D00000BC603AA
:04314E00020C6C13F0
:04314F00E09FF06F9E
:0431500041790C3382
:04315100DB7912E331
:043152000009470326
:04315300DD1FF06F1D
:043154000401061359
:04315500000485935A
:0431560000098513D4
:04315700011122231D
:04315800C14FA0EFD4
:0431590002051663F2
:04315A000041288385
:04315B00000A0793CC
:04315C00DA5FF06FD7
:04315D000401061350
:04315E000004859351
:04315F0000098513CB
:043160000111222314
:04316100BF0FA0EF0D
:04316200004128837D
:04316300F00502E38E
:04316400000D0B93BC
:043165000644A70372
:0431660000C4978387
:0431670000177713C3
:0431680018070663DB
:043169000407F793CD
:04316A0012812403A7
:04316B0011812A03A1
:04316C0011412A8360
:04316D0011012B031E
:04316E0010412C835D
:04316F0010012D031B
:043170000FC12D83DB
:0431710060079AE376
:0431720012C12083E3
:04317300124124835E
:043174001201290318
:0431750011C12983D8
:0431760010812C0395
:04317700000B8513B1
:0431780010C12B83D4
:04317900130101132A
:04317A00000080676A
:04317B000401061332
:04317C000004859333
:04317D0000098513AD
:04317E0003112223F4
:04317F0000612A239E
:0431800000D128232F
:0431810000512623B0
:0431820001F1242310
:043183000101222301
:04318400B64FA0EFB3
:04318500F6051EE34A
:043186000481260397
:0431870004412703D5
:043188000241288355
:0431890001412303DA
:04318A000101268396
:04318B0000C12283DA
:04318C0000812F830C
:04318D0000412803D2
:04318E00000A079399
:04318F00DD1FF06FE1
:0431900001000593A2
:0431910004412703CB
:0431920000009E1784
:043193007B8E0E130E
:043194000985D8636E
:0431950001212423CD
:04319600017126237A
:04319700000C09130C
:0431980001000C9393
:0431990000700D9322
:04319A0000D122231B
:04319B0000088C1389
:04319C00000E0B9383
:04319D0000C0006FFF
:04319E00FF09091309
:04319F00052CD663C2
:0431A000010606130B
:0431A10000170713F9
:0431A2000177A023EE
:0431A3000197A223CB
:0431A40004C124231B
:0431A50004E12223FC
:0431A6000087879384
:0431A700FCEDDEE37A
:0431A8000401061305
:0431A9000004859306
:0431AA000009851380
:0431AB00AC8FA0EF56
:0431AC00EE0510E339
:0431AD00FF090913FA
:0431AE00048126036F
:0431AF0004412703AD
:0431B000000A079377
:0431B100FB2CCEE342
:0431B200000C089372
:0431B300000B8E136C
:0431B40000090C13EF
:0431B500004126832C
:0431B6000081290368
:0431B70000C12B83A5
:0431B8000186063353
:0431B90000170713E1
:0431BA0001C7A02386
:0431BB000187A223C3
:0431BC0004C1242303
:0431BD0004E12223E4
:0431BE000070079303
:0431BF00D8E7D2E398
:0431C00004010613ED
:0431C10000048593EE
:0431C2000009851368
:0431C30001112423AF
:0431C40000D12223F1
:0431C500A60FA0EFC2
:0431C600E6051CE31B
:0431C7000481260356
:0431C80000812883D7
:0431C9000041268318
:0431CA00D59FF06F2E
:0431CB002007F713CF
:0431CC00E6071AE315
:0431CD000584A503CD
:0431CE00D90F60EFC6
:0431CF0000C497831E
:0431D000E65FF06F57
:0431D100000C0813D3
:0431D2000008AC0342
:0431D30002010DA345
:0431D400000D8693D1
:0431D50000488D938E
:0431D600360C04E3CC
:0431D70000F12623BA
:0431D80000D12423DB
:0431D90001012223AB
:0431DA001E0CCEE316
:0431DB00000C86134B
:0431DC000000059357
:0431DD00000C0513CA
:0431DE00884FB0EF77
:0431DF000041280380
:0431E00000812683C1
:0431E10000C127837F
:0431E200000C831347
:0431E300000504637C
:0431E40041850333EB
:0431E50003B14703E8
:0431E600FFF3491397
:0431E70041F959133E
:0431E8000123793313
:0431E900000D8893BA
:0431EA0000000C9342
:0431EB0000000F933E
:0431EC00C00708E32D
:0431ED0000190913A9
:0431EE0000287F93A3
:0431EF00C00F82E3A8
:0431F0000029091396
:0431F10000200F9318
:0431F200BF9FF06F1C
:0431F3000008A70326
:0431F400000C0813B0
:0431F500000D8693B0
:0431F60002010DA322
:0431F7000048889371
:0431F80008E10623C1
:0431F90000100913A6
:0431FA0000100313AB
:0431FB0008C10C13E8
:0431FC00BC9FF06F15
:0431FD0041B00DB31D
:0431FE00000BC603F9
:0431FF00004C6C1301
:04320000B45FF06F58
:0432010002B00713FD
:04320200000BC603F4
:0432030002E10DA334
:04320400B35FF06F55
:04320500000BC603F1
:04320600080C6C1331
:04320700B29FF06F13
:04320800000BC603EE
:0432090002A0071305
:04320A00001B85130D
:04320B003AE60AE3B2
:04320C00FD060713A1
:04320D000090059395
:04320E0000000C931D
:04320F000090031315
:0432100002E5E4638C
:04321100000546036B
:04321200002C959364
:0432130001958CB3E2
:04321400001C9C936B
:0432150000EC8CB38A
:04321600FD06071397
:043217000015051386
:04321800FEE372E37C
:04321900060CC6E3F6
:04321A0000050B930D
:04321B00ADDFF06FC4
:04321C00000985130D
:04321D000111242354
:04321E0000F1222376
:04321F008F8FB0EFEE
:0432200000452783BB
:04322100000785130A
:0432220002F1202372
:04322300F14F60EF18
:043224000005071387
:043225000009851304
:0432260000E12E2372
:043227008D8FB0EFE8
:043228000085278373
:0432290001C12703B5
:04322A000081288374
:04322B0000F12C235F
:04322C0000412783B3
:04322D00C6070CE3E1
:04322E0001812703F0
:04322F00000BC603C7
:04323000A80702E306
:043231000007470348
:04323200A6070EE3FA
:04323300400C6C13CC
:04323400A75FF06F31
:04323500000BC603C1
:04323600001C6C13F9
:04323700A69FF06FEF
:0432380003B1470394
:04323900000BC603BD
:04323A00A4071EE3E4
:04323B000200071373
:04323C0002E10DA3FB
:04323D00A51FF06F6A
:04323E00000D869366
:04323F00010C681303
:0432400002087713F6
:0432410070070263AD
:0432420000788893F5
:04324300FF88F89375
:043244000048A60395
:043245000008A903D1
:0432460000888893E1
:0432470000060D93DD
:043248000A064063CF
:043249000A0CCE633A
:04324A0001B966332D
:04324B00F7F8781305
:04324C000A061863F3
:04324D00260C92E3D6
:04324E000000091360
:04324F000000031365
:043250000F010C134B
:043251000C80006F7E
:04325200000BC603A4
:0432530006800713D7
:0432540014E608E391
:04325500040C6C13E6
:043256009EDFF06F98
:04325700000D86934D
:04325800010C6313EF
:0432590002037713E2
:04325A0066070C6394
:04325B0000788893DC
:04325C00FF88F8935C
:04325D000008A903B9
:04325E000048AD83F4
:04325F0000888893C8
:0432600002010DA3B7
:04326100000308134B
:04326200040CCC6329
:0432630001B9663314
:04326400F7F37813F1
:04326500001007133B
:0432660004061463E3
:04326700120C94634E
:04326800F8071CE364
:0432690000137313C8
:04326A0068030C6386
:04326B000300071342
:04326C000EE107A3C5
:04326D00000309133E
:04326E000EF10C133E
:04326F000500006FE7
:0432700002D00593F0
:0432710001203633CF
:0432720041B00E3326
:0432730002B10DA3F4
:0432740040CE0DB388
:0432750041200933B8
:04327600000CC46321
:04327700F7F87813D9
:043278007C0D9C63CA
:0432790000900613A8
:04327A007D266863E2
:04327B000309071329
:04327C000FF77713BE
:04327D000EE107A3B4
:04327E00000C8913A4
:04327F000190446313
:04328000001009131E
:043281000010031323
:043282000EF10C132A
:0432830003B1470349
:04328400DA0712E370
:04328500DA5FF06FAD
:04328600000D86931E
:04328700010C6613BD
:0432880002067713B0
:0432890058070A6375
:04328A0000788893AD
:04328B00FF88F8932D
:04328C000008A7038C
:04328D000048A5034D
:04328E000088889399
:04328F0002010DA388
:04329000BFF67813FA
:04329100060CD263F2
:043292000F010C1309
:0432930001D51593B9
:043294000077761336
:043295000037571394
:043296000306061312
:0432970000E5E73334
:043298000035551395
:04329900FECC0FA3B5
:04329A0000A765B371
:04329B00000C03130D
:04329C00FFFC0C1314
:04329D00FC059CE3AD
:04329E00001877138A
:04329F0012070C63A3
:0432A000030005938F
:0432A10012B60863F6
:0432A200FFE307132C
:0432A3000F010613FE
:0432A400FEBC0FA3BA
:0432A50040E60333C9
:0432A600000C89137C
:0432A700606CCC6328
:0432A80000070C13FC
:0432A900F69FF06F2D
:0432AA0000A765B361
:0432AB00B7F67613E9
:0432AC0060059863BE
:0432AD0000080313FF
:0432AE000000071302
:0432AF0000060813FA
:0432B000EE0C80E3BD
:0432B10000100613F0
:0432B2000CC708E35A
:0432B30000200613DE
:0432B40000C708E364
:0432B50000000713FB
:0432B60000000513FC
:0432B700F6DFF06FDF
:0432B8000000863755
:0432B900830606136F
:0432BA0002C11E230C
:0432BB000000961762
:0432BC00B9860613B6
:0432BD000008A7035B
:0432BE00000D8693E6
:0432BF0000000513F3
:0432C000002C681363
:0432C10000488893A6
:0432C20000C1202304
:0432C30002010DA354
:0432C400060CC863C9
:0432C50000A76633C5
:0432C600F7F875930D
:0432C70004061C637A
:0432C80000080313E4
:0432C90000200713C7
:0432CA000005881360
:0432CB00E71FF06F9A
:0432CC00020C771366
:0432CD005607146329
:0432CE00010C771365
:0432CF0076071A6301
:0432D000040C771360
:0432D100000716E3F9
:0432D200200C781341
:0432D3007608026314
:0432D4000008A70344
:0432D5000048889392
:0432D60001A7002329
:0432D700F64FF06F4F
:0432D800000BC6031E
:0432D90006C0071311
:0432DA0072E6046331
:0432DB00010C6C1363
:0432DC00FD4FF06F43
:0432DD0000200613B4
:0432DE00000588134C
:0432DF00EC0606E310
:0432E00000012303C3
:0432E1000F010C13BA
:0432E20000F7761368
:0432E30000C30633EB
:0432E4000006458318
:0432E5000047571334
:0432E60001C51613F5
:0432E70000E6673363
:0432E8000045551335
:0432E900FEBC0FA375
:0432EA0000A76633A0
:0432EB00FFFC0C13C5
:0432EC00FC061CE3DD
:0432ED000F010713B3
:0432EE0041870333DE
:0432EF00000C891333
:0432F000E46CD6E3D1
:0432F10000030913BA
:0432F200E45FF06F36
:0432F30041268DB330
:0432F40087B05AE362
:0432F500010005933C
:0432F60000009F171E
:0432F700238F0F13FF
:0432F8000BB5D463DB
:0432F9000121282364
:0432FA0001712A2311
:0432FB00000D891326
:0432FC0001000E13AC
:0432FD0000700F93BB
:0432FE000101222385
:0432FF0000D12423B3
:04330000006126231F
:0433010000088D93A0
:04330200000F0B931A
:0433030000C0006F97
:04330400FF090913A1
:04330500052E5A63D4
:0433060001060613A3
:043307000017071391
:043308000177A02386
:0433090001C7A22333
:04330A0004C12423B3
:04330B0004E1222394
:04330C00008787931C
:04330D00FCEFDEE310
:04330E00040106139D
:04330F00000485939E
:043310000009851318
:04331100D31F90EF47
:04331200940514E327
:0433130001000E1394
:04331400FF09091391
:043315000481260306
:043316000441270344
:04331700000A07930E
:0433180000700F939F
:04331900FB2E4AE35A
:04331A00000D889387
:04331B00000B8F1301
:04331C0000090D9304
:04331D000041280340
:04331E000081268381
:04331F0000C12303C3
:04332000010129037B
:0433210001412B83B8
:0433220001B60633B7
:043323000017071375
:0433240001E7A023FA
:0433250001B7A22327
:0433260004C1242397
:0433270004E1222378
:043328000070059399
:0433290000878793FF
:04332A00F8E5DE6381
:04332B000401061380
:04332C000004859381
:04332D0000098513FB
:04332E00011128233E
:04332F0000612623F0
:0433300000D1242381
:043331000101222351
:04333200CADF90EF6F
:043333008C0512E310
:0433340000C12303AE
:0433350004812603E6
:043336000441270324
:04333700406C8CB3A7
:0433380001012883E4
:043339000081268366
:04333A000041280323
:04333B00000A0793EA
:04333C00F5905E6347
:04333D0000009F17D6
:04333E0011CF0F1389
:04333F0009945A6330
:04334000012128231C
:0433410000700D9378
:04334200000C8913DF
:04334300010122233F
:0433440000D124236D
:0433450000612623DA
:0433460001112A2324
:04334700000A8C9359
:0433480000C0006F52
:04334900FF0909135C
:04334A00052456639D
:04334B00010606135E
:04334C00001707134C
:04334D000157A02361
:04334E000087A2232F
:04334F0004C124236E
:0433500004E122234F
:0433510000878793D7
:04335200FCEDDEE3CD
:043353000401061358
:043354000004859359
:0433550000098513D3
:04335600C1DF90EF54
:0433570082051AE3EE
:04335800FF0909134D
:0433590004812603C2
:04335A000441270300
:04335B00000A0793CA
:04335C00FB244EE31D
:04335D00000C8F13BE
:04335E0000412803FF
:04335F0000090C93C2
:04336000008126833F
:0433610000C1230381
:04336200014128837A
:043363000101290338
:043364000196063395
:043365000017071333
:0433660001E7A023B8
:043367000197A22305
:0433680004C1242355
:0433690004E1222336
:04336A000070059357
:04336B0000878793BD
:04336C00E8E5DE634F
:04336D00040106133E
:04336E00000485933F
:04336F0000098513B9
:0433700001112823FC
:0433710000612623AE
:0433720000D124233F
:04337300010122230F
:04337400BA5F90EFBD
:04337500FA051E63D4
:0433760004812603A5
:0433770004412703E3
:0433780001012883A4
:0433790000C1230369
:04337A000081268325
:04337B0000412803E2
:04337C00000A0793A9
:04337D00E58FF06F79
:04337E00040106132D
:04337F00000485932E
:0433800000098513A8
:0433810001112623ED
:0433820000D124232F
:0433830001012223FF
:04338400B65F90EFB1
:04338500F6051E63C8
:043386000481260395
:0433870000C12883D6
:043388000081268317
:0433890000412803D4
:04338A00000A07939B
:04338B00E44FF06FAC
:04338C0001000593A4
:04338D0000009E1787
:04338E00FCCE0E1350
:04338F000BB5DC633B
:0433900003212223D0
:04339100037124237D
:04339200000D89138E
:0433930001000F1313
:04339400007003932F
:0433950001012223ED
:0433960001F12423FA
:043397000051262398
:0433980000D1282315
:0433990000612A2382
:04339A0000088D9307
:04339B00000E0B9382
:04339C0000C0006FFE
:04339D00FF09091308
:04339E00052F5A633A
:04339F00010606130A
:0433A00000170713F8
:0433A1000177A023ED
:0433A20001E7A2237A
:0433A30004C124231A
:0433A40004E12223FB
:0433A5000087879383
:0433A600FCE3DEE383
:0433A7000401061304
:0433A8000004859305
:0433A900000985137F
:0433AA00ACDF90EF15
:0433AB00EE051263B6
:0433AC0001000F13FA
:0433AD00FF090913F8
:0433AE00048126036D
:0433AF0004412703AB
:0433B000000A079375
:0433B1000070039312
:0433B200FB2F4AE3C0
:0433B300000D8893EE
:0433B400000B8E1369
:0433B50000090D936B
:0433B60000412803A7
:0433B70000812F83DF
:0433B80000C12283AB
:0433B9000101268365
:0433BA0001412303A7
:0433BB00024129039F
:0433BC0002812B83DC
:0433BD0001B606331C
:0433BE0000170713DA
:0433BF0001C7A0237F
:0433C00001B7A2238C
:0433C10004C12423FC
:0433C20004E12223DD
:0433C30000700593FE
:0433C4000087879364
:0433C500CCE5D2631E
:0433C60004010613E5
:0433C70000048593E6
:0433C8000009851360
:0433C90003112223A7
:0433CA0000612A2351
:0433CB0000D12823E2
:0433CC000051262363
:0433CD0001F12423C3
:0433CE0001012223B4
:0433CF00A39F90EF39
:0433D000E405186395
:0433D100048126034A
:0433D2000441270388
:0433D3000241288308
:0433D400014123038D
:0433D5000101268349
:0433D60000C122838D
:0433D70000812F83BF
:0433D8000041280385
:0433D900000A07934C
:0433DA00C70FF06FBA
:0433DB0004010613D0
:0433DC0000048593D1
:0433DD00000985134B
:0433DE0001112A238C
:0433DF00006128233E
:0433E00000D12623CF
:0433E1000051242350
:0433E20001012223A0
:0433E3009E9F90EF2A
:0433E400E00510638D
:0433E5000481260336
:0433E6000441270374
:0433E70001412883F5
:0433E80001012303B9
:0433E90000C1268376
:0433EA0000812283B9
:0433EB000041280372
:0433EC00000A079339
:0433ED00C88FF06F26
:0433EE0001067593CC
:0433EF000008A70328
:0433F0000048889376
:0433F1000C059863CC
:0433F20004067593C5
:0433F3000C058063E2
:0433F40001071713A3
:0433F5000107571362
:0433F60000000513BB
:0433F700A61FF06FAE
:0433F8000103761344
:0433F9000008A7031E
:0433FA00004888936C
:0433FB0008061A6343
:0433FC00040376133D
:0433FD000806026359
:0433FE000107191397
:0433FF000109591354
:0434000000000D9328
:0434010097DFF06FF2
:043402000108761334
:043403000008A70313
:043404000048889361
:0434050004061A633C
:04340600040876132D
:043407000406026352
:04340800010719138C
:043409004109591309
:04340A0041F95D9394
:04340B00000D861317
:04340C008F1FF06FAF
:04340D00000C081394
:04340E00000D869394
:04340F008C5FF06F6F
:04341000000009139C
:043411000F010C1388
:043412009C5FF06F5C
:043413000584A50384
:04341400C61F50EF90
:0434150000C4970355
:043416000644A7833E
:043417009B0FF06FA8
:0434180020087613FF
:043419002E061E63FA
:04341A0041F75D9386
:04341B00000709138A
:04341C00000D861306
:04341D008ADFF06FE3
:04341E0020037613FE
:04341F002E061C63F6
:043420000007091385
:0434210000000D9307
:043422008F9FF06F19
:043423002006759377
:043424002E05986376
:04342500000005138B
:043426009A5FF06F4A
:043427000008A703EF
:0434280041FD569379
:04342900004888933C
:04342A0001A72023B3
:04342B0000D7222381
:04342C00A10FF06F8D
:04342D00000309137C
:04342E0000070C1374
:04342F00951FF06F86
:043430000006081377
:04343100000006137E
:04343200980600E315
:04343300AB5FF06F2C
:04343400FFF00C9306
:0434350000050B93F0
:04343600A70FF06F7D
:04343700000D86936B
:04343800000C06136B
:0434390093DFF06FBE
:04343A00000D869368
:04343B00000C03136B
:04343C00875FF06F47
:04343D0000008717ED
:04343E005A470713CF
:04343F00000C081362
:04344000000D869362
:0434410000E1202363
:0434420002087713F2
:0434430006070A630B
:0434440000788893F1
:04344500FF88F89371
:043446000008A703D0
:043447000048A50391
:0434480000888893DD
:04344900001875935F
:04344A0000058E6388
:04344B0000A765B3BE
:04344C0000058A638A
:04344D0003000593E0
:04344E0002B10E2396
:04344F0002C10EA305
:0434500000286813D5
:04345100BFF8781335
:043452009C5FF06F1C
:0434530000008717D7
:043454005387071380
:04345500000C08134C
:04345600000D86934C
:0434570000E120234D
:04345800FA9FF06F78
:04345900000C05134B
:04345A00E39F50EFAD
:04345B000041280301
:04345C000081268342
:04345D0000C1278300
:04345E00000503134F
:04345F00E18FF06F9A
:043460000108759357
:043461000008A703B5
:043462000048889303
:043463000205926369
:043464000408759350
:0434650000058A6371
:043466000107171330
:0434670001075713EF
:043468000000051348
:04346900F81FF06FE9
:04346A00200875932E
:04346B001E05906347
:04346C000000051344
:04346D00F71FF06FE6
:04346E004008771388
:04346F000000061340
:043470000F01031332
:04347100019126237C
:0434720001A12A2367
:0434730003312223DC
:04347400029124237A
:0434750001812D03A1
:04347600010122230B
:0434770000D1242339
:0434780000F1282314
:0434790000070C93A9
:04347A0000060993AC
:04347B0000030493B3
:04347C0003112623EF
:04347D000280006F5A
:04347E0000A0061391
:04347F0000000693B0
:043480000009051327
:04348100000D859322
:043482000C5000EFFB
:043483001A0D80633B
:043484000005091323
:0434850000058D931E
:04348600000C04939F
:0434870000A0061388
:0434880000000693A7
:04348900000905131E
:04348A00000D859319
:04348B0072D000EF0C
:04348C00030505131C
:04348D00FEA48FA367
:04348E00FFF48C13A8
:04348F000019899304
:04349000FA0C8CE3C3
:04349100000D478360
:04349200FB3798E389
:043493000FF007939C
:04349400FAF984E3DA
:04349500080D9C631F
:043496000090079308
:043497000927E863B6
:0434980001A12C233F
:0434990000412803C3
:04349A000081268304
:04349B0000C12C83BD
:04349C000101278380
:04349D0001412D03B9
:04349E00024129833B
:04349F0002812483FF
:0434A00002C12883BA
:0434A100931FF06F16
:0434A200838F50EFD5
:0434A300F69FE06F41
:0434A400001BC60340
:0434A500020C6C1396
:0434A600001B8B93E9
:0434A7008A8FF06FA9
:0434A800001BC6033C
:0434A900200C6C1374
:0434AA00001B8B93E5
:0434AB00898FF06FA6
:0434AC000008A7036A
:0434AD0000488893B8
:0434AE0001A720232F
:0434AF00804FF06FEB
:0434B000006007139E
:0434B100000C831375
:0434B20009976063B3
:0434B30000030913F6
:0434B400000D8893EC
:0434B50000008C1770
:0434B6003D8C0C132A
:0434B7008DCFF06F56
:0434B80000000713F6
:0434B90000000513F7
:0434BA00899FF06F87
:0434BB0001C12783A1
:0434BC000201258361
:0434BD00000009936F
:0434BE0040FC0C338F
:0434BF000007861369
:0434C000000C0513E4
:0434C100DBCFA0EFCE
:0434C200001D47831F
:0434C30000A006134C
:0434C400000006936B
:0434C50000F037B329
:0434C60000090513E1
:0434C700000D8593DC
:0434C80000FD0D33C3
:0434C9007A8000EF16
:0434CA00EE9FF06F12
:0434CB0004010613DF
:0434CC0000048593E0
:0434CD00000985135A
:0434CE00E3CF90EFC9
:0434CF00A4051C63D1
:0434D00004012223AE
:0434D100A50FF06FE4
:0434D2000060031380
:0434D300F81FF06F7F
:0434D4000008A70342
:0434D5000048889390
:0434D60001A7102317
:0434D700F65FE06F4D
:0434D800018719133C
:0434D90041895913B9
:0434DA0041F95D93C4
:0434DB00000D861347
:0434DC00DB0FF06FA3
:0434DD000FF7791359
:0434DE0000000D934A
:0434DF00E04FF06F5B
:0434E0000FF7771358
:0434E10000000513CF
:0434E200EB4FF06F4D
:0434E3000FF7771355
:0434E40000000513CC
:0434E500D91FF06F8C
:0434E60003000713C5
:0434E700E58FF06F0E
:0434E8000584A503AF
:0434E900925F50EFAF
:0434EA00948FF06F5C
:0434EB0000900793B3
:0434EC00E727E0E30B
:0434ED00EADFF06FB3
:0434EE000644A78366
:0434EF000017F79338
:0434F00000079C63D2
:0434F10000C4D783B9
:0434F2002007F79325
:0434F30000079663D5
:0434F4000584A503A3
:0434F5008F5F50EFA6
:0434F600FFF00B9345
:0434F7009ECFF06F05
:0434F8000008AC8399
:0434F900004888936C
:0434FA00000CD4638B
:0434FB00FFF00C933F
:0434FC00001BC603E8
:0434FD0000050B9328
:0434FE00F4DFE06FA8
:0434FF00000606932A
:043500000005861329
:043501000005059329
:043502008201A5039A
:04350300DADFE06FBC
:04350400B7010113F7
:0435050000C59783E3
:0435060000E5D70302
:0435070048812423B0
:043508000005841323
:04350900000105B701
:04350A00FFD58593D1
:04350B00064423034C
:04350C0001C428834B
:04350D000244280349
:04350E000107171387
:04350F0000B7F7B357
:0435100000E7E7B336
:0435110040000593DE
:043512004921202308
:0435130000F12A2376
:043514000005091392
:043515000701079310
:043516000601051392
:04351700481126230E
:043518004891222391
:0435190047312E23E5
:04351A000006049310
:04351B00000689938A
:04351C0006612623FB
:04351D000311222351
:04351E00030126235C
:04351F0000F1242370
:0435200000F12C2367
:0435210000B12823AA
:0435220000B12E23A3
:04352300020120235E
:04352400811F50EFC4
:043525000004861305
:04352600000986937F
:043527000081059387
:04352800000905137E
:04352900D15FE0EF9F
:04352A000005049301
:04352B0004055263DE
:04352C00014157837F
:04352D000407F79305
:04352E0000078863A7
:04352F0000C45783FA
:043530000407E79312
:0435310000F4162369
:043532000601250366
:04353300FDCF50EF89
:0435340048C12083E7
:0435350048812403A2
:04353600480129031C
:0435370047C12983DC
:0435380000048513F3
:04353900484124835E
:04353A00490101132F
:04353B0000008067A5
:04353C000081059372
:04353D000009051369
:04353E00891F90EF62
:04353F00FA050AE39C
:04354000FFF0049301
:04354100FADFF06F4E
:043542008201A5035A
:04354300000080679D
:04354400FF0101136F
:04354500006005130A
:043546000011262327
:043547002A8000EFE7
:043548000010051357
:0435490006C070EF59
:04354A00118527833D
:04354B00000786638C
:04354C000000051363
:04354D000000806793
:04354E00FF01011365
:04354F0008000593D8
:0435500000812423AF
:04355100001126231C
:043552000005041359
:04355300998F60EFFD
:0435540010A42C2370
:043555000205046304
:0435560008050793CA
:043557000005202328
:043558000045051312
:04355900FEF51CE37C
:04355A000000051355
:04355B0000C1208308
:04355C0000812403C3
:04355D000101011354
:04355E000000806782
:04355F00FFF0051361
:04356000FEDFF06F2B
:04356100FE01011353
:0435620000912A2387
:0435630000112E2302
:0435640001F00793D8
:0435650000050493C6
:0435660002B7EC6359
:043567001185278320
:0435680000812C238F
:0435690000058413C2
:04356A0002078C6365
:04356B000024141311
:04356C00008787B39A
:04356D0001812403B1
:04356E000007A503AA
:04356F0000C7A023CE
:0435700001C12083F2
:04357100014124836D
:04357200020101133E
:04357300000080676D
:043574000160079358
:0435750000F520231A
:04357600FFF005134A
:04357700FE5FF06F94
:0435780008000593AF
:0435790000C1262344
:04357A008FCF60EFA0
:04357B0010A4AC23C9
:04357C0000C1260361
:04357D0000050793AB
:04357E00000507132A
:04357F0008050693A2
:0435800000050A63D5
:0435810000072023FC
:0435820000470713E4
:04358300FED71CE370
:04358400F9DFF06F0C
:043585000181240399
:04358600FFF005133A
:04358700FA5FF06F88
:04358800FF0101132B
:043589000091222368
:04358A0000112623E3
:04358B0001F00793B1
:04358C00000504939F
:04358D000AB7E06336
:04358E0011852783F9
:04358F000081242370
:04359000000584139B
:043591000407846344
:043592000025971366
:0435930000E787B313
:043594000007A70382
:0435950002070C63BA
:043596000010069388
:0435970000D70C63EA
:04359800FFF00693A7
:0435990004D70863E8
:04359A000007A02363
:04359B00000585138F
:04359C00000700E73D
:04359D000081240382
:04359E000000051311
:04359F0000C12083C4
:0435A000004124833F
:0435A1000101011310
:0435A200000080673E
:0435A3000004851388
:0435A400438000EF71
:0435A5000004061305
:0435A6000081240379
:0435A70000C12083BC
:0435A8000005059382
:0435A9000004851382
:0435AA000041248335
:0435AB000101011306
:0435AC003B80006FF1
:0435AD000081240372
:0435AE0000C12083B5
:0435AF00016007931D
:0435B00000F52023DF
:0435B100004124832E
:0435B20000100513ED
:0435B30001010113FE
:0435B400000080672C
:0435B5000160079317
:0435B60000F52023D9
:0435B700FFF0051309
:0435B800F9DFF06FD8
:0435B90001F0079383
:0435BA000CB7EA63FD
:0435BB0011852783CC
:0435BC00FF010113F7
:0435BD000081242342
:0435BE000091222333
:0435BF0000112623AE
:0435C000000584136B
:0435C100000504936A
:0435C2000807806313
:0435C30000241713B6
:0435C40000E787B3E2
:0435C5000007A70351
:0435C60002070C6389
:0435C700FFF0069378
:0435C80006D70063BF
:0435C9000010069355
:0435CA0004D70063BF
:0435CB0000040513E0
:0435CC000007A02331
:0435CD00000700E70C
:0435CE0000000513E1
:0435CF0000C1208394
:0435D000008124034F
:0435D100004124830E
:0435D20001010113DF
:0435D300000080670D
:0435D40000C120838F
:0435D500008124034A
:0435D6000041248309
:0435D70000100513C8
:0435D80001010113D9
:0435D9000000806707
:0435DA0000C1208389
:0435DB000081240344
:0435DC000041248303
:0435DD0000300513A2
:0435DE0001010113D3
:0435DF000000806701
:0435E00000200513AF
:0435E100FB9FF06FED
:0435E2000800059345
:0435E300F59F50EF11
:0435E40010A4AC2360
:0435E5000005079343
:0435E60000050E636B
:0435E70000050713C1
:0435E8000805069339
:0435E9000007202394
:0435EA00004707137C
:0435EB00FED71CE308
:0435EC00F5DFF06FA8
:0435ED00FFF00513D3
:0435EE00F85FF06F23
:0435EF00FFF00513D1
:0435F00000008067F0
:0435F100FF010113C2
:0435F20000912223FF
:0435F300001126237A
:0435F40001F0079348
:0435F5008201A48328
:0435F60008A7EE63D1
:0435F7001184A78311
:0435F8000081242307
:0435F90000050413B2
:0435FA0004078263DD
:0435FB00002517137D
:0435FC0000E787B3AA
:0435FD000007A70319
:0435FE0002070A6353
:0435FF00001006931F
:0436000000D70A6382
:04360100FFF006933D
:0436020004D7066380
:043603000007A023F9
:04360400000700E7D4
:043605000081240319
:0436060000000513A8
:0436070000C120835B
:0436080000412483D6
:0436090001010113A7
:04360A0000008067D5
:04360B00000485131F
:04360C00298000EF22
:04360D00000406139C
:04360E000081240310
:04360F0000C1208353
:043610000005059319
:043611000004851319
:0436120000412483CC
:04361300010101139D
:043614002180006FA2
:043615000081240309
:0436160000C120834C
:0436170001600793B4
:0436180000F4A023F7
:043619000010051385
:04361A0000412483C4
:04361B000101011395
:04361C0000008067C3
:04361D0001600793AE
:04361E0000F4A023F1
:04361F00FFF00513A0
:04362000F9DFF06F6F
:04362100FF01011391
:04362200012120233F
:043623000011262349
:0436240001F0079317
:043625008201A90372
:0436260004A7E263B0
:0436270000812423D7
:043628000005041382
:0436290011892503DB
:04362A0000912223C6
:04362B00000584937F
:04362C0002050E6322
:04362D00002414134E
:04362E00008507B359
:04362F000007A503E8
:0436300000812403EE
:043631000097A0233B
:0436320000412483AC
:0436330000C120832F
:043634000001290365
:04363500010101137B
:0436360000008067A9
:043637000160079394
:0436380000F9202352
:04363900FFF0051386
:04363A00FE5FF06FD0
:04363B0008000593EB
:04363C000009051369
:04363D00DF1F50EF4C
:04363E0010A92C2380
:04363F0000050793E8
:04364000080507135F
:0436410000050A6313
:043642000007A023BA
:043643000047879322
:04364400FEF71CE38E
:04364500FA1FF06F09
:0436460000812403D8
:043647000041248397
:04364800FFF0051377
:04364900FA9FF06F85
:04364A00FF01011368
:04364B0000812423B3
:04364C008201A40350
:04364D00118427833A
:04364E00001126231E
:04364F0000078C6381
:04365000000005135E
:0436510000C1208311
:0436520000812403CC
:04365300010101135D
:04365400000080678B
:0436550008000593D1
:043656000004051354
:04365700D89F50EFB9
:0436580010A42C236B
:0436590000050C63F9
:04365A0008050793C5
:04365B000005202323
:04365C00004505130D
:04365D00FEF51CE377
:04365E00FC9FF06F6E
:04365F00FFF0051360
:04366000FC5FF06FAC
:04366100FF01011351
:04366200009122238E
:043663000011262309
:0436640001F00793D7
:043665008201A483B7
:043666000CA7E46366
:043667001184A783A0
:043668000081242396
:043669000005041341
:04366A000807826368
:04366B00002417130D
:04366C0000E787B339
:04366D000007A703A8
:04366E0002070C63E0
:04366F00FFF00693CF
:0436700006D7006316
:0436710000100693AC
:0436720004D7006316
:043673000004051337
:043674000007A02388
:04367500000700E763
:0436760000812403A8
:043677000000051337
:0436780000C12083EA
:043679000041248365
:04367A000101011336
:04367B000000806764
:04367C0000812403A2
:04367D0000C12083E5
:04367E000041248360
:04367F00001005131F
:043680000101011330
:04368100000080675E
:04368200008124039C
:0436830000C12083DF
:04368400004124835A
:0436850000300513F9
:04368600010101132A
:043687000000806758
:043688000081240396
:043689000020051305
:04368A00FB9FF06F43
:04368B00080005939B
:04368C00000485139E
:04368D00CB1F50EF10
:04368E0010A4AC23B5
:04368F000005079398
:0436900000050E63C0
:043691000005071316
:04369200080506938E
:0436930000072023E9
:0436940000470713D1
:04369500FEE69CE3CE
:04369600F55FF06F7D
:043697000081240387
:04369800FFF0051327
:04369900F7DFF06FF8
:04369A00FF01011318
:04369B00000587138C
:04369C000081242362
:04369D00000605938B
:04369E00000504130C
:04369F000007051308
:0436A0000000B797D8
:0436A1007207AA23DF
:0436A20000112623CA
:0436A3005ED060EFA6
:0436A400FFF0079399
:0436A50000F50A63BF
:0436A60000C12083BC
:0436A7000081240377
:0436A8000101011308
:0436A9000000806736
:0436AA000000B797CE
:0436AB0070C7A783BA
:0436AC00FE0784E3AE
:0436AD0000C12083B5
:0436AE0000F42023E1
:0436AF00008124036F
:0436B0000101011300
:0436B100000080672E
:0436B20040D0606F35
:0436B300FD01011301
:0436B40001312E238F
:0436B50002112623B5
:0436B6000161282363
:0436B700000509936E
:0436B80016069663F9
:0436B9000291222335
:0436BA0001512A236D
:0436BB000281242341
:0436BC0003212023A3
:0436BD0001412C2378
:0436BE0000060A9365
:0436BF00000504936B
:0436C0001CC5F063D2
:0436C100000107B746
:0436C2000005891363
:0436C3002AF66E6312
:0436C400010007B743
:0436C5000180071366
:0436C60000F6746333
:0436C70001000713E4
:0436C800000167B7DF
:0436C90000E656B30E
:0436CA00E6078793F5
:0436CB0000D787B3EA
:0436CC000007C783A9
:0436CD00020006935E
:0436CE0000E787B3D7
:0436CF0040F6873307
:0436D00000F68C6311
:0436D10000E5993344
:0436D20000F9D7B371
:0436D30000E61AB340
:0436D4000127E933AE
:0436D50000E994B3C1
:0436D600010ADA13F8
:0436D700000A05934D
:0436D80000090513CD
:0436D900010A9B1334
:0436DA007D0060EF20
:0436DB00010B5B1371
:0436DC00000505934D
:0436DD0000050413CD
:0436DE00000B0513C5
:0436DF00790060EF1F
:0436E0000005079347
:0436E100000A059343
:0436E20000090513C3
:0436E3000007891340
:0436E4007F0060EF14
:0436E50001051513B3
:0436E6000104D79371
:0436E70000A7E7B39E
:0436E8000127FC6357
:0436E90000FA87B3A9
:0436EA00FFF40713CF
:0436EB000157E4633C
:0436EC005927E8630F
:0436ED0000070413BB
:0436EE0041278933B4
:0436EF00000A059335
:0436F00000090513B5
:0436F100774060EFCF
:0436F2000005059337
:0436F3000005099332
:0436F400000B0513AF
:0436F500738060EF8F
:0436F6000005079331
:0436F700000A05932D
:0436F80000090513AD
:0436F90001049493A1
:0436FA000007891329
:0436FB00794060EFC3
:0436FC00010515139C
:0436FD000104D4935D
:0436FE0000A4E4B38D
:0436FF000124FC6343
:04370000009A84B3F4
:04370100FFF98793B2
:043702002F54EC63F1
:04370300FFE98993BE
:043704002F24F86313
:043705000104141394
:0437060001346533F2
:0437070000000B13A0
:043708000281240313
:0437090002C1208356
:04370A0002412483D1
:04370B00020129038B
:04370C0001812A030A
:04370D0001412A83C9
:04370E0001C1298349
:04370F00000B059313
:0437100001012B0385
:04371100030101139C
:0437120000008067CC
:0437130002D5F26386
:0437140000000B1393
:043715000000051398
:0437160002C1208349
:0437170001C1298340
:04371800000B05930A
:0437190001012B037C
:04371A000301011393
:04371B0000008067C3
:04371C00000107B7EA
:04371D0026F6EE633B
:04371E00010007B7E8
:04371F00018005130D
:0437200000F6F46358
:04372100010005138B
:04372200000167B784
:0437230000A6D733F2
:04372400E60787939A
:0437250000E787B37F
:043726000007C703CE
:043727000200079302
:0437280000A70733BC
:0437290040E78B33B7
:04372A0026E790639B
:04372B0044B6EE634F
:04372C0000C9B533E8
:04372D00001535133B
:04372E0000000B1379
:04372F00F9DFF06F5F
:0437300010060C6310
:04373100000107B7D5
:0437320042F6766382
:043733001006371332
:043734000017371330
:04373500003717132F
:0437360000E656B3A0
:04373700000167B76F
:04373800E607879386
:0437390000D787B37B
:04373A000007C403BD
:04373B0002000793EE
:04373C0000E404336E
:04373D004087873307
:04373E0010879463F9
:04373F0001061993D3
:0437400040C58433C9
:043741000106591311
:043742000109D9930D
:0437430000100B1354
:0437440000090593E0
:043745000004051364
:04374600620060EFCE
:04374700000985935D
:0437480000050A135B
:043749005E8060EF4F
:04374A0000050793DC
:04374B0000090593D9
:04374C00000405135D
:04374D0000078413DA
:04374E00648060EF44
:04374F000105151348
:043750000104D71386
:0437510000A7673333
:0437520000877C630D
:0437530000EA8733CE
:04375400FFFA0793DE
:043755000157646351
:043756003C876E63DB
:0437570000078A13CA
:04375800408704336F
:0437590000090593CB
:04375A00000405134F
:04375B005CC060EFFF
:04375C000009859348
:04375D0000050993C7
:04375E00594060EF7F
:04375F0000050793C7
:0437600000090593C4
:043761000004051348
:043762000104949337
:0437630000078413C4
:043764005F0060EFB3
:043765000105151332
:043766000104D493F3
:0437670000A4E4B323
:043768000084FE6378
:04376900009A84B38B
:04376A00FFF9879349
:04376B000154E663BC
:04376C00FFE9899355
:04376D000084E4638D
:04376E000007899334
:04376F00010A1793A1
:043770000137E53305
:04377100E5DFF06F31
:0437720010063713F3
:0437730000173713F1
:0437740000371713F0
:04377500D4DFF06F3E
:04377600000167B730
:0437770000000693B5
:04377800E607879346
:0437790000D787B33B
:04377A000007C4037D
:04377B000000071330
:04377C0002000793AD
:04377D0000E404332D
:04377E0040878733C6
:04377F00F08780E36C
:0437800000E61AB392
:043781000171262389
:04378200010AD9134C
:043783000085DBB32F
:0437840000E597B312
:0437850000E994B310
:043786000089D433AF
:04378700000905939D
:04378800000B85139A
:04378900010A999305
:04378A0000F46433B0
:04378B000109D993C4
:04378C00508060EF1A
:04378D00000505939B
:04378E0000050B1314
:04378F000009851395
:043790004CC060EFDA
:0437910000050A1312
:043792000009059392
:04379300000B85138F
:04379400530060EF8F
:043795000105151302
:043796000104579340
:0437970000A7E7B3ED
:043798000147FE6384
:0437990000FA87B3F8
:04379A00FFFB071317
:04379B002B57EC6359
:04379C002B47FA635A
:04379D00FFEB0B1320
:04379E00015787B395
:04379F0041478A33E1
:0437A0000009059384
:0437A100000A051302
:0437A2004B0060EF89
:0437A3000005059385
:0437A40000050B937E
:0437A500000985137F
:0437A600474060EF49
:0437A700000507937F
:0437A800000905937C
:0437A900000A0513FA
:0437AA0001041413EF
:0437AB0000078A1376
:0437AC004D0060EF7D
:0437AD0001051513EA
:0437AE0001045413AB
:0437AF0000A46433DB
:0437B00001447E63EF
:0437B100008A8433D3
:0437B200FFFB8793FF
:0437B30025546463D2
:0437B40025447263D3
:0437B500FFEB8B9308
:0437B6000154043383
:0437B700010B1B13D4
:0437B800017B6B33F3
:0437B9004144043350
:0437BA0000C12B839C
:0437BB00E25FF06F6A
:0437BC001006B5132B
:0437BD0000153513AB
:0437BE0000351513AA
:0437BF00D8DFF06FF0
:0437C00000078993E2
:0437C100D11FF06FB5
:0437C200016696B353
:0437C300019122232B
:0437C40000E65CB30C
:0437C50000DCECB385
:0437C60001512A2360
:0437C7000171262343
:0437C800010CDA9383
:0437C90000E5DBB389
:0437CA00016597B34B
:0437CB0000E9D73307
:0437CC000181242330
:0437CD00000A8593D6
:0437CE00000B851354
:0437CF00010C9C133A
:0437D000028124232B
:0437D100029122231C
:0437D200032120238C
:0437D30000F764B3E4
:0437D400016619333E
:0437D50001412C235F
:0437D600010C5C1373
:0437D7003DC060EFA2
:0437D8000005059350
:0437D90000050413D0
:0437DA00000C0513C7
:0437DB003A0060EF61
:0437DC0000050A13C7
:0437DD00000A8593C6
:0437DE00000B851344
:0437DF00404060EF17
:0437E00001051513B7
:0437E1000104D79375
:0437E20000A7E7B3A2
:0437E3000147FE6339
:0437E40000FC87B3AB
:0437E500FFF40713D3
:0437E6001997EA63E2
:0437E7001947F86323
:0437E800FFE40413E3
:0437E900019787B30A
:0437EA0041478A3396
:0437EB00000A8593B8
:0437EC00000A0513B7
:0437ED00384060EF11
:0437EE00000505933A
:0437EF0000050B9333
:0437F000000C0513B1
:0437F100348060EFD1
:0437F2000005079334
:0437F300000A8593B0
:0437F400000A0513AF
:0437F50000078A132C
:0437F6003A8060EFC6
:0437F700010497131F
:0437F800010515139F
:0437F900010757135A
:0437FA0000A767338A
:0437FB0001477E63A1
:0437FC0000EC873323
:0437FD00FFFB8793B4
:0437FE001397626358
:0437FF001347706399
:04380000FFEB8B93BC
:0438010001970733F1
:0438020000010E377C
:043803000104141395
:0438040001746433B4
:04380500FFFE079328
:0438060000F478331F
:0438070000F977B39A
:0438080041470733FA
:0438090001045E93C5
:04380A000109591344
:04380B000008051399
:04380C000007859399
:04380D002D8060EFBB
:04380E00000503139B
:04380F000009059314
:043810000008051394
:043811002C8060EFB8
:043812000005081392
:043813000007859392
:04381400000E85130A
:043815002B8060EFB5
:04381600000508930E
:04381700000905930C
:04381800000E851306
:043819002A8060EFB2
:04381A0001035793BC
:04381B000118083355
:04381C00010787B366
:04381D000117F46338
:04381E0001C50533A8
:04381F000107D69334
:0438200000A686B3C5
:0438210006D76463FF
:0438220004D7026362
:043823000004051385
:0438240002812403F6
:0438250002C1208339
:0438260000000B1380
:0438270002412483B3
:04382800020129036D
:0438290001812A03EC
:04382A0001412A83AB
:04382B0000C12B832A
:04382C0000812C03E8
:04382D0000412C83A7
:04382E0001C1298328
:04382F00000B0593F2
:0438300001012B0364
:04383100030101137B
:0438320000008067AB
:043833000001073752
:04383400FFF7071380
:0438350000E7F7B3FE
:04383600010797935C
:0438370000E3733304
:04383800016995335A
:04383900006787B3EA
:04383A00FAF572E346
:04383B00FFF405137E
:04383C00FA1FF06F10
:04383D00010007B7C8
:04383E0004F67A63AF
:04383F000106569395
:043840000100071369
:04384100BD9FF06FC8
:0438420000000B1364
:043843000010051359
:04384400B49FF06FCE
:0438450000078B935A
:04384600DC5FF06FE4
:0438470000078B9358
:04384800EE9FF06F90
:0438490000070B1356
:04384A00D55FF06FE7
:04384B00000704135B
:04384C00E79FF06F93
:04384D00FFEA0A1371
:04384E0001570733E4
:04384F00C25FF06FF5
:04385000FFE404137A
:04385100015787B3E1
:04385200A71FF06F4D
:043853000186569301
:0438540001800713D5
:04385500B89FF06FB9
:04385600FD0101135C
:043857000211262311
:0438580000050793CD
:043859001406966358
:04385A000321202303
:04385B0001412C23D8
:04385C00028124239E
:04385D00029122238F
:04385E0001312E23E3
:04385F0001512A23C6
:0438600000060A1341
:043861000005091342
:043862001AC5F6632A
:043863000001073722
:0438640000058413C4
:0438650026E66A6386
:04386600010007371F
:043867000180069343
:0438680000E674639F
:0438690001000693C1
:04386A0000016737BB
:04386B0000D65533FB
:04386C00E607071351
:04386D0000A7073376
:04386E000007470305
:04386F00020005133B
:0438700000D7073343
:0438710040E504B377
:0438720000E50C63FE
:0438730000959433F5
:0438740000E7D7335F
:0438750000961A336C
:043876000087643330
:0438770000979933EA
:04387800010A599355
:04387900000985932A
:04387A00000405132E
:04387B00010A1A9391
:04387C00148060EF65
:04387D00010ADA93CF
:04387E00000A859324
:04387F00110060EFE5
:0438800000050793A5
:043881000009859322
:043882000004051326
:0438830000078413A3
:04388400170060EFDA
:043885000105151311
:04388600010957934A
:0438870000A7E7B3FC
:043888000087F8635A
:0438890000FA07B387
:04388A000147E463AB
:04388B005287E86315
:04388C0040878433BA
:04388D000009859316
:04388E00000405131A
:04388F000FC060EF17
:04389000000A859312
:043891000C8060EF58
:043892000005079393
:043893000009859310
:043894000004051314
:043895000007841391
:04389600128060EF4D
:043897000109179379
:0438980001051513FE
:043899000107D793B9
:04389A0000A7E7B3E9
:04389B000087FA6345
:04389C0000FA07B374
:04389D000147E66396
:04389E000087F46348
:04389F00014787B3A3
:0438A000408787B323
:0438A1000097D53384
:0438A2000281240378
:0438A3000241248337
:0438A40002012903F1
:0438A50001C12983B1
:0438A60001812A036F
:0438A70001412A832E
:0438A8000000059384
:0438A90002C12083B5
:0438AA000301011302
:0438AB000000806732
:0438AC000005089378
:0438AD00FED5E8E379
:0438AE00029122233E
:0438AF0001312E2392
:0438B00000010737D5
:0438B1000005881373
:0438B20024E6E463C1
:0438B30001000737D2
:0438B4000180051377
:0438B50000E6F463D2
:0438B60001000513F5
:0438B700000167376E
:0438B80000A6D33360
:0438B900E607071304
:0438BA000067073369
:0438BB00000744833B
:0438BC0002000713EC
:0438BD0000A484B32C
:0438BE00409709B373
:0438BF0022971263D7
:0438C00000B6E46307
:0438C10000C7EA63EF
:0438C20040C788B3C0
:0438C30040D586B3B3
:0438C4000117B833FD
:0438C50041068833FD
:0438C60002C1208398
:0438C7000241248313
:0438C80001C129838E
:0438C900000885135B
:0438CA00000805935A
:0438CB0003010113E1
:0438CC000000806711
:0438CD000E0602637E
:0438CE0000010737B7
:0438CF003EE67E63F0
:0438D0001006369315
:0438D1000016B69394
:0438D2000036969393
:0438D30000D6553393
:0438D4000001673751
:0438D500E6070713E8
:0438D60000A707330D
:0438D700000749831A
:0438D80002000713D0
:0438D90000D989B3D6
:0438DA00413704B3BB
:0438DB000D371A6328
:0438DC0001061413BA
:0438DD0040C589B3A6
:0438DE0001065A93F2
:0438DF000104541379
:0438E000000A8593C2
:0438E1000009851342
:0438E2007B1050EF18
:0438E3000004059345
:0438E40077D050EF5A
:0438E5000005079340
:0438E600000A8593BC
:0438E700000985133C
:0438E80000078993B9
:0438E9007DD050EF4F
:0438EA0001051513AC
:0438EB0001095793E5
:0438EC0000A7E7B397
:0438ED000137FA6342
:0438EE0000FA07B322
:0438EF000147E66344
:0438F0000137F46345
:0438F100014787B351
:0438F200413789B31E
:0438F300000A8593AF
:0438F400000985132F
:0438F500765050EFCA
:0438F6000004059332
:0438F700731050EF0B
:0438F80000050413B0
:0438F900000A8593A9
:0438FA000009851329
:0438FB00795050EFC1
:0438FC000109191392
:0438FD000105179317
:0438FE000109591350
:0438FF0000F967B3B2
:04390000E887F0E381
:04390100E6DFF06F9E
:0439020010063693E2
:043903000016B69361
:043904000036969360
:04390500D95FF06F27
:04390600000167371E
:0439070000000513A4
:04390800E6070713B4
:0439090000A70733D9
:04390A0000074983E6
:04390B00000006931F
:04390C00020007139B
:04390D0000D989B3A1
:04390E00413704B386
:04390F00F3370AE39D
:0439100000961A33D0
:0439110001712623F7
:04391200010A5A93B9
:043913000135DBB3EC
:043914000095973350
:043915000137D9B3EA
:04391600000A85938B
:04391700000B851309
:04391800010A141379
:0439190000E9E9B325
:04391A000097993346
:04391B0001612823FB
:04391C00010454133B
:04391D006C5050EFAB
:04391E000004059309
:04391F00691050EFEC
:0439200000050B1380
:04392100000A859380
:04392200000B8513FE
:043923006F5050EFA2
:043924000105151371
:043925000109D7932A
:0439260000A7E7B35C
:043927000167FA63D7
:0439280000FA07B3E7
:043929000147E66309
:04392A000167F463DA
:04392B00014787B316
:04392C0041678B3331
:04392D00000A859374
:04392E00000B051372
:04392F0067D050EF1E
:0439300000040593F7
:04393100649050EF5F
:0439320000050793F2
:04393300000A85936E
:04393400000B05136C
:043935000109999358
:0439360000078B13E8
:043937006A5050EF93
:04393800010515135D
:043939000109D99314
:04393A0000A9E9B344
:04393B000169FA63C1
:04393C00013A09B390
:04393D000149E663F3
:04393E000169F463C4
:04393F00014989B3FE
:04394000416989B39D
:0439410000C12B8313
:0439420001012B0351
:04394300E75FF06FDB
:043944001006B513A1
:043945000015351321
:043946000035151320
:04394700DC1FF06F22
:0439480001512A23DC
:04394900013696B3FA
:04394A0000965AB3D6
:04394B0000DAEAB301
:04394C0001712623BC
:04394D0001A1202391
:04394E00010ADB93FC
:04394F000095DD33CF
:043950000135973373
:043951000097D6B352
:04395200019122239A
:04395300000B85934D
:04395400000D05134A
:04395500010A9C9334
:0439560002812423A3
:043957000321202305
:0439580001361433ED
:043959000137993366
:04395A0001412C23D8
:04395B0001612823BB
:04395C0000E6EA3364
:04395D00018124239D
:04395E00010CDC93E9
:04395F005BD050EFFA
:0439600000050593C6
:0439610000050B133F
:04396200000C8513BD
:04396300581050EFB9
:0439640000050C133B
:04396500000B85933B
:04396600000D051338
:043967005E5050EF6F
:04396800010515132D
:04396900010A579365
:04396A0000A7E7B318
:04396B000187FE636F
:04396C0000FA87B323
:04396D00FFFB071342
:04396E001957EE6394
:04396F001987FC6355
:04397000FFEB0B134B
:04397100015787B3C0
:0439720041878C33CA
:04397300000B85932D
:04397400000C05132B
:04397500565050EF69
:0439760000050593B0
:0439770000050D1327
:04397800000C8513A7
:04397900529050EF29
:04397A0000050793AA
:04397B00000B859325
:04397C00000C051323
:04397D0000078B9321
:04397E00589050EF1E
:04397F00010A159391
:043980000105151315
:043981000105D593D4
:0439820000A5E5B304
:043983000175FE6369
:0439840000BA85B34D
:04398500FFFD0793A8
:043986001355EA6388
:043987001375F86359
:04398800FFED0D132F
:04398900015585B3AC
:04398A00010B179383
:04398B0000010E37F2
:04398C0001A7E7B3F5
:04398D00FFFE031323
:04398E000067F8B323
:04398F00006473332A
:0439900041758733C3
:043991000107D793C0
:0439920001045E933B
:043993000008851390
:043994000003059394
:043995004B9050EF14
:04399600000508130D
:04399700000E859306
:04399800000885138B
:043999004A9050EF11
:04399A000005089389
:04399B00000305938D
:04399C000007851388
:04399D00499050EF0E
:04399E00000503130A
:04399F00000E8593FE
:0439A0000007851384
:0439A100489050EF0B
:0439A200010857932E
:0439A300006888B37D
:0439A400011787B3CD
:0439A5000067F46360
:0439A60001C505331F
:0439A70000010637DE
:0439A800FFF606130D
:0439A9000107D693A9
:0439AA0000C7F7B3A8
:0439AB0001079793E6
:0439AC0000C87833A4
:0439AD0000A686B337
:0439AE00010787B3D3
:0439AF0006D7626372
:0439B00004D70E63C7
:0439B10040F907B31F
:0439B20000F93933AC
:0439B3000281240366
:0439B40002C12083A9
:0439B50040D705B33F
:0439B600412585B36F
:0439B700009594B330
:0439B8000137D7B349
:0439B90002012903DB
:0439BA0001812A035A
:0439BB0001412A8319
:0439BC0001012B03D7
:0439BD0000C12B8397
:0439BE0000812C0355
:0439BF0000412C8314
:0439C00000012D03D2
:0439C10000F4E533F6
:0439C2000135D5B343
:0439C3000241248316
:0439C40001C1298391
:0439C50003010113E6
:0439C6000000806716
:0439C700FAF974E3B2
:0439C800408786337B
:0439C90000C7B7B3C9
:0439CA0001578AB364
:0439CB00415686B328
:0439CC000006079357
:0439CD00F91FF06F7F
:0439CE0001000737B6
:0439CF0002E6746335
:0439D0000106551384
:0439D1000100069358
:0439D200C09FF06F33
:0439D30000078D1349
:0439D400ED9FF06F04
:0439D50000070B13C9
:0439D600E71FF06F88
:0439D700014787B36A
:0439D800AD1FF06FC0
:0439D90001865513FB
:0439DA0001800693CF
:0439DB00BE5FF06F6C
:0439DC00001007B719
:0439DD00FE010113D3
:0439DE00FFF78E93CE
:0439DF0000BEF833FB
:0439E00000DEF7B35B
:0439E1000146D313B5
:0439E2000121282374
:0439E3000145D913AE
:0439E400003797937E
:0439E50000812C230E
:0439E600003818137A
:0439E70001F5D413FF
:0439E80001D557139B
:0439E90001D6589318
:0439EA007FF97913D5
:0439EB007FF37313E0
:0439EC0000112E2375
:0439ED0000912A23F8
:0439EE00013126235A
:0439EF0001F6D69374
:0439F00000F8E8B340
:0439F1000107673330
:0439F20000351593F4
:0439F30000361F1368
:0439F400406907B36C
:0439F5001ED4046375
:0439F60016F0526312
:0439F7002803066338
:0439F8007FF00693C3
:0439F90042D9066346
:0439FA0003800693AD
:0439FB00001006139F
:0439FC0002F6CE639E
:0439FD00008006B789
:0439FE0000D8E8B352
:0439FF0001F006933A
:043A000052F6CE6349
:043A01000200069326
:043A020040F686B351
:043A030000D896331E
:043A040000FF553337
:043A050000DF16B315
:043A060000A666337D
:043A070000D036B302
:043A080000F8D8B337
:043A090000D666334A
:043A0A004117073326
:043A0B0040C58633F9
:043A0C0000C5B5B389
:043A0D000006049318
:043A0E0040B709B301
:043A0F000089979300
:043A10003207DA633C
:043A1100008007B773
:043A1200FFF78793A0
:043A130000F9F9B30A
:043A14002C0988638E
:043A1500000985130C
:043A160038D050EF65
:043A1700FF8507938D
:043A1800020006930F
:043A190040F68733B9
:043A1A0000E4D733BA
:043A1B0000F999B362
:043A1C0001376733D4
:043A1D0000F494B36A
:043A1E004B27C86307
:043A1F00412787B301
:043A20000017879371
:043A210040F686B332
:043A220000D4963303
:043A230000F4D9B31F
:043A240000C0363375
:043A250001366633CD
:043A260000D716B3FC
:043A270000C6E4B33E
:043A280000F759B397
:043A2900000009137D
:043A2A000074F7939A
:043A2B0002078063AB
:043A2C0000F4F79318
:043A2D00004007133B
:043A2E0000E78A63C0
:043A2F000044879335
:043A30000097B63312
:043A310000C989B38C
:043A32000007849372
:043A330000899793DC
:043A34006E07DA63DC
:043A350000190793DA
:043A36007FF0071303
:043A370000040E1366
:043A38002AE7866390
:043A3900FF800737CC
:043A3A00FFF7071378
:043A3B0000E9F73374
:043A3C007FF7F79386
:043A3D0001D7181382
:043A3E000034D61367
:043A3F0000971713C2
:043A400000C868331F
:043A410000C7571350
:043A420001C120831B
:043A430001812403D6
:043A4400014797930C
:043A450000E7E7B3FC
:043A460001FE171353
:043A470000E7E7B3FA
:043A48000141248391
:043A4900010129034B
:043A4A0000C129830B
:043A4B000008051357
:043A4C000007859357
:043A4D00020101135E
:043A4E00000080678D
:043A4F0014078C6369
:043A5000412307B354
:043A51003C091263B7
:043A520000B7653321
:043A53004C050463B7
:043A5400FFF78513E0
:043A550060050263A3
:043A56007FF00813E2
:043A57005707866324
:043A5800038007934D
:043A59000010061340
:043A5A0002A7CC6390
:043A5B0000050793C8
:043A5C0001F006135C
:043A5D0056F64C636A
:043A5E00020005134A
:043A5F0040F50533F6
:043A600000A7163372
:043A610000F5D83361
:043A620000A59533F3
:043A630001066633BF
:043A640000A0353356
:043A650000F75733DC
:043A660000A666331D
:043A670040E888B3F8
:043A680040CF063312
:043A690000CF373320
:043A6A0000060493BB
:043A6B0040E889B3F3
:043A6C000003091337
:043A6D0000068413B8
:043A6E00E85FF06FAE
:043A6F001EF0506392
:043A700014031063C8
:043A710001E8E6B3CF
:043A720026068C6335
:043A7300FFF7869340
:043A7400480680631D
:043A75007FF00613C5
:043A760022C78C6374
:043A7700038007932E
:043A7800001009939E
:043A790002D7CC6341
:043A7A000006879328
:043A7B0001F00693BD
:043A7C004AF6C063E3
:043A7D0002000693AA
:043A7E0040F686B3D5
:043A7F0000D899B31F
:043A800000FF5633BA
:043A810000DF16B399
:043A820000C9E9B3DB
:043A830000D036B386
:043A840000F8D8B3BB
:043A850000D9E9B3C8
:043A860001170733EA
:043A870000B985B34A
:043A88000135B9B398
:043A8900000584931D
:043A8A0000E989B313
:043A8B000089979384
:043A8C001407D263E6
:043A8D000019091300
:043A8E007FF007932B
:043A8F0036F90C6395
:043A9000FF8007B7F5
:043A9100FFF7879321
:043A92000014F61313
:043A930000F9F7B38C
:043A94000014D71330
:043A950000C76733CC
:043A960001F796138B
:043A970000E664B32E
:043A98000017D993A7
:043A9900E45FF06F87
:043A9A0001E8E6B3A6
:043A9B001C068A6318
:043A9C00FFF7869317
:043A9D0040068063FC
:043A9E007FF006139C
:043A9F0018C78A6357
:043AA0000380079305
:043AA10000100613F8
:043AA200DAD7C2E3CA
:043AA30000068793FF
:043AA400D6DFF06F0A
:043AA50000190813E9
:043AA6007FE878132A
:043AA70022081C6372
:043AA80000B76333CD
:043AA90001E8E83315
:043AAA003809106364
:043AAB0046030E635D
:043AAC004008066365
:043AAD0041E589B3B3
:043AAE000135B533F6
:043AAF004117063382
:043AB00040A60633F3
:043AB1000086151363
:043AB20050055E63FA
:043AB30040BF05B358
:043AB40040E887332C
:043AB50000BF3F33DC
:043AB60041E70733AA
:043AB700008716135B
:043AB80000058493EE
:043AB90052065E63F0
:043ABA00FF8007B7CB
:043ABB00FFF78793F7
:043ABC0000F7773365
:043ABD0000068E135E
:043ABE00001007935A
:043ABF00DF9FF06F26
:043AC0007FF00693FA
:043AC10010D90663AF
:043AC20003800693E4
:043AC3000010099353
:043AC400F0F6C6E36F
:043AC500008006B7C0
:043AC60000D8E8B389
:043AC700ED1FF06F90
:043AC800000485135E
:043AC9000C1050EF9E
:043ACA0001850793D8
:043ACB0001F006936D
:043ACC00D2F6D8E373
:043ACD00FF85071357
:043ACE0000E4973346
:043ACF002327C66380
:043AD00041278933CE
:043AD100001907933E
:043AD20048F6D66379
:043AD300FE190913BC
:043AD4000200069353
:043AD500012754B3BE
:043AD60000D78C6326
:043AD700040006934E
:043AD80040F687B37A
:043AD90000F71733A8
:043ADA0000E037339E
:043ADB0000E4E4B36C
:043ADC0000000913CA
:043ADD000074F793E7
:043ADE00D2079CE38C
:043ADF000009079340
:043AE0000034D613C5
:043AE100000987133E
:043AE2000C00006F65
:043AE3007FF00793D6
:043AE40000000713C4
:043AE50000000813C2
:043AE600D71FF06F87
:043AE7000C078A63DB
:043AE800412307B3BC
:043AE9001E0902634D
:043AEA007FF00693D0
:043AEB0032D3086367
:043AEC0003800693BA
:043AED000010099329
:043AEE0002F6CE63AB
:043AEF00008006B796
:043AF00000D7673361
:043AF10001F0069347
:043AF2003CF6C86373
:043AF3000200069334
:043AF40040F686B35F
:043AF50000D719B32A
:043AF60000F5D633CE
:043AF70000D596B3AD
:043AF80000C9E9B365
:043AF90000D036B310
:043AFA0000F7573347
:043AFB0000D9E9B352
:043AFC0000E888B3A3
:043AFD0001E9873321
:043AFE00013739B3A0
:043AFF000007049325
:043B0000011989B36B
:043B010000030913A1
:043B0200E25FF06F1F
:043B03000208106341
:043B0400003516135F
:043B0500003656131D
:043B060001D71813B8
:043B070000C8683357
:043B08000037571318
:043B09000107673316
:043B0A00180706632F
:043B0B0000000E1395
:043B0C007FF00793AC
:043B0D00000807376E
:043B0E000000081398
:043B0F00CCDFF06FA8
:043B10000035161353
:043B11000036561311
:043B120001D71813AC
:043B13007FF00693A6
:043B140000C868334A
:043B1500003757130B
:043B1600FCD786E36F
:043B170000C71713B9
:043B180000C7571378
:043B19007FF7F793A8
:043B1A0000040E1382
:043B1B00C9DFF06F9F
:043B1C0000190693F3
:043B1D007FE6F81334
:043B1E00140818630C
:043B1F0000B766B3D2
:043B200028091C63F1
:043B21003006826385
:043B220001E8E6B31D
:043B2300220688638B
:043B240001E587B37D
:043B250000B7B5B37D
:043B26000117073349
:043B270000B70733A9
:043B28000037D81377
:043B29000087179367
:043B2A0000040E1372
:043B2B003407DE631A
:043B2C00FF8007B758
:043B2D00FFF7879384
:043B2E0000F77733F2
:043B2F0001D7179310
:043B300000375713F0
:043B31000107E8336D
:043B320001D777330D
:043B330000100793E4
:043B3400C39FF06FCC
:043B350041E58833AB
:043B36000105B7B31B
:043B3700411709B376
:043B380040F989B314
:043B390000899793D5
:043B3A0000080493E8
:043B3B001007C66346
:043B3C0001386833B1
:043B3D00B4081EE3C7
:043B3E0000000E1362
:043B3F0000000793E8
:043B40000000071367
:043B4100C05FF06F02
:043B42007FF00513F8
:043B43001AA30E6350
:043B440003800513E2
:043B45000010061353
:043B4600C8F544E397
:043B470000800637BD
:043B480000C7673318
:043B4900C4DFF06F76
:043B4A00FF8009B738
:043B4B00FFF9899362
:043B4C0040F9093300
:043B4D00013779B310
:043B4E00B71FF06F3E
:043B4F00FE07869354
:043B50000200061356
:043B510000D8D6B30F
:043B520000C78A63BB
:043B53000400061351
:043B540040F607B37D
:043B550000F897B32A
:043B560000FF6F33CA
:043B570001E0363320
:043B580000D66633FA
:043B5900AC9FF06FBE
:043B5A00FF8006B72B
:043B5B00FFF6869358
:043B5C0040F907B372
:043B5D0000D77733E3
:043B5E0001D7181360
:043B5F00013868338E
:043B600000375713C0
:043B6100ED9FF06F75
:043B620000B766B38F
:043B63001E06866351
:043B6400FFF786934E
:043B65000A068E635B
:043B66007FF00513D4
:043B670014A78063BC
:043B6800038007933C
:043B690000100993AC
:043B6A00E4D7C6E3F3
:043B6B000006879336
:043B6C00E15FF06FB6
:043B6D0000040E132F
:043B6E007FF007934A
:043B6F000000071338
:043B70000000081336
:043B7100B45FF06FDE
:043B72007FF0079346
:043B7300FEF684E3F3
:043B740001E58F33A5
:043B750000BF35B3A5
:043B7600011707B379
:043B770000B787B359
:043B780001F79613A8
:043B7900001F5F13B7
:043B7A0001E664B349
:043B7B000017D993C3
:043B7C0000068913A3
:043B7D00AB5FF06FDB
:043B7E0040BF06330B
:043B7F0040E887B3E0
:043B800000CF373308
:043B810000060493A3
:043B820040E789B3DC
:043B830000068413A1
:043B8400A41FF06F1B
:043B850000361613DD
:043B8600003656139C
:043B8700000684139D
:043B88000008871397
:043B8900E25FF06F98
:043B8A00DE0312E361
:043B8B001C080663A9
:043B8C000038D71313
:043B8D0000361613D5
:043B8E0001D898932F
:043B8F000117673380
:043B90000036561392
:043B910000C76733CF
:043B92000006841392
:043B9300DDDFF06F13
:043B940001E58F3385
:043B9500011708B359
:043B960000BF35B384
:043B970000B889B336
:043B98000089979376
:043B9900000F049382
:043B9A000E07D463DB
:043B9B0000200913EA
:043B9C00BD1FF06FEA
:043B9D0041E58F333C
:043B9E00411708B310
:043B9F0001E5B5B3D4
:043BA000000F04937B
:043BA10040B889B3EC
:043BA20000100913F3
:043BA3009B1FF06F05
:043BA400FE078693FF
:043BA5000200061301
:043BA60000D8D6B3BA
:043BA70000C78A6366
:043BA80004000613FC
:043BA90040F607B328
:043BAA0000F897B3D5
:043BAB0000FF6F3375
:043BAC0001E039B348
:043BAD0000D9E9B39F
:043BAE00B65FF06F9F
:043BAF0000351613B4
:043BB00000365993EF
:043BB100EB5FF06F67
:043BB20000361613B0
:043BB300003656136F
:043BB4000006841370
:043BB500000887136A
:043BB600D41FF06FB9
:043BB70000361613AB
:043BB800003656136A
:043BB9000008871366
:043BBA00D31FF06FB6
:043BBB00FE07851369
:043BBC0002000613EA
:043BBD0000A75533D5
:043BBE0000C78A634F
:043BBF0004000613E5
:043BC00040F607B311
:043BC10000F717B33F
:043BC20000F5E5B372
:043BC30000B03633E5
:043BC40000A66633BE
:043BC500A8DFF06F16
:043BC600FC0682E394
:043BC70001E8EF33EF
:043BC800D00F16E321
:043BC900CEDFF06FEC
:043BCA00DC0808E328
:043BCB000036181395
:043BCC0001D89793F2
:043BCD000038581351
:043BCE000038D713D1
:043BCF0000F868335F
:043BD00001D777336F
:043BD10000068E1349
:043BD2000000079355
:043BD3009BDFF06F15
:043BD4000010079343
:043BD500C2DFF06FEC
:043BD60040BF05B334
:043BD70040E888B387
:043BD80000BF3733C0
:043BD90000058493CC
:043BDA0040E889B383
:043BDB000006841349
:043BDC0000100913B9
:043BDD008C9FF06F5A
:043BDE000036161384
:043BDF000036561343
:043BE000000887133F
:043BE100CC5FF06F56
:043BE2000036161380
:043BE30000365993BC
:043BE400000887133B
:043BE500DE5FF06F40
:043BE600FE078693BD
:043BE70002000613BF
:043BE80000D756B3F9
:043BE90000C78A6324
:043BEA0004000613BA
:043BEB0040F607B3E6
:043BEC0000F717B314
:043BED0000F5E5B347
:043BEE0000B039B337
:043BEF0000D9E9B35D
:043BF000C35FF06F50
:043BF1000034D613B3
:043BF200000907932C
:043BF300000987132B
:043BF400C79FF06F08
:043BF5000200069331
:043BF60040F686B35C
:043BF70000000613B1
:043BF8008B5FF06F80
:043BF90000C9E833E4
:043BFA00D00808E304
:043BFB000039D99321
:043BFC0000060713A5
:043BFD00D85FF06F2E
:043BFE0000000E13A2
:043BFF007FF00793B9
:043C0000000807377A
:043C0100905FF06F71
:043C020001D717933C
:043C0300003757131C
:043C04000107E83399
:043C050001D7773339
:043C06000000079320
:043C07008EDFF06FED
:043C080001D71813B5
:043C09000035D5931A
:043C0A0000B8683363
:043C0B000037571314
:043C0C000006841317
:043C0D00C29FF06FF3
:043C0E00FB010113A2
:043C0F000145D79301
:043C100004812423E4
:043C110004912223D5
:043C12000521202345
:043C130003412C231A
:043C140003512A230B
:043C150000C59493BF
:043C1600041126234C
:043C170003312E2324
:043C180003612823F9
:043C190003712623EA
:043C1A0003812423DB
:043C1B007FF7F793A5
:043C1C000005041388
:043C1D0000060A1380
:043C1E000006891300
:043C1F0000C4D49376
:043C200001F5DA933D
:043C210018078A6393
:043C22007FF0071315
:043C230008E78863C3
:043C240001D55B1358
:043C25000034949340
:043C2600009B64B3E8
:043C270000800737DB
:043C280000E4EB3396
:043C290000351B93B4
:043C2A00C0178993A3
:043C2B0000000493FE
:043C2C0000000C1375
:043C2D00014957935F
:043C2E0000C91413A2
:043C2F007FF7F79391
:043C300000C4541365
:043C310001F9591329
:043C3200080782639A
:043C33007FF0071304
:043C340018E78A63A0
:043C35000034141330
:043C360001DA571345
:043C37000087673368
:043C3800C017879397
:043C390000800437CC
:043C3A0040F989B311
:043C3B000087643367
:043C3C00003A18131F
:043C3D0000000793E9
:043C3E0000F0071378
:043C3F00012ACA3359
:043C400024976463FE
:043C410000016737E0
:043C4200E20707137B
:043C43000024949332
:043C440000E484B361
:043C45000004A703CD
:043C4600000700670C
:043C470000A4EB33B7
:043C48001C0B1E63D0
:043C49000149579343
:043C4A0000C9141386
:043C4B007FF7F79375
:043C4C0000000B93D6
:043C4D00008004935C
:043C4E007FF0099367
:043C4F0000200C1332
:043C500000C4541345
:043C510001F9591309
:043C5200F80792E3FA
:043C5300014468338D
:043C54001C080263E3
:043C55005C040663A2
:043C5600000405134E
:043C5700288050EF82
:043C580000050793C9
:043C5900FF5506937A
:043C5A0001D007137B
:043C5B00FF87881344
:043C5C0040D7073313
:043C5D000104143317
:043C5E0000EA5733EE
:043C5F000087643343
:043C6000010A18330A
:043C6100013787B3ED
:043C62003F378993CC
:043C630000000793C3
:043C6400F69FF06F68
:043C650040F70733EA
:043C6600038006933E
:043C670060E6D063E0
:043C680000000793BE
:043C690000000693BE
:043C6A00000007133C
:043C6B0004C12083ED
:043C6C0004812403A8
:043C6D0001479793E1
:043C6E0000D7E7B3E1
:043C6F0001FA1693AD
:043C700000D7E7B3DF
:043C71000441248363
:043C7200040129031D
:043C730003C12983DD
:043C740003812A039B
:043C750003412A835A
:043C760003012B0318
:043C770002C12B83D8
:043C780002812C0396
:043C79000007051328
:043C7A000007859327
:043C7B00050101132B
:043C7C00000080675D
:043C7D007FF007933A
:043C7E0000000693A9
:043C7F000000071327
:043C8000FADFF06F08
:043C810000000A1322
:043C82007FF0079335
:043C8300000806B778
:043C84000000071322
:043C8500F99FF06F44
:043C860000A4EB3378
:043C8700100B0C63AF
:043C880052048463FB
:043C8900000485139B
:043C8A001BC050EF1C
:043C8B000005071316
:043C8C00FF55079346
:043C8D0001D00B1344
:043C8E00FF870B930E
:043C8F0040FB0B33B8
:043C9000017494B374
:043C910001645B333C
:043C9200009B6B33F5
:043C930001741BB3EA
:043C9400C0D0079302
:043C950040E789B3C8
:043C96000000049393
:043C970000000C130A
:043C9800E55FF06F85
:043C99000144683347
:043C9A008019899371
:043C9B000A081C6394
:043C9C000024E49389
:043C9D00000004130C
:043C9E000020079368
:043C9F00E7DFF06FFC
:043CA000000A89137A
:043CA100000B0413FD
:043CA200000B881378
:043CA3000020079363
:043CA40060FC086355
:043CA5000030079351
:043CA600F6FC06E33F
:043CA700001007936F
:043CA80000090A13F2
:043CA900EEFC0EE33C
:043CAA003FF98793C4
:043CAB003CF0526334
:043CAC000078771312
:043CAD005C07166337
:043CAE000074171374
:043CAF0000075A634D
:043CB000FF0007B753
:043CB100FFF78793FF
:043CB20000F4743373
:043CB30040098793AA
:043CB4007FE0071393
:043CB500F2F740E3FF
:043CB6000038581367
:043CB70001D417130A
:043CB80000941693CB
:043CB9000107673365
:043CBA0000C6D693D7
:043CBB007FF7F79305
:043CBC00EBDFF06FDB
:043CBD0000078C135D
:043CBE00F95FF06F4B
:043CBF0000048B135F
:043CC00000050B935D
:043CC10000C00493A8
:043CC2007FF00993F3
:043CC30000300C13AE
:043CC400DA5FF06F64
:043CC5000014E49370
:043CC60000000413E3
:043CC700001007934F
:043CC800DD9FF06F1D
:043CC9000034E4934C
:043CCA00000A0813D1
:043CCB00003007932B
:043CCC00DC9FF06F1A
:043CCD0000000B9355
:043CCE00004004931B
:043CCF000000099355
:043CD00000100C13C1
:043CD100D71FF06F9A
:043CD2000391222315
:043CD30003A1202306
:043CD40001B12E23E9
:043CD5003B646A637F
:043CD6003A8B0663BC
:043CD700FFF98993D5
:043CD800000B8C133E
:043CD900000B049345
:043CDA0000000D13C6
:043CDB0001885C936D
:043CDC000084141339
:043CDD000104591372
:043CDE00008CECB3B7
:043CDF000009059340
:043CE0000004851344
:043CE100010C9B1324
:043CE20000881A93A9
:043CE300010B5B1363
:043CE4007A9040EFA3
:043CE500000505933E
:043CE60000050413BE
:043CE700000B0513B6
:043CE80076D040EF63
:043CE9000005079338
:043CEA000009059335
:043CEB000004851339
:043CEC0000078493B6
:043CED007CD040EF58
:043CEE0001051513A4
:043CEF00010C5793DA
:043CF00000A7E7B38F
:043CF1000097FA63DB
:043CF20000FC87B398
:043CF300FFF40713C0
:043CF4003B97FE6399
:043CF50000070413AD
:043CF600409784B3BC
:043CF7000009059328
:043CF800000485132C
:043CF900755040EFD3
:043CFA000005059329
:043CFB0000050B9322
:043CFC00000B0513A1
:043CFD00719040EF93
:043CFE000005079323
:043CFF000009059320
:043D00000004851323
:043D010000078493A0
:043D0200779040EF87
:043D0300010C179305
:043D0400010515138D
:043D05000107D79348
:043D060000A7E7B378
:043D07000097FA63C4
:043D080000FC87B381
:043D0900FFFB871322
:043D0A003597FA638C
:043D0B0000070B930F
:043D0C000001033778
:043D0D000104141386
:043D0E0001746433A5
:043D0F00FFF30D931E
:043D100001B478B3CF
:043D110001BAFDB343
:043D120040978BB398
:043D1300010ADC13B2
:043D140001045793BC
:043D1500000885130A
:043D1600000D859384
:043D17006B1040EFFE
:043D18000005081387
:043D1900000C059302
:043D1A000008851305
:043D1B006A1040EFFB
:043D1C000005089303
:043D1D00000D85937D
:043D1E000007851302
:043D1F00691040EFF8
:043D200000050E1379
:043D2100000C0593FA
:043D220000078513FE
:043D2300681040EFF5
:043D240001085793A8
:043D250001C888B396
:043D2600011787B347
:043D270001C7F46379
:043D280000650533FA
:043D29000001063758
:043D2A00FFF6061387
:043D2B0000C7F4B326
:043D2C000107D69322
:043D2D000104949366
:043D2E0000C878331E
:043D2F0000A687B3B0
:043D3000010484B353
:043D310020FBEA6326
:043D320020FB866389
:043D3300409D04B3F8
:043D340040FB8BB312
:043D3500009D3D337D
:043D360041AB8BB35F
:043D3700377C8A63E8
:043D380000090593E6
:043D3900000B8513E3
:043D3A00651040EFE1
:043D3B0000050593E7
:043D3C0000A1262399
:043D3D0000050D135D
:043D3E00000B05135E
:043D3F00611040EFE0
:043D400000050793E0
:043D410000090593DD
:043D4200000B8513DA
:043D430000078B9357
:043D4400671040EFD5
:043D4500010515134C
:043D46000104D7930A
:043D470000A7E7B337
:043D48000377F063AA
:043D490000FC87B340
:043D4A00FFFD0693E0
:043D4B003797E26361
:043D4C003777F06372
:043D4D00FFED07136C
:043D4E0000E1262347
:043D4F00019787B39E
:043D500041778BB379
:043D510000090593CD
:043D5200000B8513CA
:043D53005ED040EF0F
:043D540000050593CE
:043D550000050D1345
:043D5600000B051346
:043D57005B1040EFCE
:043D580000050793C8
:043D590000090593C5
:043D5A00000B8513C2
:043D5B0000078913C1
:043D5C000104949337
:043D5D0060D040EF03
:043D5E000105151333
:043D5F000104D493F4
:043D600000A4E4B324
:043D61000124FE63D8
:043D6200009C84B38A
:043D6300FFFD0793C6
:043D64003194E4634F
:043D65003124F263B0
:043D6600FFED0D134D
:043D6700019484B38C
:043D680000C12783EC
:043D6900412484B3BA
:043D6A00000D859330
:043D6B0001079813A1
:043D6C0001A868330F
:043D6D000108131323
:043D6E0001035313E7
:043D6F00010857935D
:043D70000003051334
:043D7100549040EF3B
:043D720000050893AD
:043D7300000C0593A8
:043D74000003051330
:043D7500539040EF38
:043D7600000503132E
:043D7700000D859323
:043D780000078513A8
:043D7900529040EF35
:043D7A0000050E131F
:043D7B00000C0593A0
:043D7C0000078513A4
:043D7D00519040EF32
:043D7E000108D793CE
:043D7F0001C3033346
:043D8000006787B39E
:043D810001C7F6631D
:043D820000010737FE
:043D830000E505331F
:043D8400000106B77D
:043D8500FFF686932C
:043D86000107D71347
:043D870000D7F7B3B7
:043D88000107979305
:043D890000D8F8B3B3
:043D8A0000A7073354
:043D8B00011787B3E2
:043D8C0002E4E0630A
:043D8D0000E48C635F
:043D8E0002412C833F
:043D8F0002012D03FD
:043D900001C12D83BD
:043D9100001868139B
:043D9200C61FF06FE9
:043D93001C078A631C
:043D9400009C84B358
:043D9500FFF806131A
:043D9600000486930C
:043D97001B94EC632A
:043D980024E4EA63D2
:043D990026E4886331
:043D9A000006081304
:043D9B00FCDFF06FEA
:043D9C0000100713F9
:043D9D00B20790E3F6
:043D9E0041E98793DD
:043D9F0000F816B35F
:043DA00000D036B366
:043DA10000F417B360
:043DA20000F6E7B38D
:043DA30000E85833A9
:043DA40000F8683388
:043DA5000078779398
:043DA60000E45433AE
:043DA700020780632C
:043DA80000F8779315
:043DA90000400713BC
:043DAA0000E78A6341
:043DAB000048079332
:043DAC000107B83320
:043DAD0001040433D6
:043DAE00000788136F
:043DAF000084161363
:043DB0000010079365
:043DB1000000069375
:043DB20000000713F3
:043DB300AE0640E335
:043DB4001280006F0A
:043DB500DE9D7CE330
:043DB600015D06B3F2
:043DB70001A6B63378
:043DB800019605B3B8
:043DB90000BB8BB30D
:043DBA0000068D135F
:043DBB00FFF4059379
:043DBC00077CFE631F
:043DBD0014FBE063B0
:043DBE0013778C6388
:043DBF000005841364
:043DC000DCDFF06FE5
:043DC100C50BECE35F
:043DC20001FB1C13D2
:043DC300001BD713F7
:043DC400001B5493F9
:043DC50000EC6C336F
:043DC60001FB9D134D
:043DC700C51FF06FB5
:043DC800000A0513D5
:043DC9004C1040EF6B
:043DCA000155069306
:043DCB0001C0071319
:043DCC000205079352
:043DCD00A2D75AE33C
:043DCE00FF85051355
:043DCF0000000813D5
:043DD00000AA1433FE
:043DD100A41FF06FCC
:043DD20049D040EFA5
:043DD30001550793FC
:043DD40001C0069391
:043DD50002050713C9
:043DD600ACF6DEE386
:043DD700FF850493CD
:043DD80000941B3305
:043DD90000000B9348
:043DDA00AE9FF06F39
:043DDB00F97C98E3F4
:043DDC00F80602E300
:043DDD000005841346
:043DDE00D55FF06F4E
:043DDF00CA97F8E3A4
:043DE000FFEB8B93D7
:043DE100019787B30C
:043DE200CA9FF06F15
:043DE300C497F4E3AA
:043DE400FFE40413E1
:043DE500019787B308
:043DE600C41FF06F97
:043DE70001F006934E
:043DE800ECE6DCE346
:043DE900FE1006932F
:043DEA0040F686B366
:043DEB000200079338
:043DEC0000D456B3F6
:043DED0000F7086370
:043DEE0043E987938B
:043DEF0000F417B312
:043DF00000F868333C
:043DF1000100383362
:043DF20000D868335A
:043DF30000787713CA
:043DF4000000069332
:043DF5000207086356
:043DF60000F87793C7
:043DF700004007136E
:043DF80000000413B0
:043DF90000E78A63F2
:043DFA0000480793E3
:043DFB000107B833D1
:043DFC00010034335B
:043DFD000007881320
:043DFE000094169384
:043DFF0001D41713C1
:043E000000C6D6938F
:043E0100003858131A
:043E020000E867333A
:043E03000000079321
:043E040099DFF06FE3
:043E05000006081398
:043E0600E2E690E37D
:043E0700E1579EE3FE
:043E080002412C83C4
:043E090002012D0382
:043E0A0001C12D8342
:043E0B00A7DFF06FCE
:043E0C00EC96F6E357
:043E0D0000DA86B39E
:043E0E000156B63370
:043E0F0001960633DF
:043E1000FFE40413B4
:043E110000068D1307
:043E120000CB8BB3A3
:043E1300C81FF06F65
:043E1400C0200713B0
:043E150002412C83B7
:043E160002012D0375
:043E170001C12D8335
:043E18003FF9879354
:043E1900FFF008139B
:043E1A00E0E9C4E334
:043E1B000048071341
:043E1C00010738332F
:043E1D000104043365
:043E1E00000708137E
:043E1F00A3DFF06FBE
:043E200000F877131C
:043E210000400693C4
:043E2200A2D708E338
:043E2300FE1FF06F1F
:043E240000D1262380
:043E2500CADFF06F91
:043E260000078D13F1
:043E2700D05FF06F09
:043E280000090A1370
:043E29007FF007938C
:043E2A0000000693FB
:043E2B000000071379
:043E2C008FDFF06FC5
:043E2D00001A9613CE
:043E2E00015636B350
:043E2F00019686B3BF
:043E300000D486B381
:043E3100FFE808138B
:043E320000060A93E9
:043E3300F4E688E346
:043E3400D69FF06FB6
:043E3500FEFAE0E3CE
:043E36000006081367
:043E3700F41FF06F15
:043E38000145D71356
:043E3900001007B7B7
:043E3A00FFF7879374
:043E3B000146D81351
:043E3C007FF7771382
:043E3D007FF00313FC
:043E3E0000B7FE3398
:043E3F0000050893DF
:043E400000D7F7B3FD
:043E410001F5D5931F
:043E42007FF878137A
:043E430001F6D6931B
:043E44000010051352
:043E450000670C63A3
:043E460000680863A5
:043E470001071463F8
:043E480002FE06630D
:043E4900000080678E
:043E4A00000080678D
:043E4B00FEE81CE38E
:043E4C0000FE67B35A
:043E4D0000C7E7B310
:043E4E000117E7B3BE
:043E4F00FE0794E3F3
:043E500040D585B321
:043E510000B0353355
:043E52000000806785
:043E5300FCC89CE328
:043E540000D58A63A8
:043E5500FC0718E36B
:043E5600011E6E33A8
:043E570001C035333E
:043E5800000080677F
:043E5900000005134D
:043E5A00000080677D
:043E5B000145D893B2
:043E5C00001007B794
:043E5D00FFF7879351
:043E5E000146D7132F
:043E5F007FF8F8935D
:043E60007FF00E13CE
:043E610000B7F33380
:043E6200000508133C
:043E630000050E93B5
:043E640000D7F7B3D9
:043E650001F5D593FB
:043E660000060F1330
:043E67007FF7751359
:043E680001F6D693F6
:043E690005C888639D
:043E6A0003C5046325
:043E6B0006089A6348
:043E6C0001036833B3
:043E6D0006051063D3
:043E6E0000C7E63370
:043E6F0008060C63D2
:043E70000A081263C7
:043E71000010051325
:043E72000806826359
:043E73000000806764
:043E740000C7E6336A
:043E750008061463C4
:043E76000008966347
:043E770001036333AD
:043E7800FE0302E360
:043E790006D5806387
:043E7A000605926344
:043E7B00001005131B
:043E7C00000080675B
:043E7D0001036333A7
:043E7E0006031263C2
:043E7F00FF1516E332
:043E800000C7E7B3DD
:043E810004079C6333
:043E8200FED590E3F6
:043E83000000051323
:043E84000000806753
:043E8500FA0808E34C
:043E8600FCD598E3EC
:043E87000280006F46
:043E8800FC0504E34E
:043E8900FCD592E3EF
:043E8A00FD1540E3FF
:043E8B0000A8CC635C
:043E8C00FA67ECE302
:043E8D0000F31863C3
:043E8E00FBDF68E30B
:043E8F000000051317
:043E9000F9EEF6E36E
:043E91000010051305
:043E9200F80592E3BA
:043E9300FFF0051324
:043E94000000806743
:043E9500F8081AE32C
:043E96000000806741
:043E9700FFE0051330
:043E9800000080673F
:043E9900FCD586E3EB
:043E9A00F81FF06FAE
:043E9B000145D89372
:043E9C00001007B754
:043E9D00FFF7879311
:043E9E000146D713EF
:043E9F007FF8F8931D
:043EA0007FF0031399
:043EA10000B7FE3335
:043EA20000050813FC
:043EA30000050E9375
:043EA40000D7F7B399
:043EA50001F5D593BB
:043EA60000060F13F0
:043EA7007FF7751319
:043EA80001F6D693B6
:043EA90004688A63BC
:043EAA000265046346
:043EAB00060898630A
:043EAC00010E683368
:043EAD0008051E6383
:043EAE0000C7E63330
:043EAF000A06046398
:043EB0000A08166383
:043EB10000100513E5
:043EB200080680631B
:043EB3000000806724
:043EB40000C7E6332A
:043EB50000200513D1
:043EB600FE061AE307
:043EB7000008966306
:043EB800010E6E3356
:043EB900FE0E00E316
:043EBA0004D58C633C
:043EBB0004059E63F9
:043EBC0000100513DA
:043EBD00000080671A
:043EBE00010E6E3350
:043EBF00060E106378
:043EC000FF1516E3F1
:043EC10000C7E7B39C
:043EC20000200513C4
:043EC300FC0790E385
:043EC400FCD59EE3A8
:043EC50000000513E1
:043EC6000000806711
:043EC700FC0508E30B
:043EC800FCD596E3AC
:043EC900FD1544E3BC
:043ECA0000A8CC631D
:043ECB00FDC7E0E36C
:043ECC0000FE186379
:043ECD00FBDF6CE3C8
:043ECE0000000513D8
:043ECF00F9EEF8E32D
:043ED00000100513C6
:043ED100F80594E379
:043ED200FFF00513E5
:043ED3000000806704
:043ED400F6080AE3FF
:043ED500F8D59CE39D
:043ED600FE9FF06FEC
:043ED70000200513AF
:043ED80000008067FF
:043ED900F80814E3EE
:043EDA0000008067FD
:043EDB00FCD580E3AF
:043EDC00F7DFF06FAD
:043EDD00FD010113CF
:043EDE000145D79330
:043EDF000281242315
:043EE0000291222306
:043EE1000321202376
:043EE20001312E2359
:043EE30001512A233C
:043EE40000C59493EE
:043EE500021126237D
:043EE60001412C2347
:043EE700016128232A
:043EE800017126231B
:043EE900018124230C
:043EEA007FF7F793D4
:043EEB0000050413B7
:043EEC0000060A932F
:043EED0000068993AF
:043EEE0000C4D493A5
:043EEF0001F5D913ED
:043EF0004E07806396
:043EF1007FF0071344
:043EF2000AE78663F2
:043EF300003496936E
:043EF40001D557138A
:043EF50000D7673358
:043EF600008006B78B
:043EF70000D764B3D9
:043EF80000351A1364
:043EF900C0178C134F
:043EFA0000000B13A6
:043EFB0000000B9325
:043EFC000149D7930E
:043EFD0000C997134E
:043EFE007FF7F793C0
:043EFF00000A8E1314
:043F000000C754138F
:043F010001F9D99356
:043F02000A078063C7
:043F03007FF0071331
:043F040014E78E63CD
:043F0500003417135A
:043F060001DAD69373
:043F070000E6E6B337
:043F0800C0178793C4
:043F090000800737F6
:043F0A0000E6E433B6
:043F0B00003A9E13C7
:043F0C000187833373
:043F0D000000069317
:043F0E0000A0079375
:043F0F000013089300
:043F10000B67CC630C
:043F1100013945B37A
:043F120000200793F1
:043F1300000588130A
:043F14001567C66304
:043F1500FFFB0B1390
:043F1600001007137D
:043F17001767606365
:043F180048F686637E
:043F19000004049309
:043F1A00000E0A1378
:043F1B0000068B937E
:043F1C0009C0006F69
:043F1D0000A4EA33DF
:043F1E00480A1463D6
:043F1F000149D793EA
:043F200000C997132A
:043F21007FF7F7939C
:043F22000000049304
:043F230000800B13FC
:043F24007FF00C130B
:043F250000200B93DA
:043F2600000A8E13EC
:043F270000C7541368
:043F280001F9D9932F
:043F2900F60794E320
:043F2A00015467B324
:043F2B0046078E6354
:043F2C0054040C63CA
:043F2D000004051374
:043F2E0072C040EF2E
:043F2F000005031373
:043F3000FF5507131F
:043F310001D0079321
:043F3200FF830E13E8
:043F330040E787B329
:043F340000FAD7B305
:043F350001C4173379
:043F360000E7E43389
:043F370001CA9E33EA
:043F3800406C0333A3
:043F3900C0D30313DB
:043F3A0000A0079349
:043F3B0000000693E9
:043F3C0000130893D3
:043F3D00F567D8E369
:043F3E0000090593DE
:043F3F0000200793C4
:043F40003EFB86635B
:043F410000300793B2
:043F420054FB886341
:043F430000100793D0
:043F440000058813D9
:043F450052FB966332
:043F460000000793DD
:043F470000000693DD
:043F4800000007135B
:043F490002C120830E
:043F4A0002812403C9
:043F4B000147979300
:043F4C0000D7E7B300
:043F4D0001F818134C
:043F4E000107E7B3CD
:043F4F000241248384
:043F5000020129033E
:043F510001C12983FE
:043F520001812A03BC
:043F530001412A837B
:043F540001012B0339
:043F550000C12B83F9
:043F560000812C03B7
:043F57000007051347
:043F58000007859346
:043F5900030101134C
:043F5A00000080677C
:043F5B000154673373
:043F5C007FFC0313D0
:043F5D003C070663B4
:043F5E000000173711
:043F5F0001394833A9
:043F600080070713BC
:043F6100003B6B13A3
:043F620000A0069322
:043F630000080593BA
:043F640000EC08B3B2
:043F65004366CC6380
:043F6600003006938E
:043F6700001006132D
:043F680001661633A5
:043F69005306771371
:043F6A00F4071AE35B
:043F6B00240677931E
:043F6C00480790630F
:043F6D000886761339
:043F6E0038061E6390
:043F6F0000010FB787
:043F7000FFFF82933A
:043F7100005A7F3340
:043F7200005E72B3C8
:043F7300010A5A13D2
:043F7400010E5E13C9
:043F7500000F051321
:043F7600000285932D
:043F7700530040EFC4
:043F78000005071326
:043F7900000E05939E
:043F7A00000F05131C
:043F7B00520040EFC1
:043F7C0000050793A2
:043F7D000002859326
:043F7E00000A05131D
:043F7F00510040EFBE
:043F800000050E9397
:043F8100000E059396
:043F8200000A051319
:043F8300500040EFBB
:043F840001D786B328
:043F8500010753934A
:043F860000D383B32E
:043F87000005079397
:043F880001D3F4630A
:043F890001F507B384
:043F8A00000109B772
:043F8B00FFF989139E
:043F8C000123FEB35C
:043F8D00012777335E
:043F8E00010E9E93EF
:043F8F00012479335D
:043F90000103D393C3
:043F910000EE8EB3FD
:043F920001045413BF
:043F9300000F051303
:043F94000009059388
:043F95004B8040EF2E
:043F960000050F9380
:043F9700000405938A
:043F9800000F0513FE
:043F99004A8040EF2B
:043F9A000005071304
:043F9B000009059381
:043F9C00000A0513FF
:043F9D00498040EF28
:043F9E0000050F13F8
:043F9F000004059382
:043FA000000A0513FB
:043FA100488040EF25
:043FA200010FD693A2
:043FA30001E70733F8
:043FA40000E686B3FA
:043FA50001E6F463DA
:043FA60001350533A9
:043FA70000010A37D4
:043FA800FFFA0F13FA
:043FA90001E6F73303
:043FAA0001EFFFB371
:043FAB0001071713E0
:043FAC0001F70733DF
:043FAD0001E4FF33F9
:043FAE000106D6939F
:043FAF0000A68FB326
:043FB00000E383B3F4
:043FB1000104D493A0
:043FB200000F0513E4
:043FB30000028593F0
:043FB40043C040EFD7
:043FB50000050A9366
:043FB600000E059361
:043FB700000F0513DF
:043FB80042C040EFD4
:043FB9000005099363
:043FBA0000028593E9
:043FBB000004851366
:043FBC0041C040EFD1
:043FBD000005029366
:043FBE00000E059359
:043FBF000004851362
:043FC00040C040EFCE
:043FC100010AD61308
:043FC200005989B366
:043FC300013606338A
:043FC40000567463CC
:043FC500014505337A
:043FC60000010A37B5
:043FC700FFFA069364
:043FC80000D672B3FA
:043FC90000DAFAB36D
:043FCA000106561383
:043FCB0001029293CA
:043FCC0000A60E330A
:043FCD00015282B368
:043FCE00000F0513C8
:043FCF00000905934D
:043FD0003CC040EFC2
:043FD100000509934B
:043FD200000405934F
:043FD300000F0513C3
:043FD4003BC040EFBF
:043FD50000050F13C1
:043FD6000009059346
:043FD700000485134A
:043FD8003AC040EFBC
:043FD90000050913C3
:043FDA000004059347
:043FDB000004851346
:043FDC0039C040EFB9
:043FDD00012F06B3F7
:043FDE000109D5936D
:043FDF0000D5843352
:043FE00000050F13B6
:043FE10001247463E0
:043FE20001450F3353
:043FE300000106379C
:043FE400FFF60613CB
:043FE50000C476B3EB
:043FE60000C9F9B362
:043FE70001069693A6
:043FE800007787B324
:043FE900013686B364
:043FEA0001F685B3A4
:043FEB0000E7B73301
:043FEC0000E5873332
:043FED00005782B344
:043FEE0001C70633CE
:043FEF0000F2B7B372
:043FF00000F607B31D
:043FF10000D5B6B38E
:043FF20000B735B32C
:043FF30000B6E6B37B
:043FF40000E6373379
:043FF50001045593DB
:043FF60000C7B63317
:043FF70000B686B3D7
:043FF80000929A1386
:043FF90000C7673363
:043FFA0000D70733B2
:043FFB0001DA6A334A
:043FFC0001E707339F
:043FFD0001403A3312
:043FFE000172D293E7
:043FFF0000971713FD
:044000000177D693DB
:04400100005A6A33C4
:0440020000979793F9
:0440030000FA6A3322
:044004000077179397
:0440050000D764B3C9
:044006000207D0637A
:04400700001A5793B1
:04400800001A7A130D
:0440090001F4971314
:04400A000147E7B3D0
:04400B0000E7EA33AD
:04400C000014D49335
:04400D000008831311
:04400E003FF30793E2
:04400F0012F05663F2
:04401000007A7713A8
:04401100020700633F
:0440120000FA771326
:0440130000400693D0
:0440140000D70A6364
:04401500004A071343
:0440160001473A33F1
:04401700014484B329
:0440180000070A1380
:044019000074971385
:04401A0000075A63DE
:04401B00FF0007B7E4
:04401C00FFF7879390
:04401D0000F4F4B304
:04401E0040030793C1
:04401F007FE0071324
:044020001CF74463E2
:04402100003A5A13F4
:0440220001D497131B
:0440230000949693DC
:0440240001476733B6
:0440250000C6D69368
:044026007FF7F79396
:04402700C89FF06FCF
:0440280000A4EA33D3
:04402900060A086318
:04402A0012048E638B
:04402B0000048513F5
:04402C00334040EFEE
:04402D000005071370
:04402E00FF550693A1
:04402F0001D0079322
:04403000FF870A13E9
:0440310040D787B33A
:0440320000F457B38C
:04403300014496B3FB
:0440340000D7E4B31A
:0440350001441A33F5
:04403600C0D007935C
:0440370040E78C339F
:0440380000000B1366
:0440390000000B93E5
:04403A00B09FF06FD4
:04403B0000058813E1
:04403C007FF0079377
:04403D0000000693E6
:04403E000000071364
:04403F00C29FF06FBD
:0440400000050A135A
:0440410000C00B139D
:044042007FF00C13EC
:0440430000300B93AB
:04404400AE1FF06F4C
:0440450000000493E0
:0440460000400B1318
:0440470000000C1356
:0440480000100B93C6
:04404900ACDFF06F89
:04404A00001B6B13D9
:04404B00000C03134F
:04404C000000041359
:04404D0000000E134E
:04404E0000100693C5
:04404F00AFDFF06F80
:04405000002B6B13C3
:044051000000041354
:0440520000000E1349
:0440530000200693B0
:04405400AE9FF06FBC
:0440550000040493CC
:04405600000E0A133B
:0440570000068B9341
:044058000009859343
:04405900B99FF06FAC
:04405A000010071338
:04405B001007906357
:04405C0041E3031326
:04405D00006A1633AC
:04405E0000C0363335
:04405F000064933333
:0440600000EA5A33E5
:04406100006666335C
:04406200014666337A
:0440630000767793D9
:0440640000E4D5B3EC
:04406500020780636B
:0440660000F6779356
:0440670000400713FB
:0440680000E78A6380
:044069000046079373
:04406A0000C7B633A2
:04406B0000C585B354
:04406C0000078613B0
:04406D000085951322
:04406E0000100793A4
:04406F0000000693B4
:044070000000071332
:04407100B60540E36D
:0440720010C0006F0B
:0440730000F007133F
:0440740012EB1063D8
:04407500000008132C
:04407600000806B781
:04407700000007132B
:04407800B45FF06FD2
:04407900200040EFF4
:04407A000155069353
:04407B0001C00793E6
:04407C00020507131F
:04407D00ECD7D4E3C5
:04407E00FF850513A2
:04407F0000000A1320
:0440800000A414B3D1
:04408100ED5FF06F90
:04408200000A851398
:044083001D8040EF6D
:0440840001550713C8
:0440850001C00793DC
:044086000205031319
:04408700AAE7D4E3ED
:04408800FF85051398
:0440890000000E1312
:04408A0000AA9433C1
:04408B00AB5FF06FC8
:04408C000000081315
:04408D007FF0079326
:04408E00000806B769
:04408F00AE9FF06F81
:04409000000883138E
:04409100DF5FF06F8E
:044092007FF0079321
:044093000000069390
:04409400000007130E
:04409500AD1FF06FFC
:04409600000008130B
:044097007FF007931C
:04409800000806B75F
:044099000000071309
:04409A00ABDFF06F39
:04409B0040F70733B0
:04409C000380069304
:04409D00AAE6C2E3EA
:04409E0001F0069394
:04409F00EEE6DAE38C
:0440A000FE10069375
:0440A10040F687B3AB
:0440A200020006937F
:0440A30000F4D7B39B
:0440A40000D70863D6
:0440A50043E30313DB
:0440A60000649333EC
:0440A700006A6A330E
:0440A800014036336A
:0440A90000F6663384
:0440AA000076771312
:0440AB000000069378
:0440AC00020708639C
:0440AD0000F677930F
:0440AE0000400713B4
:0440AF000000059375
:0440B00000E78A6338
:0440B100004607932B
:0440B20000C7B6335A
:0440B30000C035B361
:0440B4000007861368
:0440B5000095969349
:0440B60001D5971386
:0440B70000C6D693D6
:0440B8000036561365
:0440B90000E6673383
:0440BA000000079368
:0440BB00A39FF06F60
:0440BC000004049365
:0440BD00000A8A1358
:0440BE0000300B9330
:0440BF0000098593DC
:0440C0009FDFF06F1F
:0440C100001007B72D
:0440C200FFF78793EA
:0440C300FE010113E6
:0440C40000B7F8B396
:0440C50000D7F833F5
:0440C6000146D79345
:0440C7000038989392
:0440C80000812C2324
:0440C9000131262378
:0440CA0001F5D41315
:0440CB000145D9933F
:0440CC0001D55713B0
:0440CD00003818138C
:0440CE0001D655932F
:0440CF0000112E238B
:0440D00000912A230E
:0440D100012128237E
:0440D2007FF7FF1362
:0440D3007FF0031364
:0440D4000117673336
:0440D5007FF9F993E3
:0440D60000040E13C1
:0440D7000035189305
:0440D80001F6D69384
:0440D9000105E5B345
:0440DA0000361E93FB
:0440DB00206F0C63E3
:0440DC000016C69371
:0440DD0041E987B37B
:0440DE0016D402638F
:0440DF0000F05AE3B0
:0440E000240F0A633C
:0440E1003C6984634F
:0440E20003800693BE
:0440E30000100513B1
:0440E40002F6CE63AF
:0440E500008006B79A
:0440E60000D5E5B369
:0440E70001F006934B
:0440E8004EF6C46369
:0440E9000200069338
:0440EA0040F686B363
:0440EB0000D5953334
:0440EC0000FED633C9
:0440ED0000DE96B3A8
:0440EE0000C5653371
:0440EF0000D036B314
:0440F00000F5D7B34D
:0440F10000D565335E
:0440F20040F7073359
:0440F30040A8853329
:0440F40000A8B63337
:0440F500000504932B
:0440F60040C7093383
:0440F7000089179392
:0440F8003407D8634E
:0440F900008007B785
:0440FA00FFF78793B2
:0440FB0000F979331C
:0440FC002E09066320
:0440FD00000905139E
:0440FE007ED030EF51
:0440FF00FF8507939F
:044100000200069320
:0441010040F68733CA
:0441020000E4D733CB
:0441030000F9193373
:0441040001276733F5
:0441050000F494B37B
:044106003F37C46318
:04410700413787B302
:044108000017879382
:0441090040F686B343
:04410A0000D4963314
:04410B0000F4D933B0
:04410C0000C0363386
:04410D0000C966334C
:04410E0000D716B30D
:04410F0000C6E4B34F
:0441100000F7593328
:04411100000009930E
:044112000074F793AB
:0441130002078063BC
:0441140000F4F79329
:04411500004007134C
:0441160000E78A63D1
:044117000044879346
:044118000097B53324
:0441190000A90933BD
:04411A000007849383
:04411B00008917936D
:04411C006C07D063F9
:04411D00001987936B
:04411E007FF0071314
:04411F0024E78663A8
:04412000FF800737DE
:04412100FFF707138A
:0441220000E9773306
:044123007FF7F79398
:0441240001D7181394
:044125000034D5137A
:0441260000971713D4
:0441270000A8683351
:0441280000C7571362
:0441290000147E13ED
:04412A0001C120832C
:04412B0001812403E7
:04412C00014797931D
:04412D0000E7E7B30D
:04412E0001FE171364
:04412F0000E7E7B30B
:0441300001412483A2
:04413100010129035C
:0441320000C129831C
:044133000008051368
:044134000007859368
:04413500020101136F
:04413600000080679E
:0441370070F052636F
:044138001C0F1663DF
:0441390001D5E6B313
:04413A0026068E6364
:04413B00FFF7869371
:04413C004606886348
:04413D0024678C6304
:04413E000380079360
:04413F000010091350
:0441400002D7CC6373
:04414100000687935A
:0441420001F00693EF
:0441430048F6CA630D
:0441440002000693DC
:0441450040F686B307
:0441460000D59933D4
:0441470000FED6336D
:0441480000DE96B34C
:0441490000C969330D
:04414A0000D036B3B8
:04414B0000F5D7B3F1
:04414C0000D96933FA
:04414D0000F707333D
:04414E00011906331A
:04414F0001263933D9
:0441500000060493CE
:0441510000E9093345
:044152000089179336
:044153001E07D2630E
:044154000019899332
:044155007FF007935D
:0441560016F988636B
:04415700FF8007B727
:04415800FFF7879353
:044159000014F51346
:04415A0000F977B33E
:04415B000014D71362
:04415C0000A767331E
:04415D0001F79513BE
:04415E0000E564B361
:04415F000017D91359
:04416000EC9FF06F71
:0441610001D5E83369
:04416200801983132A
:0441630006080863DF
:0441640006D40A6310
:044165000E030463DE
:0441660026098E6335
:0441670000361513F6
:0441680000355513B6
:0441690000068413B5
:04416A0000058713B2
:04416B0001D718134D
:04416C0000A868330C
:04416D0000375713AD
:04416E0001076733AB
:04416F0010070663CC
:0441700000000E132A
:044171007FF0079341
:044172000008073703
:04417300000008132D
:04417400ED9FF06F5C
:0441750001D5E6B3D7
:04417600180686633E
:04417700FFF7869335
:044178003A0682631E
:0441790016678463DE
:04417A000380079324
:04417B000010051318
:04417C00DCD7CEE3DB
:04417D00000687931E
:04417E00DA5FF06FA5
:04417F000016C693CD
:04418000F8D41AE372
:0441810018030863B4
:044182002C09906311
:044183007FF007932F
:04418400011766B306
:0441850048068863FD
:04418600FFF7869326
:044187003406826315
:044188007FF00513AC
:044189002AA782637C
:04418A000380079314
:04418B000010091304
:04418C0002D7CA6329
:04418D0001F00793A3
:04418E004CD7C663E1
:04418F000200079390
:0441900040D787B3DA
:0441910000F71933E7
:0441920000D8D63348
:0441930000F897B3E6
:0441940000C96933C2
:0441950000F037B34C
:0441960000D756B345
:0441970000F969338F
:0441980000D585B316
:0441990001D907330E
:04419A00012739338D
:04419B000007049382
:04419C0000B909332A
:04419D00000F099373
:04419E00ED1FF06FB2
:04419F0000198793E9
:0441A0007FE7F7932B
:0441A1001407946308
:0441A20001D5E83328
:0441A300011767B3E6
:0441A4002A099463ED
:0441A50038078E63E6
:0441A6003C0810635E
:0441A70000351513B7
:0441A8000035591372
:0441A9000000079378
:0441AA001140006F51
:0441AB000A698063BA
:0441AC0003800693F3
:0441AD0000100913E2
:0441AE00E8F6C0E38C
:0441AF00008006B7CF
:0441B00000D5E5B39E
:0441B100E45FF06F68
:0441B20000147E1364
:0441B3007FF00793FF
:0441B40000000713ED
:0441B50000000813EB
:0441B600DD1FF06FAA
:0441B7000004851368
:0441B800505030EF44
:0441B90001850793E2
:0441BA0001F0069377
:0441BB00D0F6DAE37D
:0441BC00FF85071361
:0441BD0000E4973350
:0441BE001B37CE637A
:0441BF00413789B348
:0441C00000198793C8
:0441C10042F6DE6381
:0441C200FE198993C6
:0441C300020006935D
:0441C400013754B3B8
:0441C50000D78C6330
:0441C6000400069358
:0441C70040F687B384
:0441C80000F71733B2
:0441C90000E03733A8
:0441CA0000E4E4B376
:0441CB000000099354
:0441CC000074F793F1
:0441CD00D0079EE396
:0441CE0000098793CA
:0441CF000034D513D0
:0441D00000090713C8
:0441D1000280006FF9
:0441D200E6081CE3FC
:0441D300003515138B
:0441D40001D71813E4
:0441D5000035551349
:0441D60000A86833A2
:0441D7000037571343
:0441D800E59FF06F00
:0441D9000035151385
:0441DA000035551344
:0441DB0001D71813DD
:0441DC007FF00693D7
:0441DD0000A868339B
:0441DE00003757133C
:0441DF00E2D78EE3B2
:0441E00000C71713EA
:0441E10000C75713A9
:0441E2007FF7F793D9
:0441E30000147E1333
:0441E400D19FF06F08
:0441E50000198693A4
:0441E6007FE6F793E6
:0441E70012079E63BA
:0441E800011767B3A1
:0441E90024099A63A8
:0441EA0030078663B1
:0441EB0001D5E7B360
:0441EC0030079A639B
:0441ED000035151371
:0441EE00003559132C
:0441EF0001D71813C9
:0441F0000128683307
:0441F1000037571329
:0441F200FB9FF06FD0
:0441F30041D88833F4
:0441F4000108B7B354
:0441F50040B7093393
:0441F60040F9093350
:0441F7000089179391
:0441F8000008049324
:0441F9001207C26384
:0441FA0001286833FD
:0441FB00C00812E303
:0441FC0000000E139E
:0441FD000000079324
:0441FE0000000713A3
:0441FF00CADFF06FB4
:04420000FF800937FB
:04420100FFF90913A5
:0442020040F989B343
:0442030001277933E3
:04420400C39FF06FF5
:044205007FF00793AC
:044206000117653304
:044207001005046337
:04420800FFF7881321
:044209001E08026326
:04420A007FF0051329
:04420B00D6A788E3C7
:04420C000380079391
:04420D000006841310
:04420E000010051384
:04420F000307CA6374
:0442100001F007931F
:044211001907C46362
:04421200020007930C
:04421300410787B325
:0442140000F7153367
:044215000108D6B313
:0442160000F897B362
:0442170000D5653336
:0442180000F037B3C8
:04421900010758330E
:04421A0000F5653313
:04421B00410585B321
:04421C0040AE8533F8
:04421D0000AEB73305
:04421E000005049300
:04421F0040E58933BA
:04422000000F0993EF
:04422100B59FF06FE6
:04422200FE0786937A
:04422300020006137C
:0442240000D5D6B338
:0442250000C78A63E1
:044226000400061377
:0442270040F607B3A3
:0442280000F597B353
:0442290000FEEEB3F2
:04422A0001D0353357
:04422B0000D5653322
:04422C00B1DFF06F9F
:04422D00FF8006B751
:04422E00FFF686937E
:04422F0040F987B318
:0442300000D7773309
:04423100EF9FF06F9C
:04423200003615132A
:0442330000355513EA
:0442340000058713E7
:04423500CD9FF06FBA
:044236007FF007937B
:04423700DEF686E346
:0442380001D88EB368
:04423900011EB63379
:04423A0000B707B30F
:04423B0000C787B37E
:04423C0001F79513DE
:04423D00001EDE93EE
:04423E0001D564B38F
:04423F000017D91378
:044240000006899358
:04424100B45FF06F07
:04424200411E863360
:0442430040E587B318
:0442440000CEB733BE
:0442450000060493D8
:0442460040E7893391
:0442470000068413D6
:04424800AD1FF06F47
:044249000036161312
:04424A0000365513D2
:04424B0000068413D2
:04424C0000058713CF
:04424D00E39FF06F8C
:04424E00E00798E30A
:04424F0022080663D8
:044250000035D7134B
:04425100003616130A
:0442520001D595936A
:0442530000B7673316
:0442540000365613C7
:0442550000C7673304
:0442560000068413C7
:04425700C61FF06F1F
:0442580001D88EB348
:0442590000B705B3F2
:04425A00011EB63358
:04425B0000C58933DE
:04425C00008917932B
:04425D00000E849338
:04425E000A07D86310
:04425F00002009939F
:04426000BDDFF06F5F
:0442610041D88EB3FF
:0442620040B705B3A9
:0442630001D8B63395
:04426400000E849331
:0442650040C5893394
:0442660000100993A8
:04426700A41FF06F31
:04426800FE07869334
:044269000200061336
:04426A0000D5D6B3F2
:04426B0000C78A639B
:04426C000400061331
:04426D0040F607B35D
:04426E0000F597B30D
:04426F0000FEEEB3AC
:0442700001D039330D
:0442710000D96933D4
:04427200B71FF06F13
:04427300FE080793A7
:0442740002000693AB
:0442750000F757B344
:0442760000D80A63FF
:0442770004000693A6
:04427800410686B3C2
:0442790000D7173320
:04427A0000E8E8B3BD
:04427B0001103533C6
:04427C0000F56533B1
:04427D00E7DFF06F18
:04427E00EC0788E3DE
:04427F0001D5EEB3C4
:04428000BC0E90E3FD
:04428100D49FF06F67
:04428200411E863320
:0442830040E585B3DA
:0442840000CEB7337E
:044285000006049398
:0442860040E5893353
:044287000006841396
:044288000010099386
:044289009B9FF06F98
:04428A000010079386
:04428B00D11FF06FE0
:04428C00DC0800E367
:04428D0000361613CE
:04428E00003657930C
:04428F0001D59813AA
:0442900000959713EB
:0442910000F8683396
:0442920000C75713F7
:0442930000068E1380
:04429400000007938C
:04429500A55FF06FC2
:0442960041D889334F
:044297000128B7B390
:0442980040B70633F2
:0442990040F60633B2
:04429A0000861793F0
:04429B000E07D263D5
:04429C00411E863306
:04429D0040E587333E
:04429E0000CEBEB3DD
:04429F0041D70733C9
:0442A00000871793E9
:0442A100000604937C
:0442A2001207DE63BE
:0442A300FF8007B7DA
:0442A400FFF7879306
:0442A50000F7773374
:0442A6000006841377
:0442A7000010079369
:0442A8009F1FF06FF5
:0442A90000361613B2
:0442AA000036551372
:0442AB000005871370
:0442AC00CBDFF06F05
:0442AD0000361613AE
:0442AE00003659136A
:0442AF00000587136C
:0442B000CFDFF06FFD
:0442B10001D886B3F7
:0442B20000B707B397
:0442B3000116B63307
:0442B40000C787B305
:0442B50000879713D4
:0442B6000036D813E3
:0442B70008075E6333
:0442B800FF80073745
:0442B900FFF70713F1
:0442BA0000E7F7B36F
:0442BB0001D797137D
:0442BC00009797933D
:0442BD00010768335A
:0442BE0000C7D7134B
:0442BF000010079351
:0442C0009A9FF06F62
:0442C100FE068793DB
:0442C20002000613DD
:0442C30000F757B3F6
:0442C40000C68A6343
:0442C50004000613D8
:0442C60040D606B325
:0442C70000D71733D2
:0442C80000E8E8B36F
:0442C9000110393374
:0442CA0000F969335B
:0442CB00B39FF06F3E
:0442CC000034D513D2
:0442CD0000098793CA
:0442CE0000090713C9
:0442CF00C31FF06FAA
:0442D000020006934F
:0442D10040F686B37A
:0442D20000000613CF
:0442D3008E9FF06F5B
:0442D40000C9683382
:0442D500C8080EE324
:0442D600003959133F
:0442D7000000079349
:0442D80000060713C2
:0442D900C59FF06F1E
:0442DA0000000E13BF
:0442DB007FF00793D6
:0442DC000008073798
:0442DD00935FF06F8C
:0442DE0001D797135A
:0442DF00009797931A
:0442E0000107683337
:0442E10000C7D71328
:0442E200000007933E
:0442E30091DFF06F08
:0442E400AE0786E3B8
:0442E500413F08331A
:0442E6000008079332
:0442E700C6098EE393
:0442E80003800793B5
:0442E9000107CA639C
:0442EA00008007B792
:0442EB0000F767333E
:0442EC000006841331
:0442ED00C8DFF06FC7
:0442EE00000684132F
:0442EF0000100513A3
:0442F000CB1FF06F81
:0442F10001D71813C6
:0442F2000036561329
:0442F30000C8683364
:0442F4000037571325
:0442F500000007932B
:0442F6000006841327
:0442F700BA5FF06F4B
:0442F800BA078AE394
:0442F900413F06B388
:0442FA0000099663BE
:0442FB00000687939F
:0442FC00A21FF06F9E
:0442FD0003800793A0
:0442FE000010091390
:0442FF00A6D7C4E397
:04430000008007B77B
:0443010000F7673327
:04430200A2DFF06FD7
:044303000145D79306
:04430400001006B7E8
:04430500FFF6871325
:044306007FF7F793B3
:044307003FE006137A
:0443080000B7773350
:0443090001F5D59352
:04430A0000F65E63F8
:04430B0041D0061384
:04430C0000F65E63F6
:04430D0080000537F0
:04430E00FFF505139F
:04430F0000A585334D
:0443100000008067C2
:044311000000051390
:0443120000008067C0
:04431300433006131A
:0443140040F6063336
:0443150001F0081398
:0443160000D7673332
:0443170002C8506325
:044318004130069397
:0443190040F687B330
:04431A0000F757331E
:04431B0040E0053346
:04431C00FC059CE31D
:04431D00000705137D
:04431E0000008067B4
:04431F00BED78793EB
:0443200000F7173358
:0443210000C555334B
:0443220000A7673356
:04432300FE1FF06F1A
:04432400FF01011381
:04432500001126233A
:0443260000812423CB
:0443270000912223BC
:0443280004050A631B
:0443290041F55713F0
:04432A0000A744B3F1
:04432B0040E484B333
:04432C0000050793EE
:04432D0000048513F0
:04432E0001F7D413AC
:04432F00728030EF79
:0443300041E00793CE
:0443310040A787B367
:0443320000A00713CD
:044333007FF7F79386
:0443340006A7406335
:0443350000B00713BA
:0443360040A7073362
:0443370000E4D73394
:044338000155051313
:0443390000C717138F
:04433A0000A494B394
:04433B0000C757134D
:04433C000140006FCD
:04433D000000041365
:04433E0000000793E1
:04433F000000071360
:0443400000000493E2
:044341000147979306
:0443420001F414135B
:0443430000E7E7B3F5
:0443440000C1208311
:044345000087E7B353
:0443460000812403CB
:0443470000048513D6
:044348000007859352
:044349000041248388
:04434A000101011359
:04434B000000806787
:04434C00FF55051301
:04434D0000A49733FE
:04434E0000C717137A
:04434F0000C7571339
:0443500000000493D2
:04435100FC1FF06FEE
:0443520000C5270378
:0443530000C5A68378
:04435400000087B727
:04435500FFF7879354
:0443560001075613F2
:044357000106D81370
:0443580001071293B4
:044359000106939333
:04435A0000F67633C0
:04435B0000052883AE
:04435C0000452E03E7
:04435D0000852F03A5
:04435E000005A303B0
:04435F000045AE83E4
:044360000085AF83A2
:04436100FF01011344
:044362000102D293EF
:0443630001F75713F4
:044364000103D393EB
:0443650000F875B334
:0443660001F6D693F3
:04436700001005132A
:0443680000F60C63EC
:0443690000F5866372
:04436A0000C5946393
:04436B0002688E63F3
:04436C000101011337
:04436D000000806765
:04436E00FEC59CE309
:04436F0001C8E7B3E7
:0443700001E7E7B3C7
:044371000057E7B357
:044372000067E7B346
:0443730001D7E7B3D4
:0443740001F7E7B3B3
:044375000077E7B333
:04437600FC079CE3C1
:0443770040D70733F1
:0443780000E03533F9
:04437900FCDFF06F06
:04437A00FDDE14E36D
:04437B00FDFF12E34D
:04437C00FC7290E35C
:04437D0000D70E63F4
:04437E00FA059CE3BD
:04437F0001C8E7B3D7
:0443800001E7E7B3B7
:044381000057E7B347
:0443820000F03533DF
:04438300FA5FF06F7E
:04438400000005131D
:04438500F9DFF06FFD
:0443860000C5230348
:0443870000C5A88342
:04438800000087B7F3
:04438900FFF7879320
:04438A0001035613C2
:04438B000108D7133B
:04438C0001031F13F7
:04438D000005A683FE
:04438E000045AE83B5
:04438F000085AE03F4
:0443900000F676338A
:0443910001089593F7
:04439200000522837D
:0443930000452803B6
:0443940000852F83EE
:04439500FF01011310
:04439600010F5F13A1
:0443970001F35313C8
:044398000105D593B3
:0443990000F7753381
:04439A0001F8D893BB
:04439B0006F60A63B5
:04439C0002F50E63B5
:04439D000C061C638B
:04439E00005867B3A9
:04439F0001F7E7B388
:0443A00001E7E7B397
:0443A1000E05126390
:0443A20001D6E73326
:0443A30001C76733B4
:0443A40000B76733C4
:0443A50006071E6386
:0443A6000007866323
:0443A70002031E638C
:0443A80000100513E9
:0443A90001010113FA
:0443AA000000806728
:0443AB0001D6E6B39E
:0443AC0001C6E6B3AD
:0443AD0000B6E6B3BD
:0443AE000A06946304
:0443AF000806146385
:0443B0000058683316
:0443B10001F8683374
:0443B20001E8683383
:0443B30006081C6379
:0443B40000100513DD
:0443B500FC0898E385
:0443B600FFF00513FC
:0443B700FC9FF06F08
:0443B800005868330E
:0443B90001F868336C
:0443BA0001E868337B
:0443BB0006081A6373
:0443BC00FAC516E345
:0443BD0001D6E6B38C
:0443BE0001C6E6B39B
:0443BF0000B6E6B3AB
:0443C00006069063FA
:0443C100F8689CE319
:0443C20000000513DF
:0443C300F99FF06FFF
:0443C400FC0780E38F
:0443C500F86894E31D
:0443C600F9E5E2E350
:0443C70000BF1E63B2
:0443C800F7FE6EE3AB
:0443C90001CF9A6323
:0443CA00F70EEAE31D
:0443CB0001D816639C
:0443CC00F656E6E3D8
:0443CD00FCD2FAE341
:0443CE0000100513C3
:0443CF00F60314E3FA
:0443D000F99FF06FF2
:0443D100F4689CE30D
:0443D200FF1FF06F6A
:0443D300F40508E302
:0443D400F46896E310
:0443D500F4C544E304
:0443D600FCA650E30E
:0443D700FDDFF06FA7
:0443D800FFE00513EA
:0443D900F41FF06F6E
:0443DA00F60784E37B
:0443DB00F26898E309
:0443DC00FAA654E306
:0443DD00FC5FF06F22
:0443DE0000C52303F0
:0443DF0000C5A883EA
:0443E000000087B79B
:0443E100FFF78793C8
:0443E20001035693EA
:0443E3000108D713E3
:0443E40001031F139F
:0443E5000005A60326
:0443E6000045AE835D
:0443E7000085AE039C
:0443E80000F6F6B332
:0443E900010895939F
:0443EA000005228325
:0443EB00004528035E
:0443EC0000852F8396
:0443ED00FF010113B8
:0443EE00010F5F1349
:0443EF0001F3531370
:0443F0000105D5935B
:0443F10000F7753329
:0443F20001F8D89363
:0443F30008F68463E1
:0443F40002F50A6361
:0443F5000A069A63B7
:0443F600005867B351
:0443F70001F7E7B330
:0443F80001E7E7B33F
:0443F90004051E6336
:0443FA0001D667334E
:0443FB0001C767335C
:0443FC0000B767336C
:0443FD000407166338
:0443FE0002079C63B3
:0443FF0001010113A4
:0444000000008067D1
:0444010001D6663347
:0444020001C6663356
:0444030000B6663366
:04440400002005137C
:04440500FE0614E3B8
:0444060000069A63AF
:0444070000586833BE
:0444080001F868331C
:0444090001E868332B
:04440A0000080E6335
:04440B000868866354
:04440C0000031E6328
:04440D000010051383
:04440E000101011394
:04440F0000008067C2
:04441000080798639E
:04441100001005137F
:04441200FA089AE327
:04441300FFF005139E
:04441400FADFF06F6C
:0444150000586833B0
:0444160001F868330E
:0444170001E868331D
:04441800060812631D
:04441900FCD516E3D5
:04441A0001D666332E
:04441B0001C666333D
:04441C0000B666334D
:04441D000020051363
:04441E00F80612E3A7
:04441F00FA689AE3BA
:044420000000051380
:04442100F79FF06FA2
:04442200FA0504E3B0
:04442300FA6892E3BE
:04442400FAD540E3A2
:0444250002A6C263C6
:04442600F9E5ECE3E5
:0444270000BF1E6351
:04442800F9FE68E34E
:0444290001CF9A63C2
:04442A00F90EE4E3C0
:04442B0001D816633B
:04442C00F85660E3FB
:04442D00FCC2F6E3F4
:04442E000010051362
:04442F00F40310E39F
:04443000F8DFF06F52
:04443100002005134F
:044432000101011370
:04443300000080679E
:04443400F66890E3B3
:04443500FC1FF06F09
:0444360000C5A80312
:04443700F601011376
:044438000045A68312
:044439000085A883CF
:04443A0008912A2398
:04443B000005A48351
:04443C000108171349
:04443D00000085B73F
:04443E000107571308
:04443F000108579386
:04444000FFF585936C
:0444410008812C239F
:044442000921282301
:0444430009312623F2
:0444440009412423E3
:0444450009512223D4
:0444460007712E23A9
:0444470008112E2307
:0444480009612023C3
:0444490007812C2398
:04444A000491202396
:04444B0004D1222353
:04444C00051124230F
:04444D00050126231C
:04444E00009128238E
:04444F0000D12A234B
:0444500001112C2307
:0444510000E12E2335
:0444520000B7F7B305
:0444530000062A83B2
:044454000046298372
:0444550000862B832F
:0444560000C6290370
:044457000005041345
:0444580001F85A13FA
:04445900320784633F
:04445A0018B78A63A2
:04445B00000106B79F
:04445C0000D76733EB
:04445D0000E12E2329
:04445E000101051340
:04445F0001C10693FE
:044460000037159379
:04446100FFC6A703E8
:04446200FFC6869378
:0444630001D7561314
:0444640000B6663305
:0444650000C6A223C8
:04446600FED514E388
:04446700FFFFC73755
:0444680000349493F5
:04446900001707131E
:04446A000091282372
:04446B0000000B132F
:04446C0000E784B32E
:04446D0000000C132C
:04446E000109151318
:04446F00000086B70C
:0444700001095713D4
:0444710001055513D9
:04447200FFF6879337
:0444730005212623D6
:0444740005512023AB
:0444750005312223C8
:044476000571242385
:0444770003512023AA
:0444780003312223C7
:044479000371242384
:04447A0002A1262352
:04447B0000F777339C
:04447C0001F95913D6
:04447D001C070063B5
:04447E0012F70263CC
:04447F00000107B77A
:0444800000F56533AB
:0444810002A126234B
:04448200020105939B
:0444830002C10693D9
:0444840000351613D6
:04448500FFC6A503C6
:04448600FFC6869354
:0444870001D5579371
:0444880000C7E7B3CF
:0444890000F6A22374
:04448A00FED594E3E4
:04448B00FFFFC7B7B1
:04448C0000178793FB
:04448D00003A9A93C4
:04448E0000F70733F9
:04448F000351202392
:044490000097073357
:04449100000006130E
:0444920000A00693ED
:044493000017079374
:044494001166C66384
:04449500012A48337D
:044496000020069369
:0444970000080A13FC
:044498003366D26352
:044499000010069376
:04449A00016696B36E
:04449B005306F5933C
:04449C000E05966310
:04449D000886F59305
:04449E00000584632E
:04449F007890006FA2
:0444A0002406F69365
:0444A10036068463F4
:0444A200000087B7D8
:0444A30000000813FA
:0444A400FFF7879304
:0444A5000000873755
:0444A6000000069379
:0444A70000000613F8
:0444A8000000059378
:0444A90000F81813EC
:0444AA000107E7B36C
:0444AB0004E11623EF
:0444AC0004F11723DD
:0444AD0004C127839C
:0444AE0009C120839D
:0444AF0000B4202312
:0444B00000C42223FF
:0444B10000D42423EC
:0444B20000F42623C9
:0444B30000040513E9
:0444B4000981240353
:0444B5000941248312
:0444B60009012903CC
:0444B70008C129838C
:0444B80008812A034A
:0444B90008412A8309
:0444BA0008012B03C7
:0444BB0007C12B8387
:0444BC0007812C0345
:0444BD000A010113DC
:0444BE000000806713
:0444BF0000D4E6B38C
:0444C0000116E6B348
:0444C10000E6E6B378
:0444C2002C069463CD
:0444C30000800B1357
:0444C40000078493D6
:0444C50000200C13B4
:0444C600EA1FF06F8A
:0444C700013AE9B31A
:0444C8000179E9B3DA
:0444C90000A9E9B3AA
:0444CA0000E4873350
:0444CB002A098A63CD
:0444CC00012A483346
:0444CD00003B6B1332
:0444CE0000A0061331
:0444CF0000080A13C4
:0444D00000D487B3DA
:0444D1006B6648E3EB
:0444D200001006933D
:0444D300016696B335
:0444D4005306F59303
:0444D500003006139A
:0444D600F0058EE37C
:0444D70001412683F6
:0444D80001C12703F4
:0444D900000C0613BA
:0444DA0002D12A23BE
:0444DB000101268332
:0444DC0002D12823BE
:0444DD0001812683B0
:0444DE0002D12C23B8
:0444DF0002E12E23A5
:0444E000002007139E
:0444E1001EE6006370
:0444E200003007138C
:0444E300EEE60EE310
:0444E40000100713AA
:0444E500000A0813AE
:0444E60056E61AE399
:0444E7000000079337
:0444E80000000713B6
:0444E9000000069336
:0444EA0000000613B5
:0444EB000000059335
:0444EC00EF5FF06F1F
:0444ED00013AE7B3F6
:0444EE000177E7B3B8
:0444EF0000A7E7B388
:0444F00020078063BE
:0444F100000514634B
:0444F2000180106FC6
:0444F300018030EF25
:0444F400FF450893E5
:0444F50002000E13A0
:0444F600411E0E3322
:0444F7000000069328
:0444F800011A9AB358
:0444F90040D0033379
:0444FA000023131375
:0444FB00020108139F
:0444FC00006807331A
:0444FD0000300593F3
:0444FE0040600333E4
:0444FF0000C7278348
:044500000087260307
:0445010000670EB38E
:04450200011797B353
:0445030001C6563364
:0445040000C7E7B352
:0445050000FEA623EB
:04450600FFF58593A5
:04450700FFC70713D0
:04450800FCB6CEE34C
:0445090000269713DE
:04450A000507079307
:04450B000101071390
:04450C0000E787330A
:04450D00FD57202313
:04450E00FFF687939A
:04450F00FFF007139F
:0445100002E78A63D1
:044511000017879375
:044512000027979354
:04451300008006938B
:044514000008071381
:0445150000D7EA637E
:04451600020120235B
:044517000008222353
:04451800FF878793FF
:044519000281071301
:04451A0000400693C4
:04451B0000D7E4637E
:04451C000007202351
:04451D00FFFFC7379E
:04451E000117071367
:04451F0040A7073377
:0445200000970733C6
:04452100000006137D
:04452200DC1FF06F3B
:0445230000D4E7B326
:044524000117E7B3E1
:0445250000E7E7B311
:0445260010078C638B
:044527006E0704E334
:044528000007051370
:04452900741020EFFB
:04452A00FF450893AE
:04452B0002000E1369
:04452C00411E0E33EB
:04452D0000000693F1
:04452E00011494B32D
:04452F0040D0033342
:04453000002313133E
:044531000101081369
:0445320000680733E3
:0445330000300593BC
:0445340040600333AD
:0445350000C7278311
:0445360000872603D1
:0445370000670EB358
:04453800011797B31D
:0445390001C656332E
:04453A0000C7E7B31C
:04453B0000FEA623B5
:04453C00FFF585936F
:04453D00FFC707139A
:04453E00FCB6CEE316
:04453F0000269713A8
:0445400005070793D1
:04454100010107135A
:0445420000E78733D4
:04454300FA97282398
:04454400FFF6879364
:04454500FFF0071369
:0445460002E78A639B
:04454700001787933F
:04454800002797931E
:044549000080069355
:04454A00000807134B
:04454B0000D7EA6348
:04454C00000128231F
:04454D00000822231D
:04454E00FF878793C9
:04454F0001810713CC
:04455000004006938E
:0445510000D7E46348
:04455200000720231B
:04455300FFFFC7B7E8
:044554000117879331
:0445550040A784B344
:0445560000000B1343
:0445570000000C1341
:04455800C59FF06F9C
:04455900000087B720
:04455A00000A081338
:04455B00FFF787934C
:04455C000000071341
:04455D0000000693C1
:04455E000000061340
:04455F0000000593C0
:04456000D25FF06FC7
:04456100FFFB0B133E
:0445620000100693AC
:044563000766E063A4
:044564000241268367
:0445650002C1270365
:0445660002D12A2331
:0445670002012683A4
:0445680002D1282331
:044569000281268322
:04456A0002D12C232B
:04456B00DD1FF06FF1
:04456C0000400B13ED
:04456D0000000493B3
:04456E0000100C131A
:04456F00BFDFF06F4B
:04457000001B6B13AE
:0445710000048713A8
:04457200001006131C
:04457300C7DFF06F3F
:0445740000C00B1365
:044575000007849324
:0445760000300C13F2
:04457700BDDFF06F45
:04457800002B6B1396
:044579000020061305
:04457A00C61FF06FF9
:04457B0001012A030D
:04457C00020129838C
:04457D0000010FB773
:04457E00FFFF8313A5
:04457F00006A78B3A3
:044580000069F333A8
:0445810007912A2351
:0445820007A1282342
:0445830007B1262333
:04458400010A5F13B6
:044585000109DE93B7
:044586000008851391
:044587000003059395
:044588004ED020EF02
:0445890000050E1308
:04458A00000E859307
:04458B00000885138C
:04458C004DD020EFFF
:04458D00000508938A
:04458E00000305938E
:04458F00000F051301
:044590004CD020EFFC
:04459100000503130B
:04459200000E8593FF
:04459300000F0513FD
:044594004BD020EFF9
:04459500010E56932A
:04459600006888B37E
:04459700011686B3D0
:044598000066F46362
:0445990001F50533F0
:04459A0000010EB757
:04459B00FFFE859307
:04459C000241248331
:04459D0000B6F6333B
:04459E0000BE7E33AA
:04459F0001061613E8
:0445A0000106D693A7
:0445A10000A686B337
:0445A20000BA7333B5
:0445A30001C6053315
:0445A40000B4F8B3B4
:0445A50004A120232A
:0445A60004D12223F7
:0445A700010A5F1393
:0445A8000104DF9398
:0445A90000030513F3
:0445AA0000088593ED
:0445AB00461020EFA7
:0445AC0000050E13E5
:0445AD00000F8593E3
:0445AE0000030513EE
:0445AF00451020EFA4
:0445B00000050313EC
:0445B10000088593E6
:0445B200000F0513DE
:0445B300441020EFA1
:0445B4000005089363
:0445B500000F8593DB
:0445B600000F0513DA
:0445B700431020EF9E
:0445B800010E5F137E
:0445B90001130333B4
:0445BA00006F0F334C
:0445BB0000050C9358
:0445BC00011F746304
:0445BD0001D50CB365
:0445BE00014129038B
:0445BF00000102B73E
:0445C000FFF28593EE
:0445C10000BF78B30C
:0445C20000BE75338F
:0445C30000B9733395
:0445C40000B9FEB389
:0445C50001089893BE
:0445C60000A888B30E
:0445C700010F5F136E
:0445C80001095393FF
:0445C9000109DF9372
:0445CA0000030513D2
:0445CB00000E8593C6
:0445CC003DD020EFCF
:0445CD0000050E13C4
:0445CE00000F8593C2
:0445CF0000030513CD
:0445D0003CD020EFCC
:0445D10000050313CB
:0445D200000E8593BF
:0445D3000003851349
:0445D4003BD020EFC9
:0445D50000050E933C
:0445D600000F8593BA
:0445D7000003851345
:0445D8003AD020EFC6
:0445D900010E5F93DD
:0445DA0001D30333D3
:0445DB00006F8FB32B
:0445DC0001DFF463A4
:0445DD00005505334D
:0445DE00000102B71F
:0445DF00FFF28E93C6
:0445E00001DFFAB34A
:0445E10001DE7E3346
:0445E20001D9733355
:0445E300010FDF9352
:0445E40001D4FEB34D
:0445E500010A9A939A
:0445E60000AF8FB3E0
:0445E70001CA8AB3C8
:0445E80001095B1357
:0445E9000104D39363
:0445EA0000030513B2
:0445EB00000E8593A6
:0445EC0035D020EFB7
:0445ED0000050E13A4
:0445EE0000038593AE
:0445EF0000030513AD
:0445F00034D020EFB4
:0445F10000050313AB
:0445F200000E85939F
:0445F300000B0513A1
:0445F40033D020EFB1
:0445F50000050B931F
:0445F60000038593A6
:0445F700000B05139D
:0445F80032D020EFAE
:0445F900010E5E93BE
:0445FA000173033313
:0445FB00006E8EB30D
:0445FC00017EF463E5
:0445FD00005505332D
:0445FE000281228391
:0445FF00000103B7FD
:04460000FFF38593AC
:0446010000BEF333D1
:0446020000BE76B3CD
:0446030000BA7BB3CB
:0446040000B2FB33D2
:04460500010EDE9331
:044606000103131386
:0446070000AE8EB3C0
:0446080000D30333A5
:04460900010A5D1332
:04460A000102DC13BA
:04460B00000B851308
:04460C00000B059307
:04460D002D9020EFDD
:04460E0000050E1382
:04460F00000C059303
:04461000000B851303
:044611002C9020EFDA
:0446120000050B9301
:04461300000B059300
:04461400000D05137D
:044615002B9020EFD7
:0446160000050B137D
:04461700000C0593FB
:04461800000D051379
:044619002A9020EFD4
:04461A00010E5693A4
:04461B00016B8BB3F1
:04461C00017686B3EA
:04461D000166F463DB
:04461E0000750533EB
:04461F0000010DB7D2
:04462000FFFD8B13FC
:04462100018123836D
:044622000166F5B385
:044623000106D69323
:04462400016E76337A
:0446250000A686B3B2
:044626000105959362
:044627000163FE33FA
:0446280000D1242376
:044629000169FB33F5
:04462A0000C586B38E
:04462B0000D1262371
:04462C000103DD1396
:04462D000109DC1390
:04462E00000E051362
:04462F00000B0593E4
:0446300024D020EF83
:0446310000050B93E2
:04463200000C0593E0
:04463300000E05135D
:0446340023D020EF80
:0446350000050E135B
:04463600000B0593DD
:04463700000D05135A
:0446380022D020EF7D
:0446390000050B135A
:04463A00000C0593D8
:04463B00000D051356
:04463C0021D020EF7A
:04463D00016E0E33C9
:04463E00010BD69303
:04463F0000DE0E3358
:04464000016E746330
:0446410001B5053387
:044642000441268386
:0446430000010B3730
:04464400FFFB0593E0
:04464500011688B31F
:0446460000D8B6B32F
:0446470000DF0F334E
:04464800019F0F338C
:0446490001588AB3D7
:04464A0001FF0FB3AA
:04464B00011AB8B3E5
:04464C00011F88B30F
:04464D0001EFB63390
:04464E0001F8BFB3FD
:04464F0000DF3F3316
:0446500001F66633D6
:0446510001E6063345
:0446520000C12F0371
:04465300006886B3C2
:0446540000812F832F
:0446550001D60EB3C9
:0446560000BE7333FC
:044657000116B8B3DD
:04465800011E88B304
:0446590001E68F33B4
:04465A000103131332
:04465B0000BBFBB3F2
:04465C0001F88FB31F
:04465D00010E5E13D9
:04465E0001730BB326
:04465F0000DF36B38F
:0446600000DF86B33E
:04466100017F03339F
:0446620000AE05336E
:0446630000A68533F5
:0446640001E33F33FC
:0446650002C12E035D
:0446660001E50F3328
:0446670000CEB63398
:0446680001D8BEB304
:04466900011FB8B3C2
:04466A0001F6BFB3E3
:04466B0001F8E8B3B7
:04466C0001D66633DA
:04466D0000D536B38B
:04466E0000AF353331
:04466F0001160633F7
:0446700000A6E6B307
:0446710000BA78B360
:0446720000C686B345
:0446730000BE7FB353
:0446740005E1262313
:0446750005512223A6
:044676000461242394
:0446770004D128231F
:04467800010A5A13C6
:04467900010E5F13BC
:04467A00000885139C
:04467B00000F859314
:04467C0011D020EF4A
:04467D0000050E9393
:04467E00000F059391
:04467F000008851397
:0446800010D020EF47
:044681000005089395
:04468200000F85930D
:04468300000A051311
:044684000FD020EF44
:044685000005031316
:04468600000F059389
:04468700000A05130D
:044688000ED020EF41
:04468900010ED693B5
:04468A00006888B389
:04468B00011686B3DB
:04468C000066F4636D
:04468D00016505338B
:04468E0001C1230340
:04468F0000010A37E5
:04469000FFFA059395
:0446910000B6FFB3BD
:0446920000B378B346
:0446930000B9FF3338
:044694000106DB132D
:04469500010F9F93DF
:0446960000BEF6B3B9
:0446970000AB0B3336
:0446980000DF8FB3FD
:0446990001035A932C
:04469A000109D993A6
:04469B00000885137B
:04469C00000F059373
:04469D00099020EF71
:04469E0000050E9372
:04469F0000098593F6
:0446A0000008851376
:0446A100089020EF6E
:0446A2000005089374
:0446A300000F05936C
:0446A400000A851370
:0446A500079020EF6B
:0446A60000050F13E9
:0446A70000098593EE
:0446A800000A85136C
:0446A900069020EF68
:0446AA0001E886B3EA
:0446AB00010ED61313
:0446AC0000C686B30B
:0446AD0001E6F463CB
:0446AE00014505338A
:0446AF00000109B746
:0446B000FFF98593F6
:0446B10000B6FA3322
:0446B20000BEF6331D
:0446B30000B97BB31C
:0446B4000106D69392
:0446B50000B2FEB39E
:0446B600010A1A13C8
:0446B70000A68F3397
:0446B80000CA0A33F7
:0446B9000109589308
:0446BA000102DA938C
:0446BB00000B851358
:0446BC00000E8593D4
:0446BD00019020EF59
:0446BE0000050C13D4
:0446BF00000A8593D5
:0446C000000B851353
:0446C100009020EF56
:0446C20000050B9351
:0446C300000E8593CD
:0446C4000008851352
:0446C5007F8020EFE3
:0446C60000050E934A
:0446C700000A8593CD
:0446C800000885134E
:0446C9007E8020EFE0
:0446CA00010C5A93F2
:0446CB0001DB8BB3D1
:0446CC00017A8AB332
:0446CD0001DAF463B7
:0446CE00013505337A
:0446CF00000108B727
:0446D000FFF88593D7
:0446D10000BAFBB37D
:0446D20000BC76B3FF
:0446D30000B3F9B384
:0446D40000B4FEB37D
:0446D500010ADA9369
:0446D600010B9B93A6
:0446D70000AA8AB3F8
:0446D80000DB8BB3C5
:0446D9000103DD13E9
:0446DA000104DC9368
:0446DB00000985133A
:0446DC00000E8593B4
:0446DD00798020EFD1
:0446DE0000050C13B4
:0446DF00000C8593B3
:0446E0000009851335
:0446E100788020EFCE
:0446E2000005099333
:0446E300000E8593AD
:0446E400000D0513AD
:0446E500778020EFCB
:0446E60000050E932A
:0446E700000C8593AB
:0446E800000D0513A9
:0446E900768020EFC8
:0446EA00010C5D134F
:0446EB0001D989B3B5
:0446EC00013D0D334C
:0446ED0000050C9325
:0446EE0001DD746313
:0446EF0001150CB3F2
:0446F00004C1298355
:0446F1000501288314
:0446F20000010EB7FE
:0446F30001F9863310
:0446F40001688B339B
:0446F500013639B39E
:0446F600FFFE8593AB
:0446F700014606B3BF
:0446F800013B09B3C6
:0446F90001E98F3311
:0446FA0000BD7A3352
:0446FB0000C6B6330C
:0446FC0000CF0633B2
:0446FD0001768BB304
:0446FE0000BC7C334D
:0446FF00010A1A137F
:0447000001560AB3A1
:04470100018A0FB367
:04470200010D55133D
:0447030000DBB6B36E
:0447040001FB8A33F8
:0447050000DA86B39D
:0447060001950533E1
:0447070000A6853350
:04470800017A3BB344
:04470900011B38B3A5
:04470A000169BB3353
:04470B00013F39B37E
:04470C0001E63F3350
:04470D0001750FB370
:04470E0001E9E9B321
:04470F000168E8B3A2
:0447100000CAB633F2
:044711000156BAB3E0
:04471200013888B32F
:0447130001566633B2
:0447140000D536B3E3
:0447150000AFB53309
:04471600011606334F
:0447170000A6E6B35F
:0447180000B3F8B33F
:0447190000C686B39D
:04471A0000B2FAB33C
:04471B00054126230B
:04471C0005F1282358
:04471D0004D12A2376
:04471E000103DA13A6
:04471F000102D99327
:0447200000088513F5
:04472100000A859372
:04472200684020EFDC
:0447230000050F136B
:044724000009859370
:0447250000088513F0
:04472600674020EFD9
:0447270000050893EE
:04472800000A85936B
:04472900000A05136A
:04472A00664020EFD6
:04472B0000050F93E3
:04472C000009859368
:04472D00000A051366
:04472E00654020EFD3
:04472F0001F886B354
:04473000010F56130C
:0447310000C686B385
:0447320001F6F46335
:0447330001D5053374
:0447340000010FB7BA
:04473500FFFF85936A
:0447360000B6FAB31C
:0447370000BF763316
:0447380000B978B399
:044739000106D6930C
:04473A0000BE7F330B
:04473B00010A9A9342
:04473C0000A68B3315
:04473D0000CA8AB371
:04473E000109591301
:04473F00010E59937B
:0447400000088513D5
:04474100000F0593CD
:04474200604020EFC4
:0447430000050E93CC
:044744000009859350
:0447450000088513D0
:044746005F4020EFC1
:0447470000050893CE
:04474800000F0593C6
:04474900000905134B
:04474A005E4020EFBE
:04474B0000050F1343
:04474C000009859348
:04474D000009051347
:04474E005D4020EFBB
:04474F00010EDC1368
:0447500001E888B341
:04475100011C0C3308
:0447520001EC74639F
:0447530001F5053334
:0447540000010FB79A
:04475500FFFF85934A
:0447560000BC7633FA
:0447570000BEF6B3F7
:0447580000B378B37F
:0447590000B4FEB3F7
:04475A00010616132B
:04475B00010C5C13DE
:04475C0000AC0C336E
:04475D0000D6093346
:04475E000103599367
:04475F000104D493EA
:0447600000088513B5
:04476100000E85932E
:04476200584020EFAC
:0447630000050F132B
:044764000004859335
:0447650000088513B0
:04476600574020EFA9
:0447670000050893AE
:04476800000E859327
:0447690000098513AB
:04476A00564020EFA6
:04476B0000050E93A4
:04476C00000485932D
:04476D0000098513A7
:04476E00554020EFA3
:04476F00010F5B9348
:0447700001D888B331
:04477100011B8BB3EA
:0447720001DBF46310
:0447730001F5053314
:0447740000010EB77B
:04477500FFFE85932B
:0447760000BBFFB3D2
:0447770000B3F8B3E0
:0447780000BF76B355
:0447790000BE79B352
:04477A00010BDB93C1
:04477B00010F9F93F8
:04477C0000AB8BB350
:04477D0000DF8FB317
:04477E000103D393CD
:04477F00010E549340
:044780000008851395
:044781000009859313
:04478200504020EF94
:0447830000050F130B
:044784000004859315
:044785000008851390
:044786004F4020EF91
:04478700000508938E
:04478800000985930C
:044789000003851391
:04478A004E4020EF8E
:04478B000005099389
:04478C00000485930D
:04478D00000385138D
:04478E004D4020EF8B
:04478F00010F539330
:04479000013888B3B1
:04479100011383B3DA
:044792000133F46398
:0447930001D5053314
:0447940000010EB75B
:04479500FFFE85930B
:0447960000B3F4B3C5
:0447970000BF76B336
:0447980000B37A33BD
:0447990000B2FF3338
:04479A000103D393B1
:04479B0001049493EE
:04479C0000A383B340
:04479D0000D484B30D
:04479E000103589328
:04479F000102D293AE
:0447A000000A0513F3
:0447A100000F05936D
:0447A200484020EF7C
:0447A3000005099371
:0447A40000028593F7
:0447A500000A0513EE
:0447A600474020EF79
:0447A70000050A13EC
:0447A800000F059366
:0447A900000885136C
:0447AA00464020EF76
:0447AB0000050F13E3
:0447AC0000028593EF
:0447AD000008851368
:0447AE00454020EF73
:0447AF0001EA06B362
:0447B0000109D89390
:0447B10000D888B3F1
:0447B20000050A13E1
:0447B30001E8F463C2
:0447B40001D50A33EE
:0447B5000501258352
:0447B60005412F0387
:0447B70000010EB738
:0447B800015582B372
:0447B900016F0B334E
:0447BA0000B2B5B3E1
:0447BB00012286331E
:0447BC0000BB05B386
:0447BD0001858C33B3
:0447BE00005632B3BC
:0447BF00005C06B3E1
:0447C00001F60FB33C
:0447C10001768BB33F
:0447C20000CFB6333B
:0447C30000CB86336E
:0447C40001EB3F3393
:0447C5000165BB339C
:0447C60000BC35B34B
:0447C7000186BC3378
:0447C800FFFE8293DB
:0447C9000185E5B3CE
:0447CA00016F6F33D9
:0447CB0000DBB6B3A6
:0447CC0001763BB384
:0447CD000058F93364
:0447CE0000BF0F33E6
:0447CF000176E6B3D6
:0447D0000096053317
:0447D10001E686B3C4
:0447D2000059F9B3DE
:0447D30001091F13A6
:0447D400007685B333
:0447D50000C53633B2
:0447D600013F03B3E9
:0447D7000108D8936A
:0447D80000C586335F
:0447D900007503B3B1
:0447DA00014888B357
:0447DB00011608B308
:0447DC0000A3B5334E
:0447DD0000A8853378
:0447DE0000D5B6B399
:0447DF0000B635B338
:0447E00000C8B63324
:0447E100011538B3D3
:0447E2000116663323
:0447E30000B6E6B383
:0447E400005374B357
:0447E50000C686B3D1
:0447E600005E72B34C
:0447E70004A12C23DA
:0447E80005F128238C
:0447E90004712A230A
:0447EA0004D12E23A5
:0447EB000103531360
:0447EC00010E5893CF
:0447ED00000485132C
:0447EE0000028593AD
:0447EF00350020EF82
:0447F00000050F931E
:0447F10000088593A4
:0447F2000004851327
:0447F300340020EF7F
:0447F40000050E139B
:0447F50000028593A6
:0447F60000030513A4
:0447F700330020EF7C
:0447F80000050F1396
:0447F900000885939C
:0447FA0000030513A0
:0447FB00320020EF79
:0447FC00010FD69340
:0447FD0001EE0E3388
:0447FE0001C686B3B7
:0447FF0001E6F46378
:0448000001D50533A6
:044801000001033778
:04480200FFF30313AA
:044803000581288380
:044804000066F63321
:04480500006FF5B398
:04480600010616137E
:0448070005C12303C1
:0448080000B60633BD
:0448090000C886332A
:04480A000106D6933A
:04480B00006686B30A
:04480C00011638B3A6
:04480D00040123037C
:04480E00011686B356
:04480F0004412883B5
:0448100000A686B3C5
:0448110004C1258336
:0448120004812503F5
:044813000068E8B39E
:0448140004D12E237A
:0448150000A8E8B35C
:0448160000D5951321
:0448170004C12C2389
:0448180001156533EE
:0448190004010693FD
:04481A00050103137E
:04481B000135D893F8
:04481C000106A58369
:04481D000046869338
:04481E0000D5961318
:04481F0001166633E5
:04482000FEC6AE23FF
:04482100FE6694E3B8
:044822000401260364
:0448230000A036B308
:0448240004C1258323
:0448250000C6E6B330
:0448260004812603E0
:0448270002B12E2389
:0448280002D128236E
:0448290002C12C2379
:04482A00044126031C
:04482B0002C12A2379
:04482C0000B596132A
:04482D003806546392
:04482E0001F69513E7
:04482F000301071367
:0448300003C1089325
:044831000016D31387
:044832000047268392
:044833000047071320
:0448340001F69613E0
:044835000066663380
:04483600FEC72E2368
:04483700FF1714E370
:04483800030127034E
:0448390000A036B3F2
:04483A000015D593FD
:04483B0000D7673308
:04483C0002E128234A
:04483D0007412C8380
:04483E0007012D033E
:04483F0006C12D83FE
:0448400002B12E2370
:0448410000078713D2
:044842000080006F83
:0448430000078713D0
:0448440000004637F3
:04484500FFF6061361
:0448460000C706336E
:0448470010C05663E4
:0448480003012783BE
:0448490003C12683FE
:04484A000077F5936B
:04484B00040582637B
:04484C0000F7F593E9
:04484D00004005130F
:04484E0002A58C63D0
:04484F0003412503F9
:044850000047879303
:044851000381288334
:044852000047B593D3
:0448530000A5853304
:0448540000B535B3C3
:0448550000B885B36F
:044856000115B8B3DD
:04485700011686B30D
:0448580002F128231E
:0448590002A12A236B
:04485A0002B12C2358
:04485B0002D12E2335
:04485C0000B6979378
:04485D000007DE630F
:04485E00FFF007B7A9
:04485F00FFF7879345
:0448600000F6F6B3B5
:0448610000004637D6
:0448620002D12E232E
:0448630000C7063351
:0448640003012583A4
:0448650003010793B1
:0448660003C10893EF
:044867000035D51330
:044868000047A583DD
:0448690000478793EA
:04486A0001D59713CA
:04486B0000A7673308
:04486C00FEE7AE2392
:04486D00FF1794E3BA
:04486E000000873788
:04486F00000087B707
:04487000FFE7071344
:04487100FFF7879333
:044872009CC74C6330
:044873000036D71321
:0448740000F677B320
:04487500010717130D
:04487600010797930C
:044877000301258391
:0448780003412603CF
:04487900038126830E
:04487A0001075713C8
:04487B000107D793C7
:04487C008B4FF06FFF
:04487D0000F007132D
:04487E0000300613ED
:04487F0000EB1463D3
:04488000888FF06FBE
:044881000241268347
:0448820002C1270345
:0448830000090A130B
:0448840002D12A2310
:044885000201268383
:0448860002D1282310
:044887000281268301
:0448880002D12C230A
:04488900958FF06FA8
:04488A00220612638D
:04488B00030127837B
:04488C0003C123033E
:04488D0000300713DD
:04488E0001F7979304
:04488F0000135313AC
:04489000001005937C
:0448910001F00E1311
:044892000301069385
:0448930000261613D2
:0448940000271F13C7
:0448950000C68533A1
:0448960000068893FD
:0448970001E68EB3F5
:0448980000052603EE
:0448990000452F8324
:04489A0000488893B7
:04489B0000B65633DA
:04489C0001CF9FB3F6
:04489D0001F6663387
:04489E00FEC8AE237F
:04489F0000450513B8
:0448A000FFD890E3CA
:0448A100050F0613E6
:0448A2000101059378
:0448A30000B60F3319
:0448A40000170713DF
:0448A500FC6F282359
:0448A60000400613B5
:0448A70003012303E3
:0448A80002C70E63D2
:0448A90000400613B2
:0448AA0040E60633AB
:0448AB0000261613BA
:0448AC0000271713B7
:0448AD0000800593EF
:0448AE0000E6873366
:0448AF0000B66A6382
:0448B00000072023BA
:0448B10000072223B7
:0448B200FF86061364
:0448B3000087071360
:0448B4000040059328
:0448B50000B6646382
:0448B60000072023B4
:0448B70000F037B323
:0448B8000067E7B3FB
:0448B90002F12823BD
:0448BA000077F6137A
:0448BB0003C127030B
:0448BC000406026389
:0448BD0000F7F613F7
:0448BE00004005931E
:0448BF0002B60C63CE
:0448C0000341260387
:0448C1000047879392
:0448C2000381250346
:0448C3000047B59362
:0448C40000B605B382
:0448C50000C5B63341
:0448C60000C50633F0
:0448C70000A63533DF
:0448C80000A707330B
:0448C90002F12823AD
:0448CA0002B12A23EA
:0448CB0002C12C23D7
:0448CC0002E12E23B4
:0448CD0000C7179376
:0448CE001A07CE6394
:0448CF0003012603B8
:0448D00000068793C4
:0448D10003C1051307
:0448D20000365593C4
:0448D3000047A603F1
:0448D400004787937F
:0448D50001D616935F
:0448D60000B6E6B38F
:0448D700FED7AE2337
:0448D800FEA794E3C0
:0448D900003757133A
:0448DA0001071713A8
:0448DB00030125832D
:0448DC00034126036B
:0448DD0003812683AA
:0448DE000107571364
:0448DF00000007933B
:0448E000F25FE06F34
:0448E10016089063C2
:0448E2001A068C63C3
:0448E3000006851333
:0448E400054020EF7C
:0448E50004050513AE
:0448E600FF450793F0
:0448E70001F7F8934A
:0448E8004057D693CC
:0448E90022089063AE
:0448EA0040D0063381
:0448EB00002616137A
:0448EC0000C6079368
:0448ED0001010813AA
:0448EE0000F807B314
:0448EF0040C006338C
:0448F0000007A88392
:0448F10000C785B3C4
:0448F2000007871321
:0448F3000115A023E8
:0448F400FFC78793E0
:0448F500FEE816E3E0
:0448F600FFF68793AF
:0448F700938FF06F3C
:0448F8000E0B9A63A6
:0448F90012098463B9
:0448FA000009851319
:0448FB007F9010EFAB
:0448FC000405051397
:0448FD00FF450793D9
:0448FE0001F7F89333
:0448FF004057D693B5
:044900001E08926398
:0449010040D0063369
:044902000026161362
:0449030000C6079350
:044904000201081391
:0449050000F807B3FC
:0449060040C0063374
:044907000007A8837A
:0449080000C785B3AC
:044909000007871309
:04490A000115A023D0
:04490B00FFC78793C8
:04490C00FEE816E3C8
:04490D00FFF6879397
:04490E00804FF06F77
:04490F0007412C83AD
:0449100007012D036B
:0449110006C12D832B
:04491200CC9FF06FD7
:0449130000100793F6
:0449140040C787B35E
:04491500074007133D
:0449160000F75463EF
:04491700F41FE06F3A
:0449180001F7F5931B
:0449190002000E1377
:04491A004057D61319
:04491B0040BE0E3359
:04491C001606026316
:04491D0003010693F9
:04491E0000261893C4
:04491F0000068713F4
:0449200000D888B380
:0449210000000793F8
:044922000007250362
:04492300004707132F
:0449240000A7E7B34E
:04492500FF171AE37B
:0449260000060893EC
:044927000030071342
:0449280040C707334A
:0449290000068513EC
:04492A00002613133D
:04492B000E0594637E
:04492C00006508B367
:04492D000008A88353
:04492E000015859358
:04492F000045051327
:04493000FF152E231E
:04493100FEB756E394
:044932000040071327
:0449330040C707333F
:04493400DC9FF06FA5
:04493500000B8513DB
:0449360070D010EF3E
:04493700020505135D
:04493800F15FF06FCC
:0449390000088513DA
:04493A006FD010EF3B
:04493B000205051359
:04493C00EA9FF06F8F
:04493D0000100793CC
:04493E00000007135B
:04493F0000000693DB
:04494000000006135A
:0449410000000593DA
:04494200D9DFE06F6A
:04494300000A8513CE
:044944006D5010EFB3
:04494500054507938A
:0449460001F7F893EA
:044947000605051349
:044948004057D6936B
:04494900EE0880E311
:04494A0000200793AF
:04494B00011A9AB300
:04494C0004F6926378
:04494D0002000E1343
:04494E00411E0E33C5
:04494F00EA9FE06F8C
:0449500000048513C7
:044951006A1010EFE9
:04495200054507937D
:0449530001F7F893DD
:04495400060505133C
:044955004057D6935E
:04495600E40888E306
:0449570000200793A2
:04495800011494B3FF
:0449590002F690636F
:04495A0002000E1336
:04495B00411E0E33B8
:04495C00F4DFE06F35
:04495D0003512623B9
:04495E00002007939B
:04495F000201081336
:04496000EC5FE06FB9
:0449610000912E2370
:044962000020079397
:044963000101081333
:04496400F8DFE06F29
:04496500002895137E
:04496600050505132B
:0449670001010893AF
:0449680001150533FD
:04496900FD05250320
:04496A0003C123035F
:04496B0001C515333A
:04496C0000A7E7B306
:04496D0000B353330D
:04496E00C8071AE379
:04496F00001007131A
:04497000CE5FF06FB7
:0449710002000E131F
:04497200411E0E33A1
:04497300011494B3E4
:04497400EEDFE06F23
:0449750000000893A3
:0449760000000793A3
:04497700030106939F
:04497800EBDFF06F12
:0449790002000E1317
:04497A00411E0E3399
:04497B00011A9AB3D0
:04497C00DF5FE06FAA
:04497D00FA01011327
:04497E0004912A2353
:04497F0000C5A48348
:044980000045A70344
:044981000005A80382
:044982000085A78382
:044983000104969302
:044984000006230303
:0449850000462F8336
:0449860000862E0376
:0449870000C62583BE
:0449880004812C2357
:044989000106D693BA
:04498A00001494136E
:04498B0005212823B7
:04498C0002E12A23F7
:04498D0002912E2342
:04498E0000E12A23F7
:04498F0004112E23BE
:044990000005091302
:0449910003012823D3
:0449920002F12C23DF
:0449930001012823D3
:0449940000F12C23DF
:0449950000D12E23FC
:0449960001145413A1
:0449970001F4D493C0
:0449980001010E9378
:0449990001C107133E
:04499A00003696133A
:04499B00FFC72683A9
:04499C0000070F13EE
:04499D00FFC7071336
:04499E0001D6D793D4
:04499F0000C7E7B3B3
:0449A00000F72223D7
:0449A100FEEE92E3B1
:0449A2000105961362
:0449A300003818932D
:0449A400010656139F
:0449A500001598134E
:0449A60003F12A23CC
:0449A70002B12E2308
:0449A80003F12223D2
:0449A90001112823AD
:0449AA00026128235B
:0449AB0003C12C23F5
:0449AC000261202361
:0449AD0003C12423FB
:0449AE0002C12623F9
:0449AF000118581380
:0449B00001F5D593A5
:0449B10002010F935D
:0449B20002C10793A4
:0449B30000361513A2
:0449B400FFC7A60390
:0449B500FFC787931E
:0449B60001D656933D
:0449B70000A6E6B3BD
:0449B80000D7A2235F
:0449B900FEFF94E386
:0449BA0000331313A0
:0449BB00000086373B
:0449BC000261202351
:0449BD00FFF60613E8
:0449BE001CC80E63A0
:0449BF000015C59387
:0449C000410406B3F5
:0449C1000CB48A6345
:0449C20000D044637A
:0449C3006580106F8C
:0449C4000141250385
:0449C50001812E83BB
:0449C60001C12E03FA
:0449C700300806634B
:0449C80000C41463B0
:0449C9000000106F6B
:0449CA0002C125837E
:0449CB0000080637A3
:0449CC000740071386
:0449CD0000C5E5B389
:0449CE0002B12623E9
:0449CF0032D7506328
:0449D00000000613CA
:0449D1000000069349
:0449D20000000813C6
:0449D30000100713B6
:0449D400410507B3DF
:0449D50040E88733FC
:0449D60000F5333382
:0449D70000E8B5B38C
:0449D80000030F13B6
:0449D90040B787B3A9
:0449DA0000E8F4639A
:0449DB0000A808E345
:0449DC0040DE853301
:0449DD0000AEB5B3C0
:0449DE0041E5053377
:0449DF00000316E3D8
:0449E00000B606B364
:0449E10040DE0E3373
:0449E20002F12A2391
:0449E30003C12E23BB
:0449E40002A12C23DD
:0449E50002E12823A0
:0449E60000CE179355
:0449E7005007D6633C
:0449E8000008053787
:0449E900FFF50513BE
:0449EA0000AE753373
:0449EB0002A12E23D4
:0449EC001C0512E3B1
:0449ED00038125031A
:0449EE0014050CE3BD
:0449EF00429010EFF3
:0449F0000145061364
:0449F10001F67893C0
:0449F20048089EE3F0
:0449F3000010059318
:0449F40002000613A4
:0449F5001690006FA9
:0449F60000D0446346
:0449F7005980106F64
:0449F80001412E83C8
:0449F9000181250310
:0449FA0001C12E03C6
:0449FB0044081063F9
:0449FC00024127034A
:0449FD0002812F0301
:0449FE0002C125834A
:0449FF0001E7683331
:044A000000B868335F
:044A010000686833AE
:044A02006A080CE34F
:044A0300FFF688131F
:044A0400640804E35B
:044A05006AC686E314
:044A0600074007134B
:044A070043074663B8
:044A08000008069309
:044A09004056DF1321
:044A0A0001F6F69328
:044A0B00660F08E347
:044A0C00002F131351
:044A0D0000F302B3FD
:044A0E000007871303
:044A0F00000006138A
:044A10000007280370
:044A11000047071340
:044A12000106663300
:044A1300FEE29AE342
:044A14000030071354
:044A150041E707333B
:044A1600320686E3FB
:044A17000403081379
:044A18000028083337
:044A1900FE08280368
:044A1A000200039300
:044A1B0040D383B34E
:044A1C0000781833D3
:044A1D0001066633F5
:044A1E0000D5D5B337
:044A1F000007146315
:044A20003E00106FD5
:044A21000531262312
:044A2200002718133E
:044A2300006F83336A
:044A240000F809B3DA
:044A25000003270360
:044A260000432283A4
:044A2700004787932A
:044A280000D7573329
:044A2900007292B3D2
:044A2A000057673397
:044A2B00FEE7AE23D1
:044A2C00004303132D
:044A2D00FEF990E31B
:044A2E0004080793DE
:044A2F0000278733A2
:044A300000400793A8
:044A310004C1298310
:044A320041E787B31E
:044A3300FEB7202387
:044A34002D50006F92
:044A35000241278390
:044A360002812F8347
:044A370002C12E0387
:044A3800410406B37C
:044A390001F7E63368
:044A3A0001C6663318
:044A3B000066663378
:044A3C0020061C63D1
:044A3D000015C59308
:044A3E0000000E1353
:044A3F0000000F93D1
:044A400020B48863B3
:044A4100580686632A
:044A4200408803B3F2
:044A43007004146384
:044A44000181248345
:044A450005312623EE
:044A4600014129837E
:044A470001C1268300
:044A48000099E7B337
:044A490000D7E7B3F8
:044A4A000117E7B3B6
:044A4B0048078EE3A7
:044A4C00FFF382935F
:044A4D00740280E38C
:044A4E00000087B726
:044A4F00FFF7879353
:044A500000F3946378
:044A51001940106F89
:044A5200074007937F
:044A53000057D463D1
:044A54001B00106FC4
:044A550001F00793D2
:044A56006257D4E3EC
:044A570004C12983EA
:044A58004052D513E0
:044A59000002839341
:044A5A0000070293BC
:044A5B0000000793BD
:044A5C0000000893BB
:044A5D000002A403AC
:044A5E000018889321
:044A5F0000428293FC
:044A60000087E7B331
:044A6100FEA8C8E300
:044A62000005041334
:044A63000030089384
:044A640001F3F293D5
:044A6500408888B34A
:044A66005E029EE36B
:044A670000241513FF
:044A680000A706B3EA
:044A69000006A6831A
:044A6A000012829321
:044A6B0000470713E6
:044A6C00FED72E2320
:044A6D00FE58D6E336
:044A6E0000400713EA
:044A6F004087073342
:044A70000030069379
:044A7100010122839A
:044A720002E6CE6327
:044A73000040069366
:044A740040E686B3DF
:044A750000269693EE
:044A760000271713EB
:044A770000800513A3
:044A780000EE873392
:044A790000A6EA6346
:044A7A0000072023EE
:044A7B0000072223EB
:044A7C00FF86869398
:044A7D000087071394
:044A7E0000400513DC
:044A7F0000A6E46346
:044A800000072023E8
:044A810000F03733D7
:044A82000141288343
:044A83000181268304
:044A840001C12783C2
:044A8500005767333C
:044A860041160EB314
:044A870040DF853354
:044A880040FE0E33AB
:044A89006280006FD8
:044A8A0002412F03B3
:044A8B000281280379
:044A8C0002C12583BB
:044A8D00010F67337B
:044A8E0000B76733D3
:044A8F000067673322
:044A900054070C6358
:044A9100FFF6871392
:044A920048070AE3E4
:044A930054C686631C
:044A9400074006933E
:044A9500CEE6C6E3C0
:044A9600000706937C
:044A97004056D29320
:044A980001F6F6939A
:044A990076028EE330
:044A9A000022931350
:044A9B0000F30F33E2
:044A9C000007871375
:044A9D0000000613FC
:044A9E0000072803E2
:044A9F0000470713B2
:044AA0000106663372
:044AA100FEEF1AE327
:044AA20000300713C6
:044AA300405707333E
:044AA40046068863D7
:044AA50004030813EB
:044AA60000280833A9
:044AA700FE082803DA
:044AA8000200039372
:044AA90040D383B3C0
:044AAA000078183345
:044AAB000106663367
:044AAC0000D5D5B3A9
:044AAD00720702E3A7
:044AAE000531262385
:044AAF0000271813B1
:044AB000006F8333DD
:044AB10000F809B34D
:044AB20000032703D3
:044AB30000432F038A
:044AB400004787939D
:044AB50000D757339C
:044AB600007F1F332B
:044AB70001E7673379
:044AB800FEE7AE2344
:044AB90000430313A0
:044ABA00FEF990E38E
:044ABB000408079351
:044ABC000027873315
:044ABD00004007931B
:044ABE0004C1298383
:044ABF00405787B322
:044AC000FEB72023FA
:044AC10041C0006F81
:044AC2000007861350
:044AC300DEB49CE3DE
:044AC4004A068263B9
:044AC50040880533ED
:044AC6000E0414E3E3
:044AC70001412783FF
:044AC80001812283C3
:044AC90001C126837E
:044ACA000057E5B3F9
:044ACB0000D5E5B37A
:044ACC000115E5B338
:044ACD006C0588E309
:044ACE00FFF5059358
:044ACF0000059463E7
:044AD00009C0106F9A
:044AD100000087B7A3
:044AD200FFF78793D0
:044AD30000F5146373
:044AD4001740106F08
:044AD50007400793FC
:044AD6000CB7C6E370
:044AD70001F0079350
:044AD8007AB7D4E3F2
:044AD9004055D4135D
:044ADA00000585133B
:044ADB000007089335
:044ADC00000007933C
:044ADD00000005933D
:044ADE000008A283A7
:044ADF0000158593A6
:044AE000004888936F
:044AE1000057E7B3E0
:044AE200FE85C8E3A2
:044AE3000004089330
:044AE4000030039308
:044AE50001F57593CF
:044AE600411383B342
:044AE70076059EE3CF
:044AE80000289513FA
:044AE90000A706B369
:044AEA000006A68399
:044AEB00001585939A
:044AEC000047071365
:044AED00FED72E239F
:044AEE00FEB3D6E35A
:044AEF000040071369
:044AF000411708B3AF
:044AF1000030071377
:044AF2000101258316
:044AF30003174E63F4
:044AF40000400693E5
:044AF500411686B32D
:044AF600002696936D
:044AF7000028989368
:044AF8000080051322
:044AF900011E8733E0
:044AFA0000A6EA63C5
:044AFB00000720236D
:044AFC00000722236A
:044AFD00FF86869317
:044AFE000087071313
:044AFF00004005135B
:044B000000A6E463C4
:044B01000007202366
:044B020000F0373355
:044B030001C1268343
:044B040001412783C1
:044B050000B767335B
:044B06000181258381
:044B070000F607B3FA
:044B080000DE0E338A
:044B090000BF85B3B1
:044B0A000090006FA8
:044B0B0032C40EE3BF
:044B0C0002C125833A
:044B0D00000806375F
:044B0E000740071342
:044B0F0000C5E5B345
:044B100002B12623A5
:044B1100BED750E3D8
:044B12000000081384
:044B13000000069305
:044B14000000079303
:044B15000010071372
:044B160000E88733F9
:044B170001D785B38A
:044B1800011738B396
:044B1900011588B347
:044B1A0000F5B7B338
:044B1B0000B8B5B376
:044B1C0000A6863336
:044B1D0000B7E7B343
:044B1E0000F607B3E3
:044B1F0000D636B3D3
:044B200000C7B633E1
:044B210000C6E6B331
:044B220001C806338D
:044B230000C68E3307
:044B240002F12C234B
:044B250002E128235E
:044B260003112A232A
:044B270000CE179312
:044B28001007CA6345
:044B290003C12E2373
:044B2A000077769307
:044B2B0003010793E8
:044B2C002406826376
:044B2D0000F7769384
:044B2E00004006132A
:044B2F0002C68C63CB
:044B30000341268394
:044B3100004707131F
:044B32000381258353
:044B330000473613EE
:044B340000C68633FE
:044B350000D636B3BD
:044B360000D586B36D
:044B370000B6B5B35C
:044B380000BE0E337A
:044B390002E128234A
:044B3A0002C12A2367
:044B3B0002D12C2354
:044B3C0003C12E2360
:044B3D00000807372E
:044B3E0000EE7733DB
:044B3F0012070C63EA
:044B400000008737B3
:044B41000014041345
:044B4200FFF707135F
:044B430014E40A6309
:044B4400FFF8063739
:044B4500FFF606135E
:044B460000CE7633F4
:044B470002C12E2356
:044B480000365613CA
:044B490003012683BB
:044B4A0003C105138B
:044B4B000036D593C8
:044B4C000047A683F5
:044B4D000047879303
:044B4E0001D69713E2
:044B4F0000B7673311
:044B5000FEE7AE23AB
:044B5100FEA794E344
:044B5200000087B721
:044B5300FFF787934E
:044B5400030127032F
:044B55000341258370
:044B5600038126832E
:044B57000EF40063F5
:044B580001061793A8
:044B59000107D793E6
:044B5A000014F493BC
:044B5B00011414131A
:044B5C0001145413D9
:044B5D0000F4949339
:044B5E000084E4B338
:044B5F000091172387
:044B600000F1162327
:044B610000C12783E5
:044B620005C12083E6
:044B630005812403A1
:044B640000E9202321
:044B650000B922234E
:044B660000D924232B
:044B670000F9262308
:044B6800054124835C
:044B69000009051327
:044B6A000501290315
:044B6B00060101132B
:044B6C00000080675E
:044B6D00FFF807B78F
:044B6E00FFF7879333
:044B6F0000FE75B31C
:044B700003010793A3
:044B710002B12E233C
:044B72000014041314
:044B730001F718131B
:044B7400000786931D
:044B750003C10893DD
:044B760000175513BC
:044B77000046A7034A
:044B780000468693DA
:044B790001F7161317
:044B7A0000A66633F8
:044B7B00FEC6AE23A1
:044B7C00FF1694E3A9
:044B7D000301270306
:044B7E00010036B349
:044B7F000015DE132C
:044B800000E6E73331
:044B8100000086B7F3
:044B820003C12E231A
:044B830002E1282300
:044B8400FFF686931F
:044B850056D412638D
:044B86000000843770
:044B870002012E23D6
:044B880002012C23D7
:044B890002012A23D8
:044B8A0002012823D9
:044B8B00FFF404131C
:044B8C0000000E1304
:044B8D00003E56137D
:044B8E00EEDFF06FF7
:044B8F0000B76733D1
:044B900000D76733B0
:044B910000C76733BF
:044B9200020718639B
:044B93000014F49383
:044B94000000069384
:044B95000000059384
:044B96000000079381
:044B9700F11FF06FAB
:044B980002012E23C5
:044B990002012C23C6
:044B9A0002012A23C7
:044B9B0002012823C8
:044B9C0000000613FC
:044B9D00EB1FF06FAB
:044B9E00000004937C
:044B9F00000087B7D4
:044BA0000000069378
:044BA1000000059378
:044BA20000000713F5
:044BA300EE1FF06FA2
:044BA400001407935F
:044BA500011797134A
:044BA6000127571379
:044BA70001412E8317
:044BA80001812F0355
:044BA90001C126839D
:044BAA00000085374B
:044BAB001C071A6366
:044BAC0001F6673374
:044BAD0001EEE7B37B
:044BAE000067673302
:044BAF0000D7E7B391
:044BB00001C767339F
:044BB1000117E7B34E
:044BB20068041E6312
:044BB30016078EE370
:044BB4001E0718E3DD
:044BB500031128239D
:044BB60003D12A23DA
:044BB70003E12C23C7
:044BB80002D12E23D5
:044BB90000068E1351
:044BBA000301079359
:044BBB00E09FF06F18
:044BBC0003C12E23E0
:044BBD00003E56134D
:044BBE000301079355
:044BBF00E29FF06F12
:044BC000006785B352
:044BC1000005A583C3
:044BC20000168693C0
:044BC300004787938D
:044BC400FEB7AE2367
:044BC500FED756E3DE
:044BC6000040079311
:044BC700405787B319
:044BC800004007138F
:044BC900020125833D
:044BCA0002E78E630D
:044BCB00004007138C
:044BCC0040F7073374
:044BCD000027171393
:044BCE000027979392
:044BCF0000800693C9
:044BD00000FF87B3A8
:044BD10000D76A633C
:044BD2000007A02315
:044BD3000007A22312
:044BD400FF8707133D
:044BD500008787933B
:044BD6000040069302
:044BD70000D764633C
:044BD8000007A0230F
:044BD90000C03733AE
:044BDA000241280369
:044BDB0002812683AA
:044BDC0002C12603E9
:044BDD0000B7673383
:044BDE00FD8FF06FE8
:044BDF00FFFE85133D
:044BE00000DEB5B38B
:044BE10040D5053383
:044BE20041D686B37F
:044BE3000016B6936F
:044BE40000D5E5B360
:044BE500FECFF06FA0
:044BE600031128236C
:044BE70002A12A23DA
:044BE80003D12C23A6
:044BE90003C12E23B3
:044BEA00000684132A
:044BEB000301079328
:044BEC00D45FF06F33
:044BED000014051398
:044BEE000115169304
:044BEF000126D69332
:044BF00001412783D5
:044BF1000181270314
:044BF20001C1258355
:044BF30000008837FF
:044BF4005006926372
:044BF50000E7E6B33C
:044BF60000B6E6B36C
:044BF7000116E6B30A
:044BF800040414E3BA
:044BF900260688E321
:044BFA0001F666B3A7
:044BFB000066E6B3B7
:044BFC0001C6E6B355
:044BFD0026069CE309
:044BFE0002F12A2373
:044BFF000311282353
:044C000002E12C237E
:044C010002B12E23AB
:044C020000058E1308
:044C0300030107930F
:044C0400CE5FF06F20
:044C0500000087B76D
:044C0600FFF787939A
:044C07002CF800E3A2
:044C080001C126833D
:044C09000008053763
:044C0A0007400793C5
:044C0B0000A6E6B366
:044C0C0000D12E2382
:044C0D004677DC63A7
:044C0E00000F8513FB
:044C0F0000060E93FA
:044C10000000069307
:044C11000000089304
:044C12000010071374
:044C130040E3073340
:044C140000E337B3CF
:044C150001D63F3352
:044C160040FE87B322
:044C170000E37463DF
:044C18006D160E63A4
:044C190000AFB8B37D
:044C1A0041E5053338
:044C1B006DD66C6383
:044C1C00411E0E33F4
:044C1D000008041374
:044C1E000005849376
:044C1F00F0CFF06F73
:044C200040CE8733C8
:044C2100406887B3AD
:044C220000EEB3B33A
:044C2300053126230E
:044C240000F8B533AC
:044C2500000389936C
:044C260040A7073369
:044C270041FF08330E
:044C280001FF32B3A3
:044C290006F8F06336
:044C2A0005D61E632A
:044C2B00FFF8081373
:044C2C0041EF85339C
:044C2D000015351326
:044C2E0000A2E2B34B
:044C2F0041C68533C2
:044C300040550533B3
:044C310002A12E238B
:044C320003012C232B
:044C330002E12A234D
:044C340002F128233E
:044C350000C5129311
:044C36005002CA63FB
:044C370000E7E7B3F8
:044C38000107E7B3D6
:044C390000A7E7B336
:044C3A005407986320
:044C3B0004C1298304
:044C3C00000004135D
:044C3D0000000493DC
:044C3E0003010793D4
:044C3F0000000E1350
:044C4000D35FF06FDF
:044C410041380833BB
:044C4200FA038AE304
:044C4300FA5FF06FB5
:044C44000341250300
:044C450036051663B7
:044C460005312623EB
:044C470003012983B9
:044C480000098513C7
:044C49002C0010EF3C
:044C4A000545061303
:044C4B0001F6789363
:044C4C00060890E3E3
:044C4D0004C12983F2
:044C4E0040565593E4
:044C4F0040B006B3B8
:044C50000026969311
:044C510000C68713FF
:044C520003010793C0
:044C530000E78733BC
:044C540040D006B393
:044C550000072883A9
:044C560000D7083348
:044C5700000705133A
:044C580001182023FC
:044C5900FFC7071377
:044C5A00FEF516E36A
:044C5B00FFF58713C7
:044C5C0007C0006F1E
:044C5D0005312623D4
:044C5E0026C010EF6D
:044C5F00FF450613F4
:044C600000060893AF
:044C6100030129839F
:044C620002000E132B
:044C630040CE0E33FE
:044C640000000593B4
:044C6500011999B3E5
:044C660040B008331F
:044C670000281813F6
:044C680000C8071366
:044C690003010793A9
:044C6A0000E78733A5
:044C6B0041000833C9
:044C6C000007268394
:044C6D00FFC7250355
:044C6E000107033304
:044C6F00011696B3E1
:044C700001C55533F2
:044C710000A6E6B300
:044C720000D3202328
:044C7300FFC707135D
:044C7400FEE790E3E4
:044C750000259693ED
:044C76000406871396
:044C7700002706B359
:044C7800FF36A82338
:044C790004C12983C6
:044C7A00FFF58713A8
:044C7B00FFF00693AD
:044C7C0002D70A63EE
:044C7D000017071302
:044C7E0000271713E1
:044C7F000080059319
:044C80000007869310
:044C810000B76A63AB
:044C820002012823E0
:044C83000007A22361
:044C8400038106930F
:044C8500FF8707138B
:044C86000040059352
:044C870000B76463AB
:044C88000006A0235F
:044C890012864C63E0
:044C8A00408606B3A7
:044C8B0000168693F6
:044C8C004056D313A8
:044C8D0001F6F693A3
:044C8E0072030A6340
:044C8F000023159356
:044C90000007861380
:044C910000F588336F
:044C92000000071304
:044C930000062503EF
:044C940000460613BD
:044C950000A76733DA
:044C9600FEC81AE357
:044C970000300513D1
:044C9800406505333B
:044C990006068C631C
:044C9A000405861374
:044C9B0000260633B6
:044C9C00FF062603E6
:044C9D0003C12E839E
:044C9E0002000E13EF
:044C9F0040DE0E33B2
:044CA00001C6163300
:044CA10000C76733AE
:044CA20000DEDEB39F
:044CA3006C050C632D
:044CA40000251513BF
:044CA50000B786339B
:044CA6000007881368
:044CA70000A78F33A0
:044CA800000625835A
:044CA9000046288316
:044CAA0000480813A3
:044CAB0000D5D5B3A8
:044CAC0001C898B3F0
:044CAD000115E5B355
:044CAE00FEB82E23FB
:044CAF0000460613A2
:044CB000FF0F10E3FF
:044CB100040506935D
:044CB2000026853320
:044CB3000040069324
:044CB400406686B31D
:044CB500FFD52823DC
:044CB6000280006F09
:044CB7000007861359
:044CB80000B6083307
:044CB90000082803C4
:044CBA0000168693C7
:044CBB000046061396
:044CBC00FF062E239E
:044CBD00FED556E3E7
:044CBE000040069319
:044CBF00406686B312
:044CC0000040061397
:044CC10003012E833A
:044CC20002C68E6335
:044CC3000040061394
:044CC40040D606339D
:044CC500002616139C
:044CC600002696939B
:044CC70000800593D1
:044CC80000D786B3D8
:044CC90000B66A6364
:044CCA000006A0231D
:044CCB000006A2231A
:044CCC00FF86061346
:044CCD000086869344
:044CCE00004005930A
:044CCF0000B6646364
:044CD0000006A02317
:044CD10000E0373395
:044CD20001D767336C
:044CD30003C12E03E8
:044CD40002E12823AE
:044CD50000000413C4
:044CD6000200006F69
:044CD70003C12E03E4
:044CD800FFF806B724
:044CD900FFF68693C9
:044CDA0003012703A8
:044CDB0000DE7E3346
:044CDC0040C4043399
:044CDD0003C12E23BE
:044CDE000077769352
:044CDF0092069CE3BA
:044CE000975FF06F7B
:044CE100006785B330
:044CE2000005A583A1
:044CE300001686939E
:044CE400004787936B
:044CE500FEB7AE2345
:044CE600FED756E3BC
:044CE70000400793EF
:044CE80041E787B366
:044CE900004007136D
:044CEA00020125831B
:044CEB0002E78E63EB
:044CEC00004007136A
:044CED0040F7073352
:044CEE000027171371
:044CEF000027979370
:044CF00000800693A7
:044CF10000FF87B386
:044CF20000D76A631A
:044CF3000007A023F3
:044CF4000007A223F0
:044CF500FF8707131B
:044CF6000087879319
:044CF70000400693E0
:044CF80000D764631A
:044CF9000007A023ED
:044CFA0000C037338C
:044CFB0002412783C8
:044CFC000281268388
:044CFD0002C12803C5
:044CFE0000B7673361
:044CFF0085DFF06FEE
:044D0000000087B771
:044D0100FFF787939E
:044D02000AF80EE3BA
:044D030001C1268341
:044D0400000805B7E7
:044D050007400793C9
:044D060000B6E6B35A
:044D070000D12E2386
:044D080058A7D8636D
:044D0900000F85937F
:044D0A000006079305
:044D0B00001007137A
:044D0C0000E3073386
:044D0D0000673333D5
:044D0E0000F308B3F3
:044D0F000068B33352
:044D100000C7B7B36E
:044D11000067E6B39E
:044D120000B687B3AD
:044D130000D7B6B35C
:044D140001F5B5B33D
:044D150000D5E6B32C
:044D160000DE0E337A
:044D17000008041379
:044D1800831FF06F96
:044D19000531262317
:044D1A0003012983E5
:044D1B0002000E1371
:044D1C004056559315
:044D1D00411E0E33F2
:044D1E00011999B32B
:044D1F00D1DFF06F81
:044D2000765000EFDA
:044D2100034506132D
:044D220001F678938B
:044D2300405655930E
:044D2400CA0886E350
:044D2500053126230B
:044D260003012983D9
:044D270002000E1365
:044D2800411E0E33E7
:044D2900011999B320
:044D2A00CF1FF06F38
:044D2B0041F3D51368
:044D2C0001F5751305
:044D2D0000750533D5
:044D2E0001F00793F6
:044D2F004055551383
:044D3000CA77C46317
:044D31000005041362
:044D320000000793E3
:044D33000000051364
:044D3400CBCFF06F82
:044D3500006883335C
:044D360000F607B3C9
:044D370001133833F9
:044D380001078833B4
:044D390000C7B6B346
:044D3A0000F837B393
:044D3B0000EF8733CB
:044D3C0000F6E6B3E4
:044D3D0000D706B3E2
:044D3E0001F7363310
:044D3F0000E6B733A0
:044D400000E66633F0
:044D410000BE05B3F8
:044D420000B606337E
:044D430003010793CE
:044D440003012A231A
:044D450002612823BC
:044D460002D12C2347
:044D470002C12E2354
:044D480000078713C6
:044D490003C1081387
:044D4A00001355936A
:044D4B0000472303F7
:044D4C000047071302
:044D4D0001F31693C5
:044D4E0000B6E6B312
:044D4F00FED72E233A
:044D5000FEE814E382
:044D510000165E13D7
:044D5200000087379F
:044D530003C12E2347
:044D5400FFF707134B
:044D55008CE502E304
:044D5600030127032B
:044D5700000504133C
:044D5800E19FF06F78
:044D59004A079E6304
:044D5A0072071E635B
:044D5B0002A12E2360
:044D5C0002012C2301
:044D5D0002012A2302
:044D5E000201282303
:044D5F0003010793B2
:044D600003C1071371
:044D61000000863791
:044D6200003615936F
:044D6300FFC726035D
:044D6400FFC707136B
:044D650001D656938A
:044D660000B6E6B3FA
:044D670000D722232C
:044D6800FEE794E3EB
:044D690003C12E0351
:044D6A0000080737FF
:044D6B0000000493AD
:044D6C0000EE7733AB
:044D6D000000843787
:044D6E00F4071C63C7
:044D6F00FFF4041336
:044D7000003E561398
:044D7100F60FF06FDA
:044D720004C12983CC
:044D7300026128238E
:044D740002C12A232B
:044D750003F12C23F7
:044D760003C12E2324
:044D7700000384139E
:044D7800000584931B
:044D79000301079398
:044D7A00F0CFF06F17
:044D7B0041130833A5
:044D7C0041D607B362
:044D7D0001033733C4
:044D7E0041EF8F333F
:044D7F0000F632B355
:044D80000002889312
:044D810040E787334D
:044D820001EFB53355
:044D83000103746351
:044D840043D60A63A5
:044D8500411F063391
:044D860042029863EA
:044D870040DE07B350
:044D880040A7853388
:044D890002A12E2332
:044D8A0002C12C2313
:044D8B0002E12A23F4
:044D8C0003012823D4
:044D8D000005849306
:044D8E0074050C6339
:044D8F005A9000EF47
:044D9000FF45079341
:044D910001F7F6131D
:044D92000000059385
:044D930072061C6325
:044D940004C12983AA
:044D9500AE9FF06F6E
:044D960000688333FB
:044D970001D70EB37F
:044D9800011338B318
:044D9900011E88B3BC
:044D9A0000EEB7B3BD
:044D9B0001D8BEB3CA
:044D9C0000AF06332B
:044D9D0001D7E7B3A0
:044D9E0000F607B361
:044D9F0001E636B340
:044DA00000C7B6335F
:044DA10000C6E6B3AF
:044DA20001C585B30F
:044DA30000030713EF
:044DA40000B68E3394
:044DA50000100413E3
:044DA600DF8FF06F3C
:044DA70002012703DB
:044DA800020003936F
:044DA90040D383B3BD
:044DAA000077163345
:044DAB000531262385
:044DAC0000D5D5B3A6
:044DAD0000300713B8
:044DAE0000000313EB
:044DAF009CCFF06F36
:044DB00003112823A0
:044DB10003D12A23DD
:044DB20002A12C230B
:044DB30003C12E23E7
:044DB400000684135E
:044DB500030107935C
:044DB600E1CFF06FEA
:044DB700406883339A
:044DB80041E507B317
:044DB9000068B6B325
:044DBA0000030713D8
:044DBB0000F5333399
:044DBC0000030F934E
:044DBD0040D787B3A1
:044DBE00010EB633F9
:044DBF00410E86B368
:044DC00000E8F463B0
:044DC10004AF0863D0
:044DC20041F68533FE
:044DC300000606934D
:044DC400040314636D
:044DC50040BE05B334
:044DC60040D58E3313
:044DC70000100413C1
:044DC800868FF06F73
:044DC9000311282387
:044DCA0002A12A23F5
:044DCB0003D12C23C1
:044DCC0003C12E23CE
:044DCD000301079344
:044DCE00DBCFF06FD8
:044DCF0000AFB8B3C6
:044DD000FFF50513D3
:044DD10040DF86B386
:044DD2000016B6937E
:044DD30000D8E8B369
:044DD400921FF06FCB
:044DD500FFF685134D
:044DD60041D806B307
:044DD7000016B69379
:044DD80000D666B3E8
:044DD900FB1FF06F5D
:044DDA000311282376
:044DDB0003D12A23B3
:044DDC0002A12C23E1
:044DDD0003C12E23BD
:044DDE000301079333
:044DDF00D78FF06F0B
:044DE00004C129835E
:044DE10000028393B6
:044DE20000000513B5
:044DE3000030089301
:044DE4000000079331
:044DE50041F3D4932F
:044DE600002517137A
:044DE70001B4D493AC
:044DE80004070713A2
:044DE900009385337B
:044DEA000027073364
:044DEB00FD07270396
:044DEC0001F5751345
:044DED0040A483B3A8
:044DEE0002038393A6
:044DEF0000771733FF
:044DF00000E7E7B33E
:044DF10054088E6371
:044DF200053126233E
:044DF30000241993EC
:044DF400013E8733C2
:044DF500008F0F1309
:044DF600413009B38C
:044DF7000007268308
:044DF8000047250348
:044DF900013704B3C7
:044DFA000056D6B3D6
:044DFB0000751533F7
:044DFC0000A6E6B374
:044DFD0000D4A0231B
:044DFE000047071350
:044DFF00FEEF10E3D0
:044E000001C12503C4
:044E0100002896935C
:044E02000406871308
:044E0300002706B3CB
:044E040000555533CD
:044E0500004007134F
:044E060004C1298337
:044E070040870733A6
:044E0800FCA6A82339
:044E090099CFF06FDE
:044E0A003806926371
:044E0B0002612823F5
:044E0C0002C12A2392
:044E0D0003F12C235E
:044E0E0003C12E238B
:044E0F00FFF8041391
:044E10000301079300
:044E1100CB0FF06F64
:044E120002612823EE
:044E130002C12A238B
:044E140003F12C2357
:044E150003C12E2384
:044E160088070CE31A
:044E170000CE17931F
:044E1800000584937A
:044E19004C07DC6303
:044E1A00001004136D
:044E1B0003010793F5
:044E1C00CA0FF06F5A
:044E1D004113073303
:044E1E00413607B35F
:044E1F0000E3383341
:044E200000F638B3AD
:044E2100409F8533F6
:044E2200410787B30A
:044E230000088E9362
:044E240000AFB833F0
:044E250000E37463CF
:044E260038C98463A0
:044E270041D5053339
:044E28000008061365
:044E29003808906352
:044E2A0040DE06B3AD
:044E2B0004C1298312
:044E2C0040C68E33BB
:044E2D000005849365
:044E2E000010041359
:044E2F00ECDFE06F65
:044E300040CE87B336
:044E3100406882B3A0
:044E32000058B5333C
:044E330000FEB73393
:044E340000070393DD
:044E350040A787B358
:044E360001FF38330D
:044E370041FF0533FF
:044E38000058F463C7
:044E390037D6046301
:044E3A004075053387
:044E3B0036071263C1
:044E3C0041C68733B1
:044E3D0041070733EF
:044E3E0002E12E233C
:044E3F0002A12C237D
:044E400002F12A232E
:044E410002512823CF
:044E420000C718137A
:044E4300320854637A
:044E440041130833DB
:044E450041D607B398
:044E460001033733FA
:044E470000F638B386
:044E480041EF8F3374
:044E490040E787B304
:044E4A0000088513C4
:044E4B0001EFB73389
:044E4C000103746387
:044E4D003FD60C63DD
:044E4E0040AF063338
:044E4F003E089A631C
:044E500040DE06B387
:044E510040E68E3376
:044E520002F12A231C
:044E530003C12E2346
:044E540002C12C2348
:044E5500030128230A
:044E5600000584933C
:044E570003010793B9
:044E5800B94FF06FEF
:044E590000100693AC
:044E5A009A5FF06FFC
:044E5B000301270325
:044E5C0003C12E83DD
:044E5D0002000E132E
:044E5E0040DE0E33F1
:044E5F0001C717333D
:044E600000DEDEB3DF
:044E61000030051305
:044E620000000593B4
:044E6300905FF06FFD
:044E640005F00793BB
:044E6500011999B3E3
:044E66003AC7D8630C
:044E670003312E23C2
:044E6800002007130C
:044E690004C12983D4
:044E6A0003010793A6
:044E6B00849FF06FC1
:044E6C0041F55413A5
:044E6D0001F47413C5
:044E6E0000A4043365
:044E6F0001F00793B4
:044E70004054541343
:044E71009AA7C463D5
:044E7200000408939D
:044E730000000793A1
:044E74000000041323
:044E75009BCFF06F70
:044E7600001007938E
:044E7700D50FF06FF4
:044E78000201270309
:044E7900020003939D
:044E7A0040D383B3EB
:044E7B000077163373
:044E7C0005312623B3
:044E7D0000D5D5B3D4
:044E7E0000300713E6
:044E7F000000031319
:044E80008BCFF06F75
:044E8100026128237F
:044E820002C12A231C
:044E830003F12C23E8
:044E840003C12E2315
:044E8500000504130D
:044E8600030107938A
:044E8700AD8FF06F8C
:044E88002407146384
:044E890003112823C6
:044E8A0003D12A2303
:044E8B0003E12C23F0
:044E8C0002D12E23FE
:044E8D0000068E137A
:044E8E00FFF5041315
:044E8F000301079381
:044E9000AB4FF06FC5
:044E9100FFFF061306
:044E9200001F3F13AB
:044E930001E565339D
:044E9400BCDFF06F20
:044E9500026128236B
:044E960002C12A2308
:044E970003F12C23D4
:044E980003C12E2301
:044E99000301079377
:044E9A00A8CFF06F3E
:044E9B0000688333F5
:044E9C0000F607B362
:044E9D00011336B314
:044E9E0000D786B300
:044E9F0000C7B6335F
:044EA00000F6B7B3AE
:044EA10000EF873364
:044EA20000F667B3FC
:044EA30000F707B35A
:044EA40001F73FB320
:044EA50000E7B73338
:044EA60000EFE733FF
:044EA70000BE05B391
:044EA80000B70E330E
:044EA90002F12C23C3
:044EAA000261282356
:044EAB0002D12A23E3
:044EAC0000CE17938A
:044EAD00C207DE63F7
:044EAE00FFF807B74B
:044EAF00FFF78793EF
:044EB00000FE7E334F
:044EB10003C12E23E8
:044EB20000100413D5
:044EB300030107935D
:044EB400003E561353
:044EB500A50FF06FE6
:044EB60004C1298387
:044EB700000084373C
:044EB8000261282348
:044EB90002C12A23E5
:044EBA0003F12C23B1
:044EBB0003C12E23DE
:044EBC0000058493D6
:044EBD00FFF40413E7
:044EBE000301079352
:044EBF009F8FF06F62
:044EC00004C129837D
:044EC100D34FF06F6C
:044EC200000585134F
:044EC3000000089350
:044EC4000030039324
:044EC500000007934F
:044EC60041F5571348
:044EC700002412931E
:044EC80001B75713C4
:044EC90004028293CA
:044ECA0000E50533C7
:044ECB00002282B38C
:044ECC00FD02A4033C
:044ECD0001F5751363
:044ECE0040A70733BF
:044ECF000207029341
:044ED0000054173340
:044ED10000E7E7B35C
:044ED20020038863CE
:044ED300053126235C
:044ED4000028999386
:044ED500013E8733E0
:044ED600008F0F1327
:044ED700413009B3AA
:044ED8000007268326
:044ED9000047250366
:044EDA000137043365
:044EDB0000B6D6B394
:044EDC000055153335
:044EDD0000A6E6B392
:044EDE0000D42023B9
:044EDF00004707136E
:044EE000FFE710E3F5
:044EE10001C1268362
:044EE20000239713FF
:044EE30004070713A6
:044EE40000B6D6B38B
:044EE5000027073368
:044EE60000400593F0
:044EE70004C1298356
:044EE800411588B335
:044EE900FCD72823A7
:044EEA0081CFF06F15
:044EEB0001F666B3B3
:044EEC000066E6B3C3
:044EED0001C6E6B361
:044EEE0012069663AF
:044EEF0002F12A237F
:044EF000031128235F
:044EF10002E12C238B
:044EF20002B12E23B8
:044EF30000058E1315
:044EF400FFF80413AC
:044EF500030107931B
:044EF60091CFF06FF9
:044EF7000068833399
:044EF80000C7863336
:044EF900011338B3B6
:044EFA00011608B3E2
:044EFB0000F637B3D3
:044EFC0000C8B63301
:044EFD0001F28FB37C
:044EFE0000C7E7B34F
:044EFF0000FF87B376
:044F0000005FB63365
:044F010001F7BFB342
:044F020001F666331B
:044F030001C686B3AA
:044F0400000307138C
:044F050000D60E3391
:044F06000010041380
:044F0700874FF06F71
:044F0800FFF5051399
:044F090041F48633B6
:044F0A000016361344
:044F0B0000C8663341
:044F0C00C79FF06FDC
:044F0D0000F2E7B314
:044F0E0000A7E7B35E
:044F0F0000E7E7B31D
:044F100000070E1375
:044F1100AA079863F0
:044F1200CA8FF06FE3
:044F1300FFF505138E
:044F140041EF8733AF
:044F15000017371337
:044F160000E8683314
:044F1700C95FF06F0F
:044F180000100793EB
:044F1900F4CFF06F72
:044F1A0002A12E239F
:044F1B0002012C2340
:044F1C0002012A2341
:044F1D000201282342
:044F1E0003010793F1
:044F1F0003C10713B0
:044F200000008637D0
:044F210000361593AE
:044F2200FFC726039C
:044F2300FFC70713AA
:044F240001D65693C9
:044F250000B6E6B339
:044F260000D722236B
:044F2700FEE794E32A
:044F2800905FF06F37
:044F290002612823D6
:044F2A0002C12A2373
:044F2B0003F12C233F
:044F2C0003C12E236C
:044F2D000005849364
:044F2E00FFF5041374
:044F2F0003010793E0
:044F3000834FF06F4C
:044F310000008437C1
:044F320002612823CD
:044F330002C12A236A
:044F340003F12C2336
:044F350003C12E2363
:044F3600FFF404136D
:044F370003010793D8
:044F3800814FF06F46
:044F390003012E231F
:044F3A0002012C2321
:044F3B0002012A2322
:044F3C000201282323
:044F3D0003010793D2
:044F3E0003C1071391
:044F3F0000008637B1
:044F4000003615938F
:044F4100FFC726037D
:044F4200FFC707138B
:044F430001D65693AA
:044F440000B6E6B31A
:044F450000D722234C
:044F4600FEE794E30B
:044F4700889FF06FE0
:044F48000056D2B38A
:044F4900001007133A
:044F4A00CA5FE06FEB
:044F4B00FFFF06134B
:044F4C00001F3F13F0
:044F4D0001E76733DE
:044F4E00C09FF06FA1
:044F4F0003010793C0
:044F5000003E5613B6
:044F5100FE1FE06FF0
:044F520002000E1338
:044F5300411E0E33BA
:044F540000200593A1
:044F5500C44FF06FE6
:044F560000B6D5B319
:044F570000100893AB
:044F5800E71FE06F00
:044F590002412603E8
:044F5A0002812F831E
:044F5B0002C12E035E
:044F5C00B95FE06FEA
:044F5D0002412603E4
:044F5E0002812F831A
:044F5F0002C12E035A
:044F6000D91FE06F06
:044F610000060893AB
:044F620000078613AB
:044F6300BF8FF06F9D
:044F640004C12983D8
:044F6500A21FE06F38
:044F660000C5280357
:044F670000C5A303DB
:044F6800000087B707
:044F6900FFF7879334
:044F6A0001085713D0
:044F6B000103569355
:044F6C0000F77733A0
:044F6D000005260312
:044F6E0000452E03C9
:044F6F000005A8830E
:044F70000045AE83C7
:044F7100008525038F
:044F72000085A5838E
:044F7300FF01011326
:044F740000F6F6B39A
:044F750002F70A63D2
:044F7600000087B7F9
:044F7700FFF7879326
:044F7800000005131D
:044F790000F69E633D
:044F7A0001D8E53342
:044F7B000103131308
:044F7C0000B56533E4
:044F7D0001035313C6
:044F7E000065653332
:044F7F0000A0353326
:044F80000101011317
:044F81000000806745
:044F820001C66633CB
:044F830001081813F6
:044F840000A66633EA
:044F850001085813B4
:044F86000106663387
:044F870000100513FE
:044F8800FA060CE336
:044F8900010101130E
:044F8A00000080673C
:044F8B0000C52783B3
:044F8C000005258374
:044F8D000085260372
:044F8E0000452503B2
:044F8F00FE0101130B
:044F9000001797135C
:044F9100000046B71F
:044F920000A1222335
:044F930000B1202326
:044F940000C1242311
:044F950000F12623DE
:044F960000B128231B
:044F970000C12C2306
:044F98000117571393
:044F9900FFE6869316
:044F9A0000000513FB
:044F9B0002E6D063F7
:044F9C00000046B714
:044F9D0001D6869320
:044F9E0001F7D593AF
:044F9F0000E6DC63E9
:044FA0008000053751
:044FA100FFF5051300
:044FA20000A58533AE
:044FA30002010113F3
:044FA4000000806722
:044FA500000046B70B
:044FA60001079793D5
:044FA70006F68693F1
:044FA80040E686B3A6
:044FA9000107D79392
:044FAA0000010737C4
:044FAB0000E7E7B381
:044FAC0001F6F51302
:044FAD0000F12E23BE
:044FAE004056D69300
:044FAF0004050C6386
:044FB00000200813C2
:044FB10000000713E2
:044FB20003069063FF
:044FB30002000713DE
:044FB40040A70733D8
:044FB50000E7973347
:044FB60000A65633C8
:044FB70000C7673395
:044FB80000E12823C9
:044FB90000100713CA
:044FBA0000271713A2
:044FBB0002070713CF
:044FBC000027073390
:044FBD0000A7D7B3BF
:044FBE00FEF72823AF
:044FBF000101278342
:044FC00040F0053385
:044FC100F80594E378
:044FC200000785134C
:044FC30002010113D3
:044FC4000000806702
:044FC5000026969399
:044FC60002068793C5
:044FC700002786B386
:044FC800FF06A783B6
:044FC90000F12823A8
:044FCA00FD5FF06F28
:044FCB00FD010113D0
:044FCC000291222309
:044FCD000211262384
:044FCE000281242315
:044FCF000005049342
:044FD0000A058863E3
:044FD10041F5D7933C
:044FD2000321202374
:044FD30000B7C93327
:044FD40040F9093364
:044FD50000090513B7
:044FD60001F5D413FA
:044FD700488000EF1F
:044FD80005150713A1
:044FD900000047B7D6
:044FDA0001E78793D1
:044FDB0001F7761351
:044FDC000121282364
:044FDD0000012A2382
:044FDE0000012C237F
:044FDF0000012E237C
:044FE00040A787B3AC
:044FE10040575713CB
:044FE2000A061E633A
:044FE3000030061381
:044FE40040E606336A
:044FE5000026161379
:044FE6000206069326
:044FE70000268633E7
:044FE800002006930C
:044FE900FF06260396
:044FEA0000D7166373
:044FEB0001212C2351
:044FEC000010069318
:044FED000026969371
:044FEE000001282373
:044FEF0000012A2370
:044FF000FFC68693DF
:044FF1000040071362
:044FF2000AE6FE636A
:044FF3000117979378
:044FF4000106171388
:044FF500010128038B
:044FF600014125034D
:044FF700018126838B
:044FF8000201290386
:044FF9000107571342
:044FFA000117D79331
:044FFB0001C0006F82
:044FFC00000004139A
:044FFD000000079316
:044FFE000000071395
:044FFF000000069315
:045000000000051394
:045001000000081390
:0450020000F415930E
:0450030000B7E7B358
:0450040000E116238E
:0450050000F117237C
:0450060000C127833B
:0450070002C120833F
:0450080002812403FA
:0450090000A4A2233A
:04500A000104A023DA
:04500B0000D4A42306
:04500C0000F4A623E3
:04500D000004851303
:04500E0002412483B4
:04500F000301011385
:0450100000008067B5
:0450110000200693E2
:0450120006D7026358
:0450130000200693E0
:04501400003007134E
:045015000027171346
:045016000207071373
:045017000027073334
:0450180000C919337F
:04501900FF27282322
:04501A000026969343
:04501B000001282345
:04501C0000012A2342
:04501D00FFC68693B1
:04501E000040071334
:04501F0001C12603A2
:04502000F4E6E6E3E9
:0450210000012C233B
:045022000117979348
:045023000106171358
:04502400010128035B
:04502500014125031D
:04502600018126835B
:045027000201290356
:045028000107571312
:045029000117D79301
:04502A00F61FF06F0E
:04502B0002000693E6
:04502C0040C686B341
:04502D0000D956B39D
:04502E0000D12E235C
:04502F0000100693D4
:04503000F95FF06FC5
:04503100014657934A
:0450320000C617138A
:045033007FF7F79379
:04503400FD01011366
:0450350000C7571346
:045036000017869346
:0450370002812423AB
:04503800029122239C
:04503900032120230C
:04503A000211262316
:04503B0000B1282375
:04503C0000E12A2342
:04503D0000012E231D
:04503E0000012C231E
:04503F007FE6F6937F
:0450400000058413D0
:04504100000509134A
:0450420001F654938C
:045043000606846376
:0450440000004637EB
:0450450001C71693F6
:045046000045D593B9
:04504700C006061386
:0450480000B6E6B315
:0450490001C4141377
:04504A0000475713B1
:04504B0000C787B360
:04504C000000051348
:04504D0000F49613C2
:04504E0000C7E7B3FD
:04504F0000E1162343
:0450500000F1172331
:0450510000C12783F0
:04505200008922238C
:0450530002C12083F3
:0450540002812403AE
:0450550000A920236B
:0450560000D9242336
:0450570000F9262313
:04505800024124836A
:045059000009051332
:04505A000201290323
:04505B000301011339
:04505C000000806769
:04505D0000B7653300
:04505E000A07966344
:04505F000E050663D1
:045060000E070E63C6
:04506100000705132C
:0450620025C000EF76
:045063000315079397
:0450640001F7F593C8
:045065004057D79346
:0450660010059A6334
:0450670040F006B35C
:0450680000269693F5
:045069000101061328
:04506A0000D6073332
:04506B0000010893A5
:04506C0040D006B377
:04506D0000C728034D
:04506E0000D705B3AF
:04506F00FFC707135D
:045070000105A6236D
:04507100FEE898E3DA
:04507200FFF78713AA
:045073000017079388
:0450740000279793E7
:04507500008006931E
:045076000006071316
:0450770000D7EA6311
:0450780000012823E8
:0450790000062223E8
:04507A00FF87879392
:04507B000181071395
:04507C000040069357
:04507D0000D7E46311
:04507E0000072023E4
:04507F00000047B72F
:04508000C0C787938B
:0450810040A787B30A
:0450820001179793E8
:0450830001012503FF
:0450840001412403BF
:0450850001812683FC
:0450860001C157030A
:045087000117D793A3
:04508800F15FF06F75
:0450890002050663B3
:04508A00000087B7E4
:04508B0001C71693B0
:04508C000045D613F2
:04508D00004757136E
:04508E0000F767338D
:04508F0000C6E6B3BE
:0450900001C59413AF
:04509100FFF787930B
:045092000000051302
:04509300EE9FF06F2D
:04509400000087B7DA
:04509500000006937E
:0450960000000413FF
:04509700FFF7879305
:0450980000000713FA
:04509900ED1FF06FA8
:04509A000000069379
:04509B0000000413FA
:04509C000000079376
:04509D0000000713F5
:04509E00EBDFF06FE5
:04509F00168000EF88
:0450A0000515079358
:0450A10001F7F5938B
:0450A20002050513EB
:0450A3004057D79308
:0450A400F00586E3AA
:0450A50000200713CD
:0450A60000E78A6332
:0450A70000200713CB
:0450A800003007933A
:0450A90001010613E8
:0450AA0004C0006FCF
:0450AB0040F008B316
:0450AC0000289893AD
:0450AD0000C887139D
:0450AE0002000E13DB
:0450AF0001010613E2
:0450B00040BE0E33BD
:0450B10000E60733DB
:0450B200411008B3EE
:0450B3000007268349
:0450B400FFC7280307
:0450B50001170333A9
:0450B60000B696B3F7
:0450B70001C85833A1
:0450B8000106E6B354
:0450B90000D32023DD
:0450BA00FFC7071312
:0450BB00FEE610E31A
:0450BC00FFF7871360
:0450BD00002797939E
:0450BE0002078793CB
:0450BF00002787B38C
:0450C00000B415B370
:0450C100FEB7A8236B
:0450C200EC5FF06F40
:0450C30000050613CB
:0450C40000000513D0
:0450C5000015F69349
:0450C60000068463F9
:0450C70000C50533E8
:0450C8000015D59367
:0450C90000161613A4
:0450CA00FE0596E366
:0450CB0000008067FA
:0450CC000605406332
:0450CD000605C663AB
:0450CE000005861340
:0450CF000005059340
:0450D000FFF00513D5
:0450D10002060C6364
:0450D2000010069331
:0450D30000B67A6346
:0450D40000C058635D
:0450D5000016161398
:0450D6000016969397
:0450D700FEB66AE3D4
:0450D80000000513BC
:0450D90000C5E663C5
:0450DA0040C585B395
:0450DB0000D5653364
:0450DC000016D69351
:0450DD000016561350
:0450DE00FE0696E351
:0450DF0000008067E6
:0450E00000008293B7
:0450E100FB5FF0EF92
:0450E200000585132D
:0450E30000028067E0
:0450E40040A00533B0
:0450E50000B048636C
:0450E60040B005B31E
:0450E700F9DFF06F8E
:0450E80040B005B31C
:0450E90000008293AE
:0450EA00F91FF0EFCB
:0450EB0040A00533A9
:0450EC0000028067D7
:0450ED0000008293AA
:0450EE000005CA638C
:0450EF0000054C6309
:0450F000F79FF0EF47
:0450F100000585131E
:0450F20000028067D1
:0450F30040B005B311
:0450F400FE0558E37A
:0450F50040A005339F
:0450F600F61FF0EFC2
:0450F70040B005338D
:0450F80000028067CB
:0450F900000107B7F4
:0450FA0002F57A63DE
:0450FB001005371352
:0450FC00001737134F
:0450FD00003717134E
:0450FE00000167B78F
:0450FF0000E5553340
:04510000E6078793A4
:0451010000A787B3C9
:045102000007C503DA
:04510300020006930D
:0451040040E686B348
:0451050040A6853308
:0451060000008067BE
:04510700010007B7E5
:0451080002F57463D5
:045109000100071387
:04510A00000167B782
:04510B0000E5553333
:04510C00E607879398
:04510D0000A787B3BD
:04510E000007C503CE
:04510F000100069302
:0451100040A68533FD
:0451110000008067B3
:0451120001800713FE
:04511300000167B779
:0451140000E555332A
:04511500E60787938F
:0451160000A787B3B4
:045117000007C503C5
:04511800008006937A
:0451190040A68533F4
:04511A0000008067AA
:04511B00FF0101137C
:04511C000011262335
:04511D0000812423C6
:04511E000101041374
:04511F008141A783A0
:0451200000078A6397
:045121008141A7839E
:04512200000780E71B
:0451230000050793E9
:0451240000C0006F58
:04512500000197B737
:045126001B47879309
:0451270000078513E5
:0451280000C120831F
:0451290000812403DA
:04512A00010101136B
:04512B000000806799
:04512C00FD0101136D
:04512D000211262322
:04512E0002812423B3
:04512F000301041361
:04513000FCA42E238A
:04513100FDC427830F
:045132000207C46349
:04513300FDC427038D
:0451340000070793D6
:045135000017979335
:0451360000E787B354
:045137000027979323
:0451380000017737C4
:0451390004870713CD
:04513A0000E787B350
:04513B000080006F81
:04513C0000000793D5
:04513D00FEF4242335
:04513E00FE84278341
:04513F000607866376
:04514000FE8427833F
:045141000007A78339
:045142000107A78337
:04514300020780637C
:04514400FE8427833B
:045145000007A78335
:045146000107A78333
:04514700FE842503BA
:04514800000780E7F5
:0451490000050793C3
:04514A000080006F72
:04514B0000000793C6
:04514C00FEF4262324
:04514D00FDC4250375
:04514E00B54ED0EF9B
:04514F00FEC42783F0
:045150000207D0631F
:04515100F29FF0EFEA
:04515200000507133A
:04515300FEC42783EC
:0451540040F007B36D
:0451550000F720231C
:04515600FFF00793CC
:045157000200006FE3
:0451580000000793B9
:045159000180006F62
:04515A00F05FF0EF23
:04515B000005071331
:04515C0005100793A0
:04515D0000F7202314
:04515E00FFF00793C4
:04515F0000078513AD
:0451600002C12083E5
:0451610002812403A0
:045162000301011331
:045163000000806761
:04516400FD01011335
:04516500028126237A
:04516600030104132A
:04516700FCA42E2353
:045168000000001330
:04516900FDC42783D7
:04516A00FEF4262306
:04516B00FEC4250356
:04516C0000050793A0
:04516D00000786634E
:04516E007C1030136E
:04516F000080006F4D
:045170007C2030135C
:045171000000001327
:045172000000001326
:04517300FFDFF06FFB
:04517400FF01011323
:0451750000112623DC
:04517600008124236D
:04517700010104131B
:045178008141A78347
:0451790000078A633E
:04517A008141A78345
:04517B00000780E7C2
:04517C000005079390
:04517D0000C0006FFF
:04517E00000197B7DE
:04517F001B478793B0
:04518000000785138C
:0451810000C12083C6
:045182000081240381
:045183000101011312
:045184000000806740
:04518500FD01011314
:0451860002112623C9
:04518700028124235A
:045188000301041308
:04518900FCA42E2331
:04518A00FCB42C2322
:04518B00FDC42783B5
:04518C000207C463EF
:04518D00FDC4270333
:04518E00000707937C
:04518F0000179793DB
:0451900000E787B3FA
:0451910000279793C9
:04519200000177376A
:045193000487071373
:0451940000E787B3F6
:045195000080006F27
:04519600000007937B
:04519700FEF42623D9
:04519800FEC42783A7
:045199000407846320
:04519A00FEC42783A5
:04519B000007A783DF
:04519C000207A783DC
:04519D000207826320
:04519E00FEC42783A1
:04519F000007A783DB
:0451A0000207A783D8
:0451A100FD842583E1
:0451A200FEC425031F
:0451A300000780E79A
:0451A4000005079368
:0451A50002C0006FD5
:0451A600FD842783DA
:0451A70000002737A6
:0451A80000E7A22357
:0451A9000000079368
:0451AA000180006F11
:0451AB00F25FF0EFD0
:0451AC0000050713E0
:0451AD00051007934F
:0451AE0000F72023C3
:0451AF00FFF0079373
:0451B000000785135C
:0451B10002C1208394
:0451B200028124034F
:0451B30003010113E0
:0451B4000000806710
:0451B500FF010113E2
:0451B600008126232B
:0451B70001010413DB
:0451B8000000079359
:0451B9000007851353
:0451BA0000C1240309
:0451BB0001010113DA
:0451BC000000806708
:0451BD00FF010113DA
:0451BE000011262393
:0451BF000081242324
:0451C00001010413D2
:0451C1008141A783FE
:0451C20000078A63F5
:0451C3008141A783FC
:0451C400000780E779
:0451C5000005079347
:0451C60000C0006FB6
:0451C700000197B795
:0451C8001B47879367
:0451C9000007851343
:0451CA0000C120837D
:0451CB000081240338
:0451CC0001010113C9
:0451CD0000008067F7
:0451CE00F7010113D1
:0451CF00081126237A
:0451D000088124230B
:0451D10009010413B9
:0451D200F6A42E23EE
:0451D300000197B789
:0451D4001EC7A70348
:0451D500FEE42623AB
:0451D60000000713BB
:0451D700F8042A238B
:0451D800F7C427836E
:0451D9000207C463A2
:0451DA00F7C42703EC
:0451DB00000707932F
:0451DC00001797938E
:0451DD0000E787B3AD
:0451DE00002797937C
:0451DF00000177371D
:0451E0000487071326
:0451E10000E787B3A9
:0451E2000080006FDA
:0451E300000007932E
:0451E400F8F4262392
:0451E500F8C4278360
:0451E60004078A63CD
:0451E700F8C427835E
:0451E8000007A78392
:0451E9000207A7838F
:0451EA0000079663C1
:0451EB000010079316
:0451EC000500006F4B
:0451ED00F904079327
:0451EE00000785939E
:0451EF00F7C42503D9
:0451F0003C9000EF00
:0451F100000507931B
:0451F2000007D66379
:0451F300000007931E
:0451F4000300006F45
:0451F500F94427034F
:0451F600FFFFE7B719
:0451F70000F707B303
:0451F8000017B79352
:0451F9000FF7F79322
:0451FA000180006FC1
:0451FB00F09FF0EF42
:0451FC000005071390
:0451FD0005100793FF
:0451FE0000F7202373
:0451FF000000079312
:045200000007871309
:04520100000197B75A
:04520200FEC426833D
:045203001EC7A78398
:0452040000F6C7B336
:04520500000006930C
:0452060000078463B6
:0452070037D000EFAD
:045208000007051383
:0452090008C1208335
:04520A0008812403F0
:04520B000901011381
:04520C0000008067B7
:04520D00FF01011389
:04520E000011262342
:04520F0000812423D3
:045210000101041381
:045211008141A783AD
:0452120000078A63A4
:045213008141A783AB
:04521400000780E728
:0452150000050793F6
:0452160000C0006F65
:04521700000197B744
:045218001B47879316
:0452190000078513F2
:04521A0000C120832C
:04521B0000812403E7
:04521C000101011378
:04521D0000008067A6
:04521E00FD0101137A
:04521F00021126232F
:0452200002812423C0
:04522100030104136E
:04522200FCA42E2397
:04522300FCB42C2388
:04522400FE0426233B
:04522500FDC427831A
:0452260006F04E63DD
:04522700FD84278358
:04522800080784638C
:04522900FD84278356
:04522A000607C06350
:04522B00FD842703D4
:04522C0001F00793F3
:04522D0004E7CA6365
:04522E00FD842703D1
:04522F0000300793B1
:0452300004F74463D8
:04523100FD8427834E
:04523200001007134E
:0452330000F717B3B6
:04523400CF810737E8
:04523500F7870713DD
:0452360000E7F73363
:0452370000E0373329
:045238000FF77713E2
:0452390000071E63E9
:04523A000011073721
:04523B0000E7F7B3DE
:04523C0000F037B394
:04523D000FF7F793DD
:04523E0002079C6364
:04523F0000C0006F3C
:045240000000051352
:04524100C8DFF0EFE3
:04524200016007936D
:04524300FEF426232C
:045244000240006FB5
:04524500FDC42783FA
:0452460000F05E63B3
:045247000030079399
:04524800FEF4262327
:045249000100006FF1
:04524A00000000134D
:04524B000080006F70
:04524C00000000134B
:04524D00FEC42783F1
:04524E0000078E6364
:04524F00EF9FF0EFEE
:04525000000507133B
:04525100FEC42783ED
:0452520000F720231E
:04525300FFF00793CE
:045254000080006F67
:0452550000000793BB
:0452560000078513B5
:0452570002C12083ED
:0452580002812403A8
:045259000301011339
:04525A000000806769
:04525B00FF0101133B
:04525C0000112623F4
:04525D000081242385
:04525E000101041333
:04525F008141A7835F
:0452600000078A6356
:045261008141A7835D
:04526200000780E7DA
:0452630000050793A8
:0452640000C0006F17
:04526500000197B7F6
:045266001B478793C8
:0452670000078513A4
:0452680000C12083DE
:045269000081240399
:04526A00010101132A
:04526B000000806758
:04526C00FD0101132C
:04526D0002112623E1
:04526E000281242372
:04526F000301041320
:04527000FCA42E2349
:04527100FCB42C233A
:04527200FCC42A232B
:04527300FE042423EE
:04527400FDC42783CB
:045275000207C46305
:04527600FDC4270349
:045277000007079392
:0452780000179793F1
:0452790000E787B310
:04527A0000279793DF
:04527B000001773780
:04527C000487071389
:04527D0000E787B30C
:04527E000080006F3D
:04527F000000079391
:04528000FEF42623EF
:04528100FEC42783BD
:045282000407826338
:04528300FEC42783BB
:045284000007A783F5
:0452850001C7A78333
:045286000207846334
:04528700FEC42783B7
:045288000007A783F1
:0452890001C7A7832F
:04528A00FD442603B6
:04528B00FD842583F6
:04528C00FEC4250334
:04528D00000780E7AF
:04528E00FEA4242333
:04528F000180006F2B
:04529000F7A00793E9
:04529100FEF42423E0
:0452920000C0006FE9
:04529300FAF0079393
:04529400FEF42423DD
:04529500FE842783E9
:045296000207D063D8
:04529700F11FF0EF24
:0452980000050713F3
:04529900FE842783E5
:04529A0040F007B326
:04529B0000F72023D5
:04529C00FFF0079385
:04529D00FEF42423D4
:04529E00FE842783E0
:04529F00000785136C
:0452A00002C12083A4
:0452A100028124035F
:0452A20003010113F0
:0452A3000000806720
:0452A400FF010113F2
:0452A50000112623AB
:0452A600008124233C
:0452A70001010413EA
:0452A8008141A78316
:0452A90000078A630D
:0452AA008141A78314
:0452AB00000780E791
:0452AC00000507935F
:0452AD0000C0006FCE
:0452AE00000197B7AD
:0452AF001B4787937F
:0452B000000785135B
:0452B10000C1208395
:0452B2000081240350
:0452B30001010113E1
:0452B400000080670F
:0452B500FD010113E3
:0452B6000281262328
:0452B70003010413D8
:0452B800FCA42E2301
:0452B900FDC4278386
:0452BA000087A703BF
:0452BB00400007B7F1
:0452BC0000F767335D
:0452BD00FDC4278382
:0452BE0000E7A4233E
:0452BF00FE042623A0
:0452C0000980006FF2
:0452C100000177B7BA
:0452C2000487869344
:0452C300FEC42703FB
:0452C4000007079345
:0452C50000179793A4
:0452C60000E787B3C3
:0452C7000027979392
:0452C80000F687B3B2
:0452C9000007A70330
:0452CA00FDC4278375
:0452CB000007A783AE
:0452CC0004F71E6362
:0452CD00000177B7AE
:0452CE000487869338
:0452CF00FEC42703EF
:0452D0000007079339
:0452D1000017979398
:0452D20000E787B3B7
:0452D3000027979386
:0452D40000F687B3A6
:0452D5000087A78324
:0452D6000207DA638E
:0452D700FEC42703E7
:0452D8000007079331
:0452D9000017979390
:0452DA0000E787B3AF
:0452DB00002797937E
:0452DC00000177371F
:0452DD000487071328
:0452DE0000E787B3AB
:0452DF00FDC42703E0
:0452E00000F706636A
:0452E100FF30079300
:0452E2000240006F17
:0452E300FEC427835B
:0452E4000017879395
:0452E500FEF426238A
:0452E6008101A78318
:0452E7000007871322
:0452E800FEC4278356
:0452E900F6F770E381
:0452EA000000079326
:0452EB000007851320
:0452EC0002C12403D4
:0452ED0003010113A5
:0452EE0000008067D5
:0452EF00FC010113AA
:0452F00002112E2356
:0452F10002812C23E7
:0452F200040104139C
:0452F300FCA42623CE
:0452F400FCB42423BF
:0452F500FCC42223B0
:0452F600FFF007932B
:0452F700FEF420237E
:0452F800FED007934A
:0452F900FEF422237A
:0452FA00FE04242367
:0452FB00000187B770
:0452FC0087478593C8
:0452FD00FCC42503C5
:0452FE00474000EF36
:0452FF00FCA42E23BA
:04530000FDC427833E
:0453010000079C63A2
:04530200FCC42503BF
:04530300580000EF5F
:04530400FCA42E23B4
:0453050000100793FA
:04530600FEF424236A
:04530700FDC4278337
:045308000A078C63A1
:04530900FDC42503B7
:04530A006A0000EF46
:04530B00FEA42023B9
:04530C00FE042783F1
:04530D000007D8635A
:04530E00FE042783EF
:04530F00FEF4222363
:045310000A00006F20
:04531100FE0427036C
:0453120000070793F6
:045313000017979355
:0453140000E787B374
:045315000027979343
:0453160000017737E4
:0453170004870713ED
:0453180000E787B370
:04531900FEF4262355
:04531A00FC842703E5
:04531B00400007B790
:04531C00FFF787937D
:04531D0000F77733EB
:04531E00FEC427831F
:04531F0000E7A423DC
:04532000FE8427835D
:0453210000079C6382
:04532200FEC425039D
:04532300E49FF0EF24
:04532400FEA422239E
:04532500FE44278398
:045326000407C46351
:04532700FDC4278317
:0453280000C7A78390
:045329000207846390
:04532A00FDC4278314
:04532B0000C7A7838D
:04532C00FC44268394
:04532D00FC842603D3
:04532E00FCC4258313
:04532F00FEC4250390
:04533000000780E70B
:0453310000050793D9
:045332000080006F88
:0453330000000793DC
:04533400FEF422233E
:0453350000C0006F45
:04533600FED007930B
:04533700FEF422233B
:04533800FE44278385
:045339000207D46330
:04533A00FE04250345
:04533B00BA1EC0EFE7
:04533C00DA1FF0EF95
:04533D00000507134D
:04533E00FE4427837F
:04533F0040F007B380
:0453400000F720232F
:04534100FFF00793DF
:045342000080006F78
:04534300FE042783BA
:0453440000078513C6
:0453450003C12083FD
:0453460003812403B8
:045347000401011349
:04534800000080677A
:04534900FF0101134C
:04534A000011262305
:04534B000081242396
:04534C000101041344
:04534D008141A78370
:04534E0000078A6367
:04534F008141A7836E
:04535000000780E7EB
:0453510000050793B9
:0453520000C0006F28
:04535300000197B707
:045354001B478793D9
:0453550000078513B5
:0453560000C12083EF
:0453570000812403AA
:04535800010101133B
:045359000000806769
:04535A00FD0101133D
:04535B0002112623F2
:04535C000281242383
:04535D000301041331
:04535E00FCA42E235A
:04535F00FCB42C234B
:04536000FCC42A233C
:04536100FDC42783DD
:045362000207C46317
:04536300FDC427035B
:0453640000070793A4
:045365000017979303
:0453660000E787B322
:0453670000279793F1
:045368000001773792
:04536900048707139B
:04536A0000E787B31E
:04536B000080006F4F
:04536C0000000793A3
:04536D00FEF4242303
:04536E00FE8427830F
:04536F000807866342
:04537000FE8427830D
:045371000087A78387
:045372000037F713F6
:04537300001007938C
:0453740006F70263D3
:04537500FE84278308
:045376000007A78302
:045377000147A783C0
:0453780004078A6339
:04537900FE84278304
:04537A000007A783FE
:04537B000147A783BC
:04537C00FD442703C2
:04537D00000706130C
:04537E00FD84258302
:04537F00FE84250380
:04538000000780E7BB
:04538100FEA426233D
:04538200FEC42783BB
:045383000207D063EA
:04538400F15FF0EFF6
:045385000005071305
:04538600FEC42783B7
:0453870040F007B338
:0453880000F72023E7
:04538900FFF0079397
:04538A000340006F6D
:04538B00FEC42783B2
:04538C0002C0006FEC
:04538D00EF1FF0EF2F
:04538E0000050713FC
:04538F0000D00793B0
:0453900000F72023DF
:045391000140006F68
:04539200EDDFF0EF6C
:0453930000050713F7
:045394000510079366
:0453950000F72023DA
:04539600FFF007938A
:045397000007851373
:0453980002C12083AB
:045399000281240366
:04539A0003010113F7
:04539B000000806727
:04539C00FC010113FC
:04539D0002812E2338
:04539E0004010413EF
:04539F00FCA4262321
:0453A00000800793EF
:0453A1003007B7F327
:0453A200FEF42223D0
:0453A300FE4427831A
:0453A400FCF42E23C4
:0453A5008301A78356
:0453A60000378793B2
:0453A700FFC7F793B2
:0453A8000007871360
:0453A90082E1A823D2
:0453AA008301A703D1
:0453AB00FCC4278394
:0453AC0000F70733CC
:0453AD00000207B73C
:0453AE0000078793DA
:0453AF0002E7F263BC
:0453B000FDC427838E
:0453B100FEF42423BF
:0453B200FE842783CB
:0453B3000087F793E5
:0453B4003007A073AB
:0453B50000000013E1
:0453B600FFF007936A
:0453B7000380006F00
:0453B8008301A78343
:0453B900FEF42023BB
:0453BA008301A703C1
:0453BB00FCC4278384
:0453BC0000F70733BC
:0453BD0082E1A823BE
:0453BE00FDC4278380
:0453BF00FEF42623AF
:0453C000FEC427837D
:0453C1000087F793D7
:0453C2003007A0739D
:0453C30000000013D3
:0453C400FE04278339
:0453C5000007851345
:0453C60003C12403F8
:0453C70004010113C9
:0453C80000008067FA
:0453C900FF010113CC
:0453CA000011262385
:0453CB000081242316
:0453CC0001010413C4
:0453CD008141A783F0
:0453CE0000078A63E7
:0453CF008141A783EE
:0453D000000780E76B
:0453D1000005079339
:0453D20000C0006FA8
:0453D300000197B787
:0453D4001B47879359
:0453D5000007851335
:0453D60000C120836F
:0453D700008124032A
:0453D80001010113BB
:0453D90000008067E9
:0453DA00FD010113BD
:0453DB000211262372
:0453DC000281242303
:0453DD0003010413B1
:0453DE00FCA42E23DA
:0453DF00FCB42C23CB
:0453E000FCC42A23BC
:0453E100FDC427835D
:0453E2000207C46397
:0453E300FDC42703DB
:0453E4000007079324
:0453E5000017979383
:0453E60000E787B3A2
:0453E7000027979371
:0453E8000001773712
:0453E900048707131B
:0453EA0000E787B39E
:0453EB000080006FCF
:0453EC000000079323
:0453ED00FEF4242383
:0453EE00FE8427838F
:0453EF0008078463C4
:0453F000FE8427838D
:0453F1000087A78307
:0453F2000037F793F6
:0453F30006078263C4
:0453F400FE84278389
:0453F5000007A78383
:0453F6000187A78301
:0453F70004078A63BA
:0453F800FE84278385
:0453F9000007A7837F
:0453FA000187A783FD
:0453FB00FD44270343
:0453FC00000706138D
:0453FD00FD84258383
:0453FE00FE84250301
:0453FF00000780E73C
:04540000FEA42623BD
:04540100FEC427833B
:045402000207D0636A
:04540300F19FF0EF36
:045404000005071385
:04540500FEC4278337
:0454060040F007B3B8
:0454070000F7202367
:04540800FFF0079317
:045409000340006FED
:04540A00FEC4278332
:04540B0002C0006F6C
:04540C00EF5FF0EF6F
:04540D00000507137C
:04540E0000D0079330
:04540F0000F720235F
:045410000140006FE8
:04541100EE1FF0EFAB
:045412000005071377
:0454130005100793E6
:0454140000F720235A
:04541500FFF007930A
:0454160000078513F3
:0454170002C120832B
:0454180002812403E6
:045419000301011377
:04541A0000008067A7
:04541B00FD0101137B
:04541C0002812623C0
:04541D000301041370
:04541E00FCA42E2399
:04541F00FCB42C238A
:04542000FE04222341
:04542100FE0424233E
:045422003E8007932E
:04542300FEF426234A
:04542400FD84278359
:045425000007966383
:0454260000000793E8
:045427000E00006F04
:04542800FD84278355
:045429000007A7834E
:04542A00FEF4222347
:04542B000C00006F02
:04542C00FE04242333
:04542D000380006F89
:04542E00FE4427838E
:04542F000087A70348
:04543000FE8427834C
:0454310000F707B3C6
:045432000007C703A5
:04543300FE84278349
:04543400FDC426830A
:0454350000F687B343
:045436000007C78321
:0454370004F71663FD
:04543800FE84278344
:04543900001787933E
:04543A00FEF4242335
:04543B00FE84278341
:04543C00FDC4270381
:04543D0000F707B3BA
:04543E000007C78319
:04543F000207886375
:04544000FE4427837C
:045441000087A70336
:04544200FE8427833A
:0454430000F707B3B4
:045444000007C78313
:0454450000078C636D
:04544600FE842703B6
:04544700FEC42783F5
:04544800F8F74CE342
:045449000080006F70
:04544A00000000134B
:04544B00FE84278331
:04544C00FDC4270371
:04544D0000F707B3AA
:04544E000007C78309
:04544F00020792635B
:04545000FE4427836C
:045451000087A70326
:04545200FE8427832A
:0454530000F707B3A4
:045454000007C78303
:045455000007966353
:04545600FE44278366
:045457000200006FE0
:04545800FE44278364
:045459000007A7831E
:04545A00FEF4222317
:04545B00FE442703E1
:04545C00FD84278321
:04545D00F2F71EE361
:04545E0000000793B0
:04545F0000078513AA
:0454600002C124035E
:04546100030101132F
:04546200000080675F
:04546300FD01011333
:045464000281262378
:045465000301041328
:04546600FCA42E2351
:04546700000187B702
:0454680086C78793D9
:045469000007A7830E
:04546A00FEF4222307
:04546B00FE042423F4
:04546C003E800793E4
:04546D00FEF4262300
:04546E000EC0006FFD
:04546F00FE042423F0
:045470000BC0006FFE
:04547100FE4427834B
:045472000087A70305
:04547300FE84278309
:0454740000F707B383
:045475000007C70362
:0454760002F00793A6
:0454770002F71063C5
:04547800FE44278344
:045479000087A703FE
:04547A00FE84278302
:04547B0000178793FC
:04547C0000F707B37B
:04547D000007C783DA
:04547E0000078E6332
:04547F00FE4427833D
:045480000087A703F7
:04548100FE842783FB
:0454820000F707B375
:045483000007C783D4
:0454840002079C631C
:04548500FE842783F7
:04548600FDC4270337
:0454870000F707B370
:045488000007C7034F
:0454890002F0079393
:04548A0000F70C63B8
:04548B00FE842783F1
:04548C00FDC4270331
:04548D0000F707B36A
:04548E000007C783C9
:04548F000407986313
:04549000FE4427832C
:045491000740006F61
:04549200FE4427832A
:045493000087A703E4
:04549400FE842783E8
:0454950000F707B362
:045496000007C70341
:04549700FE842783E5
:04549800FDC42683A6
:0454990000F687B3DF
:04549A000007C783BD
:04549B0002F714639D
:04549C00FE842783E0
:04549D0000178793DA
:04549E00FEF42423D1
:04549F00FE8427035D
:0454A000FEC427839C
:0454A100F4F740E3F9
:0454A2000100006F96
:0454A30000000013F2
:0454A4000080006F15
:0454A50000000013F0
:0454A600FE44278316
:0454A7000007A783D0
:0454A800FEF42223C9
:0454A900FE44270393
:0454AA00000187B7BF
:0454AB0086C7879396
:0454AC00F0F716E31C
:0454AD000000079361
:0454AE00000785135B
:0454AF0002C124030F
:0454B00003010113E0
:0454B1000000806710
:0454B200FD010113E4
:0454B3000281262329
:0454B40003010413D9
:0454B500FCA42E2302
:0454B600FE800793DA
:0454B700FEF42623B6
:0454B800FE042423A7
:0454B9000800006F78
:0454BA00000177B7BF
:0454BB000487869349
:0454BC00FE84270340
:0454BD00000707934A
:0454BE0000179793A9
:0454BF0000E787B3C8
:0454C0000027979397
:0454C10000F687B3B7
:0454C2000007A783B5
:0454C30004079663E1
:0454C400000177B7B5
:0454C500048786933F
:0454C600FE84270336
:0454C7000007079340
:0454C800001797939F
:0454C90000E787B3BE
:0454CA00002797938D
:0454CB0000F687B3AD
:0454CC00FDC42703F1
:0454CD0000E7A02331
:0454CE008101A7832E
:0454CF00FE8427032D
:0454D00000E7D663B8
:0454D100FE8427032B
:0454D20080E1A823AA
:0454D300FE842783A9
:0454D400FEF4262399
:0454D5000200006F62
:0454D600FE842783A6
:0454D70000178793A0
:0454D800FEF4242397
:0454D900FE84270323
:0454DA0001F0079343
:0454DB00F6E7DEE32F
:0454DC0000000013B9
:0454DD00FEC427835F
:0454DE00000785132B
:0454DF0002C12403DF
:0454E00003010113B0
:0454E10000008067E0
:0454E2000005861328
:0454E3000005059328
:0454E4008201A50399
:0454E500DF8F206FC6
:0454E6000000079724
:0454E7003F878793E1
:0454E8000007AF8387
:0454E9000047AF03C6
:0454EA000087AE8306
:0454EB0000C7AE0345
:0454EC000107A3030E
:0454ED000147A88348
:0454EE000187A80387
:0454EF000247A68347
:0454F0000287A70385
:0454F10001C7A583C7
:0454F2000207A60304
:0454F30002C7C783A2
:0454F400FC010113A3
:0454F500000105139A
:0454F60002112E234E
:0454F70001F120237C
:0454F80001E1222389
:0454F90001D1242396
:0454FA0001C12623A3
:0454FB000061282301
:0454FC0001112A234D
:0454FD0001012C235A
:0454FE0002D1222392
:0454FF0002E124237F
:0455000002F106238B
:0455010000B12E23A4
:0455020002C120239F
:04550300B95ED0EFCE
:045504000005061385
:045505000001059309
:045506000020051369
:0455070003C000EFEE
:045508000060051327
:04550900BA0F80EF66
:04550A0007F005138E
:04550B00964FF0EFD8
:04550C00FF01011387
:04550D000011262340
:04550E00F61FF0EFA5
:04550F0000004797BA
:04551000DB0787939B
:045511000007A703E5
:045512000007166315
:04551300FF0A07374D
:0455140000E7A023E9
:0455150000008067AB
:0455160000060693F2
:0455170000058613F2
:0455180000050593F2
:045519008201A50363
:04551A00FD0ED06F43
:04551B000000326CEE
:04551C000001543CFA
:04551D00000000107A
:04551E000000000089
:04551F0000527A03B9
:0455200001017C0108
:0455210000020D1B5C
:04552200000000D4B1
:04552300000000186C
:04552400FFFF863CC3
:045525000000068CF0
:04552600300E4400FF
:045527008105934C1B
:045528005C08960184
:045529000795038956
:04552A00049202885D
:04552B002C030694B3
:04552C00C144C801AD
:04552D00D244C94457
:04552E00D544D44448
:04552F00D648D34443
:0455300044000E44E1
:045531000181300EB6
:04553200089605933F
:0455330044C10A5015
:0455340044D648D33E
:045535000B44000E15
:045536000288500295
:04553700049203894E
:045538000795069439
:0455390097014C0387
:04553A00D7E00209AB
:04553B00D2C9C844C5
:04553C008850D5D4EA
:04553D00920389024A
:04553E009506940436
:04553F00C9C8480788
:0455400048D5D4D2A4
:0455410095500B99DD
:045542005C09970762
:0455430088500A98EA
:045544009203890243
:0455450006944C0478
:045546000A013C0317
:0455470048C144C84B
:0455480044D244C93C
:0455490044D544D42D
:04554A0044D844D726
:04554B0048D344D924
:04554C00000E44D633
:04554D00D7680B44CC
:04554E00C854D9D88C
:04554F00D5D4D2C914
:045550008902884CF8
:045551009404920329
:04555200970795061C
:045553000A98480961
:04555400D8480B998F
:045555000A9848D98F
:04555600D7480B998E
:045557000000D9D89F
:04555800000000103F
:04555900000000004E
:04555A0000527A037E
:04555B0001017C01CD
:04555C0000020D1B21
:04555D00000000B892
:04555E000000001831
:04555F00FFFF8BDCE3
:045560000000061829
:04556100300E4400C4
:045562005C0181481F
:045563000694049214
:04556400038902882D
:04556500079505930E
:04556600C8010C0369
:04556700D244C9441D
:04556800D444D34410
:045569000A48D544D3
:04556A00000E44C12A
:04556B0089580B440C
:04556C00020593039E
:04556D00C944C15418
:04556E000E4CD344C8
:04556F00300E4400B6
:04557000028801812B
:045571000492038914
:045572000694059303
:04557300180307957D
:04557400680997012A
:0455750094020896FE
:0455760044D644D7FC
:04557700D5D4D2C8ED
:0455780050079558EB
:045579000C9A0997E8
:04557A004C0B995CE1
:04557B00049202880C
:04557C0096069450AB
:04557D000A98480838
:04557E000A015803C3
:04557F0054C144C807
:0455800044D444D2F9
:0455810044D644D5F3
:0455820044D844D7EE
:045583004CDA44D9E1
:0455840044D344C9FF
:045585000B44000EC5
:04558600D8D7D65C40
:045587009654DAD983
:0455880098099708DF
:045589009A0B990AD6
:04558A00D7D6500C14
:04558B0000DAD9D891
:04558C006C6C654896
:04558D00694E206FD4
:04558E005620736FC1
:04558F00726F5720C0
:045590000000646C47
:0455910063756F438C
:045592000000756F31
:045593007665642FA6
:045594004245442F19
:045595000000475576
:045596007665642FA3
:045597004245442F16
:045598000000475573
:045599007665642FA0
:04559A006C756E2F8F
:04559B000000006CA0
:04559C000000000A01
:04559D0000464E492D
:04559E0000666E69CC
:04559F00004E414E2B
:0455A000006E616ECA
:0455A1003332313040
:0455A200373635342F
:0455A30062613938D0
:0455A4006665646371
:0455A5000000000002
:0455A600333231303B
:0455A700373635342A
:0455A800424139380B
:0455A90046454443EC
:0455AA0000000000FD
:0455AB006C756E2885
:0455AC000000296C66
:0455AD0000000030CA
:0455AE0069666E4973
:0455AF007974696E34
:0455B00000000000F7
:0455B100004E614EF9
:0455B2006C6C61427A
:0455B3007320636F8F
:0455B4006563637553
:0455B5006465646560
:0455B60000000000F1
:0455B7002E2F2E2E37
:0455B8002E2E2F2E36
:0455B9002F2E2E2F34
:0455BA006C77656E37
:0455BB006E2F626984
:0455BC00696C77653A
:0455BD00696C2F6284
:0455BE00732F636282
:0455BF00696C64743B
:0455C00064672F628B
:0455C1002D616F7475
:0455C20073696D6438
:0455C30000632E63F0
:0455C4002E2F2E2E2A
:0455C5002E2E2F2E29
:0455C6002F2E2E2F27
:0455C7006C77656E2A
:0455C8006E2F626977
:0455C900696C77652D
:0455CA00696C2F6277
:0455CB00732F636275
:0455CC00696C64742E
:0455CD00706D2F626C
:0455CE002E63657271
:0455CF000000006375
:0455D0000000004394
:0455D10049534F509B
:0455D200000000587D
:0455D3000000002EA6
:0455D4007566202CAC
:0455D5006974636E24
:0455D600203A6E6F9A
:0455D70000000000D0
:0455D8006573736123
:0455D9006F69747210
:0455DA002522206EF8
:0455DB0066202273B1
:0455DC00656C696130
:0455DD0066203A64A6
:0455DE0020656C696F
:0455DF0022732522EC
:0455E000696C202CA6
:0455E1002520656EAE
:0455E20025732564A4
:0455E30000000A7347
:0455E400202A2A2A25
:0455E5006361747317
:0455E6006D73206B56
:0455E700696873611B
:0455E8006420676E66
:0455E900636574651D
:0455EA002064657460
:0455EB003A2A2A2A04
:0455EC007265742050
:0455ED00616E696D15
:0455EE000A64657472
:0455EF0000000000B8
:0455F000FFFEF13C8D
:0455F100FFFEE924AC
:0455F200FFFEE924AB
:0455F300FFFEF13096
:0455F400FFFEE924A9
:0455F500FFFEE924A8
:0455F600FFFEE924A7
:0455F700FFFEEB5474
:0455F800FFFEE924A5
:0455F900FFFEE924A4
:0455FA00FFFEF02898
:0455FB00FFFEF04C73
:0455FC00FFFEE924A1
:0455FD00FFFEF0407D
:0455FE00FFFEF1605B
:0455FF00FFFEE9249E
:04560000FFFEF15464
:04560100FFFEE8F0D0
:04560200FFFEE8F0CF
:04560300FFFEE8F0CE
:04560400FFFEE8F0CD
:04560500FFFEE8F0CC
:04560600FFFEE8F0CB
:04560700FFFEE8F0CA
:04560800FFFEE8F0C9
:04560900FFFEE8F0C8
:04560A00FFFEE92492
:04560B00FFFEE92491
:04560C00FFFEE92490
:04560D00FFFEE9248F
:04560E00FFFEE9248E
:04560F00FFFEE9248D
:04561000FFFEE9248C
:04561100FFFEEBC4E9
:04561200FFFEE9248A
:04561300FFFEEEC8E0
:04561400FFFEEE7037
:04561500FFFEEBC4E5
:04561600FFFEEBC4E4
:04561700FFFEEBC4E3
:04561800FFFEE92484
:04561900FFFEE92483
:04561A00FFFEE92482
:04561B00FFFEE92481
:04561C00FFFEF12478
:04561D00FFFEE9247F
:04561E00FFFEE9247E
:04561F00FFFEEFBCDF
:04562000FFFEE9247C
:04562100FFFEE9247B
:04562200FFFEE9247A
:04562300FFFEEEF0A8
:04562400FFFEE92478
:04562500FFFEF0F4A0
:04562600FFFEE92476
:04562700FFFEE92475
:04562800FFFEFC186D
:04562900FFFEE92473
:04562A00FFFEE92472
:04562B00FFFEE92471
:04562C00FFFEE92470
:04562D00FFFEE9246F
:04562E00FFFEE9246E
:04562F00FFFEE9246D
:04563000FFFEE9246C
:04563100FFFEEBC4C9
:04563200FFFEE9246A
:04563300FFFEEEC8C0
:04563400FFFEEE7413
:04563500FFFEEBC4C5
:04563600FFFEEBC4C4
:04563700FFFEEBC4C3
:04563800FFFEF0E0A1
:04563900FFFEEE740E
:04563A00FFFEEE641D
:04563B00FFFEE92461
:04563C00FFFEF0CCB1
:04563D00FFFEE9245F
:04563E00FFFEF05C1F
:04563F00FFFEEFC0BB
:04564000FFFEF090E9
:04564100FFFEEE6416
:04564200FFFEE9245A
:04564300FFFEEEF088
:04564400FFFEEB90EA
:04564500FFFEFC1058
:04564600FFFEE92456
:04564700FFFEE92455
:04564800FFFEFCB4B1
:04564900FFFEE92453
:04564A00FFFEEB90E4
:04564B00FFFF03DC7E
:04564C00FFFF002438
:04564D00FFFF002437
:04564E00FFFF002436
:04564F00FFFF02C493
:04565000FFFF07B0A1
:04565100FFFF002433
:04565200FFFF002432
:04565300FFFF002431
:04565400FFFF002430
:04565500FFFF00242F
:04565600FFFF00242E
:04565700FFFF00242D
:04565800FFFF00242C
:04565900FFFF00242B
:04565A00FFFF00242A
:04565B00FFFF002429
:04565C00FFFF002428
:04565D00FFFF002427
:04565E00FFFF002426
:04565F00FFFF002425
:04566000FFFF002424
:04566100FFFF002423
:04566200FFFF002422
:04566300FFFF002421
:04566400FFFF002420
:04566500FFFF00241F
:04566600FFFF00241E
:04566700FFFF00241D
:04566800FFFF00241C
:04566900FFFF00241B
:04566A00FFFF00241A
:04566B00FFFF03DC5E
:04566C00FFFF002418
:04566D00FFFF002417
:04566E00FFFF002416
:04566F00FFFF02C473
:04567000FFFF07B081
:0456710020202020B5
:0456720020202020B4
:0456730020202020B3
:0456740020202020B2
:045675003030303071
:045676003030303070
:04567700303030306F
:04567800303030306E
:04567900000000002D
:04567A00000000002C
:04567B00000000002B
:04567C00000000002A
:04567D000000000029
:04567E000000000028
:04567F003FFC0000EC
:045680000000000026
:045681000000000025
:045682000000000024
:0456830040030000E0
:045684000000000022
:045685000000000021
:045686000000000020
:045687003FFE0000E2
:04568800000000001E
:04568900000000001D
:04568A00000000001C
:04568B00407100006A
:04568C00FFFFFFFF1E
:04568D00FFFFFFFF1D
:04568E00FFFFFFFF1C
:04568F007FFEFFFF9C
:045690000000000016
:045691000000000015
:045692000000000014
:045693000001000012
:0456940000000071A1
:04569500FFFFBF92C2
:0456960000003F8F42
:04569700000000010E
:04569800000000000E
:04569900000000000D
:04569A000000000507
:04569B0000000019F2
:04569C000000007D8D
:04569D000000000009
:04569E000000000008
:04569F003FF00000D8
:0456A0000000000006
:0456A10040240000A1
:0456A2000000000004
:0456A300405900006A
:0456A4000000000002
:0456A500408F4000F2
:0456A6000000000000
:0456A70040C3880074
:0456A80000000000FE
:0456A90040F86A005B
:0456AA0000000000FC
:0456AB00412E848088
:0456AC0000000000FA
:0456AD00416312D073
:0456AE0000000000F8
:0456AF004197D784C4
:0456B00000000000F6
:0456B10041CDCD65B5
:0456B20020000000D4
:0456B3004202A05FB0
:0456B400E80000000A
:0456B50042374876BA
:0456B600A20000004E
:0456B700426D1A9492
:0456B800E5400000C9
:0456B90042A2309C3D
:0456BA001E9000003E
:0456BB0042D6BCC453
:0456BC002634000090
:0456BD00430C6BF53A
:0456BE0037E0800051
:0456BF004341C37927
:0456C00085D8A000E9
:0456C10043763457A1
:0456C200674EC80067
:0456C30043ABC16DC7
:0456C40060913D00B4
:0456C50043E158E481
:0456C60078B58C40E7
:0456C7004415AF1DBA
:0456C800D6E2EF50E7
:0456C900444B1AE450
:0456CA00064DD59222
:0456CB004480F0CF58
:0456CC00C7E14AF6F2
:0456CD0044B52D02B1
:0456CE0079D99DB435
:0456CF0044EA7843EE
:0456D00097D889BC22
:0456D1003C9CD2B279
:0456D200D5A8A7337D
:0456D3003949F62338
:0456D40044F4A73DB6
:0456D50032A50FFDEE
:0456D600CF8C979D41
:0456D700255BBA088D
:0456D80064AC6F430C
:0456D9000AC80628CD
:0456DA0037E0800035
:0456DB004341C3790B
:0456DC00B5056E178B
:0456DD004693B8B583
:0456DE00E93FF9F5B2
:0456DF004D384F03F0
:0456E000F9301D324E
:0456E1005A8277482A
:0456E2007F73BF3CD7
:0456E30075154FDD0D
:0456E4002020200062
:0456E5002020202041
:0456E6002828202030
:0456E7002028282827
:0456E800202020203E
:0456E900202020203D
:0456EA00202020203C
:0456EB00202020203B
:0456EC0010108820F2
:0456ED001010101079
:0456EE001010101078
:0456EF001010101077
:0456F000040404109A
:0456F10004040404A5
:0456F2001004040498
:0456F3001010101073
:0456F4004141101010
:0456F50041414141AD
:0456F60001010101AC
:0456F70001010101AB
:0456F80001010101AA
:0456F90001010101A9
:0456FA0001010101A8
:0456FB00101010106B
:0456FC004242101006
:0456FD0042424242A1
:0456FE0002020202A0
:0456FF00020202029F
:04570000020202029D
:04570100020202029C
:04570200020202029B
:045703001010101062
:045704000000002081
:0457050000000000A0
:04570600000000009F
:04570700000000009E
:04570800000000009D
:04570900000000009C
:04570A00000000009B
:04570B00000000009A
:04570C000000000099
:04570D000000000098
:04570E000000000097
:04570F000000000096
:045710000000000095
:045711000000000094
:045712000000000093
:045713000000000092
:045714000000000091
:045715000000000090
:04571600000000008F
:04571700000000008E
:04571800000000008D
:04571900000000008C
:04571A00000000008B
:04571B00000000008A
:04571C000000000089
:04571D000000000088
:04571E000000000087
:04571F000000000086
:045720000000000085
:045721000000000084
:045722000000000083
:045723000000000082
:045724000000000081
:04572500FFFF6C4CCA
:04572600FFFF670416
:04572700FFFF670415
:04572800FFFF6C40D3
:04572900FFFF670413
:04572A00FFFF670412
:04572B00FFFF670411
:04572C00FFFF6BDC34
:04572D00FFFF67040F
:04572E00FFFF67040E
:04572F00FFFF688C84
:04573000FFFF6B709C
:04573100FFFF67040B
:04573200FFFF6B64A6
:04573300FFFF6B8C7D
:04573400FFFF670408
:04573500FFFF6B8087
:04573600FFFF66D03B
:04573700FFFF66D03A
:04573800FFFF66D039
:04573900FFFF66D038
:04573A00FFFF66D037
:04573B00FFFF66D036
:04573C00FFFF66D035
:04573D00FFFF66D034
:04573E00FFFF66D033
:04573F00FFFF6704FD
:04574000FFFF6704FC
:04574100FFFF6704FB
:04574200FFFF6704FA
:04574300FFFF6704F9
:04574400FFFF6704F8
:04574500FFFF6704F7
:04574600FFFF6704F6
:04574700FFFF6704F5
:04574800FFFF6B38BC
:04574900FFFF6C648E
:04574A00FFFF6704F2
:04574B00FFFF6704F1
:04574C00FFFF6704F0
:04574D00FFFF6704EF
:04574E00FFFF6704EE
:04574F00FFFF6704ED
:04575000FFFF6704EC
:04575100FFFF6704EB
:04575200FFFF6704EA
:04575300FFFF6704E9
:04575400FFFF6D8462
:04575500FFFF6704E7
:04575600FFFF6704E6
:04575700FFFF6704E5
:04575800FFFF6AB035
:04575900FFFF6704E3
:04575A00FFFF6CC819
:04575B00FFFF6704E1
:04575C00FFFF6704E0
:04575D00FFFF746076
:04575E00FFFF6704DE
:04575F00FFFF6704DD
:04576000FFFF6704DC
:04576100FFFF6704DB
:04576200FFFF6704DA
:04576300FFFF6704D9
:04576400FFFF6704D8
:04576500FFFF6704D7
:04576600FFFF6704D6
:04576700FFFF6704D5
:04576800FFFF6B389C
:04576900FFFF73A02B
:04576A00FFFF6704D2
:04576B00FFFF6704D1
:04576C00FFFF6704D0
:04576D00FFFF6CB41A
:04576E00FFFF73A026
:04576F00FFFF68A030
:04577000FFFF6704CC
:04577100FFFF6ECCFC
:04577200FFFF6704CA
:04577300FFFF6E9C2A
:04577400FFFF744877
:04577500FFFF6E4C78
:04577600FFFF68A029
:04577700FFFF6704C5
:04577800FFFF6AB015
:04577900FFFF68982E
:04577A00FFFF745465
:04577B00FFFF6704C1
:04577C00FFFF6704C0
:04577D00FFFF74B8FE
:04577E00FFFF6704BE
:04577F00FFFF689828
:0457800020202020A5
:0457810020202020A4
:0457820020202020A3
:0457830020202020A2
:045784003030303061
:045785003030303060
:04578600303030305F
:04578700303030305E
:045788000000F348E2
:045789000000F1F437
:04578A000000F1A08A
:04578B000000F2F434
:04578C000000F1A088
:04578D000000F20422
:04578E000000F1A086
:04578F000000F2F430
:045790000000F1F430
:045791000000F1F42F
:045792000000F2041D
:045793000000F2F42C
:045794000000F2809F
:045795000000F2809E
:045796000000F2809D
:045797000000F20418
:045798000202010008
:045799000303030300
:04579A0004040404FB
:04579B0004040404FA
:04579C0005050505F5
:04579D0005050505F4
:04579E0005050505F3
:04579F0005050505F2
:0457A00006060606ED
:0457A10006060606EC
:0457A20006060606EB
:0457A30006060606EA
:0457A40006060606E9
:0457A50006060606E8
:0457A60006060606E7
:0457A70006060606E6
:0457A80007070707E1
:0457A90007070707E0
:0457AA0007070707DF
:0457AB0007070707DE
:0457AC0007070707DD
:0457AD0007070707DC
:0457AE0007070707DB
:0457AF0007070707DA
:0457B00007070707D9
:0457B10007070707D8
:0457B20007070707D7
:0457B30007070707D6
:0457B40007070707D5
:0457B50007070707D4
:0457B60007070707D3
:0457B70007070707D2
:0457B80008080808CD
:0457B90008080808CC
:0457BA0008080808CB
:0457BB0008080808CA
:0457BC0008080808C9
:0457BD0008080808C8
:0457BE0008080808C7
:0457BF0008080808C6
:0457C00008080808C5
:0457C10008080808C4
:0457C20008080808C3
:0457C30008080808C2
:0457C40008080808C1
:0457C50008080808C0
:0457C60008080808BF
:0457C70008080808BE
:0457C80008080808BD
:0457C90008080808BC
:0457CA0008080808BB
:0457CB0008080808BA
:0457CC0008080808B9
:0457CD0008080808B8
:0457CE0008080808B7
:0457CF0008080808B6
:0457D00008080808B5
:0457D10008080808B4
:0457D20008080808B3
:0457D30008080808B2
:0457D40008080808B1
:0457D50008080808B0
:0457D60008080808AF
:0457D70008080808AE
:0457D80000000000CD
:0457D9003FF8000095
:0457DA00636F436155
:0457DB003FD287A78B
:0457DC008B60C8B363
:0457DD003FC68A2811
:0457DE00509F79FB64
:0457DF003FD344135D
:0457E0009D7DFA04AD
:0457E1003C942D16B1
:0457E20055475A329B
:0457E3003FD3441359
:0457E40000000000C1
:0457E5003FF0000091
:0457E60000000000BF
:0457E700402400005A
:0457E80000000000BD
:0457E9004008000074
:0457EA0000000000BB
:0457EB00401C00005E
:0457EC0000000000B9
:0457ED004014000064
:0457EE0000000000B7
:0457EF003FE0000097
:0457F00000000000B5
:0457F10000000000B4
:0457F20000000000B3
:0457F30000000000B2
:0457F40000000000B1
:0457F50000000000B0
:0457F60000000000AF
:0457F70000000000AE
:0457F80000000000AD
:0457F90000000000AC
:0457FA0000000000AB
:0457FB0000000000AA
:0457FC0000000000A9
:0457FD0000000000A8
:0457FE0000000000A7
:0457FF0000000000A6
:0458000000000000A4
:0458010000000000A3
:0458020000000000A2
:0458030000000000A1
:0458040000000000A0
:04580500000000009F
:04580600000000009E
:04580700000000009D
:04580800000000009C
:04580900000000009B
:04580A00000000009A
:04580B000000000099
:04580C000000000098
:04580D000000000097
:04580E000000000096
:04580F000000000095
:045810000000000094
:045811000000000093
:045812000000000092
:045813000000000091
:045814000000000090
:04581500000000008F
:04581600000000008E
:04581700000000008D
:04581800000000008C
:04581900000000008B
:04581A00000000008A
:04581B000000000089
:04581C000000000088
:04581D000000000087
:04581E000000000086
:04581F000000000085
:045820000000000084
:045821000000000083
:045822000000000082
:045823000000000081
:045824000000000080
:04582500000000007F
:04582600000000007E
:04582700000000007D
:04582800000000007C
:04582900000000007B
:04582A00000000007A
:04582B000000000079
:04582C000000000078
:04582D000000000077
:04582E000000000076
:04582F000000000075
:045830000000000074
:045831000000000073
:045832000000000072
:045833000000000071
:045834000000000070
:04583500000000006F
:04583600000000006E
:04583700000000006D
:04583800000000006C
:04583900000000006B
:04583A00000000006A
:04583B000000000069
:04583C000000000068
:04583D000000000067
:04583E000000000066
:04583F000000000065
:045840000000000064
:045841000000000063
:045842000000000062
:045843000000000061
:045844000000000060
:04584500000000005F
:04584600000000005E
:04584700000000005D
:04584800000000005C
:04584900000000005B
:04584A00000000005A
:04584B000000000059
:04584C000000000058
:04584D000000000057
:04584E000000000056
:04584F000000000055
:045850000000000054
:045851000000000053
:045852000000000052
:045853000000000051
:045854000000000050
:04585500000000004F
:04585600000000004E
:04585700000000004D
:04585800000000004C
:04585900000000004B
:04585A00000000004A
:04585B000000000049
:04585C000000000048
:04585D000000000047
:04585E000000000046
:04585F000000000045
:045860000000000044
:045861000000000043
:045862000000000042
:045863000000000041
:045864000000000040
:04586500000000003F
:04586600000000003E
:04586700000000003D
:04586800000000003C
:04586900000000003B
:04586A00000000003A
:04586B000000000039
:04586C000000000038
:04586D000000000037
:04586E000000000036
:04586F000000000035
:045870000000000034
:045871000000000033
:045872000000000032
:045873000000000031
:045874000000000030
:04587500000000002F
:04587600000000002E
:04587700000000002D
:04587800000000002C
:04587900000000002B
:04587A00000000002A
:04587B000000000029
:04587C000000000028
:04587D000000000027
:04587E000000000026
:04587F000000000025
:045880000000000024
:045881000000000023
:045882000000000022
:045883000000000021
:045884000000000020
:04588500000000001F
:04588600000000001E
:04588700000000001D
:04588800000000001C
:04588900000000001B
:04588A00000000001A
:04588B000000000019
:04588C000000000018
:04588D000000000017
:04588E000000000016
:04588F000000000015
:045890000000000014
:045891000000000013
:045892000000000012
:045893000000000011
:045894000000000010
:04589500000000000F
:04589600000000000E
:04589700000000000D
:04589800000000000C
:04589900000000000B
:04589A00000000000A
:04589B000000000009
:04589C000000000008
:04589D000000000007
:04589E000000000006
:04589F000000000005
:0458A0000000000004
:0458A1000000000003
:0458A2000000000002
:0458A3000000000001
:0458A4000000000000
:0458A50000000000FF
:0458A60000000000FE
:0458A70000000000FD
:0458A80000000000FC
:0458A90000000000FB
:0458AA0000000000FA
:0458AB0000000000F9
:0458AC0000000000F8
:0458AD0000000000F7
:0458AE0000000000F6
:0458AF0000000000F5
:0458B00000000000F4
:0458B10000000000F3
:0458B20000000000F2
:0458B30000000000F1
:0458B40000000000F0
:0458B50000000000EF
:0458B60000000000EE
:0458B70000000000ED
:0458B80000000000EC
:0458B90000000000EB
:0458BA0000000000EA
:0458BB0000000000E9
:0458BC0000000000E8
:0458BD0000000000E7
:0458BE0000000000E6
:0458BF0000000000E5
:0458C00000000000E4
:0458C10000000000E3
:0458C20000000000E2
:0458C30000000000E1
:0458C40000000000E0
:0458C50000000000DF
:0458C60000000000DE
:0458C70000000000DD
:0458C80000000000DC
:0458C90000000000DB
:0458CA0000000000DA
:0458CB0000000000D9
:0458CC0000000000D8
:0458CD0000000000D7
:0458CE0000000000D6
:0458CF0000000000D5
:0458D00000000000D4
:0458D10000000000D3
:0458D20000000000D2
:0458D30000000000D1
:0458D40000000000D0
:0458D50000000000CF
:0458D60000000000CE
:0458D70000000000CD
:0458D80000000000CC
:0458D90000000000CB
:0458DA0000000000CA
:0458DB0000000000C9
:0458DC0000000000C8
:0458DD0000000000C7
:0458DE0000000000C6
:0458DF0000000000C5
:0458E00000000000C4
:0458E10000000000C3
:0458E20000000000C2
:0458E30000000000C1
:0458E40000000000C0
:0458E50000000000BF
:0458E60000000000BE
:0458E70000000000BD
:0458E80000000000BC
:0458E90000000000BB
:0458EA0000000000BA
:0458EB0000000000B9
:0458EC0000000000B8
:0458ED0000000000B7
:0458EE0000000000B6
:0458EF0000000000B5
:0458F00000000000B4
:0458F10000000000B3
:0458F20000000000B2
:0458F30000000000B1
:0458F40000000000B0
:0458F50000000000AF
:0458F60000000000AE
:0458F70000000000AD
:0458F80000000000AC
:0458F90000000000AB
:0458FA0000000000AA
:0458FB0000000000A9
:0458FC0000000000A8
:0458FD0000000000A7
:0458FE0000000000A6
:0458FF0000000000A5
:0459000000000000A3
:0459010000000000A2
:0459020000000000A1
:0459030000000000A0
:04590400000000009F
:04590500000000009E
:04590600000000009D
:04590700000000009C
:04590800000000009B
:04590900000000009A
:04590A000000000099
:04590B000000000098
:04590C000000000097
:04590D000000000096
:04590E000000000095
:04590F000000000094
:045910000000000093
:045911000000000092
:045912000000000091
:045913000000000090
:04591400000000008F
:04591500000000008E
:04591600000000008D
:04591700000000008C
:04591800000000008B
:04591900000000008A
:04591A000000000089
:04591B000000000088
:04591C000000000087
:04591D000000000086
:04591E000000000085
:04591F000000000084
:045920000000000083
:045921000000000082
:045922000000000081
:045923000000000080
:04592400000000007F
:04592500000000007E
:04592600000000007D
:04592700000000007C
:04592800000000007B
:04592900000000007A
:04592A000000000079
:04592B000000000078
:04592C000000000077
:04592D000000000076
:04592E000000000075
:04592F000000000074
:045930000000000073
:045931000000000072
:045932000000000071
:045933000000000070
:04593400000000006F
:04593500000000006E
:04593600000000006D
:04593700000000006C
:04593800000000006B
:04593900000000006A
:04593A000000000069
:04593B000000000068
:04593C000000000067
:04593D000000000066
:04593E000000000065
:04593F000000000064
:045940000000000063
:045941000000000062
:045942000000000061
:045943000000000060
:04594400000000005F
:04594500000000005E
:04594600000000005D
:04594700000000005C
:04594800000000005B
:04594900000000005A
:04594A000000000059
:04594B000000000058
:04594C000000000057
:04594D000000000056
:04594E000000000055
:04594F000000000054
:045950000000000053
:045951000000000052
:045952000000000051
:045953000000000050
:04595400000000004F
:04595500000000004E
:04595600000000004D
:04595700000000004C
:04595800000000004B
:04595900000000004A
:04595A000000000049
:04595B000000000048
:04595C000000000047
:04595D000000000046
:04595E000000000045
:04595F000000000044
:045960000000000043
:045961000000000042
:045962000000000041
:045963000000000040
:04596400000000003F
:04596500000000003E
:04596600000000003D
:04596700000000003C
:04596800000000003B
:04596900000000003A
:04596A000000000039
:04596B000000000038
:04596C000000000037
:04596D000000000036
:04596E000000000035
:04596F000000000034
:045970000000000033
:045971000000000032
:045972000000000031
:045973000000000030
:04597400000000002F
:04597500000000002E
:04597600000000002D
:04597700000000002C
:04597800000000002B
:04597900000000002A
:04597A000000000029
:04597B000000000028
:04597C000000000027
:04597D000000000026
:04597E000000000025
:04597F000000000024
:045980000000000023
:045981000000000022
:045982000000000021
:045983000000000020
:04598400000000001F
:04598500000000001E
:04598600000000001D
:04598700000000001C
:04598800000000001B
:04598900000000001A
:04598A000000000019
:04598B000000000018
:04598C000000000017
:04598D000000000016
:04598E000000000015
:04598F000000000014
:045990000000000013
:045991000000000012
:045992000000000011
:045993000000000010
:04599400000000000F
:04599500000000000E
:04599600000000000D
:04599700000000000C
:04599800000000000B
:04599900000000000A
:04599A000000000009
:04599B000000000008
:04599C000000000007
:04599D000000000006
:04599E000000000005
:04599F000000000004
:0459A0000000000003
:0459A1000000000002
:0459A2000000000001
:0459A3000000000000
:0459A40000000000FF
:0459A50000000000FE
:0459A60000000000FD
:0459A70000000000FC
:0459A80000000000FB
:0459A90000000000FA
:0459AA0000000000F9
:0459AB0000000000F8
:0459AC0000000000F7
:0459AD0000000000F6
:0459AE0000000000F5
:0459AF0000000000F4
:0459B00000000000F3
:0459B10000000000F2
:0459B20000000000F1
:0459B30000000000F0
:0459B40000000000EF
:0459B50000000000EE
:0459B60000000000ED
:0459B70000000000EC
:0459B80000000000EB
:0459B90000000000EA
:0459BA0000000000E9
:0459BB0000000000E8
:0459BC0000000000E7
:0459BD0000000000E6
:0459BE0000000000E5
:0459BF0000000000E4
:0459C00000000000E3
:0459C10000000000E2
:0459C20000000000E1
:0459C30000000000E0
:0459C40000000000DF
:0459C50000000000DE
:0459C60000000000DD
:0459C70000000000DC
:0459C80000000000DB
:0459C90000000000DA
:0459CA0000000000D9
:0459CB0000000000D8
:0459CC0000000000D7
:0459CD0000000000D6
:0459CE0000000000D5
:0459CF0000000000D4
:0459D00000000000D3
:0459D10000000000D2
:0459D20000000000D1
:0459D30000000000D0
:0459D40000000000CF
:0459D50000000000CE
:0459D60000000000CD
:0459D70000000000CC
:0459D80000000000CB
:0459D90000000000CA
:0459DA0000000000C9
:0459DB0000000000C8
:0459DC0000000000C7
:0459DD0000000000C6
:0459DE0000000000C5
:0459DF0000000000C4
:0459E00000000000C3
:0459E10000000000C2
:0459E20000000000C1
:0459E30000000000C0
:0459E40000000000BF
:0459E50000000000BE
:0459E60000000000BD
:0459E70000000000BC
:0459E80000000000BB
:0459E90000000000BA
:0459EA0000000000B9
:0459EB0000000000B8
:0459EC0000000000B7
:0459ED0000000000B6
:0459EE0000000000B5
:0459EF0000000000B4
:0459F00000000000B3
:0459F10000000000B2
:0459F20000000000B1
:0459F30000000000B0
:0459F40000000000AF
:0459F50000000000AE
:0459F60000000000AD
:0459F70000000000AC
:0459F80000000000AB
:0459F90000000000AA
:0459FA0000000000A9
:0459FB0000000000A8
:0459FC0000000000A7
:0459FD0000000000A6
:0459FE0000000000A5
:0459FF0000000000A4
:045A000000000000A2
:045A010000000000A1
:045A020000000000A0
:045A0300000000009F
:045A0400000000009E
:045A0500000000009D
:045A0600000000009C
:045A0700000000009B
:045A0800000000009A
:045A09000000000099
:045A0A000000000098
:045A0B000000000097
:045A0C000000000096
:045A0D000000000095
:045A0E000000000094
:045A0F000000000093
:045A10000000000092
:045A11000000000091
:045A12000000000090
:045A1300000000008F
:045A1400000000008E
:045A1500000000008D
:045A1600000000008C
:045A1700000000008B
:045A1800000000008A
:045A19000000000089
:045A1A000000000088
:045A1B000000000087
:045A1C000000000086
:045A1D000000000085
:045A1E000000000084
:045A1F000000000083
:045A20000000000082
:045A21000000000081
:045A22000000000080
:045A2300000000007F
:045A2400000000007E
:045A2500000000007D
:045A2600000000007C
:045A2700000000007B
:045A2800000000007A
:045A29000000000079
:045A2A000000000078
:045A2B000000000077
:045A2C000000000076
:045A2D000000000075
:045A2E000000000074
:045A2F000000000073
:045A30000000000072
:045A31000000000071
:045A32000000000070
:045A3300000000006F
:045A3400000000006E
:045A3500000000006D
:045A3600000000006C
:045A3700000000006B
:045A3800000000006A
:045A39000000000069
:045A3A000000000068
:045A3B000000000067
:045A3C000000000066
:045A3D000000000065
:045A3E000000000064
:045A3F000000000063
:045A40000000000062
:045A41000000000061
:045A42000000000060
:045A4300000000005F
:045A4400000000005E
:045A4500000000005D
:045A4600000000005C
:045A4700000000005B
:045A4800000000005A
:045A49000000000059
:045A4A000000000058
:045A4B000000000057
:045A4C000000000056
:045A4D000000000055
:045A4E000000000054
:045A4F000000000053
:045A50000000000052
:045A51000000000051
:045A52000000000050
:045A5300000000004F
:045A5400000000004E
:045A5500000000004D
:045A5600000000004C
:045A5700000000004B
:045A5800000000004A
:045A59000000000049
:045A5A000000000048
:045A5B000000000047
:045A5C000000000046
:045A5D000000000045
:045A5E000000000044
:045A5F000000000043
:045A60000000000042
:045A61000000000041
:045A62000000000040
:045A6300000000003F
:045A6400000000003E
:045A6500000000003D
:045A6600000000003C
:045A6700000000003B
:045A6800000000003A
:045A69000000000039
:045A6A000000000038
:045A6B000000000037
:045A6C000000000036
:045A6D000000000035
:045A6E000000000034
:045A6F000000000033
:045A70000000000032
:045A71000000000031
:045A72000000000030
:045A7300000000002F
:045A7400000000002E
:045A7500000000002D
:045A7600000000002C
:045A7700000000002B
:045A7800000000002A
:045A79000000000029
:045A7A000000000028
:045A7B000000000027
:045A7C000000000026
:045A7D000000000025
:045A7E000000000024
:045A7F000000000023
:045A80000000000022
:045A81000000000021
:045A82000000000020
:045A8300000000001F
:045A8400000000001E
:045A8500000000001D
:045A8600000000001C
:045A8700000000001B
:045A8800000000001A
:045A89000000000019
:045A8A000000000018
:045A8B000000000017
:045A8C000000000016
:045A8D000000000015
:045A8E000000000014
:045A8F000000000013
:045A90000000000012
:045A91000000000011
:045A92000000000010
:045A9300000000000F
:045A9400000000000E
:045A9500000000000D
:045A9600000000000C
:045A9700000000000B
:045A9800000000000A
:045A99000000000009
:045A9A000000000008
:045A9B000000000007
:045A9C000000000006
:045A9D000000000005
:045A9E000000000004
:045A9F000000000003
:045AA0000000000002
:045AA1000000000001
:045AA2000000000000
:045AA30000000000FF
:045AA40000000000FE
:045AA50000000000FD
:045AA60000000000FC
:045AA70000000000FB
:045AA80000000000FA
:045AA90000000000F9
:045AAA0000000000F8
:045AAB0000000000F7
:045AAC0000000000F6
:045AAD0000000000F5
:045AAE0000000000F4
:045AAF0000000000F3
:045AB00000000000F2
:045AB10000000000F1
:045AB20000000000F0
:045AB30000000000EF
:045AB40000000000EE
:045AB50000000000ED
:045AB60000000000EC
:045AB70000000000EB
:045AB80000000000EA
:045AB90000000000E9
:045ABA0000000000E8
:045ABB0000000000E7
:045ABC0000000000E6
:045ABD0000000000E5
:045ABE0000000000E4
:045ABF0000000000E3
:045AC00000000000E2
:045AC10000000000E1
:045AC20000000000E0
:045AC30000000000DF
:045AC40000000000DE
:045AC50000000000DD
:045AC60000000000DC
:045AC70000000000DB
:045AC80000000000DA
:045AC90000000000D9
:045ACA0000000000D8
:045ACB0000000000D7
:045ACC0000000000D6
:045ACD0000000000D5
:045ACE0000000000D4
:045ACF0000000000D3
:045AD00000000000D2
:045AD10000000000D1
:045AD20000000000D0
:045AD30000000000CF
:045AD40000000000CE
:045AD50000000000CD
:045AD60000000000CC
:045AD70000000000CB
:045AD80000000000CA
:045AD90000000000C9
:045ADA0000000000C8
:045ADB0000000000C7
:045ADC0000000000C6
:045ADD0000000000C5
:045ADE0000000000C4
:045ADF0000000000C3
:045AE00000000000C2
:045AE10000000000C1
:045AE20000000000C0
:045AE30000000000BF
:045AE40000000000BE
:045AE50000000000BD
:045AE60000000000BC
:045AE70000000000BB
:045AE80000000000BA
:045AE90000000000B9
:045AEA0000000000B8
:045AEB0000000000B7
:045AEC0000000000B6
:045AED0000000000B5
:045AEE0000000000B4
:045AEF0000000000B3
:045AF00000000000B2
:045AF10000000000B1
:045AF20000000000B0
:045AF30000000000AF
:045AF40000000000AE
:045AF50000000000AD
:045AF60000000000AC
:045AF70000000000AB
:045AF80000000000AA
:045AF90000000000A9
:045AFA0000000000A8
:045AFB0000000000A7
:045AFC0000000000A6
:045AFD0000000000A5
:045AFE0000000000A4
:045AFF0000000000A3
:045B000000000000A1
:045B010000000000A0
:045B0200000000009F
:045B0300000000009E
:045B0400000000009D
:045B0500000000009C
:045B0600000000009B
:045B0700000000009A
:045B08000000000099
:045B09000000000098
:045B0A000000000097
:045B0B000000000096
:045B0C000000000095
:045B0D000000000094
:045B0E000000000093
:045B0F000000000092
:045B10000000000091
:045B11000000000090
:045B1200000000008F
:045B1300000000008E
:045B1400000000008D
:045B1500000000008C
:045B1600000000008B
:045B1700000000008A
:045B18000000000089
:045B19000000000088
:045B1A000000000087
:045B1B000000000086
:045B1C000000000085
:045B1D000000000084
:045B1E000000000083
:045B1F000000000082
:045B20000000000081
:045B21000000000080
:045B2200000000007F
:045B2300000000007E
:045B2400000000007D
:045B2500000000007C
:045B2600000000007B
:045B2700000000007A
:045B28000000000079
:045B29000000000078
:045B2A000000000077
:045B2B000000000076
:045B2C000000000075
:045B2D000000000074
:045B2E000000000073
:045B2F000000000072
:045B30000000000071
:045B31000000000070
:045B3200000000006F
:045B3300000000006E
:045B3400000000006D
:045B3500000000006C
:045B3600000000006B
:045B3700000000006A
:045B38000000000069
:045B39000000000068
:045B3A000000000067
:045B3B000000000066
:045B3C000000000065
:045B3D000000000064
:045B3E000000000063
:045B3F000000000062
:045B40000000000061
:045B41000000000060
:045B4200000000005F
:045B4300000000005E
:045B4400000000005D
:045B4500000000005C
:045B4600000000005B
:045B4700000000005A
:045B48000000000059
:045B49000000000058
:045B4A000000000057
:045B4B000000000056
:045B4C000000000055
:045B4D000000000054
:045B4E000000000053
:045B4F000000000052
:045B50000000000051
:045B51000000000050
:045B5200000000004F
:045B5300000000004E
:045B5400000000004D
:045B5500000000004C
:045B5600000000004B
:045B5700000000004A
:045B58000000000049
:045B59000000000048
:045B5A000000000047
:045B5B000000000046
:045B5C000000000045
:045B5D000000000044
:045B5E000000000043
:045B5F000000000042
:045B60000000000041
:045B61000000000040
:045B6200000000003F
:045B6300000000003E
:045B6400000000003D
:045B6500000000003C
:045B6600000000003B
:045B6700000000003A
:045B68000000000039
:045B69000000000038
:045B6A000000000037
:045B6B000000000036
:045B6C000000000035
:045B6D000000000034
:045B6E000000000033
:045B6F000000000032
:045B70000000000031
:045B71000000000030
:045B7200000000002F
:045B7300000000002E
:045B7400000000002D
:045B7500000000002C
:045B7600000000002B
:045B7700000000002A
:045B78000000000029
:045B79000000000028
:045B7A000000000027
:045B7B000000000026
:045B7C000000000025
:045B7D000000000024
:045B7E000000000023
:045B7F000000000022
:045B80000000000021
:045B81000000000020
:045B8200000000001F
:045B8300000000001E
:045B8400000000001D
:045B8500000000001C
:045B8600000000001B
:045B8700000000001A
:045B88000000000019
:045B89000000000018
:045B8A000000000017
:045B8B000000000016
:045B8C000000000015
:045B8D000000000014
:045B8E000000000013
:045B8F000000000012
:045B90000000000011
:045B91000000000010
:045B9200000000000F
:045B9300000000000E
:045B9400000000000D
:045B9500000000000C
:045B9600000000000B
:045B9700000000000A
:045B98000000000009
:045B99000000000008
:045B9A000000000007
:045B9B000000000006
:045B9C000000000005
:045B9D000000000004
:045B9E000000000003
:045B9F000000000002
:045BA0000000000001
:045BA1000000000000
:045BA20000000000FF
:045BA30000000000FE
:045BA40000000000FD
:045BA50000000000FC
:045BA60000000000FB
:045BA70000000000FA
:045BA80000000000F9
:045BA90000000000F8
:045BAA0000000000F7
:045BAB0000000000F6
:045BAC0000000000F5
:045BAD0000000000F4
:045BAE0000000000F3
:045BAF0000000000F2
:045BB00000000000F1
:045BB10000000000F0
:045BB20000000000EF
:045BB30000000000EE
:045BB40000000000ED
:045BB50000000000EC
:045BB60000000000EB
:045BB70000000000EA
:045BB80000000000E9
:045BB90000000000E8
:045BBA0000000000E7
:045BBB0000000000E6
:045BBC0000000000E5
:045BBD0000000000E4
:045BBE0000000000E3
:045BBF0000000000E2
:045BC00000000000E1
:045BC10000000000E0
:045BC20000000000DF
:045BC30000000000DE
:045BC40000000000DD
:045BC50000000000DC
:045BC60000000000DB
:045BC70000000000DA
:045BC80000000000D9
:045BC90000000000D8
:045BCA0000000000D7
:045BCB0000000000D6
:045BCC0000000000D5
:045BCD0000000000D4
:045BCE0000000000D3
:045BCF0000000000D2
:045BD00000000000D1
:045BD10000000000D0
:045BD20000000000CF
:045BD30000000000CE
:045BD40000000000CD
:045BD50000000000CC
:045BD60000000000CB
:045BD70000000000CA
:045BD80000000000C9
:045BD90000000000C8
:045BDA0000000000C7
:045BDB0000000000C6
:045BDC0000000000C5
:045BDD0000000000C4
:045BDE0000000000C3
:045BDF0000000000C2
:045BE00000000000C1
:045BE10000000000C0
:045BE20000000000BF
:045BE30000000000BE
:045BE40000000000BD
:045BE50000000000BC
:045BE60000000000BB
:045BE70000000000BA
:045BE80000000000B9
:045BE90000000000B8
:045BEA0000000000B7
:045BEB0000000000B6
:045BEC0000000000B5
:045BED0000000000B4
:045BEE0000000000B3
:045BEF0000000000B2
:045BF00000000000B1
:045BF10000000000B0
:045BF20000000000AF
:045BF30000000000AE
:045BF40000000000AD
:045BF50000000000AC
:045BF60000000000AB
:045BF70000000000AA
:045BF80000000000A9
:045BF90000000000A8
:045BFA0000000000A7
:045BFB0000000000A6
:045BFC0000000000A5
:045BFD0000000000A4
:045BFE0000000000A3
:045BFF0000000000A2
:045C000000000000A0
:045C0100000000009F
:045C0200000000009E
:045C0300000000009D
:045C0400000000009C
:045C0500000000009B
:045C0600000000009A
:045C07000000000099
:045C08000000000098
:045C09000000000097
:045C0A000000000096
:045C0B000000000095
:045C0C000000000094
:045C0D000000000093
:045C0E000000000092
:045C0F000000000091
:045C10000000000090
:045C1100000000008F
:045C1200000000008E
:045C1300000000008D
:045C1400000000008C
:045C1500000000008B
:045C1600000000008A
:045C17000000000089
:045C18000000000088
:045C19000000000087
:045C1A000000000086
:045C1B000000000085
:045C1C000000000084
:045C1D000000000083
:045C1E000000000082
:045C1F000000000081
:045C20000000000080
:045C2100000000007F
:045C2200000000007E
:045C2300000000007D
:045C2400000000007C
:045C2500000000007B
:045C2600000000007A
:045C27000000000079
:045C28000000000078
:045C29000000000077
:045C2A000000000076
:045C2B000000000075
:045C2C000000000074
:045C2D000000000073
:045C2E000000000072
:045C2F000000000071
:045C30000000000070
:045C3100000000006F
:045C3200000000006E
:045C3300000000006D
:045C3400000000006C
:045C3500000000006B
:045C3600000000006A
:045C37000000000069
:045C38000000000068
:045C39000000000067
:045C3A000000000066
:045C3B000000000065
:045C3C000000000064
:045C3D000000000063
:045C3E000000000062
:045C3F000000000061
:045C40000000000060
:045C4100000000005F
:045C4200000000005E
:045C4300000000005D
:045C4400000000005C
:045C4500000000005B
:045C4600000000005A
:045C47000000000059
:045C48000000000058
:045C49000000000057
:045C4A000000000056
:045C4B000000000055
:045C4C000000000054
:045C4D000000000053
:045C4E000000000052
:045C4F000000000051
:045C50000000000050
:045C5100000000004F
:045C5200000000004E
:045C5300000000004D
:045C5400000000004C
:045C5500000000004B
:045C5600000000004A
:045C57000000000049
:045C58000000000048
:045C59000000000047
:045C5A000000000046
:045C5B000000000045
:045C5C000000000044
:045C5D000000000043
:045C5E000000000042
:045C5F000000000041
:045C60000000000040
:045C6100000000003F
:045C6200000000003E
:045C6300000000003D
:045C6400000000003C
:045C6500000000003B
:045C6600000000003A
:045C67000000000039
:045C68000000000038
:045C69000000000037
:045C6A000000000036
:045C6B000000000035
:045C6C000000000034
:045C6D000000000033
:045C6E000000000032
:045C6F000000000031
:045C70000000000030
:045C7100000000002F
:045C7200000000002E
:045C7300000000002D
:045C7400000000002C
:045C7500000000002B
:045C7600000000002A
:045C77000000000029
:045C78000000000028
:045C79000000000027
:045C7A000000000026
:045C7B000000000025
:045C7C000000000024
:045C7D000000000023
:045C7E000000000022
:045C7F000000000021
:045C80000000000020
:045C8100000000001F
:045C8200000000001E
:045C8300000000001D
:045C8400000000001C
:045C8500000000001B
:045C8600000000001A
:045C87000000000019
:045C88000000000018
:045C89000000000017
:045C8A000000000016
:045C8B000000000015
:045C8C000000000014
:045C8D000000000013
:045C8E000000000012
:045C8F000000000011
:045C90000000000010
:045C9100000000000F
:045C9200000000000E
:045C9300000000000D
:045C9400000000000C
:045C9500000000000B
:045C9600000000000A
:045C97000000000009
:045C98000000000008
:045C99000000000007
:045C9A000000000006
:045C9B000000000005
:045C9C000000000004
:045C9D000000000003
:045C9E000000000002
:045C9F000000000001
:045CA0000000000000
:045CA10000000000FF
:045CA20000000000FE
:045CA30000000000FD
:045CA40000000000FC
:045CA50000000000FB
:045CA60000000000FA
:045CA70000000000F9
:045CA80000000000F8
:045CA90000000000F7
:045CAA0000000000F6
:045CAB0000000000F5
:045CAC0000000000F4
:045CAD0000000000F3
:045CAE0000000000F2
:045CAF0000000000F1
:045CB00000000000F0
:045CB10000000000EF
:045CB20000000000EE
:045CB30000000000ED
:045CB40000000000EC
:045CB50000000000EB
:045CB60000000000EA
:045CB70000000000E9
:045CB80000000000E8
:045CB90000000000E7
:045CBA0000000000E6
:045CBB0000000000E5
:045CBC0000000000E4
:045CBD0000000000E3
:045CBE0000000000E2
:045CBF0000000000E1
:045CC00000000000E0
:045CC10000000000DF
:045CC20000000000DE
:045CC30000000000DD
:045CC40000000000DC
:045CC50000000000DB
:045CC60000000000DA
:045CC70000000000D9
:045CC80000000000D8
:045CC90000000000D7
:045CCA0000000000D6
:045CCB0000000000D5
:045CCC0000000000D4
:045CCD0000000000D3
:045CCE0000000000D2
:045CCF0000000000D1
:045CD00000000000D0
:045CD10000000000CF
:045CD20000000000CE
:045CD30000000000CD
:045CD40000000000CC
:045CD50000000000CB
:045CD60000000000CA
:045CD70000000000C9
:045CD80000000000C8
:045CD90000000000C7
:045CDA0000000000C6
:045CDB0000000000C5
:045CDC0000000000C4
:045CDD0000000000C3
:045CDE0000000000C2
:045CDF0000000000C1
:045CE00000000000C0
:045CE10000000000BF
:045CE20000000000BE
:045CE30000000000BD
:045CE40000000000BC
:045CE50000000000BB
:045CE60000000000BA
:045CE70000000000B9
:045CE80000000000B8
:045CE90000000000B7
:045CEA0000000000B6
:045CEB0000000000B5
:045CEC0000000000B4
:045CED0000000000B3
:045CEE0000000000B2
:045CEF0000000000B1
:045CF00000000000B0
:045CF10000000000AF
:045CF20000000000AE
:045CF30000000000AD
:045CF40000000000AC
:045CF50000000000AB
:045CF60000000000AA
:045CF70000000000A9
:045CF80000000000A8
:045CF90000000000A7
:045CFA0000000000A6
:045CFB0000000000A5
:045CFC0000000000A4
:045CFD0000000000A3
:045CFE0000000000A2
:045CFF0000000000A1
:045D0000000000009F
:045D0100000000009E
:045D0200000000009D
:045D0300000000009C
:045D0400000000009B
:045D0500000000009A
:045D06000000000099
:045D07000000000098
:045D08000000000097
:045D09000000000096
:045D0A000000000095
:045D0B000000000094
:045D0C000000000093
:045D0D000000000092
:045D0E000000000091
:045D0F000000000090
:045D1000000000008F
:045D1100000000008E
:045D1200000000008D
:045D1300000000008C
:045D1400000000008B
:045D1500000000008A
:045D16000000000089
:045D17000000000088
:045D18000000000087
:045D19000000000086
:045D1A000000000085
:045D1B000000000084
:045D1C000000000083
:045D1D000000000082
:045D1E000000000081
:045D1F000000000080
:045D2000000000007F
:045D2100000000007E
:045D2200000000007D
:045D2300000000007C
:045D2400000000007B
:045D2500000000007A
:045D26000000000079
:045D27000000000078
:045D28000000000077
:045D29000000000076
:045D2A000000000075
:045D2B000000000074
:045D2C000000000073
:045D2D000000000072
:045D2E000000000071
:045D2F000000000070
:045D3000000000006F
:045D3100000000006E
:045D3200000000006D
:045D3300000000006C
:045D3400000000006B
:045D3500000000006A
:045D36000000000069
:045D37000000000068
:045D38000000000067
:045D39000000000066
:045D3A000000000065
:045D3B000000000064
:045D3C000000000063
:045D3D000000000062
:045D3E000000000061
:045D3F000000000060
:045D4000000000005F
:045D4100000000005E
:045D4200000000005D
:045D4300000000005C
:045D4400000000005B
:045D4500000000005A
:045D46000000000059
:045D47000000000058
:045D48000000000057
:045D49000000000056
:045D4A000000000055
:045D4B000000000054
:045D4C000000000053
:045D4D000000000052
:045D4E000000000051
:045D4F000000000050
:045D5000000000004F
:045D5100000000004E
:045D5200000000004D
:045D5300000000004C
:045D5400000000004B
:045D5500000000004A
:045D56000000000049
:045D57000000000048
:045D58000000000047
:045D59000000000046
:045D5A000000000045
:045D5B000000000044
:045D5C000000000043
:045D5D000000000042
:045D5E000000000041
:045D5F000000000040
:045D6000000000003F
:045D6100000000003E
:045D6200000000003D
:045D6300000000003C
:045D6400000000003B
:045D6500000000003A
:045D66000000000039
:045D67000000000038
:045D68000000000037
:045D69000000000036
:045D6A000000000035
:045D6B000000000034
:045D6C000000000033
:045D6D000000000032
:045D6E000000000031
:045D6F000000000030
:045D7000000000002F
:045D7100000000002E
:045D7200000000002D
:045D7300000000002C
:045D7400000000002B
:045D7500000000002A
:045D76000000000029
:045D77000000000028
:045D78000000000027
:045D79000000000026
:045D7A000000000025
:045D7B000000000024
:045D7C000000000023
:045D7D000000000022
:045D7E000000000021
:045D7F000000000020
:045D8000000000001F
:045D8100000000001E
:045D8200000000001D
:045D8300000000001C
:045D8400000000001B
:045D8500000000001A
:045D86000000000019
:045D87000000000018
:045D88000000000017
:045D89000000000016
:045D8A000000000015
:045D8B000000000014
:045D8C000000000013
:045D8D000000000012
:045D8E000000000011
:045D8F000000000010
:045D9000000000000F
:045D9100000000000E
:045D9200000000000D
:045D9300000000000C
:045D9400000000000B
:045D9500000000000A
:045D96000000000009
:045D97000000000008
:045D98000000000007
:045D99000000000006
:045D9A000000000005
:045D9B000000000004
:045D9C000000000003
:045D9D000000000002
:045D9E000000000001
:045D9F000000000000
:045DA00000000000FF
:045DA10000000000FE
:045DA20000000000FD
:045DA30000000000FC
:045DA40000000000FB
:045DA50000000000FA
:045DA60000000000F9
:045DA70000000000F8
:045DA80000000000F7
:045DA90000000000F6
:045DAA0000000000F5
:045DAB0000000000F4
:045DAC0000000000F3
:045DAD0000000000F2
:045DAE0000000000F1
:045DAF0000000000F0
:045DB00000000000EF
:045DB10000000000EE
:045DB20000000000ED
:045DB30000000000EC
:045DB40000000000EB
:045DB50000000000EA
:045DB60000000000E9
:045DB70000000000E8
:045DB80000000000E7
:045DB90000000000E6
:045DBA0000000000E5
:045DBB0000000000E4
:045DBC0000000000E3
:045DBD0000000000E2
:045DBE0000000000E1
:045DBF0000000000E0
:045DC00000000000DF
:045DC10000000000DE
:045DC20000000000DD
:045DC30000000000DC
:045DC40000000000DB
:045DC50000000000DA
:045DC60000000000D9
:045DC70000000000D8
:045DC80000000000D7
:045DC90000000000D6
:045DCA0000000000D5
:045DCB0000000000D4
:045DCC0000000000D3
:045DCD0000000000D2
:045DCE0000000000D1
:045DCF0000000000D0
:045DD00000000000CF
:045DD10000000000CE
:045DD20000000000CD
:045DD30000000000CC
:045DD40000000000CB
:045DD50000000000CA
:045DD60000000000C9
:045DD70000000000C8
:045DD80000000000C7
:045DD90000000000C6
:045DDA0000000000C5
:045DDB0000000000C4
:045DDC0000000000C3
:045DDD0000000000C2
:045DDE0000000000C1
:045DDF0000000000C0
:045DE00000000000BF
:045DE10000000000BE
:045DE20000000000BD
:045DE30000000000BC
:045DE40000000000BB
:045DE50000000000BA
:045DE60000000000B9
:045DE70000000000B8
:045DE80000000000B7
:045DE90000000000B6
:045DEA0000000000B5
:045DEB0000000000B4
:045DEC0000000000B3
:045DED0000000000B2
:045DEE0000000000B1
:045DEF0000000000B0
:045DF00000000000AF
:045DF10000000000AE
:045DF20000000000AD
:045DF30000000000AC
:045DF40000000000AB
:045DF50000000000AA
:045DF60000000000A9
:045DF70000000000A8
:045DF80000000000A7
:045DF90000000000A6
:045DFA0000000000A5
:045DFB0000000000A4
:045DFC0000000000A3
:045DFD0000000000A2
:045DFE0000000000A1
:045DFF0000000000A0
:045E0000000000009E
:045E0100000000009D
:045E0200000000009C
:045E0300000000009B
:045E0400000000009A
:045E05000000000099
:045E06000000000098
:045E07000000000097
:045E08000000000096
:045E09000000000095
:045E0A000000000094
:045E0B000000000093
:045E0C000000000092
:045E0D000000000091
:045E0E000000000090
:045E0F00000000008F
:045E1000000000008E
:045E1100000000008D
:045E1200000000008C
:045E1300000000008B
:045E1400000000008A
:045E15000000000089
:045E16000000000088
:045E17000000000087
:045E18000000000086
:045E19000000000085
:045E1A000000000084
:045E1B000000000083
:045E1C000000000082
:045E1D000000000081
:045E1E000000000080
:045E1F00000000007F
:045E2000000000007E
:045E2100000000007D
:045E2200000000007C
:045E2300000000007B
:045E2400000000007A
:045E25000000000079
:045E26000000000078
:045E27000000000077
:045E28000000000076
:045E29000000000075
:045E2A0000015658C5
:045E2B000000000073
:045E2C00000006FC70
:045E2D000000063437
:045E2E0000000698D2
:045E2F00000000006F
:045E3000000000006E
:045E31000000075016
:045E32000003004029
:045E33000000000A61
:045E3400000000006A
:045E35000000000069
:045E36000000000068
:045E37000000000067
:045E38000000000066
:045E39000000000065
:045E3A000000000064
:045E3B000000000063
:045E3C000000000062
:045E3D000000000061
:045E3E000000000060
:045E3F00000000005F
:045E4000000000005E
:045E4100000000005D
:045E4200000000005C
:045E4300000000005B
:045E4400000000005A
:045E45000000000059
:045E46000000000058
:045E47000000000057
:045E48000000000056
:045E49000000000055
:045E4A000000000054
:045E4B000000000053
:045E4C000000000052
:045E4D000000000051
:045E4E000000000050
:045E4F00000000004F
:045E5000000000004E
:045E5100000000004D
:045E5200000000004C
:045E5300000000004B
:045E5400000000004A
:045E55000000000049
:045E56000000000048
:045E57000000000047
:045E58000000000046
:045E59000000000045
:045E5A000000000044
:045E5B000000000043
:045E5C000000000042
:045E5D000000000041
:045E5E000000000040
:045E5F00000000003F
:045E6000000000003E
:045E6100000000003D
:045E6200000000003C
:045E6300000000003B
:045E6400000000003A
:045E65000000000039
:045E66000000000038
:045E67000000000037
:045E68000000000036
:045E69000000000035
:045E6A000000000034
:045E6B000000000033
:045E6C000000000032
:045E6D000000000031
:045E6E000000000030
:045E6F00000000002F
:045E7000000000002E
:045E7100000000002D
:045E7200000000002C
:045E7300000000002B
:045E7400000000002A
:045E75000000000029
:045E76000000000028
:045E77000000000027
:045E78000000000026
:045E79000000000025
:045E7A000000000024
:045E7B000000000023
:045E7C000000000022
:045E7D000000000021
:045E7E000000000020
:045E7F00000000001F
:045E8000000000001E
:045E8100000000001D
:045E8200000000001C
:045E8300000000001B
:045E8400000000001A
:045E85000000000019
:045E86000000000018
:045E87000000000017
:045E88000000000016
:045E89000000000015
:045E8A000000000014
:045E8B000000000013
:045E8C000000000012
:045E8D000000000011
:045E8E000000000010
:045E8F00000000000F
:045E9000000000000E
:045E9100000000000D
:045E9200000000000C
:045E9300000000000B
:045E9400000000000A
:045E95000000000009
:045E96000000000008
:045E97000000000007
:045E98000000000006
:045E99000000000005
:045E9A000000000004
:045E9B000000000003
:045E9C000000000002
:045E9D000000000001
:045E9E000000000000
:045E9F0000000000FF
:045EA00000000000FE
:045EA10000000000FD
:045EA20000000000FC
:045EA30000000000FB
:045EA40000000000FA
:045EA50000000000F9
:045EA60000000000F8
:045EA70000000000F7
:045EA80000000000F6
:045EA90000000000F5
:045EAA0000000000F4
:045EAB0000000000F3
:045EAC0000000000F2
:045EAD0000000000F1
:045EAE0000000000F0
:045EAF0000000000EF
:045EB00000000000EE
:045EB10000000000ED
:045EB20000000000EC
:045EB30000000000EB
:045EB40000000000EA
:045EB50000000000E9
:045EB60000000000E8
:045EB70000000000E7
:045EB80000000000E6
:045EB90000000000E5
:045EBA0000000000E4
:045EBB0000000000E3
:045EBC0000000000E2
:045EBD0000000000E1
:045EBE0000000000E0
:045EBF0000000000DF
:045EC00000000000DE
:045EC10000000000DD
:045EC20000000000DC
:045EC30000000000DB
:045EC40000000000DA
:045EC50000000000D9
:045EC60000000000D8
:045EC70000000000D7
:045EC80000000000D6
:045EC90000000000D5
:045ECA0000000000D4
:045ECB0000000000D3
:045ECC0000000000D2
:045ECD0000000000D1
:045ECE0000000000D0
:045ECF0000000000CF
:045ED00000000000CE
:045ED10000000000CD
:045ED20000000000CC
:045ED30000000000CB
:045ED40000000000CA
:045ED50000000000C9
:045ED60000000000C8
:045ED70000000000C7
:045ED80000000000C6
:045ED90000000000C5
:045EDA0000000000C4
:045EDB0000000000C3
:045EDC0000000000C2
:045EDD0000000000C1
:045EDE0000000000C0
:045EDF0000000000BF
:045EE00000000000BE
:045EE10000000000BD
:045EE20000000000BC
:045EE30000000000BB
:045EE40000000000BA
:045EE50000000000B9
:045EE60000000000B8
:045EE70000000000B7
:045EE80000000000B6
:045EE90000000000B5
:045EEA0000000000B4
:045EEB0000000000B3
:045EEC0000000000B2
:045EED0000000000B1
:045EEE0000000000B0
:045EEF0000000000AF
:045EF00000000000AE
:045EF10000000000AD
:045EF20000000000AC
:045EF30000000000AB
:045EF40000000000AA
:045EF50000000000A9
:045EF60000000000A8
:045EF70000000000A7
:045EF80000000000A6
:045EF90000000000A5
:045EFA0000000000A4
:045EFB0000000000A3
:045EFC0000000000A2
:045EFD0000000000A1
:045EFE0000000000A0
:045EFF00000000009F
:045F0000000000009D
:045F0100000000009C
:045F0200000000009B
:045F0300000000009A
:045F04000000000099
:045F05000000000098
:045F06000000000097
:045F07000000000096
:045F08000000000095
:045F09000000000094
:045F0A000000000093
:045F0B000000000092
:045F0C000000000091
:045F0D000000000090
:045F0E00000000008F
:045F0F00000000008E
:045F1000000000008D
:045F1100000000008C
:045F1200000000008B
:045F1300000000008A
:045F14000000000089
:045F15000000000088
:045F16000000000087
:045F17000000000086
:045F18000000000085
:045F19000000000084
:045F1A000000000083
:045F1B000000000082
:045F1C000000000081
:045F1D000000000080
:045F1E00000000007F
:045F1F00000000007E
:045F2000000000007D
:045F2100000000007C
:045F2200000000007B
:045F2300000000007A
:045F24000000000079
:045F25000000000078
:045F26000000000077
:045F27000000000076
:045F28000000000075
:045F29000000000074
:045F2A000000000073
:045F2B000000000072
:045F2C000000000071
:045F2D000000000070
:045F2E00000000006F
:045F2F00000000006E
:045F3000000000006D
:045F3100000000006C
:045F3200000000006B
:045F3300000000006A
:045F34000000000069
:045F35000000000068
:045F36000000000067
:045F37000000000066
:045F38000000000065
:045F39000000000064
:045F3A000000000063
:045F3B000000000062
:045F3C000000000061
:045F3D000000000060
:045F3E00000000005F
:045F3F00000000005E
:045F4000000000005D
:045F4100000000005C
:045F4200000000005B
:045F4300000000005A
:045F44000000000059
:045F45000000000058
:045F46000000000057
:045F47000000000056
:045F48000000000055
:045F49000000000054
:045F4A000000000053
:045F4B000000000052
:045F4C000000000051
:045F4D000000000050
:045F4E00000000004F
:045F4F00000000004E
:045F5000000000004D
:045F5100000000004C
:045F5200000000004B
:045F5300000000004A
:045F54000000000049
:045F55000000000048
:045F56000000000047
:045F57000000000046
:045F58000000000045
:045F59000000000044
:045F5A000000000043
:045F5B000000000042
:045F5C000000000041
:045F5D000000000040
:045F5E00000000003F
:045F5F00000000003E
:045F6000000000003D
:045F6100000000003C
:045F6200000000003B
:045F6300000000003A
:045F64000000000039
:045F65000000000038
:045F66000000000037
:045F67000000000036
:045F68000000000035
:045F69000000000034
:045F6A000000000033
:045F6B000000000032
:045F6C000000000031
:045F6D000000000030
:045F6E00000000002F
:045F6F00000000002E
:045F7000000000002D
:045F7100000000002C
:045F7200000000002B
:045F7300000000002A
:045F74000000000029
:045F75000000000028
:045F76000000000027
:045F77000000000026
:045F78000000000025
:045F79000000000024
:045F7A000000000023
:045F7B000000000022
:045F7C000000000021
:045F7D000000000020
:045F7E00000000001F
:045F7F00000000001E
:045F8000000000001D
:045F8100000000001C
:045F8200000000001B
:045F8300000000001A
:045F84000000000019
:045F85000000000018
:045F86000000000017
:045F87000000000016
:045F88000000000015
:045F89000000000014
:045F8A000000000013
:045F8B000000000012
:045F8C000000000011
:045F8D000000000010
:045F8E00000000000F
:045F8F00000000000E
:045F9000000000000D
:045F9100000000000C
:045F9200000000000B
:045F9300000000000A
:045F94000000000009
:045F95000000000008
:045F96000000000007
:045F97000000000006
:045F98000000000005
:045F99000000000004
:045F9A000000000003
:045F9B000000000002
:045F9C000000000001
:045F9D000000000000
:045F9E0000000000FF
:045F9F0000000000FE
:045FA00000000000FD
:045FA10000000000FC
:045FA20000000000FB
:045FA30000000000FA
:045FA40000000000F9
:045FA50000000000F8
:045FA60000000000F7
:045FA70000000000F6
:045FA80000000000F5
:045FA90000000000F4
:045FAA0000000000F3
:045FAB0000000000F2
:045FAC0000000000F1
:045FAD0000000000F0
:045FAE0000000000EF
:045FAF0000000000EE
:045FB00000000000ED
:045FB10000000000EC
:045FB20000000000EB
:045FB30000000000EA
:045FB40000000000E9
:045FB50000000000E8
:045FB60000000000E7
:045FB70000000000E6
:045FB80000000000E5
:045FB90000000000E4
:045FBA0000000000E3
:045FBB0000000000E2
:045FBC0000000000E1
:045FBD0000000000E0
:045FBE0000000000DF
:045FBF0000000000DE
:045FC00000000000DD
:045FC10000000000DC
:045FC20000000000DB
:045FC30000000000DA
:045FC40000000000D9
:045FC50000000000D8
:045FC60000000000D7
:045FC70000000000D6
:045FC80000000000D5
:045FC90000000000D4
:045FCA0000000000D3
:045FCB0000000000D2
:045FCC0000000000D1
:045FCD0000000000D0
:045FCE0000000000CF
:045FCF0000000000CE
:045FD00000000000CD
:045FD10000000000CC
:045FD20000000000CB
:045FD30000000000CA
:045FD40000000000C9
:045FD50000000000C8
:045FD60000000000C7
:045FD70000000000C6
:045FD80000000000C5
:045FD90000000000C4
:045FDA0000000000C3
:045FDB0000000000C2
:045FDC0000000000C1
:045FDD0000000000C0
:045FDE0000000000BF
:045FDF0000000000BE
:045FE00000000000BD
:045FE10000000000BC
:045FE20000000000BB
:045FE30000000000BA
:045FE40000000000B9
:045FE50000000000B8
:045FE60000000000B7
:045FE70000000000B6
:045FE80000000000B5
:045FE90000000000B4
:045FEA0000000000B3
:045FEB0000000000B2
:045FEC0000000000B1
:045FED0000000000B0
:045FEE0000000000AF
:045FEF0000000000AE
:045FF00000000000AD
:045FF10000000000AC
:045FF20000000000AB
:045FF30000000000AA
:045FF40000000000A9
:045FF50000000000A8
:045FF60000000000A7
:045FF70000000000A6
:045FF80000000000A5
:045FF90000000000A4
:045FFA0000000000A3
:045FFB0000000000A2
:045FFC0000000000A1
:045FFD0000000000A0
:045FFE00000000009F
:045FFF00000000009E
:04600000000000009C
:04600100000000009B
:04600200000000009A
:046003000000000099
:046004000000000098
:046005000000000097
:046006000000000096
:046007000000000095
:046008000000000094
:046009000000000093
:04600A000000000092
:04600B000000000091
:04600C000000000090
:04600D00000000008F
:04600E00000000008E
:04600F00000000008D
:04601000000000008C
:04601100000000008B
:04601200000000008A
:046013000000000089
:046014000000000088
:046015000000000087
:046016000000000086
:046017000000000085
:046018000000000084
:046019000000000083
:04601A000000000082
:04601B000000000081
:04601C000000000080
:04601D00000000007F
:04601E00000000007E
:04601F00000000007D
:04602000000000007C
:04602100000000007B
:04602200000000007A
:046023000000000079
:046024000000000078
:046025000000000077
:046026000000000076
:046027000000000075
:046028000000000074
:046029000000000073
:04602A000000000072
:04602B000000000071
:04602C000000000070
:04602D00000000006F
:04602E00000000006E
:04602F00000000006D
:04603000000000006C
:04603100000000006B
:04603200000000006A
:046033000000000069
:046034000000000068
:046035000000000067
:046036000000000066
:046037000000000065
:046038000000000064
:046039000000000063
:04603A000000000062
:04603B000000000061
:04603C000000000060
:04603D00000000005F
:04603E00000000005E
:04603F00000000005D
:04604000000000005C
:04604100000000005B
:04604200000000005A
:046043000000000059
:046044000000000058
:046045000000000057
:046046000000000056
:046047000000000055
:046048000000000054
:046049000000000053
:04604A000000000052
:04604B000000000051
:04604C000000000050
:04604D00000000004F
:04604E00000000004E
:04604F00000000004D
:04605000000000004C
:04605100000000004B
:04605200000000004A
:046053000000000049
:046054000000000048
:046055000000000047
:046056000000000046
:046057000000000045
:046058000000000044
:046059000000000043
:04605A000000000042
:04605B000000000041
:04605C000000000040
:04605D00000000003F
:04605E00000000003E
:04605F00000000003D
:04606000000000003C
:04606100000000003B
:04606200000000003A
:046063000000000039
:046064000000000038
:046065000000000037
:046066000000000036
:046067000000000035
:046068000000000034
:046069000000000033
:04606A000000000032
:04606B000000000031
:04606C000000000030
:04606D00000000002F
:04606E00000000002E
:04606F00000000002D
:04607000000000002C
:04607100000000002B
:04607200000000002A
:046073000000000029
:046074000000000028
:046075000000000027
:046076000000000026
:046077000000000025
:046078000000000024
:046079000000000023
:04607A000000000022
:04607B000000000021
:04607C000000000020
:04607D00000000001F
:04607E00000000001E
:04607F00000000001D
:04608000000000001C
:04608100000000001B
:04608200000000001A
:046083000000000019
:046084000000000018
:046085000000000017
:046086000000000016
:046087000000000015
:046088000000000014
:046089000000000013
:04608A000000000012
:04608B000000000011
:04608C000000000010
:04608D00000000000F
:04608E00000000000E
:04608F00000000000D
:04609000000000000C
:04609100000000000B
:04609200000000000A
:046093000000000009
:046094000000000008
:046095000000000007
:046096000000000006
:046097000000000005
:046098000000000004
:046099000000000003
:04609A000000000002
:04609B000000000001
:04609C000000000000
:04609D0000000000FF
:04609E0000000000FE
:04609F0000000000FD
:0460A00000000000FC
:0460A10000000000FB
:0460A20000000000FA
:0460A30000000000F9
:0460A40000000000F8
:0460A50000000000F7
:0460A60000000000F6
:0460A70000000000F5
:0460A80000000000F4
:0460A90000000000F3
:0460AA0000000000F2
:0460AB0000000000F1
:0460AC0000000000F0
:0460AD0000000000EF
:0460AE0000000000EE
:0460AF0000000000ED
:0460B00000000000EC
:0460B10000000000EB
:0460B20000000000EA
:0460B30000000000E9
:0460B40000000000E8
:0460B50000000000E7
:0460B60000000000E6
:0460B70000000000E5
:0460B80000000000E4
:0460B90000000000E3
:0460BA0000000000E2
:0460BB0000000000E1
:0460BC0000000000E0
:0460BD0000000000DF
:0460BE0000000000DE
:0460BF0000000000DD
:0460C00000000000DC
:0460C10000000000DB
:0460C20000000000DA
:0460C30000000000D9
:0460C40000000000D8
:0460C50000000000D7
:0460C60000000000D6
:0460C70000000000D5
:0460C80000000000D4
:0460C90000000000D3
:0460CA0000000000D2
:0460CB0000000000D1
:0460CC0000000000D0
:0460CD0000000000CF
:0460CE0000000000CE
:0460CF0000000000CD
:0460D00000000000CC
:0460D10000000000CB
:0460D20000000000CA
:0460D30000000000C9
:0460D40000000000C8
:0460D50000000000C7
:0460D60000000000C6
:0460D70000000000C5
:0460D80000000000C4
:0460D90000000000C3
:0460DA0000000000C2
:0460DB0000000000C1
:0460DC0000000000C0
:0460DD0000000000BF
:0460DE0000000000BE
:0460DF0000000000BD
:0460E00000000000BC
:0460E10000000000BB
:0460E20000000000BA
:0460E30000000000B9
:0460E40000000000B8
:0460E50000000000B7
:0460E60000000000B6
:0460E70000000000B5
:0460E80000000000B4
:0460E90000000000B3
:0460EA0000000000B2
:0460EB0000000000B1
:0460EC0000000000B0
:0460ED0000000000AF
:0460EE0000000000AE
:0460EF0000000000AD
:0460F00000000000AC
:0460F10000000000AB
:0460F20000000000AA
:0460F30000000000A9
:0460F40000000000A8
:0460F50000000000A7
:0460F60000000000A6
:0460F70000000000A5
:0460F80000000000A4
:0460F90000000000A3
:0460FA0000000000A2
:0460FB0000000000A1
:0460FC0000000000A0
:0460FD00000000009F
:0460FE00000000009E
:0460FF00000000009D
:04610000000000009B
:04610100000000009A
:046102000000000099
:046103000000000098
:046104000000000097
:046105000000000096
:046106000000000095
:046107000000000094
:046108000000000093
:046109000000000092
:04610A000000000091
:04610B000000000090
:04610C00000000008F
:04610D00000000008E
:04610E00000000008D
:04610F00000000008C
:04611000000000008B
:04611100000000008A
:046112000000000089
:046113000000000088
:046114000000000087
:046115000000000086
:046116000000000085
:046117000000000084
:046118000000000083
:046119000000000082
:04611A000000000081
:04611B000000000080
:04611C00000000007F
:04611D00000000007E
:04611E00000000007D
:04611F00000000007C
:04612000000000007B
:04612100000000007A
:046122000000000079
:046123000000000078
:046124000000000077
:046125000000000076
:046126000000000075
:046127000000000074
:046128000000000073
:046129000000000072
:04612A000000000071
:04612B000000000070
:04612C00000000006F
:04612D00000000006E
:04612E00000000006D
:04612F00000000006C
:04613000000000006B
:04613100000000006A
:046132000000000069
:046133000000000068
:046134000000000067
:046135000000000066
:046136000000000065
:046137000000000064
:046138000000000063
:046139000000000062
:04613A000000000061
:04613B000000000060
:04613C00000000005F
:04613D00000000005E
:04613E00000000005D
:04613F00000000005C
:04614000000000005B
:04614100000000005A
:046142000000000059
:046143000000000058
:046144000000000057
:046145000000000056
:046146000000000055
:046147000000000054
:046148000000000053
:046149000000000052
:04614A000000000051
:04614B000000000050
:04614C00000000004F
:04614D00000000004E
:04614E00000000004D
:04614F00000000004C
:04615000000000004B
:04615100000000004A
:046152000000000049
:046153000000000048
:046154000000000047
:046155000000000046
:046156000000000045
:046157000000000044
:046158000000000043
:046159000000000042
:04615A000000000041
:04615B000000000040
:04615C00000000003F
:04615D00000000003E
:04615E00000000003D
:04615F00000000003C
:04616000000000003B
:04616100000000003A
:046162000000000039
:046163000000000038
:046164000000000037
:046165000000000036
:046166000000000035
:046167000000000034
:046168000000000033
:046169000000000032
:04616A000000000031
:04616B000000000030
:04616C00000000002F
:04616D00000000002E
:04616E00000000002D
:04616F00000000002C
:04617000000000002B
:04617100000000002A
:046172000000000029
:046173000000000028
:046174000000000027
:046175000000000026
:046176000000000025
:046177000000000024
:046178000000000023
:046179000000000022
:04617A000000000021
:04617B000000000020
:04617C00000000001F
:04617D00000000001E
:04617E00000000001D
:04617F00000000001C
:04618000000000001B
:04618100000000001A
:046182000000000019
:046183000000000018
:046184000000000017
:046185000000000016
:046186000000000015
:046187000000000014
:046188000000000013
:046189000000000012
:04618A000000000011
:04618B000000000010
:04618C00000000000F
:04618D00000000000E
:04618E00000000000D
:04618F00000000000C
:04619000000000000B
:04619100000000000A
:046192000000000009
:046193000000000008
:046194000000000007
:046195000000000006
:046196000000000005
:046197000000000004
:046198000000000003
:046199000000000002
:04619A000000000001
:04619B000000000000
:04619C0000000000FF
:04619D0000000000FE
:04619E0000000000FD
:04619F0000000000FC
:0461A00000000000FB
:0461A10000000000FA
:0461A20000000000F9
:0461A30000000000F8
:0461A40000000000F7
:0461A50000000000F6
:0461A60000000000F5
:0461A70000000000F4
:0461A80000000000F3
:0461A90000000000F2
:0461AA0000000000F1
:0461AB0000000000F0
:0461AC0000000000EF
:0461AD0000000000EE
:0461AE0000000000ED
:0461AF0000000000EC
:0461B00000000000EB
:0461B10000000000EA
:0461B20000000000E9
:0461B30000000000E8
:0461B40000000000E7
:0461B50000000000E6
:0461B60000000000E5
:0461B70000000000E4
:0461B80000000000E3
:0461B90000000000E2
:0461BA0000000000E1
:0461BB0000000000E0
:0461BC0000000000DF
:0461BD0000000000DE
:0461BE0000000000DD
:0461BF0000000000DC
:0461C00000000000DB
:0461C10000000000DA
:0461C20000000000D9
:0461C30000000000D8
:0461C40000000000D7
:0461C50000000000D6
:0461C60000000000D5
:0461C70000000000D4
:0461C80000000000D3
:0461C90000000000D2
:0461CA0000000000D1
:0461CB0000000000D0
:0461CC0000000000CF
:0461CD0000000000CE
:0461CE0000000000CD
:0461CF0000000000CC
:0461D00000000000CB
:0461D10000000000CA
:0461D20000000000C9
:0461D30000000000C8
:0461D40000000000C7
:0461D50000000000C6
:0461D60000000000C5
:0461D70000000000C4
:0461D80000000000C3
:0461D90000000000C2
:0461DA0000000000C1
:0461DB0000000000C0
:0461DC0000000000BF
:0461DD0000000000BE
:0461DE0000000000BD
:0461DF0000000000BC
:0461E00000000000BB
:0461E10000000000BA
:0461E20000000000B9
:0461E30000000000B8
:0461E40000000000B7
:0461E50000000000B6
:0461E60000000000B5
:0461E70000000000B4
:0461E80000000000B3
:0461E90000000000B2
:0461EA0000000000B1
:0461EB0000000000B0
:0461EC0000000000AF
:0461ED0000000000AE
:0461EE0000000000AD
:0461EF0000000000AC
:0461F00000000000AB
:0461F10000000000AA
:0461F20000000000A9
:0461F30000000000A8
:0461F40000000000A7
:0461F50000000000A6
:0461F60000000000A5
:0461F70000000000A4
:0461F80000000000A3
:0461F90000000000A2
:0461FA0000000000A1
:0461FB0000000000A0
:0461FC00000000009F
:0461FD00000000009E
:0461FE00000000009D
:0461FF00000000009C
:04620000000000009A
:046201000000000099
:046202000000000098
:046203000000000097
:046204000000000096
:046205000000000095
:046206000000000094
:046207000000000093
:046208000000000092
:046209000000000091
:04620A000000000090
:04620B00000000008F
:04620C00000000008E
:04620D00000000008D
:04620E00000000008C
:04620F00000000008B
:04621000000000008A
:046211000000000089
:046212000000000088
:046213000000000087
:046214000000000086
:046215000000000085
:046216000000000084
:046217000000000083
:046218000000000082
:046219000000000081
:04621A000000000080
:04621B00000000007F
:04621C00000000007E
:04621D00000000007D
:04621E00000000007C
:04621F00000000007B
:04622000000000007A
:046221000000000079
:046222000000000078
:046223000000000077
:046224000000000076
:046225000000000075
:046226000000000074
:046227000000000073
:046228000000000072
:046229000000000071
:04622A000000000070
:04622B00000000006F
:04622C00000000006E
:04622D00000000006D
:04622E00000000006C
:04622F00000000006B
:04623000000000006A
:046231000000000069
:046232000000000068
:046233000000000067
:046234000000000066
:046235000000000065
:046236000000000064
:046237000000000063
:046238000000000062
:046239000000000061
:04623A000000000060
:04623B00000000005F
:04623C00000000005E
:04623D00000000005D
:04623E00000000005C
:04623F00000000005B
:04624000000178746D
:04624100000178746C
:04624200000156649D
:046243000000000057
:046244000000000056
:046245000000000055
:04624600000012B48E
:046247000000000053
:046248000000000052
:046249000000000051
:04624A0000017020BF
:04624B00000000004F
:04624C00000000004E
:04624D0000017020BC
:04624E00000000004C
:04624F00000000004B
:0462500000017020B9
:046251000000000049
:046252000000000048
:046253000000000047
:046254000000000046
:046255000000000045
:046256000000000044
:046257000000000043
:046258000000000042
:046259000000000041
:04625A000000000040
:04625B00000000003F
:04625C00000000003E
:04625D00000000003D
:04625E00000000003C
:04625F00000000003B
:04626000000000003A
:046261000000000039
:046262000000000038
:046263000000000037
:046264000000000036
:046265000000000035
:046266000000000034
:046267000000000033
:046268000000000032
:046269000000000031
:04626A000000000030
:04626B00000000002F
:04626C00000000002E
:04626D00000000002D
:04626E00000000002C
:04626F00000000002B
:04627000000000002A
:046271000000000029
:046272000000000028
:046273000000000027
:046274000000000026
:046275000000000025
:046276000000000024
:046277000000000023
:046278000000000022
:046279000000000021
:04627A000000000020
:04627B00000000001F
:04627C00000000001E
:04627D00000000001D
:04627E00000000001C
:04627F00000000001B
:04628000000000001A
:046281000000000019
:046282000000000018
:046283000000000017
:046284000000000016
:046285000000000015
:046286000000000014
:046287000000000013
:046288000000000012
:046289000000000011
:04628A000000000010
:04628B00000000000F
:04628C00000000000E
:04628D00000000000D
:04628E00000000000C
:04628F00000000000B
:04629000000000000A
:046291000000000009
:046292000000000008
:046293000000000007
:046294000000000006
:046295000000000005
:046296000000000004
:046297000000000003
:046298000000000002
:046299000000000001
:04629A000000000000
:04629B0000000000FF
:04629C0000000000FE
:04629D0000000000FD
:04629E0000000000FC
:04629F0000000000FB
:0462A00000000000FA
:0462A10000000000F9
:0462A20000000000F8
:0462A30000000000F7
:0462A40000000000F6
:0462A50000000000F5
:0462A60000000000F4
:0462A70000000000F3
:0462A80000000000F2
:0462A90000000000F1
:0462AA0000000000F0
:0462AB0000000003EC
:0462AC0000019270EB
:0462AD0000000000ED
:0462AE0000000000EC
:0462AF0000019270E8
:0462B000000192D87F
:0462B1000001934015
:0462B20000000000E8
:0462B30000000000E7
:0462B40000000000E6
:0462B50000000000E5
:0462B60000000000E4
:0462B70000000000E3
:0462B80000000000E2
:0462B90000000000E1
:0462BA0000000000E0
:0462BB0000000000DF
:0462BC0000000000DE
:0462BD0000000000DD
:0462BE0000000000DC
:0462BF0000000000DB
:0462C00000000000DA
:0462C10000000000D9
:0462C20000000000D8
:0462C30000000000D7
:0462C40000000000D6
:0462C50000000000D5
:0462C60000000000D4
:0462C70000000000D3
:0462C80000000000D2
:0462C90000000000D1
:0462CA0000000000D0
:0462CB0000000000CF
:0462CC0000000000CE
:0462CD0000000000CD
:0462CE0000000000CC
:0462CF0000000000CB
:0462D00000000000CA
:0462D10000000000C9
:0462D20000000000C8
:0462D30000000000C7
:0462D40000000001C5
:0462D50000000000C5
:0462D600ABCD330E0B
:0462D700E66D12342A
:0462D8000005DEECF3
:0462D9000000000BB6
:0462DA0000000000C0
:0462DB0000000000BF
:0462DC0000000000BE
:0462DD0000000000BD
:0462DE0000000000BC
:0462DF0000000000BB
:0462E00000000000BA
:0462E10000000000B9
:0462E20000000000B8
:0462E30000000000B7
:0462E40000000000B6
:0462E50000000000B5
:0462E60000000000B4
:0462E70000000000B3
:0462E80000000000B2
:0462E90000000000B1
:0462EA0000000000B0
:0462EB0000000000AF
:0462EC0000000000AE
:0462ED0000000000AD
:0462EE0000000000AC
:0462EF0000000000AB
:0462F00000000000AA
:0462F10000000000A9
:0462F20000000000A8
:0462F30000000000A7
:0462F40000000000A6
:0462F50000000000A5
:0462F60000000000A4
:0462F70000000000A3
:0462F800000172F837
:0462F900000172F836
:0462FA00000173002C
:0462FB00000173002B
:0462FC000001730822
:0462FD000001730821
:0462FE000001731018
:0462FF000001731017
:04630000000173180D
:04630100000173180C
:046302000001732003
:046303000001732002
:0463040000017328F9
:0463050000017328F8
:0463060000017330EF
:0463070000017330EE
:0463080000017338E5
:0463090000017338E4
:04630A0000017340DB
:04630B0000017340DA
:04630C0000017348D1
:04630D0000017348D0
:04630E0000017350C7
:04630F0000017350C6
:0463100000017358BD
:0463110000017358BC
:0463120000017360B3
:0463130000017360B2
:0463140000017368A9
:0463150000017368A8
:04631600000173709F
:04631700000173709E
:046318000001737895
:046319000001737894
:04631A00000173808B
:04631B00000173808A
:04631C000001738881
:04631D000001738880
:04631E000001739077
:04631F000001739076
:04632000000173986D
:04632100000173986C
:04632200000173A063
:04632300000173A062
:04632400000173A859
:04632500000173A858
:04632600000173B04F
:04632700000173B04E
:04632800000173B845
:04632900000173B844
:04632A00000173C03B
:04632B00000173C03A
:04632C00000173C831
:04632D00000173C830
:04632E00000173D027
:04632F00000173D026
:04633000000173D81D
:04633100000173D81C
:04633200000173E013
:04633300000173E012
:04633400000173E809
:04633500000173E808
:04633600000173F0FF
:04633700000173F0FE
:04633800000173F8F5
:04633900000173F8F4
:04633A0000017400EA
:04633B0000017400E9
:04633C0000017408E0
:04633D0000017408DF
:04633E0000017410D6
:04633F0000017410D5
:0463400000017418CC
:0463410000017418CB
:0463420000017420C2
:0463430000017420C1
:0463440000017428B8
:0463450000017428B7
:0463460000017430AE
:0463470000017430AD
:0463480000017438A4
:0463490000017438A3
:04634A00000174409A
:04634B000001744099
:04634C000001744890
:04634D00000174488F
:04634E000001745086
:04634F000001745085
:04635000000174587C
:04635100000174587B
:046352000001746072
:046353000001746071
:046354000001746868
:046355000001746867
:04635600000174705E
:04635700000174705D
:046358000001747854
:046359000001747853
:04635A00000174804A
:04635B000001748049
:04635C000001748840
:04635D00000174883F
:04635E000001749036
:04635F000001749035
:04636000000174982C
:04636100000174982B
:04636200000174A022
:04636300000174A021
:04636400000174A818
:04636500000174A817
:04636600000174B00E
:04636700000174B00D
:04636800000174B804
:04636900000174B803
:04636A00000174C0FA
:04636B00000174C0F9
:04636C00000174C8F0
:04636D00000174C8EF
:04636E00000174D0E6
:04636F00000174D0E5
:04637000000174D8DC
:04637100000174D8DB
:04637200000174E0D2
:04637300000174E0D1
:04637400000174E8C8
:04637500000174E8C7
:04637600000174F0BE
:04637700000174F0BD
:04637800000174F8B4
:04637900000174F8B3
:04637A0000017500A9
:04637B0000017500A8
:04637C00000175089F
:04637D00000175089E
:04637E000001751095
:04637F000001751094
:04638000000175188B
:04638100000175188A
:046382000001752081
:046383000001752080
:046384000001752877
:046385000001752876
:04638600000175306D
:04638700000175306C
:046388000001753863
:046389000001753862
:04638A000001754059
:04638B000001754058
:04638C00000175484F
:04638D00000175484E
:04638E000001755045
:04638F000001755044
:04639000000175583B
:04639100000175583A
:046392000001756031
:046393000001756030
:046394000001756827
:046395000001756826
:04639600000175701D
:04639700000175701C
:046398000001757813
:046399000001757812
:04639A000001758009
:04639B000001758008
:04639C0000017588FF
:04639D0000017588FE
:04639E0000017590F5
:04639F0000017590F4
:0463A00000017598EB
:0463A10000017598EA
:0463A200000175A0E1
:0463A300000175A0E0
:0463A400000175A8D7
:0463A500000175A8D6
:0463A600000175B0CD
:0463A700000175B0CC
:0463A800000175B8C3
:0463A900000175B8C2
:0463AA00000175C0B9
:0463AB00000175C0B8
:0463AC00000175C8AF
:0463AD00000175C8AE
:0463AE00000175D0A5
:0463AF00000175D0A4
:0463B000000175D89B
:0463B100000175D89A
:0463B200000175E091
:0463B300000175E090
:0463B400000175E887
:0463B500000175E886
:0463B600000175F07D
:0463B700000175F07C
:0463B800000175F873
:0463B900000175F872
:0463BA000001760068
:0463BB000001760067
:0463BC00000176085E
:0463BD00000176085D
:0463BE000001761054
:0463BF000001761053
:0463C000000176184A
:0463C1000001761849
:0463C2000001762040
:0463C300000176203F
:0463C4000001762836
:0463C5000001762835
:0463C600000176302C
:0463C700000176302B
:0463C8000001763822
:0463C9000001763821
:0463CA000001764018
:0463CB000001764017
:0463CC00000176480E
:0463CD00000176480D
:0463CE000001765004
:0463CF000001765003
:0463D00000017658FA
:0463D10000017658F9
:0463D20000017660F0
:0463D30000017660EF
:0463D40000017668E6
:0463D50000017668E5
:0463D60000017670DC
:0463D70000017670DB
:0463D80000017678D2
:0463D90000017678D1
:0463DA0000017680C8
:0463DB0000017680C7
:0463DC0000017688BE
:0463DD0000017688BD
:0463DE0000017690B4
:0463DF0000017690B3
:0463E00000017698AA
:0463E10000017698A9
:0463E200000176A0A0
:0463E300000176A09F
:0463E400000176A896
:0463E500000176A895
:0463E600000176B08C
:0463E700000176B08B
:0463E800000176B882
:0463E900000176B881
:0463EA00000176C078
:0463EB00000176C077
:0463EC00000176C86E
:0463ED00000176C86D
:0463EE00000176D064
:0463EF00000176D063
:0463F000000176D85A
:0463F100000176D859
:0463F200000176E050
:0463F300000176E04F
:0463F400000176E846
:0463F500000176E845
:0463F600000176F03C
:0463F700000176F03B
:0463F800000000435E
:0463F90000000000A0
:0463FA00000000009F
:0463FB00000000009E
:0463FC00000000009D
:0463FD00000000009C
:0463FE00000000009B
:0463FF00000000009A
:046400000000004355
:046401000000000097
:046402000000000096
:046403000000000095
:046404000000000094
:046405000000000093
:046406000000000092
:046407000000000091
:04640800000000434D
:04640900000000008F
:04640A00000000008E
:04640B00000000008D
:04640C00000000008C
:04640D00000000008B
:04640E00000000008A
:04640F000000000089
:046410000000004345
:046411000000000087
:046412000000000086
:046413000000000085
:046414000000000084
:046415000000000083
:046416000000000082
:046417000000000081
:04641800000000433D
:04641900000000007F
:04641A00000000007E
:04641B00000000007D
:04641C00000000007C
:04641D00000000007B
:04641E00000000007A
:04641F000000000079
:046420000000004335
:046421000000000077
:046422000000000076
:046423000000000075
:046424000000000074
:046425000000000073
:046426000000000072
:046427000000000071
:04642800000000432D
:04642900000000006F
:04642A00000000006E
:04642B00000000006D
:04642C00000000006C
:04642D00000000006B
:04642E00000000006A
:04642F000000000069
:046430000000C1089F
:046431000000C09413
:046432000000000066
:0464330000015B9079
:046434000001574CC0
:04643500000157BC4F
:04643600000157BC4E
:04643700000157BC4D
:04643800000157BC4C
:04643900000157BC4B
:04643A00000157BC4A
:04643B00000157BC49
:04643C00000157BC48
:04643D00000157BC47
:04643E00FFFFFFFF5E
:04643F00FFFFFFFF5D
:04644000FFFFFFFF5C
:046441000000FFFF59
:0464420053410001C1
:046443000049494380
:046444000000000054
:046445000000000053
:046446000000000052
:046447000000000051
:046448000000000050
:04644900000000004F
:04644A0053410000BA
:04644B000049494378
:04644C00000000004C
:04644D00000000004B
:04644E00000000004A
:04644F000000000049
:046450000000000048
:046451000000000047
:046452000000000046
:046453000001786C60
:046454000001786C5F
:0464550000017020B2
:0464560000017020B1
:04645700FFFFFFFF45
:046458000000D50863
:046459000001788442
:04645A000001788441
:04645B00000171D8F3
:04645C00000191D0DA
:04645D00FFFFFFFF3F
:04645E000002000038
:04645F000001956043
:046460000000000038
:046461000000000037
:046462000000000036
:046463000000000035
:046464000000000034
:046465000000000033
:046466000000000032
:046467000000000031
:046468000000000030
:04646900000000002F
:04646A00000000002E
:04646B00000000002D
:04646C00000000002C
:04646D00000000002B
:04646E00000000002A
:04646F000000000029
:046470000000000028
:046471000000000027
:046472000000000026
:046473000000000025
:046474000000000024
:046475000000000023
:046476000000000022
:046477000000000021
:046478000000000020
:04647900000000001F
:04647A00000000001E
:04647B00000000001D
:04647C00000000001C
:04647D00000000001B
:04647E00000000001A
:04647F000000000019
:046480000000000018
:046481000000000017
:046482000000000016
:046483000000000015
:046484000000000014
:046485000000000013
:046486000000000012
:046487000000000011
:046488000000000010
:04648900000000000F
:04648A00000000000E
:04648B00000000000D
:04648C00000000000C
:04648D00000000000B
:04648E00000000000A
:04648F000000000009
:046490000000000008
:046491000000000007
:046492000000000006
:046493000000000005
:046494000000000004
:046495000000000003
:046496000000000002
:046497000000000001
:046498000000000000
:0464990000000000FF
:04649A0000000000FE
:04649B0000000000FD
:04649C0000000000FC
:04649D0000000000FB
:04649E0000000000FA
:04649F0000000000F9
:0464A00000000000F8
:0464A10000000000F7
:0464A20000000000F6
:0464A30000000000F5
:0464A40000000000F4
:0464A50000000000F3
:0464A60000000000F2
:0464A70000000000F1
:0464A80000000000F0
:0464A90000000000EF
:0464AA0000000000EE
:0464AB0000000000ED
:0464AC0000000000EC
:0464AD0000000000EB
:0464AE0000000000EA
:0464AF0000000000E9
:0464B00000000000E8
:0464B10000000000E7
:0464B20000000000E6
:0464B30000000000E5
:0464B40000000000E4
:0464B50000000000E3
:0464B60000000000E2
:0464B70000000000E1
:0464B80000000000E0
:0464B90000000000DF
:0464BA0000000000DE
:0464BB0000000000DD
:0464BC0000000000DC
:0464BD0000000000DB
:0464BE0000000000DA
:0464BF0000000000D9
:0464C00000000000D8
:0464C10000000000D7
:0464C20000000000D6
:0464C30000000000D5
:0464C40000000000D4
:0464C50000000000D3
:0464C60000000000D2
:0464C70000000000D1
:0464C80000000000D0
:0464C90000000000CF
:0464CA0000000000CE
:0464CB0000000000CD
:0464CC0000000000CC
:0464CD0000000000CB
:0464CE0000000000CA
:0464CF0000000000C9
:0464D00000000000C8
:0464D10000000000C7
:0464D20000000000C6
:0464D30000000000C5
:0464D40000000000C4
:0464D50000000000C3
:0464D60000000000C2
:0464D70000000000C1
:0464D80000000000C0
:0464D90000000000BF
:0464DA0000000000BE
:0464DB0000000000BD
:0464DC0000000000BC
:0464DD0000000000BB
:0464DE0000000000BA
:0464DF0000000000B9
:0464E00000000000B8
:0464E10000000000B7
:0464E20000000000B6
:0464E30000000000B5
:0464E40000000000B4
:0464E50000000000B3
:0464E60000000000B2
:0464E70000000000B1
:0464E80000000000B0
:0464E90000000000AF
:0464EA0000000000AE
:0464EB0000000000AD
:0464EC0000000000AC
:0464ED0000000000AB
:0464EE0000000000AA
:0464EF0000000000A9
:0464F00000000000A8
:0464F10000000000A7
:0464F20000000000A6
:0464F30000000000A5
:0464F40000000000A4
:0464F50000000000A3
:0464F60000000000A2
:0464F70000000000A1
:0464F80000000000A0
:0464F900000000009F
:0464FA00000000009E
:0464FB00000000009D
:0464FC00000000009C
:0464FD00000000009B
:0464FE00000000009A
:0464FF000000000099
:046500000000000097
:046501000000000096
:046502000000000095
:046503000000000094
:046504000000000093
:046505000000000092
:046506000000000091
:046507000000000090
:04650800000000008F
:04650900000000008E
:04650A00000000008D
:04650B00000000008C
:04650C00000000008B
:04650D00000000008A
:04650E000000000089
:04650F000000000088
:046510000000000087
:046511000000000086
:046512000000000085
:046513000000000084
:046514000000000083
:046515000000000082
:046516000000000081
:046517000000000080
:04651800000000007F
:04651900000000007E
:04651A00000000007D
:04651B00000000007C
:04651C00000000007B
:04651D00000000007A
:04651E000000000079
:04651F000000000078
:046520000000000077
:046521000000000076
:046522000000000075
:046523000000000074
:046524000000000073
:046525000000000072
:046526000000000071
:046527000000000070
:04652800000000006F
:04652900000000006E
:04652A00000000006D
:04652B00000000006C
:04652C00000000006B
:04652D00000000006A
:04652E000000000069
:04652F000000000068
:046530000000000067
:046531000000000066
:046532000000000065
:046533000000000064
:046534000000000063
:046535000000000062
:046536000000000061
:046537000000000060
:04653800000000005F
:04653900000000005E
:04653A00000000005D
:04653B00000000005C
:04653C00000000005B
:04653D00000000005A
:04653E000000000059
:04653F000000000058
:046540000000000057
:046541000000000056
:046542000000000055
:046543000000000054
:046544000000000053
:046545000000000052
:046546000000000051
:046547000000000050
:04654800000000004F
:04654900000000004E
:04654A00000000004D
:04654B00000000004C
:04654C00000000004B
:04654D00000000004A
:04654E000000000049
:04654F000000000048
:046550000000000047
:046551000000000046
:046552000000000045
:046553000000000044
:046554000000000043
:046555000000000042
:046556000000000041
:046557000000000040
:04655800000000003F
:04655900000000003E
:04655A00000000003D
:04655B00000000003C
:04655C00000000003B
:04655D00000000003A
:04655E000000000039
:04655F000000000038
:046560000000000037
:046561000000000036
:046562000000000035
:046563000000000034
:046564000000000033
:046565000000000032
:046566000000000031
:046567000000000030
:04656800000000002F
:04656900000000002E
:04656A00000000002D
:04656B00000000002C
:04656C00000000002B
:04656D00000000002A
:04656E000000000029
:04656F000000000028
:046570000000000027
:046571000000000026
:046572000000000025
:046573000000000024
:046574000000000023
:046575000000000022
:046576000000000021
:046577000000000020
:04657800000000001F
:04657900000000001E
:04657A00000000001D
:04657B00000000001C
:04657C00000000001B
:04657D00000000001A
:04657E000000000019
:04657F000000000018
:046580000000000017
:046581000000000016
:046582000000000015
:046583000000000014
:046584000000000013
:046585000000000012
:046586000000000011
:046587000000000010
:04658800000000000F
:04658900000000000E
:04658A00000000000D
:04658B00000000000C
:04658C00000000000B
:04658D00000000000A
:04658E000000000009
:04658F000000000008
:046590000000000007
:046591000000000006
:046592000000000005
:046593000000000004
:046594000000000003
:046595000000000002
:046596000000000001
:046597000000000000
:0465980000000000FF
:0465990000000000FE
:04659A0000000000FD
:04659B0000000000FC
:04659C0000000000FB
:04659D0000000000FA
:04659E0000000000F9
:04659F0000000000F8
:0465A00000000000F7
:0465A10000000000F6
:0465A20000000000F5
:0465A30000000000F4
:0465A40000000000F3
:0465A50000000000F2
:0465A60000000000F1
:0465A70000000000F0
:0465A80000000000EF
:0465A90000000000EE
:0465AA0000000000ED
:0465AB0000000000EC
:0465AC0000000000EB
:0465AD0000000000EA
:0465AE0000000000E9
:0465AF0000000000E8
:0465B00000000000E7
:0465B10000000000E6
:0465B20000000000E5
:0465B30000000000E4
:0465B40000000000E3
:0465B50000000000E2
:0465B60000000000E1
:0465B70000000000E0
:0465B80000000000DF
:0465B90000000000DE
:0465BA0000000000DD
:0465BB0000000000DC
:0465BC0000000000DB
:0465BD0000000000DA
:0465BE0000000000D9
:0465BF0000000000D8
:0465C00000000000D7
:0465C10000000000D6
:0465C20000000000D5
:0465C30000000000D4
:0465C40000000000D3
:0465C50000000000D2
:0465C60000000000D1
:0465C70000000000D0
:0465C80000000000CF
:0465C90000000000CE
:0465CA0000000000CD
:0465CB0000000000CC
:0465CC0000000000CB
:0465CD0000000000CA
:0465CE0000000000C9
:0465CF0000000000C8
:0465D00000000000C7
:0465D10000000000C6
:0465D20000000000C5
:0465D30000000000C4
:0465D40000000000C3
:0465D50000000000C2
:0465D60000000000C1
:0465D70000000000C0
:0465D80000000000BF
:0465D90000000000BE
:0465DA0000000000BD
:0465DB0000000000BC
:0465DC0000000000BB
:0465DD0000000000BA
:0465DE0000000000B9
:0465DF0000000000B8
:0465E00000000000B7
:0465E10000000000B6
:0465E20000000000B5
:0465E30000000000B4
:0465E40000000000B3
:0465E50000000000B2
:0465E60000000000B1
:0465E70000000000B0
:0465E80000000000AF
:0465E90000000000AE
:0465EA0000000000AD
:0465EB0000000000AC
:0465EC0000000000AB
:0465ED0000000000AA
:0465EE0000000000A9
:0465EF0000000000A8
:0465F00000000000A7
:0465F10000000000A6
:0465F20000000000A5
:0465F30000000000A4
:0465F40000000000A3
:0465F50000000000A2
:0465F60000000000A1
:0465F70000000000A0
:0465F800000000009F
:0465F900000000009E
:0465FA00000000009D
:0465FB00000000009C
:0465FC00000000009B
:0465FD00000000009A
:0465FE000000000099
:0465FF000000000098
:046600000000000096
:046601000000000095
:046602000000000094
:046603000000000093
:046604000000000092
:046605000000000091
:046606000000000090
:04660700000000008F
:04660800000000008E
:04660900000000008D
:04660A00000000008C
:04660B00000000008B
:04660C00000000008A
:04660D000000000089
:04660E000000000088
:04660F000000000087
:046610000000000086
:046611000000000085
:046612000000000084
:046613000000000083
:046614000000000082
:046615000000000081
:046616000000000080
:04661700000000007F
:04661800000000007E
:04661900000000007D
:04661A00000000007C
:04661B00000000007B
:04661C00000000007A
:04661D000000000079
:04661E000000000078
:04661F000000000077
:046620000000000076
:046621000000000075
:046622000000000074
:046623000000000073
:046624000000000072
:046625000000000071
:046626000000000070
:04662700000000006F
:04662800000000006E
:04662900000000006D
:04662A00000000006C
:04662B00000000006B
:04662C00000000006A
:04662D000000000069
:04662E000000000068
:04662F000000000067
:046630000000000066
:046631000000000065
:046632000000000064
:046633000000000063
:046634000000000062
:046635000000000061
:046636000000000060
:04663700000000005F
:04663800000000005E
:04663900000000005D
:04663A00000000005C
:04663B00000000005B
:04663C00000000005A
:04663D000000000059
:04663E000000000058
:04663F000000000057
:046640000000000056
:046641000000000055
:046642000000000054
:046643000000000053
:046644000000000052
:046645000000000051
:046646000000000050
:04664700000000004F
:04664800000000004E
:04664900000000004D
:04664A00000000004C
:04664B00000000004B
:04664C00000000004A
:04664D000000000049
:04664E000000000048
:04664F000000000047
:046650000000000046
:046651000000000045
:046652000000000044
:046653000000000043
:046654000000000042
:046655000000000041
:046656000000000040
:04665700000000003F
:04665800000000003E
:04665900000000003D
:04665A00000000003C
:04665B00000000003B
:04665C00000000003A
:04665D000000000039
:04665E000000000038
:04665F000000000037
:046660000000000036
:046661000000000035
:046662000000000034
:046663000000000033
:046664000000000032
:046665000000000031
:046666000000000030
:04666700000000002F
:04666800000000002E
:04666900000000002D
:04666A00000000002C
:04666B00000000002B
:04666C00000000002A
:04666D000000000029
:04666E000000000028
:04666F000000000027
:046670000000000026
:046671000000000025
:046672000000000024
:046673000000000023
:046674000000000022
:046675000000000021
:046676000000000020
:04667700000000001F
:04667800000000001E
:04667900000000001D
:04667A00000000001C
:04667B00000000001B
:04667C00000000001A
:04667D000000000019
:04667E000000000018
:04667F000000000017
:046680000000000016
:046681000000000015
:046682000000000014
:046683000000000013
:046684000000000012
:046685000000000011
:046686000000000010
:04668700000000000F
:04668800000000000E
:04668900000000000D
:04668A00000000000C
:04668B00000000000B
:04668C00000000000A
:04668D000000000009
:04668E000000000008
:04668F000000000007
:046690000000000006
:046691000000000005
:046692000000000004
:046693000000000003
:046694000000000002
:046695000000000001
:046696000000000000
:0466970000000000FF
:0466980000000000FE
:0466990000000000FD
:04669A0000000000FC
:04669B0000000000FB
:04669C0000000000FA
:04669D0000000000F9
:04669E0000000000F8
:04669F0000000000F7
:0466A00000000000F6
:0466A10000000000F5
:0466A20000000000F4
:0466A30000000000F3
:0466A40000000000F2
:0466A50000000000F1
:0466A60000000000F0
:0466A70000000000EF
:0466A80000000000EE
:0466A90000000000ED
:0466AA0000000000EC
:0466AB0000000000EB
:0466AC0000000000EA
:0466AD0000000000E9
:0466AE0000000000E8
:0466AF0000000000E7
:0466B00000000000E6
:0466B10000000000E5
:0466B20000000000E4
:0466B30000000000E3
:0466B40000000000E2
:0466B50000000000E1
:0466B60000000000E0
:0466B70000000000DF
:0466B80000000000DE
:0466B90000000000DD
:0466BA0000000000DC
:0466BB0000000000DB
:0466BC0000000000DA
:0466BD0000000000D9
:0466BE0000000000D8
:0466BF0000000000D7
:0466C00000000000D6
:0466C10000000000D5
:0466C20000000000D4
:0466C30000000000D3
:0466C40000000000D2
:0466C50000000000D1
:0466C60000000000D0
:0466C70000000000CF
:0466C80000000000CE
:0466C90000000000CD
:0466CA0000000000CC
:0466CB0000000000CB
:0466CC0000000000CA
:0466CD0000000000C9
:0466CE0000000000C8
:0466CF0000000000C7
:0466D00000000000C6
:0466D10000000000C5
:0466D20000000000C4
:0466D30000000000C3
:0466D40000000000C2
:0466D50000000000C1
:0466D60000000000C0
:0466D70000000000BF
:0466D80000000000BE
:0466D90000000000BD
:0466DA0000000000BC
:0466DB0000000000BB
:0466DC0000000000BA
:0466DD0000000000B9
:0466DE0000000000B8
:0466DF0000000000B7
:0466E00000000000B6
:0466E10000000000B5
:0466E20000000000B4
:0466E30000000000B3
:0466E40000000000B2
:0466E50000000000B1
:0466E60000000000B0
:0466E70000000000AF
:0466E80000000000AE
:0466E90000000000AD
:0466EA0000000000AC
:0466EB0000000000AB
:0466EC0000000000AA
:0466ED0000000000A9
:0466EE0000000000A8
:0466EF0000000000A7
:0466F00000000000A6
:0466F10000000000A5
:0466F20000000000A4
:0466F30000000000A3
:0466F40000000000A2
:0466F50000000000A1
:0466F60000000000A0
:0466F700000000009F
:0466F800000000009E
:0466F900000000009D
:0466FA00000000009C
:0466FB00000000009B
:0466FC00000000009A
:0466FD000000000099
:0466FE000000000098
:0466FF000000000097
:046700000000000095
:046701000000000094
:046702000000000093
:046703000000000092
:046704000000000091
:046705000000000090
:04670600000000008F
:04670700000000008E
:04670800000000008D
:04670900000000008C
:04670A00000000008B
:04670B00000000008A
:04670C000000000089
:04670D000000000088
:04670E000000000087
:04670F000000000086
:046710000000000085
:046711000000000084
:046712000000000083
:046713000000000082
:046714000000000081
:046715000000000080
:04671600000000007F
:04671700000000007E
:04671800000000007D
:04671900000000007C
:04671A00000000007B
:04671B00000000007A
:04671C000000000079
:04671D000000000078
:04671E000000000077
:04671F000000000076
:046720000000000075
:046721000000000074
:046722000000000073
:046723000000000072
:046724000000000071
:046725000000000070
:04672600000000006F
:04672700000000006E
:04672800000000006D
:04672900000000006C
:04672A00000000006B
:04672B00000000006A
:04672C000000000069
:04672D000000000068
:04672E000000000067
:04672F000000000066
:046730000000000065
:046731000000000064
:046732000000000063
:046733000000000062
:046734000000000061
:046735000000000060
:04673600000000005F
:04673700000000005E
:04673800000000005D
:04673900000000005C
:04673A00000000005B
:04673B00000000005A
:04673C000000000059
:04673D000000000058
:04673E000000000057
:04673F000000000056
:046740000000000055
:046741000000000054
:046742000000000053
:046743000000000052
:046744000000000051
:046745000000000050
:04674600000000004F
:04674700000000004E
:04674800000000004D
:04674900000000004C
:04674A00000000004B
:04674B00000000004A
:04674C000000000049
:04674D000000000048
:04674E000000000047
:04674F000000000046
:046750000000000045
:046751000000000044
:046752000000000043
:046753000000000042
:046754000000000041
:046755000000000040
:04675600000000003F
:04675700000000003E
:04675800000000003D
:04675900000000003C
:04675A00000000003B
:04675B00000000003A
:04675C000000000039
:04675D000000000038
:04675E000000000037
:04675F000000000036
:046760000000000035
:046761000000000034
:046762000000000033
:046763000000000032
:046764000000000031
:046765000000000030
:04676600000000002F
:04676700000000002E
:04676800000000002D
:04676900000000002C
:04676A00000000002B
:04676B00000000002A
:04676C000000000029
:04676D000000000028
:04676E000000000027
:04676F000000000026
:046770000000000025
:046771000000000024
:046772000000000023
:046773000000000022
:046774000000000021
:046775000000000020
:04677600000000001F
:04677700000000001E
:04677800000000001D
:04677900000000001C
:04677A00000000001B
:04677B00000000001A
:04677C000000000019
:04677D000000000018
:04677E000000000017
:04677F000000000016
:046780000000000015
:046781000000000014
:046782000000000013
:046783000000000012
:046784000000000011
:046785000000000010
:04678600000000000F
:04678700000000000E
:04678800000000000D
:04678900000000000C
:04678A00000000000B
:04678B00000000000A
:04678C000000000009
:04678D000000000008
:04678E000000000007
:04678F000000000006
:046790000000000005
:046791000000000004
:046792000000000003
:046793000000000002
:046794000000000001
:046795000000000000
:0467960000000000FF
:0467970000000000FE
:0467980000000000FD
:0467990000000000FC
:04679A0000000000FB
:04679B0000000000FA
:04679C0000000000F9
:04679D0000000000F8
:04679E0000000000F7
:04679F0000000000F6
:0467A00000000000F5
:0467A10000000000F4
:0467A20000000000F3
:0467A30000000000F2
:0467A40000000000F1
:0467A50000000000F0
:0467A60000000000EF
:0467A70000000000EE
:0467A80000000000ED
:0467A90000000000EC
:0467AA0000000000EB
:0467AB0000000000EA
:0467AC0000000000E9
:0467AD0000000000E8
:0467AE0000000000E7
:0467AF0000000000E6
:0467B00000000000E5
:0467B10000000000E4
:0467B20000000000E3
:0467B30000000000E2
:0467B40000000000E1
:0467B50000000000E0
:0467B60000000000DF
:0467B70000000000DE
:0467B80000000000DD
:0467B90000000000DC
:0467BA0000000000DB
:0467BB0000000000DA
:0467BC0000000000D9
:0467BD0000000000D8
:0467BE0000000000D7
:0467BF0000000000D6
:0467C00000000000D5
:0467C10000000000D4
:0467C20000000000D3
:0467C30000000000D2
:0467C40000000000D1
:0467C50000000000D0
:0467C60000000000CF
:0467C70000000000CE
:0467C80000000000CD
:0467C90000000000CC
:0467CA0000000000CB
:0467CB0000000000CA
:0467CC0000000000C9
:0467CD0000000000C8
:0467CE0000000000C7
:0467CF0000000000C6
:0467D00000000000C5
:0467D10000000000C4
:0467D20000000000C3
:0467D30000000000C2
:0467D40000000000C1
:0467D50000000000C0
:0467D60000000000BF
:0467D70000000000BE
:0467D80000000000BD
:0467D90000000000BC
:0467DA0000000000BB
:0467DB0000000000BA
:0467DC0000000000B9
:0467DD0000000000B8
:0467DE0000000000B7
:0467DF0000000000B6
:0467E00000000000B5
:0467E10000000000B4
:0467E20000000000B3
:0467E30000000000B2
:0467E40000000000B1
:0467E50000000000B0
:0467E60000000000AF
:0467E70000000000AE
:0467E80000000000AD
:0467E90000000000AC
:0467EA0000000000AB
:0467EB0000000000AA
:0467EC0000000000A9
:0467ED0000000000A8
:0467EE0000000000A7
:0467EF0000000000A6
:0467F00000000000A5
:0467F10000000000A4
:0467F20000000000A3
:0467F30000000000A2
:0467F40000000000A1
:0467F50000000000A0
:0467F600000000009F
:0467F700000000009E
:0467F800000000009D
:0467F900000000009C
:0467FA00000000009B
:0467FB00000000009A
:0467FC000000000099
:0467FD000000000098
:0467FE000000000097
:0467FF000000000096
:046800000000000094
:046801000000000093
:046802000000000092
:046803000000000091
:046804000000000090
:04680500000000008F
:04680600000000008E
:04680700000000008D
:04680800000000008C
:04680900000000008B
:04680A00000000008A
:04680B000000000089
:04680C000000000088
:04680D000000000087
:04680E000000000086
:04680F000000000085
:046810000000000084
:046811000000000083
:046812000000000082
:046813000000000081
:046814000000000080
:04681500000000007F
:04681600000000007E
:04681700000000007D
:04681800000000007C
:04681900000000007B
:04681A00000000007A
:04681B000000000079
:04681C000000000078
:04681D000000000077
:04681E000000000076
:04681F000000000075
:046820000000000074
:046821000000000073
:046822000000000072
:046823000000000071
:046824000000000070
:04682500000000006F
:04682600000000006E
:04682700000000006D
:04682800000000006C
:04682900000000006B
:04682A00000000006A
:04682B000000000069
:04682C000000000068
:04682D000000000067
:04682E000000000066
:04682F000000000065
:046830000000000064
:046831000000000063
:046832000000000062
:046833000000000061
:046834000000000060
:04683500000000005F
:04683600000000005E
:04683700000000005D
:04683800000000005C
:04683900000000005B
:04683A00000000005A
:04683B000000000059
:04683C000000000058
:04683D000000000057
:04683E000000000056
:04683F000000000055
:046840000000000054
:046841000000000053
:046842000000000052
:046843000000000051
:046844000000000050
:04684500000000004F
:04684600000000004E
:04684700000000004D
:04684800000000004C
:04684900000000004B
:04684A00000000004A
:04684B000000000049
:04684C000000000048
:04684D000000000047
:04684E000000000046
:04684F000000000045
:046850000000000044
:046851000000000043
:046852000000000042
:046853000000000041
:046854000000000040
:04685500000000003F
:04685600000000003E
:04685700000000003D
:04685800000000003C
:04685900000000003B
:04685A00000000003A
:04685B000000000039
:04685C000000000038
:04685D000000000037
:04685E000000000036
:04685F000000000035
:046860000000000034
:046861000000000033
:046862000000000032
:046863000000000031
:046864000000000030
:04686500000000002F
:04686600000000002E
:04686700000000002D
:04686800000000002C
:04686900000000002B
:04686A00000000002A
:04686B000000000029
:04686C000000000028
:04686D000000000027
:04686E000000000026
:04686F000000000025
:046870000000000024
:046871000000000023
:046872000000000022
:046873000000000021
:046874000000000020
:04687500000000001F
:04687600000000001E
:04687700000000001D
:04687800000000001C
:04687900000000001B
:04687A00000000001A
:04687B000000000019
:04687C000000000018
:04687D000000000017
:04687E000000000016
:04687F000000000015
:046880000000000014
:046881000000000013
:046882000000000012
:046883000000000011
:046884000000000010
:04688500000000000F
:04688600000000000E
:04688700000000000D
:04688800000000000C
:04688900000000000B
:04688A00000000000A
:04688B000000000009
:04688C000000000008
:04688D000000000007
:04688E000000000006
:04688F000000000005
:046890000000000004
:046891000000000003
:046892000000000002
:046893000000000001
:046894000000000000
:0468950000000000FF
:0468960000000000FE
:0468970000000000FD
:0468980000000000FC
:0468990000000000FB
:04689A0000000000FA
:04689B0000000000F9
:04689C0000000000F8
:04689D0000000000F7
:04689E0000000000F6
:04689F0000000000F5
:0468A00000000000F4
:0468A10000000000F3
:0468A20000000000F2
:0468A30000000000F1
:0468A40000000000F0
:0468A50000000000EF
:0468A60000000000EE
:0468A70000000000ED
:0468A80000000000EC
:0468A90000000000EB
:0468AA0000000000EA
:0468AB0000000000E9
:0468AC0000000000E8
:0468AD0000000000E7
:0468AE0000000000E6
:0468AF0000000000E5
:0468B00000000000E4
:0468B10000000000E3
:0468B20000000000E2
:0468B30000000000E1
:0468B40000000000E0
:0468B50000000000DF
:0468B60000000000DE
:0468B70000000000DD
:0468B80000000000DC
:0468B90000000000DB
:0468BA0000000000DA
:0468BB0000000000D9
:0468BC0000000000D8
:0468BD0000000000D7
:0468BE0000000000D6
:0468BF0000000000D5
:0468C00000000000D4
:0468C10000000000D3
:0468C20000000000D2
:0468C30000000000D1
:0468C40000000000D0
:0468C50000000000CF
:0468C60000000000CE
:0468C70000000000CD
:0468C80000000000CC
:0468C90000000000CB
:0468CA0000000000CA
:0468CB0000000000C9
:0468CC0000000000C8
:0468CD0000000000C7
:0468CE0000000000C6
:0468CF0000000000C5
:0468D00000000000C4
:0468D10000000000C3
:0468D20000000000C2
:0468D30000000000C1
:0468D40000000000C0
:0468D50000000000BF
:0468D60000000000BE
:0468D70000000000BD
:0468D80000000000BC
:0468D90000000000BB
:0468DA0000000000BA
:0468DB0000000000B9
:0468DC0000000000B8
:0468DD0000000000B7
:0468DE0000000000B6
:0468DF0000000000B5
:0468E00000000000B4
:0468E10000000000B3
:0468E20000000000B2
:0468E30000000000B1
:0468E40000000000B0
:0468E50000000000AF
:0468E60000000000AE
:0468E70000000000AD
:0468E80000000000AC
:0468E90000000000AB
:0468EA0000000000AA
:0468EB0000000000A9
:0468EC0000000000A8
:0468ED0000000000A7
:0468EE0000000000A6
:0468EF0000000000A5
:0468F00000000000A4
:0468F10000000000A3
:0468F20000000000A2
:0468F30000000000A1
:0468F40000000000A0
:0468F500000000009F
:0468F600000000009E
:0468F700000000009D
:0468F800000000009C
:0468F900000000009B
:0468FA00000000009A
:0468FB000000000099
:0468FC000000000098
:0468FD000000000097
:0468FE000000000096
:0468FF000000000095
:046900000000000093
:046901000000000092
:046902000000000091
:046903000000000090
:04690400000000008F
:04690500000000008E
:04690600000000008D
:04690700000000008C
:04690800000000008B
:04690900000000008A
:04690A000000000089
:04690B000000000088
:04690C000000000087
:04690D000000000086
:04690E000000000085
:04690F000000000084
:046910000000000083
:046911000000000082
:046912000000000081
:046913000000000080
:04691400000000007F
:04691500000000007E
:04691600000000007D
:04691700000000007C
:04691800000000007B
:04691900000000007A
:04691A000000000079
:04691B000000000078
:04691C000000000077
:04691D000000000076
:04691E000000000075
:04691F000000000074
:046920000000000073
:046921000000000072
:046922000000000071
:046923000000000070
:04692400000000006F
:04692500000000006E
:04692600000000006D
:04692700000000006C
:04692800000000006B
:04692900000000006A
:04692A000000000069
:04692B000000000068
:04692C000000000067
:04692D000000000066
:04692E000000000065
:04692F000000000064
:046930000000000063
:046931000000000062
:046932000000000061
:046933000000000060
:04693400000000005F
:04693500000000005E
:04693600000000005D
:04693700000000005C
:04693800000000005B
:04693900000000005A
:04693A000000000059
:04693B000000000058
:04693C000000000057
:04693D000000000056
:04693E000000000055
:04693F000000000054
:046940000000000053
:046941000000000052
:046942000000000051
:046943000000000050
:04694400000000004F
:04694500000000004E
:04694600000000004D
:04694700000000004C
:04694800000000004B
:04694900000000004A
:04694A000000000049
:04694B000000000048
:04694C000000000047
:04694D000000000046
:04694E000000000045
:04694F000000000044
:046950000000000043
:046951000000000042
:046952000000000041
:046953000000000040
:04695400000000003F
:04695500000000003E
:04695600000000003D
:04695700000000003C
:04695800000000003B
:04695900000000003A
:04695A000000000039
:04695B000000000038
:04695C000000000037
:04695D000000000036
:04695E000000000035
:04695F000000000034
:046960000000000033
:046961000000000032
:046962000000000031
:046963000000000030
:04696400000000002F
:04696500000000002E
:04696600000000002D
:04696700000000002C
:04696800000000002B
:04696900000000002A
:04696A000000000029
:04696B000000000028
:04696C000000000027
:04696D000000000026
:04696E000000000025
:04696F000000000024
:046970000000000023
:046971000000000022
:046972000000000021
:046973000000000020
:04697400000000001F
:04697500000000001E
:04697600000000001D
:04697700000000001C
:04697800000000001B
:04697900000000001A
:04697A000000000019
:04697B000000000018
:04697C000000000017
:04697D000000000016
:04697E000000000015
:04697F000000000014
:046980000000000013
:046981000000000012
:046982000000000011
:046983000000000010
:04698400000000000F
:04698500000000000E
:04698600000000000D
:04698700000000000C
:04698800000000000B
:04698900000000000A
:04698A000000000009
:04698B000000000008
:04698C000000000007
:04698D000000000006
:04698E000000000005
:04698F000000000004
:046990000000000003
:046991000000000002
:046992000000000001
:046993000000000000
:0469940000000000FF
:0469950000000000FE
:0469960000000000FD
:0469970000000000FC
:0469980000000000FB
:0469990000000000FA
:04699A0000000000F9
:04699B0000000000F8
:04699C0000000000F7
:04699D0000000000F6
:04699E0000000000F5
:04699F0000000000F4
:0469A00000000000F3
:0469A10000000000F2
:0469A20000000000F1
:0469A30000000000F0
:0469A40000000000EF
:0469A50000000000EE
:0469A60000000000ED
:0469A70000000000EC
:0469A80000000000EB
:0469A90000000000EA
:0469AA0000000000E9
:0469AB0000000000E8
:0469AC0000000000E7
:0469AD0000000000E6
:0469AE0000000000E5
:0469AF0000000000E4
:0469B00000000000E3
:0469B10000000000E2
:0469B20000000000E1
:0469B30000000000E0
:0469B40000000000DF
:0469B50000000000DE
:0469B60000000000DD
:0469B70000000000DC
:0469B80000000000DB
:0469B90000000000DA
:0469BA0000000000D9
:0469BB0000000000D8
:0469BC0000000000D7
:0469BD0000000000D6
:0469BE0000000000D5
:0469BF0000000000D4
:0469C00000000000D3
:0469C10000000000D2
:0469C20000000000D1
:0469C30000000000D0
:0469C40000000000CF
:0469C50000000000CE
:0469C60000000000CD
:0469C70000000000CC
:0469C80000000000CB
:0469C90000000000CA
:0469CA0000000000C9
:0469CB0000000000C8
:0469CC0000000000C7
:0469CD0000000000C6
:0469CE0000000000C5
:0469CF0000000000C4
:0469D00000000000C3
:0469D10000000000C2
:0469D20000000000C1
:0469D30000000000C0
:0469D40000000000BF
:0469D50000000000BE
:0469D60000000000BD
:0469D70000000000BC
:0469D80000000000BB
:0469D90000000000BA
:0469DA0000000000B9
:0469DB0000000000B8
:0469DC0000000000B7
:0469DD0000000000B6
:0469DE0000000000B5
:0469DF0000000000B4
:0469E00000000000B3
:0469E10000000000B2
:0469E20000000000B1
:0469E30000000000B0
:0469E40000000000AF
:0469E50000000000AE
:0469E60000000000AD
:0469E70000000000AC
:0469E80000000000AB
:0469E90000000000AA
:0469EA0000000000A9
:0469EB0000000000A8
:0469EC0000000000A7
:0469ED0000000000A6
:0469EE0000000000A5
:0469EF0000000000A4
:0469F00000000000A3
:0469F10000000000A2
:0469F20000000000A1
:0469F30000000000A0
:0469F400000000009F
:0469F500000000009E
:0469F600000000009D
:0469F700000000009C
:0469F800000000009B
:0469F900000000009A
:0469FA000000000099
:0469FB000000000098
:0469FC000000000097
:0469FD000000000096
:0469FE000000000095
:0469FF000000000094
:046A00000000000092
:046A01000000000091
:046A02000000000090
:046A0300000000008F
:046A0400000000008E
:046A0500000000008D
:046A0600000000008C
:046A0700000000008B
:046A0800000000008A
:046A09000000000089
:046A0A000000000088
:046A0B000000000087
:046A0C000000000086
:046A0D000000000085
:046A0E000000000084
:046A0F000000000083
:046A10000000000082
:046A11000000000081
:046A12000000000080
:046A1300000000007F
:046A1400000000007E
:046A1500000000007D
:046A1600000000007C
:046A1700000000007B
:046A1800000000007A
:046A19000000000079
:046A1A000000000078
:046A1B000000000077
:046A1C000000000076
:046A1D000000000075
:046A1E000000000074
:046A1F000000000073
:046A20000000000072
:046A21000000000071
:046A22000000000070
:046A2300000000006F
:046A2400000000006E
:046A2500000000006D
:046A2600000000006C
:046A2700000000006B
:046A2800000000006A
:046A29000000000069
:046A2A000000000068
:046A2B000000000067
:046A2C000000000066
:046A2D000000000065
:046A2E000000000064
:046A2F000000000063
:046A30000000000062
:046A31000000000061
:046A32000000000060
:046A3300000000005F
:046A3400000000005E
:046A3500000000005D
:046A3600000000005C
:046A3700000000005B
:046A3800000000005A
:046A39000000000059
:046A3A000000000058
:046A3B000000000057
:046A3C000000000056
:046A3D000000000055
:046A3E000000000054
:046A3F000000000053
:046A40000000000052
:046A41000000000051
:046A42000000000050
:046A4300000000004F
:046A4400000000004E
:046A4500000000004D
:046A4600000000004C
:046A4700000000004B
:046A4800000000004A
:046A49000000000049
:046A4A000000000048
:046A4B000000000047
:046A4C000000000046
:046A4D000000000045
:046A4E000000000044
:046A4F000000000043
:046A50000000000042
:046A51000000000041
:046A52000000000040
:046A5300000000003F
:046A5400000000003E
:046A5500000000003D
:046A5600000000003C
:046A5700000000003B
:046A5800000000003A
:046A59000000000039
:046A5A000000000038
:046A5B000000000037
:046A5C000000000036
:046A5D000000000035
:046A5E000000000034
:046A5F000000000033
:046A60000000000032
:046A61000000000031
:046A62000000000030
:046A6300000000002F
:046A6400000000002E
:046A6500000000002D
:046A6600000000002C
:046A6700000000002B
:046A6800000000002A
:046A69000000000029
:046A6A000000000028
:046A6B000000000027
:046A6C000000000026
:046A6D000000000025
:046A6E000000000024
:046A6F000000000023
:046A70000000000022
:046A71000000000021
:046A72000000000020
:046A7300000000001F
:046A7400000000001E
:046A7500000000001D
:046A7600000000001C
:046A7700000000001B
:046A7800000000001A
:046A79000000000019
:046A7A000000000018
:046A7B000000000017
:046A7C000000000016
:046A7D000000000015
:046A7E000000000014
:046A7F000000000013
:046A80000000000012
:046A81000000000011
:046A82000000000010
:046A8300000000000F
:046A8400000000000E
:046A8500000000000D
:046A8600000000000C
:046A8700000000000B
:046A8800000000000A
:046A89000000000009
:046A8A000000000008
:046A8B000000000007
:046A8C000000000006
:046A8D000000000005
:046A8E000000000004
:046A8F000000000003
:046A90000000000002
:046A91000000000001
:046A92000000000000
:046A930000000000FF
:046A940000000000FE
:046A950000000000FD
:046A960000000000FC
:046A970000000000FB
:046A980000000000FA
:046A990000000000F9
:046A9A0000000000F8
:046A9B0000000000F7
:046A9C0000000000F6
:046A9D0000000000F5
:046A9E0000000000F4
:046A9F0000000000F3
:046AA00000000000F2
:046AA10000000000F1
:046AA20000000000F0
:046AA30000000000EF
:046AA40000000000EE
:046AA50000000000ED
:046AA60000000000EC
:046AA70000000000EB
:046AA80000000000EA
:046AA90000000000E9
:046AAA0000000000E8
:046AAB0000000000E7
:046AAC0000000000E6
:046AAD0000000000E5
:046AAE0000000000E4
:046AAF0000000000E3
:046AB00000000000E2
:046AB10000000000E1
:046AB20000000000E0
:046AB30000000000DF
:046AB40000000000DE
:046AB50000000000DD
:046AB60000000000DC
:046AB70000000000DB
:046AB80000000000DA
:046AB90000000000D9
:046ABA0000000000D8
:046ABB0000000000D7
:046ABC0000000000D6
:046ABD0000000000D5
:046ABE0000000000D4
:046ABF0000000000D3
:046AC00000000000D2
:046AC10000000000D1
:046AC20000000000D0
:046AC30000000000CF
:046AC40000000000CE
:046AC50000000000CD
:046AC60000000000CC
:046AC70000000000CB
:046AC80000000000CA
:046AC90000000000C9
:046ACA0000000000C8
:046ACB0000000000C7
:046ACC0000000000C6
:046ACD0000000000C5
:046ACE0000000000C4
:046ACF0000000000C3
:046AD00000000000C2
:046AD10000000000C1
:046AD20000000000C0
:046AD30000000000BF
:046AD40000000000BE
:046AD50000000000BD
:046AD60000000000BC
:046AD70000000000BB
:046AD80000000000BA
:046AD90000000000B9
:046ADA0000000000B8
:046ADB0000000000B7
:046ADC0000000000B6
:046ADD0000000000B5
:046ADE0000000000B4
:046ADF0000000000B3
:046AE00000000000B2
:046AE10000000000B1
:046AE20000000000B0
:046AE30000000000AF
:046AE40000000000AE
:046AE50000000000AD
:046AE60000000000AC
:046AE70000000000AB
:046AE80000000000AA
:046AE90000000000A9
:046AEA0000000000A8
:046AEB0000000000A7
:046AEC0000000000A6
:046AED0000000000A5
:046AEE0000000000A4
:046AEF0000000000A3
:046AF00000000000A2
:046AF10000000000A1
:046AF20000000000A0
:046AF300000000009F
:046AF400000000009E
:046AF500000000009D
:046AF600000000009C
:046AF700000000009B
:046AF800000000009A
:046AF9000000000099
:046AFA000000000098
:046AFB000000000097
:046AFC000000000096
:046AFD000000000095
:046AFE000000000094
:046AFF000000000093
:046B00000000000091
:046B01000000000090
:046B0200000000008F
:046B0300000000008E
:046B0400000000008D
:046B0500000000008C
:046B0600000000008B
:046B0700000000008A
:046B08000000000089
:046B09000000000088
:046B0A000000000087
:046B0B000000000086
:046B0C000000000085
:046B0D000000000084
:046B0E000000000083
:046B0F000000000082
:046B10000000000081
:046B11000000000080
:046B1200000000007F
:046B1300000000007E
:046B1400000000007D
:046B1500000000007C
:046B1600000000007B
:046B1700000000007A
:046B18000000000079
:046B19000000000078
:046B1A000000000077
:046B1B000000000076
:046B1C000000000075
:046B1D000000000074
:046B1E000000000073
:046B1F000000000072
:046B20000000000071
:046B21000000000070
:046B2200000000006F
:046B2300000000006E
:046B2400000000006D
:046B2500000000006C
:046B2600000000006B
:046B2700000000006A
:046B28000000000069
:046B29000000000068
:046B2A000000000067
:046B2B000000000066
:046B2C000000000065
:046B2D000000000064
:046B2E000000000063
:046B2F000000000062
:046B30000000000061
:046B31000000000060
:046B3200000000005F
:046B3300000000005E
:046B3400000000005D
:046B3500000000005C
:046B3600000000005B
:046B3700000000005A
:046B38000000000059
:046B39000000000058
:046B3A000000000057
:046B3B000000000056
:046B3C000000000055
:046B3D000000000054
:046B3E000000000053
:046B3F000000000052
:046B40000000000051
:046B41000000000050
:046B4200000000004F
:046B4300000000004E
:046B4400000000004D
:046B4500000000004C
:046B4600000000004B
:046B4700000000004A
:046B48000000000049
:046B49000000000048
:046B4A000000000047
:046B4B000000000046
:046B4C000000000045
:046B4D000000000044
:046B4E000000000043
:046B4F000000000042
:046B50000000000041
:046B51000000000040
:046B5200000000003F
:046B5300000000003E
:046B5400000000003D
:046B5500000000003C
:046B5600000000003B
:046B5700000000003A
:046B58000000000039
:046B59000000000038
:046B5A000000000037
:046B5B000000000036
:046B5C000000000035
:046B5D000000000034
:046B5E000000000033
:046B5F000000000032
:046B60000000000031
:046B61000000000030
:046B6200000000002F
:046B6300000000002E
:046B6400000000002D
:046B6500000000002C
:046B6600000000002B
:046B6700000000002A
:046B68000000000029
:046B69000000000028
:046B6A000000000027
:046B6B000000000026
:046B6C000000000025
:046B6D000000000024
:046B6E000000000023
:046B6F000000000022
:046B70000000000021
:046B71000000000020
:046B7200000000001F
:046B7300000000001E
:046B7400000000001D
:046B7500000000001C
:046B7600000000001B
:046B7700000000001A
:046B78000000000019
:046B79000000000018
:046B7A000000000017
:046B7B000000000016
:046B7C000000000015
:046B7D000000000014
:046B7E000000000013
:046B7F000000000012
:046B80000000000011
:046B81000000000010
:046B8200000000000F
:046B8300000000000E
:046B8400000000000D
:046B8500000000000C
:046B8600000000000B
:046B8700000000000A
:046B88000000000009
:046B89000000000008
:046B8A000000000007
:046B8B000000000006
:046B8C000000000005
:046B8D000000000004
:046B8E000000000003
:046B8F000000000002
:046B90000000000001
:046B91000000000000
:046B920000000000FF
:046B930000000000FE
:046B940000000000FD
:046B950000000000FC
:046B960000000000FB
:046B970000000000FA
:046B980000000000F9
:046B990000000000F8
:046B9A0000000000F7
:046B9B0000000000F6
:046B9C0000000000F5
:046B9D0000000000F4
:046B9E0000000000F3
:046B9F0000000000F2
:046BA00000000000F1
:046BA10000000000F0
:046BA20000000000EF
:046BA30000000000EE
:046BA40000000000ED
:046BA50000000000EC
:046BA60000000000EB
:046BA70000000000EA
:046BA80000000000E9
:046BA90000000000E8
:046BAA0000000000E7
:046BAB0000000000E6
:046BAC0000000000E5
:046BAD0000000000E4
:046BAE0000000000E3
:046BAF0000000000E2
:046BB00000000000E1
:046BB10000000000E0
:046BB20000000000DF
:046BB30000000000DE
:046BB40000000000DD
:046BB50000000000DC
:046BB60000000000DB
:046BB70000000000DA
:046BB80000000000D9
:046BB90000000000D8
:046BBA0000000000D7
:046BBB0000000000D6
:046BBC0000000000D5
:046BBD0000000000D4
:046BBE0000000000D3
:046BBF0000000000D2
:046BC00000000000D1
:046BC10000000000D0
:046BC20000000000CF
:046BC30000000000CE
:046BC40000000000CD
:046BC50000000000CC
:046BC60000000000CB
:046BC70000000000CA
:046BC80000000000C9
:046BC90000000000C8
:046BCA0000000000C7
:046BCB0000000000C6
:046BCC0000000000C5
:046BCD0000000000C4
:046BCE0000000000C3
:046BCF0000000000C2
:046BD00000000000C1
:046BD10000000000C0
:046BD20000000000BF
:046BD30000000000BE
:046BD40000000000BD
:046BD50000000000BC
:046BD60000000000BB
:046BD70000000000BA
:046BD80000000000B9
:046BD90000000000B8
:046BDA0000000000B7
:046BDB0000000000B6
:046BDC0000000000B5
:046BDD0000000000B4
:046BDE0000000000B3
:046BDF0000000000B2
:046BE00000000000B1
:046BE10000000000B0
:046BE20000000000AF
:046BE30000000000AE
:046BE40000000000AD
:046BE50000000000AC
:046BE60000000000AB
:046BE70000000000AA
:046BE80000000000A9
:046BE90000000000A8
:046BEA0000000000A7
:046BEB0000000000A6
:046BEC0000000000A5
:046BED0000000000A4
:046BEE0000000000A3
:046BEF0000000000A2
:046BF00000000000A1
:046BF10000000000A0
:046BF200000000009F
:046BF300000000009E
:046BF400000000009D
:046BF500000000009C
:046BF600000000009B
:046BF700000000009A
:046BF8000000000099
:046BF9000000000098
:046BFA000000000097
:046BFB000000000096
:046BFC000000000095
:046BFD000000000094
:046BFE000000000093
:046BFF000000000092
:046C00000000000090
:046C0100000000008F
:046C0200000000008E
:046C0300000000008D
:046C0400000000008C
:046C0500000000008B
:046C0600000000008A
:046C07000000000089
:046C08000000000088
:046C09000000000087
:046C0A000000000086
:046C0B000000000085
:046C0C000000000084
:046C0D000000000083
:046C0E000000000082
:046C0F000000000081
:046C10000000000080
:046C1100000000007F
:046C1200000000007E
:046C1300000000007D
:046C1400000000007C
:046C1500000000007B
:046C1600000000007A
:046C17000000000079
:046C18000000000078
:046C19000000000077
:046C1A000000000076
:046C1B000000000075
:046C1C000000000074
:046C1D000000000073
:046C1E000000000072
:046C1F000000000071
:046C20000000000070
:046C2100000000006F
:046C2200000000006E
:046C2300000000006D
:046C2400000000006C
:046C2500000000006B
:046C2600000000006A
:046C27000000000069
:046C28000000000068
:046C29000000000067
:046C2A000000000066
:046C2B000000000065
:046C2C000000000064
:046C2D000000000063
:046C2E000000000062
:046C2F000000000061
:046C30000000000060
:046C3100000000005F
:046C3200000000005E
:046C3300000000005D
:046C3400000000005C
:046C3500000000005B
:046C3600000000005A
:046C37000000000059
:046C38000000000058
:046C39000000000057
:046C3A000000000056
:046C3B000000000055
:046C3C000000000054
:046C3D000000000053
:046C3E000000000052
:046C3F000000000051
:046C40000000000050
:046C4100000000004F
:046C4200000000004E
:046C4300000000004D
:046C4400000000004C
:046C4500000000004B
:046C4600000000004A
:046C47000000000049
:046C48000000000048
:046C49000000000047
:046C4A000000000046
:046C4B000000000045
:046C4C000000000044
:046C4D000000000043
:046C4E000000000042
:046C4F000000000041
:046C50000000000040
:046C5100000000003F
:046C5200000000003E
:046C5300000000003D
:046C5400000000003C
:046C5500000000003B
:046C5600000000003A
:046C57000000000039
:046C58000000000038
:046C59000000000037
:046C5A000000000036
:046C5B000000000035
:046C5C000000000034
:046C5D000000000033
:046C5E000000000032
:046C5F000000000031
:046C60000000000030
:046C6100000000002F
:046C6200000000002E
:046C6300000000002D
:046C6400000000002C
:046C6500000000002B
:046C6600000000002A
:046C67000000000029
:046C68000000000028
:046C69000000000027
:046C6A000000000026
:046C6B000000000025
:046C6C000000000024
:046C6D000000000023
:046C6E000000000022
:046C6F000000000021
:046C70000000000020
:046C7100000000001F
:046C7200000000001E
:046C7300000000001D
:046C7400000000001C
:046C7500000000001B
:046C7600000000001A
:046C77000000000019
:046C78000000000018
:046C79000000000017
:046C7A000000000016
:046C7B000000000015
:046C7C000000000014
:046C7D000000000013
:046C7E000000000012
:046C7F000000000011
:046C80000000000010
:046C8100000000000F
:046C8200000000000E
:046C8300000000000D
:046C8400000000000C
:046C8500000000000B
:046C8600000000000A
:046C87000000000009
:046C88000000000008
:046C89000000000007
:046C8A000000000006
:046C8B000000000005
:046C8C000000000004
:046C8D000000000003
:046C8E000000000002
:046C8F000000000001
:046C90000000000000
:046C910000000000FF
:046C920000000000FE
:046C930000000000FD
:046C940000000000FC
:046C950000000000FB
:046C960000000000FA
:046C970000000000F9
:046C980000000000F8
:046C990000000000F7
:046C9A0000000000F6
:046C9B0000000000F5
:046C9C0000000000F4
:046C9D0000000000F3
:046C9E0000000000F2
:046C9F0000000000F1
:046CA00000000000F0
:046CA10000000000EF
:046CA20000000000EE
:046CA30000000000ED
:046CA40000000000EC
:046CA50000000000EB
:046CA60000000000EA
:046CA70000000000E9
:046CA80000000000E8
:046CA90000000000E7
:046CAA0000000000E6
:046CAB0000000000E5
:046CAC0000000000E4
:046CAD0000000000E3
:046CAE0000000000E2
:046CAF0000000000E1
:046CB00000000000E0
:046CB10000000000DF
:046CB20000000000DE
:046CB30000000000DD
:046CB40000000000DC
:046CB50000000000DB
:046CB60000000000DA
:046CB70000000000D9
:046CB80000000000D8
:046CB90000000000D7
:046CBA0000000000D6
:046CBB0000000000D5
:046CBC0000000000D4
:046CBD0000000000D3
:046CBE0000000000D2
:046CBF0000000000D1
:046CC00000000000D0
:046CC10000000000CF
:046CC20000000000CE
:046CC30000000000CD
:046CC40000000000CC
:046CC50000000000CB
:046CC60000000000CA
:046CC70000000000C9
:046CC80000000000C8
:046CC90000000000C7
:046CCA0000000000C6
:046CCB0000000000C5
:046CCC0000000000C4
:046CCD0000000000C3
:046CCE0000000000C2
:046CCF0000000000C1
:046CD00000000000C0
:046CD10000000000BF
:046CD20000000000BE
:046CD30000000000BD
:046CD40000000000BC
:046CD50000000000BB
:046CD60000000000BA
:046CD70000000000B9
:046CD80000000000B8
:046CD90000000000B7
:046CDA0000000000B6
:046CDB0000000000B5
:046CDC0000000000B4
:046CDD0000000000B3
:046CDE0000000000B2
:046CDF0000000000B1
:046CE00000000000B0
:046CE10000000000AF
:046CE20000000000AE
:046CE30000000000AD
:046CE40000000000AC
:046CE50000000000AB
:046CE60000000000AA
:046CE70000000000A9
:046CE80000000000A8
:046CE90000000000A7
:046CEA0000000000A6
:046CEB0000000000A5
:046CEC0000000000A4
:046CED0000000000A3
:046CEE0000000000A2
:046CEF0000000000A1
:046CF00000000000A0
:046CF100000000009F
:046CF200000000009E
:046CF300000000009D
:046CF400000000009C
:046CF500000000009B
:046CF600000000009A
:046CF7000000000099
:046CF8000000000098
:046CF9000000000097
:046CFA000000000096
:046CFB000000000095
:046CFC000000000094
:046CFD000000000093
:046CFE000000000092
:046CFF000000000091
:046D0000000000008F
:046D0100000000008E
:046D0200000000008D
:046D0300000000008C
:046D0400000000008B
:046D0500000000008A
:046D06000000000089
:046D07000000000088
:046D08000000000087
:046D09000000000086
:046D0A000000000085
:046D0B000000000084
:046D0C000000000083
:046D0D000000000082
:046D0E000000000081
:046D0F000000000080
:046D1000000000007F
:046D1100000000007E
:046D1200000000007D
:046D1300000000007C
:046D1400000000007B
:046D1500000000007A
:046D16000000000079
:046D17000000000078
:046D18000000000077
:046D19000000000076
:046D1A000000000075
:046D1B000000000074
:046D1C000000000073
:046D1D000000000072
:046D1E000000000071
:046D1F000000000070
:046D2000000000006F
:046D2100000000006E
:046D2200000000006D
:046D2300000000006C
:046D2400000000006B
:046D2500000000006A
:046D26000000000069
:046D27000000000068
:046D28000000000067
:046D29000000000066
:046D2A000000000065
:046D2B000000000064
:046D2C000000000063
:046D2D000000000062
:046D2E000000000061
:046D2F000000000060
:046D3000000000005F
:046D3100000000005E
:046D3200000000005D
:046D3300000000005C
:046D3400000000005B
:046D3500000000005A
:046D36000000000059
:046D37000000000058
:046D38000000000057
:046D39000000000056
:046D3A000000000055
:046D3B000000000054
:046D3C000000000053
:046D3D000000000052
:046D3E000000000051
:046D3F000000000050
:046D4000000000004F
:046D4100000000004E
:046D4200000000004D
:046D4300000000004C
:046D4400000000004B
:046D4500000000004A
:046D46000000000049
:046D47000000000048
:046D48000000000047
:046D49000000000046
:046D4A000000000045
:046D4B000000000044
:046D4C000000000043
:046D4D000000000042
:046D4E000000000041
:046D4F000000000040
:046D5000000000003F
:046D5100000000003E
:046D5200000000003D
:046D5300000000003C
:046D5400000000003B
:046D5500000000003A
:046D56000000000039
:046D57000000000038
:046D58000000000037
:046D59000000000036
:046D5A000000000035
:046D5B000000000034
:046D5C000000000033
:046D5D000000000032
:046D5E000000000031
:046D5F000000000030
:046D6000000000002F
:046D6100000000002E
:046D6200000000002D
:046D6300000000002C
:046D6400000000002B
:046D6500000000002A
:046D66000000000029
:046D67000000000028
:046D68000000000027
:046D69000000000026
:046D6A000000000025
:046D6B000000000024
:046D6C000000000023
:046D6D000000000022
:046D6E000000000021
:046D6F000000000020
:046D7000000000001F
:046D7100000000001E
:046D7200000000001D
:046D7300000000001C
:046D7400000000001B
:046D7500000000001A
:046D76000000000019
:046D77000000000018
:046D78000000000017
:046D79000000000016
:046D7A000000000015
:046D7B000000000014
:046D7C000000000013
:046D7D000000000012
:046D7E000000000011
:046D7F000000000010
:046D8000000000000F
:046D8100000000000E
:046D8200000000000D
:046D8300000000000C
:046D8400000000000B
:046D8500000000000A
:046D86000000000009
:046D87000000000008
:046D88000000000007
:046D89000000000006
:046D8A000000000005
:046D8B000000000004
:046D8C000000000003
:046D8D000000000002
:046D8E000000000001
:046D8F000000000000
:046D900000000000FF
:046D910000000000FE
:046D920000000000FD
:046D930000000000FC
:046D940000000000FB
:046D950000000000FA
:046D960000000000F9
:046D970000000000F8
:046D980000000000F7
:046D990000000000F6
:046D9A0000000000F5
:046D9B0000000000F4
:046D9C0000000000F3
:046D9D0000000000F2
:046D9E0000000000F1
:046D9F0000000000F0
:046DA00000000000EF
:046DA10000000000EE
:046DA20000000000ED
:046DA30000000000EC
:046DA40000000000EB
:046DA50000000000EA
:046DA60000000000E9
:046DA70000000000E8
:046DA80000000000E7
:046DA90000000000E6
:046DAA0000000000E5
:046DAB0000000000E4
:046DAC0000000000E3
:046DAD0000000000E2
:046DAE0000000000E1
:046DAF0000000000E0
:046DB00000000000DF
:046DB10000000000DE
:046DB20000000000DD
:046DB30000000000DC
:046DB40000000000DB
:046DB50000000000DA
:046DB60000000000D9
:046DB70000000000D8
:046DB80000000000D7
:046DB90000000000D6
:046DBA0000000000D5
:046DBB0000000000D4
:046DBC0000000000D3
:046DBD0000000000D2
:046DBE0000000000D1
:046DBF0000000000D0
:046DC00000000000CF
:046DC10000000000CE
:046DC20000000000CD
:046DC30000000000CC
:046DC40000000000CB
:046DC50000000000CA
:046DC60000000000C9
:046DC70000000000C8
:046DC80000000000C7
:046DC90000000000C6
:046DCA0000000000C5
:046DCB0000000000C4
:046DCC0000000000C3
:046DCD0000000000C2
:046DCE0000000000C1
:046DCF0000000000C0
:046DD00000000000BF
:046DD10000000000BE
:046DD20000000000BD
:046DD30000000000BC
:046DD40000000000BB
:046DD50000000000BA
:046DD60000000000B9
:046DD70000000000B8
:046DD80000000000B7
:046DD90000000000B6
:046DDA0000000000B5
:046DDB0000000000B4
:046DDC0000000000B3
:046DDD0000000000B2
:046DDE0000000000B1
:046DDF0000000000B0
:046DE00000000000AF
:046DE10000000000AE
:046DE20000000000AD
:046DE30000000000AC
:046DE40000000000AB
:046DE50000000000AA
:046DE60000000000A9
:046DE70000000000A8
:046DE80000000000A7
:046DE90000000000A6
:046DEA0000000000A5
:046DEB0000000000A4
:046DEC0000000000A3
:046DED0000000000A2
:046DEE0000000000A1
:046DEF0000000000A0
:046DF000000000009F
:046DF100000000009E
:046DF200000000009D
:046DF300000000009C
:046DF400000000009B
:046DF500000000009A
:046DF6000000000099
:046DF7000000000098
:046DF8000000000097
:046DF9000000000096
:046DFA000000000095
:046DFB000000000094
:046DFC000000000093
:046DFD000000000092
:046DFE000000000091
:046DFF000000000090
:046E0000000000008E
:046E0100000000008D
:046E0200000000008C
:046E0300000000008B
:046E0400000000008A
:046E05000000000089
:046E06000000000088
:046E07000000000087
:046E08000000000086
:046E09000000000085
:046E0A000000000084
:046E0B000000000083
:046E0C000000000082
:046E0D000000000081
:046E0E000000000080
:046E0F00000000007F
:046E1000000000007E
:046E1100000000007D
:046E1200000000007C
:046E1300000000007B
:046E1400000000007A
:046E15000000000079
:046E16000000000078
:046E17000000000077
:046E18000000000076
:046E19000000000075
:046E1A000000000074
:046E1B000000000073
:046E1C000000000072
:046E1D000000000071
:046E1E000000000070
:046E1F00000000006F
:046E2000000000006E
:046E2100000000006D
:046E2200000000006C
:046E2300000000006B
:046E2400000000006A
:046E25000000000069
:046E26000000000068
:046E27000000000067
:046E28000000000066
:046E29000000000065
:046E2A000000000064
:046E2B000000000063
:046E2C000000000062
:046E2D000000000061
:046E2E000000000060
:046E2F00000000005F
:046E3000000000005E
:046E3100000000005D
:046E3200000000005C
:046E3300000000005B
:046E3400000000005A
:046E35000000000059
:046E36000000000058
:046E37000000000057
:046E38000000000056
:046E39000000000055
:046E3A000000000054
:046E3B000000000053
:046E3C000000000052
:046E3D000000000051
:046E3E000000000050
:046E3F00000000004F
:046E4000000000004E
:046E4100000000004D
:046E4200000000004C
:046E4300000000004B
:046E4400000000004A
:046E45000000000049
:046E46000000000048
:046E47000000000047
:046E48000000000046
:046E49000000000045
:046E4A000000000044
:046E4B000000000043
:046E4C000000000042
:046E4D000000000041
:046E4E000000000040
:046E4F00000000003F
:046E5000000000003E
:046E5100000000003D
:046E5200000000003C
:046E5300000000003B
:046E5400000000003A
:046E55000000000039
:046E56000000000038
:046E57000000000037
:046E58000000000036
:046E59000000000035
:046E5A000000000034
:046E5B000000000033
:046E5C000000000032
:046E5D000000000031
:046E5E000000000030
:046E5F00000000002F
:046E6000000000002E
:046E6100000000002D
:046E6200000000002C
:046E6300000000002B
:046E6400000000002A
:046E65000000000029
:046E66000000000028
:046E67000000000027
:046E68000000000026
:046E69000000000025
:046E6A000000000024
:046E6B000000000023
:046E6C000000000022
:046E6D000000000021
:046E6E000000000020
:046E6F00000000001F
:046E7000000000001E
:046E7100000000001D
:046E7200000000001C
:046E7300000000001B
:046E7400000000001A
:046E75000000000019
:046E76000000000018
:046E77000000000017
:046E78000000000016
:046E79000000000015
:046E7A000000000014
:046E7B000000000013
:046E7C000000000012
:046E7D000000000011
:046E7E000000000010
:046E7F00000000000F
:046E8000000000000E
:046E8100000000000D
:046E8200000000000C
:046E8300000000000B
:046E8400000000000A
:046E85000000000009
:046E86000000000008
:046E87000000000007
:046E88000000000006
:046E89000000000005
:046E8A000000000004
:046E8B000000000003
:046E8C000000000002
:046E8D000000000001
:046E8E000000000000
:046E8F0000000000FF
:046E900000000000FE
:046E910000000000FD
:046E920000000000FC
:046E930000000000FB
:046E940000000000FA
:046E950000000000F9
:046E960000000000F8
:046E970000000000F7
:046E980000000000F6
:046E990000000000F5
:046E9A0000000000F4
:046E9B0000000000F3
:046E9C0000000000F2
:046E9D0000000000F1
:046E9E0000000000F0
:046E9F0000000000EF
:046EA00000000000EE
:046EA10000000000ED
:046EA20000000000EC
:046EA30000000000EB
:046EA40000000000EA
:046EA50000000000E9
:046EA60000000000E8
:046EA70000000000E7
:046EA80000000000E6
:046EA90000000000E5
:046EAA0000000000E4
:046EAB0000000000E3
:046EAC0000000000E2
:046EAD0000000000E1
:046EAE0000000000E0
:046EAF0000000000DF
:046EB00000000000DE
:046EB10000000000DD
:046EB20000000000DC
:046EB30000000000DB
:046EB40000000000DA
:046EB50000000000D9
:046EB60000000000D8
:046EB70000000000D7
:046EB80000000000D6
:046EB90000000000D5
:046EBA0000000000D4
:046EBB0000000000D3
:046EBC0000000000D2
:046EBD0000000000D1
:046EBE0000000000D0
:046EBF0000000000CF
:046EC00000000000CE
:046EC10000000000CD
:046EC20000000000CC
:046EC30000000000CB
:046EC40000000000CA
:046EC50000000000C9
:046EC60000000000C8
:046EC70000000000C7
:046EC80000000000C6
:046EC90000000000C5
:046ECA0000000000C4
:046ECB0000000000C3
:046ECC0000000000C2
:046ECD0000000000C1
:046ECE0000000000C0
:046ECF0000000000BF
:046ED00000000000BE
:046ED10000000000BD
:046ED20000000000BC
:046ED30000000000BB
:046ED40000000000BA
:046ED50000000000B9
:046ED60000000000B8
:046ED70000000000B7
:046ED80000000000B6
:046ED90000000000B5
:046EDA0000000000B4
:046EDB0000000000B3
:046EDC0000000000B2
:046EDD0000000000B1
:046EDE0000000000B0
:046EDF0000000000AF
:046EE00000000000AE
:046EE10000000000AD
:046EE20000000000AC
:046EE30000000000AB
:046EE40000000000AA
:046EE50000000000A9
:046EE60000000000A8
:046EE70000000000A7
:046EE80000000000A6
:046EE90000000000A5
:046EEA0000000000A4
:046EEB0000000000A3
:046EEC0000000000A2
:046EED0000000000A1
:046EEE0000000000A0
:046EEF00000000009F
:046EF000000000009E
:046EF100000000009D
:046EF200000000009C
:046EF300000000009B
:046EF400000000009A
:046EF5000000000099
:046EF6000000000098
:046EF7000000000097
:046EF8000000000096
:046EF9000000000095
:046EFA000000000094
:046EFB000000000093
:046EFC000000000092
:046EFD000000000091
:046EFE000000000090
:046EFF00000000008F
:046F0000000000008D
:046F0100000000008C
:046F0200000000008B
:046F0300000000008A
:046F04000000000089
:046F05000000000088
:046F06000000000087
:046F07000000000086
:046F08000000000085
:046F09000000000084
:046F0A000000000083
:046F0B000000000082
:046F0C000000000081
:046F0D000000000080
:046F0E00000000007F
:046F0F00000000007E
:046F1000000000007D
:046F1100000000007C
:046F1200000000007B
:046F1300000000007A
:046F14000000000079
:046F15000000000078
:046F16000000000077
:046F17000000000076
:046F18000000000075
:046F19000000000074
:046F1A000000000073
:046F1B000000000072
:046F1C000000000071
:046F1D000000000070
:046F1E00000000006F
:046F1F00000000006E
:046F2000000000006D
:046F2100000000006C
:046F2200000000006B
:046F2300000000006A
:046F24000000000069
:046F25000000000068
:046F26000000000067
:046F27000000000066
:046F28000000000065
:046F29000000000064
:046F2A000000000063
:046F2B000000000062
:046F2C000000000061
:046F2D000000000060
:046F2E00000000005F
:046F2F00000000005E
:046F3000000000005D
:046F3100000000005C
:046F3200000000005B
:046F3300000000005A
:046F34000000000059
:046F35000000000058
:046F36000000000057
:046F37000000000056
:046F38000000000055
:046F39000000000054
:046F3A000000000053
:046F3B000000000052
:046F3C000000000051
:046F3D000000000050
:046F3E00000000004F
:046F3F00000000004E
:046F4000000000004D
:046F4100000000004C
:046F4200000000004B
:046F4300000000004A
:046F44000000000049
:046F45000000000048
:046F46000000000047
:046F47000000000046
:046F48000000000045
:046F49000000000044
:046F4A000000000043
:046F4B000000000042
:046F4C000000000041
:046F4D000000000040
:046F4E00000000003F
:046F4F00000000003E
:046F5000000000003D
:046F5100000000003C
:046F5200000000003B
:046F5300000000003A
:046F54000000000039
:046F55000000000038
:046F56000000000037
:046F57000000000036
:046F58000000000035
:046F59000000000034
:046F5A000000000033
:046F5B000000000032
:046F5C000000000031
:046F5D000000000030
:046F5E00000000002F
:046F5F00000000002E
:046F6000000000002D
:046F6100000000002C
:046F6200000000002B
:046F6300000000002A
:046F64000000000029
:046F65000000000028
:046F66000000000027
:046F67000000000026
:046F68000000000025
:046F69000000000024
:046F6A000000000023
:046F6B000000000022
:046F6C000000000021
:046F6D000000000020
:046F6E00000000001F
:046F6F00000000001E
:046F7000000000001D
:046F7100000000001C
:046F7200000000001B
:046F7300000000001A
:046F74000000000019
:046F75000000000018
:046F76000000000017
:046F77000000000016
:046F78000000000015
:046F79000000000014
:046F7A000000000013
:046F7B000000000012
:046F7C000000000011
:046F7D000000000010
:046F7E00000000000F
:046F7F00000000000E
:046F8000000000000D
:046F8100000000000C
:046F8200000000000B
:046F8300000000000A
:046F84000000000009
:046F85000000000008
:046F86000000000007
:046F87000000000006
:046F88000000000005
:046F89000000000004
:046F8A000000000003
:046F8B000000000002
:046F8C000000000001
:046F8D000000000000
:046F8E0000000000FF
:046F8F0000000000FE
:046F900000000000FD
:046F910000000000FC
:046F920000000000FB
:046F930000000000FA
:046F940000000000F9
:046F950000000000F8
:046F960000000000F7
:046F970000000000F6
:046F980000000000F5
:046F990000000000F4
:046F9A0000000000F3
:046F9B0000000000F2
:046F9C0000000000F1
:046F9D0000000000F0
:046F9E0000000000EF
:046F9F0000000000EE
:046FA00000000000ED
:046FA10000000000EC
:046FA20000000000EB
:046FA30000000000EA
:046FA40000000000E9
:046FA50000000000E8
:046FA60000000000E7
:046FA70000000000E6
:046FA80000000000E5
:046FA90000000000E4
:046FAA0000000000E3
:046FAB0000000000E2
:046FAC0000000000E1
:046FAD0000000000E0
:046FAE0000000000DF
:046FAF0000000000DE
:046FB00000000000DD
:046FB10000000000DC
:046FB20000000000DB
:046FB30000000000DA
:046FB40000000000D9
:046FB50000000000D8
:046FB60000000000D7
:046FB70000000000D6
:046FB80000000000D5
:046FB90000000000D4
:046FBA0000000000D3
:046FBB0000000000D2
:046FBC0000000000D1
:046FBD0000000000D0
:046FBE0000000000CF
:046FBF0000000000CE
:046FC00000000000CD
:046FC10000000000CC
:046FC20000000000CB
:046FC30000000000CA
:046FC40000000000C9
:046FC50000000000C8
:046FC60000000000C7
:046FC70000000000C6
:046FC80000000000C5
:046FC90000000000C4
:046FCA0000000000C3
:046FCB0000000000C2
:046FCC0000000000C1
:046FCD0000000000C0
:046FCE0000000000BF
:046FCF0000000000BE
:046FD00000000000BD
:046FD10000000000BC
:046FD20000000000BB
:046FD30000000000BA
:046FD40000000000B9
:046FD50000000000B8
:046FD60000000000B7
:046FD70000000000B6
:046FD80000000000B5
:046FD90000000000B4
:046FDA0000000000B3
:046FDB0000000000B2
:046FDC0000000000B1
:046FDD0000000000B0
:046FDE0000000000AF
:046FDF0000000000AE
:046FE00000000000AD
:046FE10000000000AC
:046FE20000000000AB
:046FE30000000000AA
:046FE40000000000A9
:046FE50000000000A8
:046FE60000000000A7
:046FE70000000000A6
:046FE80000000000A5
:046FE90000000000A4
:046FEA0000000000A3
:046FEB0000000000A2
:046FEC0000000000A1
:046FED0000000000A0
:046FEE00000000009F
:046FEF00000000009E
:046FF000000000009D
:046FF100000000009C
:046FF200000000009B
:046FF300000000009A
:046FF4000000000099
:046FF5000000000098
:046FF6000000000097
:046FF7000000000096
:046FF8000000000095
:046FF9000000000094
:046FFA000000000093
:046FFB000000000092
:046FFC000000000091
:046FFD000000000090
:046FFE00000000008F
:046FFF00000000008E
:04700000000000008C
:04700100000000008B
:04700200000000008A
:047003000000000089
:047004000000000088
:047005000000000087
:047006000000000086
:047007000000000085
:047008000000000084
:047009000000000083
:04700A000000000082
:04700B000000000081
:04700C000000000080
:04700D00000000007F
:04700E00000000007E
:04700F00000000007D
:04701000000000007C
:04701100000000007B
:04701200000000007A
:047013000000000079
:047014000000000078
:047015000000000077
:047016000000000076
:047017000000000075
:047018000000000074
:047019000000000073
:04701A000000000072
:04701B000000000071
:04701C000000000070
:04701D00000000006F
:04701E00000000006E
:04701F00000000006D
:04702000000000006C
:04702100000000006B
:04702200000000006A
:047023000000000069
:047024000000000068
:047025000000000067
:047026000000000066
:047027000000000065
:047028000000000064
:047029000000000063
:04702A000000000062
:04702B000000000061
:04702C000000000060
:04702D00000000005F
:04702E00000000005E
:04702F00000000005D
:04703000000000005C
:04703100000000005B
:04703200000000005A
:047033000000000059
:047034000000000058
:047035000000000057
:047036000000000056
:047037000000000055
:047038000000000054
:047039000000000053
:04703A000000000052
:04703B000000000051
:04703C000000000050
:04703D00000000004F
:04703E00000000004E
:04703F00000000004D
:04704000000000004C
:04704100000000004B
:04704200000000004A
:047043000000000049
:047044000000000048
:047045000000000047
:047046000000000046
:047047000000000045
:047048000000000044
:047049000000000043
:04704A000000000042
:04704B000000000041
:04704C000000000040
:04704D00000000003F
:04704E00000000003E
:04704F00000000003D
:04705000000000003C
:04705100000000003B
:04705200000000003A
:047053000000000039
:047054000000000038
:047055000000000037
:047056000000000036
:047057000000000035
:047058000000000034
:047059000000000033
:04705A000000000032
:04705B000000000031
:04705C000000000030
:04705D00000000002F
:04705E00000000002E
:04705F00000000002D
:04706000000000002C
:04706100000000002B
:04706200000000002A
:047063000000000029
:047064000000000028
:047065000000000027
:047066000000000026
:047067000000000025
:047068000000000024
:047069000000000023
:04706A000000000022
:04706B000000000021
:04706C000000000020
:04706D00000000001F
:04706E00000000001E
:04706F00000000001D
:04707000000000001C
:04707100000000001B
:04707200000000001A
:047073000000000019
:047074000000000018
:047075000000000017
:047076000000000016
:047077000000000015
:047078000000000014
:047079000000000013
:04707A000000000012
:04707B000000000011
:04707C000000000010
:04707D00000000000F
:04707E00000000000E
:04707F00000000000D
:04708000000000000C
:04708100000000000B
:04708200000000000A
:047083000000000009
:047084000000000008
:047085000000000007
:047086000000000006
:047087000000000005
:047088000000000004
:047089000000000003
:04708A000000000002
:04708B000000000001
:04708C000000000000
:04708D0000000000FF
:04708E0000000000FE
:04708F0000000000FD
:0470900000000000FC
:0470910000000000FB
:0470920000000000FA
:0470930000000000F9
:0470940000000000F8
:0470950000000000F7
:0470960000000000F6
:0470970000000000F5
:0470980000000000F4
:0470990000000000F3
:04709A0000000000F2
:04709B0000000000F1
:04709C0000000000F0
:04709D0000000000EF
:04709E0000000000EE
:04709F0000000000ED
:0470A00000000000EC
:0470A10000000000EB
:0470A20000000000EA
:0470A30000000000E9
:0470A40000000000E8
:0470A50000000000E7
:0470A60000000000E6
:0470A70000000000E5
:0470A80000000000E4
:0470A90000000000E3
:0470AA0000000000E2
:0470AB0000000000E1
:0470AC0000000000E0
:0470AD0000000000DF
:0470AE0000000000DE
:0470AF0000000000DD
:0470B00000000000DC
:0470B10000000000DB
:0470B20000000000DA
:0470B30000000000D9
:0470B40000000000D8
:0470B50000000000D7
:0470B60000000000D6
:0470B70000000000D5
:0470B80000000000D4
:0470B90000000000D3
:0470BA0000000000D2
:0470BB0000000000D1
:0470BC0000000000D0
:0470BD0000000000CF
:0470BE0000000000CE
:0470BF0000000000CD
:0470C00000000000CC
:0470C10000000000CB
:0470C20000000000CA
:0470C30000000000C9
:0470C40000000000C8
:0470C50000000000C7
:0470C60000000000C6
:0470C70000000000C5
:0470C80000000000C4
:0470C90000000000C3
:0470CA0000000000C2
:0470CB0000000000C1
:0470CC0000000000C0
:0470CD0000000000BF
:0470CE0000000000BE
:0470CF0000000000BD
:0470D00000000000BC
:0470D10000000000BB
:0470D20000000000BA
:0470D30000000000B9
:0470D40000000000B8
:0470D50000000000B7
:0470D60000000000B6
:0470D70000000000B5
:0470D80000000000B4
:0470D90000000000B3
:0470DA0000000000B2
:0470DB0000000000B1
:0470DC0000000000B0
:0470DD0000000000AF
:0470DE0000000000AE
:0470DF0000000000AD
:0470E00000000000AC
:0470E10000000000AB
:0470E20000000000AA
:0470E30000000000A9
:0470E40000000000A8
:0470E50000000000A7
:0470E60000000000A6
:0470E70000000000A5
:0470E80000000000A4
:0470E90000000000A3
:0470EA0000000000A2
:0470EB0000000000A1
:0470EC0000000000A0
:0470ED00000000009F
:0470EE00000000009E
:0470EF00000000009D
:0470F000000000009C
:0470F100000000009B
:0470F200000000009A
:0470F3000000000099
:0470F4000000000098
:0470F5000000000097
:0470F6000000000096
:0470F7000000000095
:0470F8000000000094
:0470F9000000000093
:0470FA000000000092
:0470FB000000000091
:0470FC000000000090
:0470FD00000000008F
:0470FE00000000008E
:0470FF00000000008D
:04710000000000008B
:04710100000000008A
:047102000000000089
:047103000000000088
:047104000000000087
:047105000000000086
:047106000000000085
:047107000000000084
:047108000000000083
:047109000000000082
:04710A000000000081
:04710B000000000080
:04710C00000000007F
:04710D00000000007E
:04710E00000000007D
:04710F00000000007C
:04711000000000007B
:04711100000000007A
:047112000000000079
:047113000000000078
:047114000000000077
:047115000000000076
:047116000000000075
:047117000000000074
:047118000000000073
:047119000000000072
:04711A000000000071
:04711B000000000070
:04711C00000000006F
:04711D00000000006E
:04711E00000000006D
:04711F00000000006C
:04712000000000006B
:04712100000000006A
:047122000000000069
:047123000000000068
:047124000000000067
:047125000000000066
:047126000000000065
:047127000000000064
:047128000000000063
:047129000000000062
:04712A000000000061
:04712B000000000060
:04712C00000000005F
:04712D00000000005E
:04712E00000000005D
:04712F00000000005C
:04713000000000005B
:04713100000000005A
:047132000000000059
:047133000000000058
:047134000000000057
:047135000000000056
:047136000000000055
:047137000000000054
:047138000000000053
:047139000000000052
:04713A000000000051
:04713B000000000050
:04713C00000000004F
:04713D00000000004E
:04713E00000000004D
:04713F00000000004C
:04714000000000004B
:04714100000000004A
:047142000000000049
:047143000000000048
:047144000000000047
:047145000000000046
:047146000000000045
:047147000000000044
:047148000000000043
:047149000000000042
:04714A000000000041
:04714B000000000040
:04714C00000000003F
:04714D00000000003E
:04714E00000000003D
:04714F00000000003C
:04715000000000003B
:04715100000000003A
:047152000000000039
:047153000000000038
:047154000000000037
:047155000000000036
:047156000000000035
:047157000000000034
:047158000000000033
:047159000000000032
:04715A000000000031
:04715B000000000030
:04715C00000000002F
:04715D00000000002E
:04715E00000000002D
:04715F00000000002C
:04716000000000002B
:04716100000000002A
:047162000000000029
:047163000000000028
:047164000000000027
:047165000000000026
:047166000000000025
:047167000000000024
:047168000000000023
:047169000000000022
:04716A000000000021
:04716B000000000020
:04716C00000000001F
:04716D00000000001E
:04716E00000000001D
:04716F00000000001C
:04717000000000001B
:04717100000000001A
:047172000000000019
:047173000000000018
:047174000000000017
:047175000000000016
:047176000000000015
:047177000000000014
:047178000000000013
:047179000000000012
:04717A000000000011
:04717B000000000010
:04717C00000000000F
:04717D00000000000E
:04717E00000000000D
:04717F00000000000C
:04718000000000000B
:04718100000000000A
:047182000000000009
:047183000000000008
:047184000000000007
:047185000000000006
:047186000000000005
:047187000000000004
:047188000000000003
:047189000000000002
:04718A000000000001
:04718B000000000000
:04718C0000000000FF
:04718D0000000000FE
:04718E0000000000FD
:04718F0000000000FC
:0471900000000000FB
:0471910000000000FA
:0471920000000000F9
:0471930000000000F8
:0471940000000000F7
:0471950000000000F6
:0471960000000000F5
:0471970000000000F4
:0471980000000000F3
:0471990000000000F2
:04719A0000000000F1
:04719B0000000000F0
:04719C0000000000EF
:04719D0000000000EE
:04719E0000000000ED
:04719F0000000000EC
:0471A00000000000EB
:0471A10000000000EA
:0471A20000000000E9
:0471A30000000000E8
:0471A40000000000E7
:0471A50000000000E6
:0471A60000000000E5
:0471A70000000000E4
:0471A80000000000E3
:0471A90000000000E2
:0471AA0000000000E1
:0471AB0000000000E0
:0471AC0000000000DF
:0471AD0000000000DE
:0471AE0000000000DD
:0471AF0000000000DC
:0471B00000000000DB
:0471B10000000000DA
:0471B20000000000D9
:0471B30000000000D8
:0471B40000000000D7
:0471B50000000000D6
:0471B60000000000D5
:0471B70000000000D4
:0471B80000000000D3
:0471B90000000000D2
:0471BA0000000000D1
:0471BB0000000000D0
:0471BC0000000000CF
:0471BD0000000000CE
:0471BE0000000000CD
:0471BF0000000000CC
:0471C00000000000CB
:0471C10000000000CA
:0471C20000000000C9
:0471C30000000000C8
:0471C40000000000C7
:0471C50000000000C6
:0471C60000000000C5
:0471C70000000000C4
:0471C80000000000C3
:0471C90000000000C2
:0471CA0000000000C1
:0471CB0000000000C0
:0471CC0000000000BF
:0471CD0000000000BE
:0471CE0000000000BD
:0471CF0000000000BC
:0471D00000000000BB
:0471D10000000000BA
:0471D20000000000B9
:0471D30000000000B8
:0471D40000000000B7
:0471D50000000000B6
:0471D60000000000B5
:0471D70000000000B4
:0471D80000000000B3
:0471D90000000000B2
:0471DA0000000000B1
:0471DB0000000000B0
:0471DC0000000000AF
:0471DD0000000000AE
:0471DE0000000000AD
:0471DF0000000000AC
:0471E00000000000AB
:0471E10000000000AA
:0471E20000000000A9
:0471E30000000000A8
:0471E40000000000A7
:0471E50000000000A6
:0471E60000000000A5
:0471E70000000000A4
:0471E80000000000A3
:0471E90000000000A2
:0471EA0000000000A1
:0471EB0000000000A0
:0471EC00000000009F
:0471ED00000000009E
:0471EE00000000009D
:0471EF00000000009C
:0471F000000000009B
:0471F100000000009A
:0471F2000000000099
:0471F3000000000098
:0471F4000000000097
:0471F5000000000096
:0471F6000000000095
:0471F7000000000094
:0471F8000000000093
:0471F9000000000092
:0471FA000000000091
:0471FB000000000090
:0471FC00000000008F
:0471FD00000000008E
:0471FE00000000008D
:0471FF00000000008C
:04720000000000008A
:047201000000000089
:047202000000000088
:047203000000000087
:047204000000000086
:047205000000000085
:047206000000000084
:047207000000000083
:047208000000000082
:047209000000000081
:04720A000000000080
:04720B00000000007F
:04720C00000000007E
:04720D00000000007D
:04720E00000000007C
:04720F00000000007B
:04721000000000007A
:047211000000000079
:047212000000000078
:047213000000000077
:047214000000000076
:047215000000000075
:047216000000000074
:047217000000000073
:047218000000000072
:047219000000000071
:04721A000000000070
:04721B00000000006F
:04721C00000000006E
:04721D00000000006D
:04721E00000000006C
:04721F00000000006B
:04722000000000006A
:047221000000000069
:047222000000000068
:047223000000000067
:047224000000000066
:047225000000000065
:047226000000000064
:047227000000000063
:047228000000000062
:047229000000000061
:04722A000000000060
:04722B00000000005F
:04722C00000000005E
:04722D00000000005D
:04722E00000000005C
:04722F00000000005B
:04723000000000005A
:047231000000000059
:047232000000000058
:047233000000000057
:047234000000000056
:047235000000000055
:047236000000000054
:047237000000000053
:047238000000000052
:047239000000000051
:04723A000000000050
:04723B00000000004F
:04723C00000000004E
:04723D00000000004D
:04723E00000000004C
:04723F00000000004B
:04724000000000004A
:047241000000000049
:047242000000000048
:047243000000000047
:047244000000000046
:047245000000000045
:047246000000000044
:047247000000000043
:047248000000000042
:047249000000000041
:04724A000000000040
:04724B00000000003F
:04724C00000000003E
:04724D00000000003D
:04724E00000000003C
:04724F00000000003B
:04725000000000003A
:047251000000000039
:047252000000000038
:047253000000000037
:047254000000000036
:047255000000000035
:047256000000000034
:047257000000000033
:047258000000000032
:047259000000000031
:04725A000000000030
:04725B00000000002F
:04725C00000000002E
:04725D00000000002D
:04725E00000000002C
:04725F00000000002B
:04726000000000002A
:047261000000000029
:047262000000000028
:047263000000000027
:047264000000000026
:047265000000000025
:047266000000000024
:047267000000000023
:047268000000000022
:047269000000000021
:04726A000000000020
:04726B00000000001F
:04726C00000000001E
:04726D00000000001D
:04726E00000000001C
:04726F00000000001B
:04727000000000001A
:047271000000000019
:047272000000000018
:047273000000000017
:047274000000000016
:047275000000000015
:047276000000000014
:047277000000000013
:047278000000000012
:047279000000000011
:04727A000000000010
:04727B00000000000F
:04727C00000000000E
:04727D00000000000D
:04727E00000000000C
:04727F00000000000B
:04728000000000000A
:047281000000000009
:047282000000000008
:047283000000000007
:047284000000000006
:047285000000000005
:047286000000000004
:047287000000000003
:047288000000000002
:047289000000000001
:04728A000000000000
:04728B0000000000FF
:04728C0000000000FE
:04728D0000000000FD
:04728E0000000000FC
:04728F0000000000FB
:0472900000000000FA
:0472910000000000F9
:0472920000000000F8
:0472930000000000F7
:0472940000000000F6
:0472950000000000F5
:0472960000000000F4
:0472970000000000F3
:0472980000000000F2
:0472990000000000F1
:04729A0000000000F0
:04729B0000000000EF
:04729C0000000000EE
:04729D0000000000ED
:04729E0000000000EC
:04729F0000000000EB
:0472A00000000000EA
:0472A10000000000E9
:0472A20000000000E8
:0472A30000000000E7
:0472A40000000000E6
:0472A50000000000E5
:0472A60000000000E4
:0472A70000000000E3
:0472A80000000000E2
:0472A90000000000E1
:0472AA0000000000E0
:0472AB0000000000DF
:0472AC0000000000DE
:0472AD0000000000DD
:0472AE0000000000DC
:0472AF0000000000DB
:0472B00000000000DA
:0472B10000000000D9
:0472B20000000000D8
:0472B30000000000D7
:0472B40000000000D6
:0472B50000000000D5
:0472B60000000000D4
:0472B70000000000D3
:0472B80000000000D2
:0472B90000000000D1
:0472BA0000000000D0
:0472BB0000000000CF
:0472BC0000000000CE
:0472BD0000000000CD
:0472BE0000000000CC
:0472BF0000000000CB
:0472C00000000000CA
:0472C10000000000C9
:0472C20000000000C8
:0472C30000000000C7
:0472C40000000000C6
:0472C50000000000C5
:0472C60000000000C4
:0472C70000000000C3
:0472C80000000000C2
:0472C90000000000C1
:0472CA0000000000C0
:0472CB0000000000BF
:0472CC0000000000BE
:0472CD0000000000BD
:0472CE0000000000BC
:0472CF0000000000BB
:0472D00000000000BA
:0472D10000000000B9
:0472D20000000000B8
:0472D30000000000B7
:0472D40000000000B6
:0472D50000000000B5
:0472D60000000000B4
:0472D70000000000B3
:0472D80000000000B2
:0472D90000000000B1
:0472DA0000000000B0
:0472DB0000000000AF
:0472DC0000000000AE
:0472DD0000000000AD
:0472DE0000000000AC
:0472DF0000000000AB
:0472E00000000000AA
:0472E10000000000A9
:0472E20000000000A8
:0472E30000000000A7
:0472E40000000000A6
:0472E50000000000A5
:0472E60000000000A4
:0472E70000000000A3
:0472E80000000000A2
:0472E90000000000A1
:0472EA0000000000A0
:0472EB00000000009F
:0472EC00000000009E
:0472ED00000000009D
:0472EE00000000009C
:0472EF00000000009B
:0472F000000000009A
:0472F1000000000099
:0472F2000000000098
:0472F3000000000097
:0472F4000000000096
:0472F5000000000095
:0472F6000000000094
:0472F7000000000093
:0472F8000000000092
:0472F9000000000091
:0472FA000000000090
:0472FB00000000008F
:0472FC00000000008E
:0472FD00000000008D
:0472FE00000000008C
:0472FF00000000008B
:047300000000000089
:047301000000000088
:047302000000000087
:047303000000000086
:047304000000000085
:047305000000000084
:047306000000000083
:047307000000000082
:047308000000000081
:047309000000000080
:04730A00000000007F
:04730B00000000007E
:04730C00000000007D
:04730D00000000007C
:04730E00000000007B
:04730F00000000007A
:047310000000000079
:047311000000000078
:047312000000000077
:047313000000000076
:047314000000000075
:047315000000000074
:047316000000000073
:047317000000000072
:047318000000000071
:047319000000000070
:04731A00000000006F
:04731B00000000006E
:04731C00000000006D
:04731D00000000006C
:04731E00000000006B
:04731F00000000006A
:047320000000000069
:047321000000000068
:047322000000000067
:047323000000000066
:047324000000000065
:047325000000000064
:047326000000000063
:047327000000000062
:047328000000000061
:047329000000000060
:04732A00000000005F
:04732B00000000005E
:04732C00000000005D
:04732D00000000005C
:04732E00000000005B
:04732F00000000005A
:047330000000000059
:047331000000000058
:047332000000000057
:047333000000000056
:047334000000000055
:047335000000000054
:047336000000000053
:047337000000000052
:047338000000000051
:047339000000000050
:04733A00000000004F
:04733B00000000004E
:04733C00000000004D
:04733D00000000004C
:04733E00000000004B
:04733F00000000004A
:047340000000000049
:047341000000000048
:047342000000000047
:047343000000000046
:047344000000000045
:047345000000000044
:047346000000000043
:047347000000000042
:047348000000000041
:047349000000000040
:04734A00000000003F
:04734B00000000003E
:04734C00000000003D
:04734D00000000003C
:04734E00000000003B
:04734F00000000003A
:047350000000000039
:047351000000000038
:047352000000000037
:047353000000000036
:047354000000000035
:047355000000000034
:047356000000000033
:047357000000000032
:047358000000000031
:047359000000000030
:04735A00000000002F
:04735B00000000002E
:04735C00000000002D
:04735D00000000002C
:04735E00000000002B
:04735F00000000002A
:047360000000000029
:047361000000000028
:047362000000000027
:047363000000000026
:047364000000000025
:047365000000000024
:047366000000000023
:047367000000000022
:047368000000000021
:047369000000000020
:04736A00000000001F
:04736B00000000001E
:04736C00000000001D
:04736D00000000001C
:04736E00000000001B
:04736F00000000001A
:047370000000000019
:047371000000000018
:047372000000000017
:047373000000000016
:047374000000000015
:047375000000000014
:047376000000000013
:047377000000000012
:047378000000000011
:047379000000000010
:04737A00000000000F
:04737B00000000000E
:04737C00000000000D
:04737D00000000000C
:04737E00000000000B
:04737F00000000000A
:047380000000000009
:047381000000000008
:047382000000000007
:047383000000000006
:047384000000000005
:047385000000000004
:047386000000000003
:047387000000000002
:047388000000000001
:047389000000000000
:04738A0000000000FF
:04738B0000000000FE
:04738C0000000000FD
:04738D0000000000FC
:04738E0000000000FB
:04738F0000000000FA
:0473900000000000F9
:0473910000000000F8
:0473920000000000F7
:0473930000000000F6
:0473940000000000F5
:0473950000000000F4
:0473960000000000F3
:0473970000000000F2
:0473980000000000F1
:0473990000000000F0
:04739A0000000000EF
:04739B0000000000EE
:04739C0000000000ED
:04739D0000000000EC
:04739E0000000000EB
:04739F0000000000EA
:0473A00000000000E9
:0473A10000000000E8
:0473A20000000000E7
:0473A30000000000E6
:0473A40000000000E5
:0473A50000000000E4
:0473A60000000000E3
:0473A70000000000E2
:0473A80000000000E1
:0473A90000000000E0
:0473AA0000000000DF
:0473AB0000000000DE
:0473AC0000000000DD
:0473AD0000000000DC
:0473AE0000000000DB
:0473AF0000000000DA
:0473B00000000000D9
:0473B10000000000D8
:0473B20000000000D7
:0473B30000000000D6
:0473B40000000000D5
:0473B50000000000D4
:0473B60000000000D3
:0473B70000000000D2
:0473B80000000000D1
:0473B90000000000D0
:0473BA0000000000CF
:0473BB0000000000CE
:0473BC0000000000CD
:0473BD0000000000CC
:0473BE0000000000CB
:0473BF0000000000CA
:0473C00000000000C9
:0473C10000000000C8
:0473C20000000000C7
:0473C30000000000C6
:0473C40000000000C5
:0473C50000000000C4
:0473C60000000000C3
:0473C70000000000C2
:0473C80000000000C1
:0473C90000000000C0
:0473CA0000000000BF
:0473CB0000000000BE
:0473CC0000000000BD
:0473CD0000000000BC
:0473CE0000000000BB
:0473CF0000000000BA
:0473D00000000000B9
:0473D10000000000B8
:0473D20000000000B7
:0473D30000000000B6
:0473D40000000000B5
:0473D50000000000B4
:0473D60000000000B3
:0473D70000000000B2
:0473D80000000000B1
:0473D90000000000B0
:0473DA0000000000AF
:0473DB0000000000AE
:0473DC0000000000AD
:0473DD0000000000AC
:0473DE0000000000AB
:0473DF0000000000AA
:0473E00000000000A9
:0473E10000000000A8
:0473E20000000000A7
:0473E30000000000A6
:0473E40000000000A5
:0473E50000000000A4
:0473E60000000000A3
:0473E70000000000A2
:0473E80000000000A1
:0473E90000000000A0
:0473EA00000000009F
:0473EB00000000009E
:0473EC00000000009D
:0473ED00000000009C
:0473EE00000000009B
:0473EF00000000009A
:0473F0000000000099
:0473F1000000000098
:0473F2000000000097
:0473F3000000000096
:0473F4000000000095
:0473F5000000000094
:0473F6000000000093
:0473F7000000000092
:0473F8000000000091
:0473F9000000000090
:0473FA00000000008F
:0473FB00000000008E
:0473FC00000000008D
:0473FD00000000008C
:0473FE00000000008B
:0473FF00000000008A
:047400000000000088
:047401000000000087
:047402000000000086
:047403000000000085
:047404000000000084
:047405000000000083
:047406000000000082
:047407000000000081
:047408000000000080
:04740900000000007F
:04740A00000000007E
:04740B00000000007D
:04740C00000000007C
:04740D00000000007B
:04740E00000000007A
:04740F000000000079
:047410000000000078
:047411000000000077
:047412000000000076
:047413000000000075
:047414000000000074
:047415000000000073
:047416000000000072
:047417000000000071
:047418000000000070
:04741900000000006F
:04741A00000000006E
:04741B00000000006D
:04741C00000000006C
:04741D00000000006B
:04741E00000000006A
:04741F000000000069
:047420000000000068
:047421000000000067
:047422000000000066
:047423000000000065
:047424000000000064
:047425000000000063
:047426000000000062
:047427000000000061
:047428000000000060
:04742900000000005F
:04742A00000000005E
:04742B00000000005D
:04742C00000000005C
:04742D00000000005B
:04742E00000000005A
:04742F000000000059
:047430000000000058
:047431000000000057
:047432000000000056
:047433000000000055
:047434000000000054
:047435000000000053
:047436000000000052
:047437000000000051
:047438000000000050
:04743900000000004F
:04743A00000000004E
:04743B00000000004D
:04743C00000000004C
:04743D00000000004B
:04743E00000000004A
:04743F000000000049
:047440000000000048
:047441000000000047
:047442000000000046
:047443000000000045
:047444000000000044
:047445000000000043
:047446000000000042
:047447000000000041
:047448000000000040
:04744900000000003F
:04744A00000000003E
:04744B00000000003D
:04744C00000000003C
:04744D00000000003B
:04744E00000000003A
:04744F000000000039
:047450000000000038
:047451000000000037
:047452000000000036
:047453000000000035
:047454000000000034
:047455000000000033
:047456000000000032
:047457000000000031
:047458000000000030
:04745900000000002F
:04745A00000000002E
:04745B00000000002D
:04745C00000000002C
:04745D00000000002B
:04745E00000000002A
:04745F000000000029
:047460000000000028
:047461000000000027
:047462000000000026
:047463000000000025
:047464000000000024
:047465000000000023
:047466000000000022
:047467000000000021
:047468000000000020
:04746900000000001F
:04746A00000000001E
:04746B00000000001D
:04746C00000000001C
:04746D00000000001B
:04746E00000000001A
:04746F000000000019
:047470000000000018
:047471000000000017
:047472000000000016
:047473000000000015
:047474000000000014
:047475000000000013
:047476000000000012
:047477000000000011
:047478000000000010
:04747900000000000F
:04747A00000000000E
:04747B00000000000D
:04747C00000000000C
:04747D00000000000B
:04747E00000000000A
:04747F000000000009
:047480000000000008
:047481000000000007
:047482000000000006
:047483000000000005
:047484000000000004
:047485000000000003
:047486000000000002
:047487000000000001
:047488000000000000
:0474890000000000FF
:04748A0000000000FE
:04748B0000000000FD
:04748C0000000000FC
:04748D0000000000FB
:04748E0000000000FA
:04748F0000000000F9
:0474900000000000F8
:0474910000000000F7
:0474920000000000F6
:0474930000000000F5
:0474940000000000F4
:0474950000000000F3
:0474960000000000F2
:0474970000000000F1
:0474980000000000F0
:0474990000000000EF
:04749A0000000000EE
:04749B0000000000ED
:04749C0000000000EC
:04749D0000000000EB
:04749E0000000000EA
:04749F0000000000E9
:0474A00000000000E8
:0474A10000000000E7
:0474A20000000000E6
:0474A30000000000E5
:0474A40000000000E4
:0474A50000000000E3
:0474A60000000000E2
:0474A70000000000E1
:0474A80000000000E0
:0474A90000000000DF
:0474AA0000000000DE
:0474AB0000000000DD
:0474AC0000000000DC
:0474AD0000000000DB
:0474AE0000000000DA
:0474AF0000000000D9
:0474B00000000000D8
:0474B10000000000D7
:0474B20000000000D6
:0474B30000000000D5
:0474B40000000000D4
:0474B50000000000D3
:0474B60000000000D2
:0474B70000000000D1
:0474B80000000000D0
:0474B90000000000CF
:0474BA0000000000CE
:0474BB0000000000CD
:0474BC0000000000CC
:0474BD0000000000CB
:0474BE0000000000CA
:0474BF0000000000C9
:0474C00000000000C8
:0474C10000000000C7
:0474C20000000000C6
:0474C30000000000C5
:0474C40000000000C4
:0474C50000000000C3
:0474C60000000000C2
:0474C70000000000C1
:0474C80000000000C0
:0474C90000000000BF
:0474CA0000000000BE
:0474CB0000000000BD
:0474CC0000000000BC
:0474CD0000000000BB
:0474CE0000000000BA
:0474CF0000000000B9
:0474D00000000000B8
:0474D10000000000B7
:0474D20000000000B6
:0474D30000000000B5
:0474D40000000000B4
:0474D50000000000B3
:0474D60000000000B2
:0474D70000000000B1
:0474D80000000000B0
:0474D90000000000AF
:0474DA0000000000AE
:0474DB0000000000AD
:0474DC0000000000AC
:0474DD0000000000AB
:0474DE0000000000AA
:0474DF0000000000A9
:0474E00000000000A8
:0474E10000000000A7
:0474E20000000000A6
:0474E30000000000A5
:0474E40000000000A4
:0474E50000000000A3
:0474E60000000000A2
:0474E70000000000A1
:0474E80000000000A0
:0474E900000000009F
:0474EA00000000009E
:0474EB00000000009D
:0474EC00000000009C
:0474ED00000000009B
:0474EE00000000009A
:0474EF000000000099
:0474F0000000000098
:0474F1000000000097
:0474F2000000000096
:0474F3000000000095
:0474F4000000000094
:0474F5000000000093
:0474F6000000000092
:0474F7000000000091
:0474F8000000000090
:0474F900000000008F
:0474FA00000000008E
:0474FB00000000008D
:0474FC00000000008C
:0474FD00000000008B
:0474FE00000000008A
:0474FF000000000089
:047500000000000087
:047501000000000086
:047502000000000085
:047503000000000084
:047504000000000083
:047505000000000082
:047506000000000081
:047507000000000080
:04750800000000007F
:04750900000000007E
:04750A00000000007D
:04750B00000000007C
:04750C00000000007B
:04750D00000000007A
:04750E000000000079
:04750F000000000078
:047510000000000077
:047511000000000076
:047512000000000075
:047513000000000074
:047514000000000073
:047515000000000072
:047516000000000071
:047517000000000070
:04751800000000006F
:04751900000000006E
:04751A00000000006D
:04751B00000000006C
:04751C00000000006B
:04751D00000000006A
:04751E000000000069
:04751F000000000068
:047520000000000067
:047521000000000066
:047522000000000065
:047523000000000064
:047524000000000063
:047525000000000062
:047526000000000061
:047527000000000060
:04752800000000005F
:04752900000000005E
:04752A00000000005D
:04752B00000000005C
:04752C00000000005B
:04752D00000000005A
:04752E000000000059
:04752F000000000058
:047530000000000057
:047531000000000056
:047532000000000055
:047533000000000054
:047534000000000053
:047535000000000052
:047536000000000051
:047537000000000050
:04753800000000004F
:04753900000000004E
:04753A00000000004D
:04753B00000000004C
:04753C00000000004B
:04753D00000000004A
:04753E000000000049
:04753F000000000048
:047540000000000047
:047541000000000046
:047542000000000045
:047543000000000044
:047544000000000043
:047545000000000042
:047546000000000041
:047547000000000040
:04754800000000003F
:04754900000000003E
:04754A00000000003D
:04754B00000000003C
:04754C00000000003B
:04754D00000000003A
:04754E000000000039
:04754F000000000038
:047550000000000037
:047551000000000036
:047552000000000035
:047553000000000034
:047554000000000033
:047555000000000032
:047556000000000031
:047557000000000030
:04755800000000002F
:04755900000000002E
:04755A00000000002D
:04755B00000000002C
:04755C00000000002B
:04755D00000000002A
:04755E000000000029
:04755F000000000028
:047560000000000027
:047561000000000026
:047562000000000025
:047563000000000024
:047564000000000023
:047565000000000022
:047566000000000021
:047567000000000020
:04756800000000001F
:04756900000000001E
:04756A00000000001D
:04756B00000000001C
:04756C00000000001B
:04756D00000000001A
:04756E000000000019
:04756F000000000018
:047570000000000017
:047571000000000016
:047572000000000015
:047573000000000014
:047574000000000013
:047575000000000012
:047576000000000011
:047577000000000010
:04757800000000000F
:04757900000000000E
:04757A00000000000D
:04757B00000000000C
:04757C00000000000B
:04757D00000000000A
:04757E000000000009
:04757F000000000008
:047580000000000007
:047581000000000006
:047582000000000005
:047583000000000004
:047584000000000003
:047585000000000002
:047586000000000001
:047587000000000000
:0475880000000000FF
:0475890000000000FE
:04758A0000000000FD
:04758B0000000000FC
:04758C0000000000FB
:04758D0000000000FA
:04758E0000000000F9
:04758F0000000000F8
:0475900000000000F7
:0475910000000000F6
:0475920000000000F5
:0475930000000000F4
:0475940000000000F3
:0475950000000000F2
:0475960000000000F1
:0475970000000000F0
:0475980000000000EF
:0475990000000000EE
:04759A0000000000ED
:04759B0000000000EC
:04759C0000000000EB
:04759D0000000000EA
:04759E0000000000E9
:04759F0000000000E8
:0475A00000000000E7
:0475A10000000000E6
:0475A20000000000E5
:0475A30000000000E4
:0475A40000000000E3
:0475A50000000000E2
:0475A60000000000E1
:0475A70000000000E0
:0475A80000000000DF
:0475A90000000000DE
:0475AA0000000000DD
:0475AB0000000000DC
:0475AC0000000000DB
:0475AD0000000000DA
:0475AE0000000000D9
:0475AF0000000000D8
:0475B00000000000D7
:0475B10000000000D6
:0475B20000000000D5
:0475B30000000000D4
:0475B40000000000D3
:0475B50000000000D2
:0475B60000000000D1
:0475B70000000000D0
:0475B80000000000CF
:0475B90000000000CE
:0475BA0000000000CD
:0475BB0000000000CC
:0475BC0000000000CB
:0475BD0000000000CA
:0475BE0000000000C9
:0475BF0000000000C8
:0475C00000000000C7
:0475C10000000000C6
:0475C20000000000C5
:0475C30000000000C4
:0475C40000000000C3
:0475C50000000000C2
:0475C60000000000C1
:0475C70000000000C0
:0475C80000000000BF
:0475C90000000000BE
:0475CA0000000000BD
:0475CB0000000000BC
:0475CC0000000000BB
:0475CD0000000000BA
:0475CE0000000000B9
:0475CF0000000000B8
:0475D00000000000B7
:0475D10000000000B6
:0475D20000000000B5
:0475D30000000000B4
:0475D40000000000B3
:0475D50000000000B2
:0475D60000000000B1
:0475D70000000000B0
:0475D80000000000AF
:0475D90000000000AE
:0475DA0000000000AD
:0475DB0000000000AC
:0475DC0000000000AB
:0475DD0000000000AA
:0475DE0000000000A9
:0475DF0000000000A8
:0475E00000000000A7
:0475E10000000000A6
:0475E20000000000A5
:0475E30000000000A4
:0475E40000000000A3
:0475E50000000000A2
:0475E60000000000A1
:0475E70000000000A0
:0475E800000000009F
:0475E900000000009E
:0475EA00000000009D
:0475EB00000000009C
:0475EC00000000009B
:0475ED00000000009A
:0475EE000000000099
:0475EF000000000098
:0475F0000000000097
:0475F1000000000096
:0475F2000000000095
:0475F3000000000094
:0475F4000000000093
:0475F5000000000092
:0475F6000000000091
:0475F7000000000090
:0475F800000000008F
:0475F900000000008E
:0475FA00000000008D
:0475FB00000000008C
:0475FC00000000008B
:0475FD00000000008A
:0475FE000000000089
:0475FF000000000088
:047600000000000086
:047601000000000085
:047602000000000084
:047603000000000083
:047604000000000082
:047605000000000081
:047606000000000080
:04760700000000007F
:04760800000000007E
:04760900000000007D
:04760A00000000007C
:04760B00000000007B
:04760C00000000007A
:04760D000000000079
:04760E000000000078
:04760F000000000077
:047610000000000076
:047611000000000075
:047612000000000074
:047613000000000073
:047614000000000072
:047615000000000071
:047616000000000070
:04761700000000006F
:04761800000000006E
:04761900000000006D
:04761A00000000006C
:04761B00000000006B
:04761C00000000006A
:04761D000000000069
:04761E000000000068
:04761F000000000067
:047620000000000066
:047621000000000065
:047622000000000064
:047623000000000063
:047624000000000062
:047625000000000061
:047626000000000060
:04762700000000005F
:04762800000000005E
:04762900000000005D
:04762A00000000005C
:04762B00000000005B
:04762C00000000005A
:04762D000000000059
:04762E000000000058
:04762F000000000057
:047630000000000056
:047631000000000055
:047632000000000054
:047633000000000053
:047634000000000052
:047635000000000051
:047636000000000050
:04763700000000004F
:04763800000000004E
:04763900000000004D
:04763A00000000004C
:04763B00000000004B
:04763C00000000004A
:04763D000000000049
:04763E000000000048
:04763F000000000047
:047640000000000046
:047641000000000045
:047642000000000044
:047643000000000043
:047644000000000042
:047645000000000041
:047646000000000040
:04764700000000003F
:04764800000000003E
:04764900000000003D
:04764A00000000003C
:04764B00000000003B
:04764C00000000003A
:04764D000000000039
:04764E000000000038
:04764F000000000037
:047650000000000036
:047651000000000035
:047652000000000034
:047653000000000033
:047654000000000032
:047655000000000031
:047656000000000030
:04765700000000002F
:04765800000000002E
:04765900000000002D
:04765A00000000002C
:04765B00000000002B
:04765C00000000002A
:04765D000000000029
:04765E000000000028
:04765F000000000027
:047660000000000026
:047661000000000025
:047662000000000024
:047663000000000023
:047664000000000022
:047665000000000021
:047666000000000020
:04766700000000001F
:04766800000000001E
:04766900000000001D
:04766A00000000001C
:04766B00000000001B
:04766C00000000001A
:04766D000000000019
:04766E000000000018
:04766F000000000017
:047670000000000016
:047671000000000015
:047672000000000014
:047673000000000013
:047674000000000012
:047675000000000011
:047676000000000010
:04767700000000000F
:04767800000000000E
:04767900000000000D
:04767A00000000000C
:04767B00000000000B
:04767C00000000000A
:04767D000000000009
:04767E000000000008
:04767F000000000007
:047680000000000006
:047681000000000005
:047682000000000004
:047683000000000003
:047684000000000002
:047685000000000001
:047686000000000000
:0476870000000000FF
:0476880000000000FE
:0476890000000000FD
:04768A0000000000FC
:04768B0000000000FB
:04768C0000000000FA
:04768D0000000000F9
:04768E0000000000F8
:04768F0000000000F7
:0476900000000000F6
:0476910000000000F5
:0476920000000000F4
:0476930000000000F3
:0476940000000000F2
:0476950000000000F1
:0476960000000000F0
:0476970000000000EF
:0476980000000000EE
:0476990000000000ED
:04769A0000000000EC
:04769B0000000000EB
:04769C0000000000EA
:04769D0000000000E9
:04769E0000000000E8
:04769F0000000000E7
:0476A00000000000E6
:0476A10000000000E5
:0476A20000000000E4
:0476A30000000000E3
:0476A40000000000E2
:0476A50000000000E1
:0476A60000000000E0
:0476A70000000000DF
:0476A80000000000DE
:0476A90000000000DD
:0476AA0000000000DC
:0476AB0000000000DB
:0476AC0000000000DA
:0476AD0000000000D9
:0476AE0000000000D8
:0476AF0000000000D7
:0476B00000000000D6
:0476B10000000000D5
:0476B20000000000D4
:0476B30000000000D3
:0476B40000000000D2
:0476B50000000000D1
:0476B60000000000D0
:0476B70000000000CF
:0476B80000000000CE
:0476B90000000000CD
:0476BA0000000000CC
:0476BB0000000000CB
:0476BC0000000000CA
:0476BD0000000000C9
:0476BE0000000000C8
:0476BF0000000000C7
:0476C00000000000C6
:0476C10000000000C5
:0476C20000000000C4
:0476C30000000000C3
:0476C40000000000C2
:0476C50000000000C1
:0476C60000000000C0
:0476C70000000000BF
:0476C80000000000BE
:0476C90000000000BD
:0476CA0000000000BC
:0476CB0000000000BB
:0476CC0000000000BA
:0476CD0000000000B9
:0476CE0000000000B8
:0476CF0000000000B7
:0476D00000000000B6
:0476D10000000000B5
:0476D20000000000B4
:0476D30000000000B3
:0476D40000000000B2
:0476D50000000000B1
:0476D60000000000B0
:0476D70000000000AF
:0476D80000000000AE
:0476D90000000000AD
:0476DA0000000000AC
:0476DB0000000000AB
:0476DC0000000000AA
:0476DD0000000000A9
:0476DE0000000000A8
:0476DF0000000000A7
:0476E00000000000A6
:0476E10000000000A5
:0476E20000000000A4
:0476E30000000000A3
:0476E40000000000A2
:0476E50000000000A1
:0476E60000000000A0
:0476E700000000009F
:0476E800000000009E
:0476E900000000009D
:0476EA00000000009C
:0476EB00000000009B
:0476EC00000000009A
:0476ED000000000099
:0476EE000000000098
:0476EF000000000097
:0476F0000000000096
:0476F1000000000095
:0476F2000000000094
:0476F3000000000093
:0476F4000000000092
:0476F5000000000091
:0476F6000000000090
:0476F700000000008F
:0476F800000000008E
:0476F900000000008D
:0476FA00000000008C
:0476FB00000000008B
:0476FC00000000008A
:0476FD000000000089
:0476FE000000000088
:0476FF000000000087
:047700000000000085
:047701000000000084
:047702000000000083
:047703000000000082
:047704000000000081
:047705000000000080
:04770600000000007F
:04770700000000007E
:04770800000000007D
:04770900000000007C
:04770A00000000007B
:04770B00000000007A
:04770C000000000079
:04770D000000000078
:04770E000000000077
:04770F000000000076
:047710000000000075
:047711000000000074
:047712000000000073
:047713000000000072
:047714000000000071
:047715000000000070
:04771600000000006F
:04771700000000006E
:04771800000000006D
:04771900000000006C
:04771A00000000006B
:04771B00000000006A
:04771C000000000069
:04771D000000000068
:04771E000000000067
:04771F000000000066
:047720000000000065
:047721000000000064
:047722000000000063
:047723000000000062
:047724000000000061
:047725000000000060
:04772600000000005F
:04772700000000005E
:04772800000000005D
:04772900000000005C
:04772A00000000005B
:04772B00000000005A
:04772C000000000059
:04772D000000000058
:04772E000000000057
:04772F000000000056
:047730000000000055
:047731000000000054
:047732000000000053
:047733000000000052
:047734000000000051
:047735000000000050
:04773600000000004F
:04773700000000004E
:04773800000000004D
:04773900000000004C
:04773A00000000004B
:04773B00000000004A
:04773C000000000049
:04773D000000000048
:04773E000000000047
:04773F000000000046
:047740000000000045
:047741000000000044
:047742000000000043
:047743000000000042
:047744000000000041
:047745000000000040
:04774600000000003F
:04774700000000003E
:04774800000000003D
:04774900000000003C
:04774A00000000003B
:04774B00000000003A
:04774C000000000039
:04774D000000000038
:04774E000000000037
:04774F000000000036
:047750000000000035
:047751000000000034
:047752000000000033
:047753000000000032
:047754000000000031
:047755000000000030
:04775600000000002F
:04775700000000002E
:04775800000000002D
:04775900000000002C
:04775A00000000002B
:04775B00000000002A
:04775C000000000029
:04775D000000000028
:04775E000000000027
:04775F000000000026
:047760000000000025
:047761000000000024
:047762000000000023
:047763000000000022
:047764000000000021
:047765000000000020
:04776600000000001F
:04776700000000001E
:04776800000000001D
:04776900000000001C
:04776A00000000001B
:04776B00000000001A
:04776C000000000019
:04776D000000000018
:04776E000000000017
:04776F000000000016
:047770000000000015
:047771000000000014
:047772000000000013
:047773000000000012
:047774000000000011
:047775000000000010
:04777600000000000F
:04777700000000000E
:04777800000000000D
:04777900000000000C
:04777A00000000000B
:04777B00000000000A
:04777C000000000009
:04777D000000000008
:04777E000000000007
:04777F000000000006
:047780000000000005
:047781000000000004
:047782000000000003
:047783000000000002
:047784000000000001
:047785000000000000
:0477860000000000FF
:0477870000000000FE
:0477880000000000FD
:0477890000000000FC
:04778A0000000000FB
:04778B0000000000FA
:04778C0000000000F9
:04778D0000000000F8
:04778E0000000000F7
:04778F0000000000F6
:0477900000000000F5
:0477910000000000F4
:0477920000000000F3
:0477930000000000F2
:0477940000000000F1
:0477950000000000F0
:0477960000000000EF
:0477970000000000EE
:0477980000000000ED
:0477990000000000EC
:04779A0000000000EB
:04779B0000000000EA
:04779C0000000000E9
:04779D0000000000E8
:04779E0000000000E7
:04779F0000000000E6
:0477A00000000000E5
:0477A10000000000E4
:0477A20000000000E3
:0477A30000000000E2
:0477A40000000000E1
:0477A50000000000E0
:0477A60000000000DF
:0477A70000000000DE
:0477A80000000000DD
:0477A90000000000DC
:0477AA0000000000DB
:0477AB0000000000DA
:0477AC0000000000D9
:0477AD0000000000D8
:0477AE0000000000D7
:0477AF0000000000D6
:0477B00000000000D5
:0477B10000000000D4
:0477B20000000000D3
:0477B30000000000D2
:0477B40000000000D1
:0477B50000000000D0
:0477B60000000000CF
:0477B70000000000CE
:0477B80000000000CD
:0477B90000000000CC
:0477BA0000000000CB
:0477BB0000000000CA
:0477BC0000000000C9
:0477BD0000000000C8
:0477BE0000000000C7
:0477BF0000000000C6
:0477C00000000000C5
:0477C10000000000C4
:0477C20000000000C3
:0477C30000000000C2
:0477C40000000000C1
:0477C50000000000C0
:0477C60000000000BF
:0477C70000000000BE
:0477C80000000000BD
:0477C90000000000BC
:0477CA0000000000BB
:0477CB0000000000BA
:0477CC0000000000B9
:0477CD0000000000B8
:0477CE0000000000B7
:0477CF0000000000B6
:0477D00000000000B5
:0477D10000000000B4
:0477D20000000000B3
:0477D30000000000B2
:0477D40000000000B1
:0477D50000000000B0
:0477D60000000000AF
:0477D70000000000AE
:0477D80000000000AD
:0477D90000000000AC
:0477DA0000000000AB
:0477DB0000000000AA
:0477DC0000000000A9
:0477DD0000000000A8
:0477DE0000000000A7
:0477DF0000000000A6
:0477E00000000000A5
:0477E10000000000A4
:0477E20000000000A3
:0477E30000000000A2
:0477E40000000000A1
:0477E50000000000A0
:0477E600000000009F
:0477E700000000009E
:0477E800000000009D
:0477E900000000009C
:0477EA00000000009B
:0477EB00000000009A
:0477EC000000000099
:0477ED000000000098
:0477EE000000000097
:0477EF000000000096
:0477F0000000000095
:0477F1000000000094
:0477F2000000000093
:0477F3000000000092
:0477F4000000000091
:0477F5000000000090
:0477F600000000008F
:0477F700000000008E
:0477F800000000008D
:0477F900000000008C
:0477FA00000000008B
:0477FB00000000008A
:0477FC000000000089
:0477FD000000000088
:0477FE000000000087
:0477FF000000000086
:047800000000000084
:047801000000000083
:047802000000000082
:047803000000000081
:047804000000000080
:04780500000000007F
:04780600000000007E
:04780700000000007D
:04780800000000007C
:04780900000000007B
:04780A00000000007A
:04780B000000000079
:04780C000000000078
:04780D000000000077
:04780E000000000076
:04780F000000000075
:047810000000000074
:047811000000000073
:047812000000000072
:047813000000000071
:047814000000000070
:04781500000000006F
:04781600000000006E
:04781700000000006D
:04781800000000006C
:04781900000000006B
:04781A00000000006A
:04781B000000000069
:04781C000000000068
:04781D000000000067
:04781E000000000066
:04781F000000000065
:047820000000000064
:047821000000000063
:047822000000000062
:047823000000000061
:047824000000000060
:04782500000000005F
:04782600000000005E
:04782700000000005D
:04782800000000005C
:04782900000000005B
:04782A00000000005A
:04782B000000000059
:04782C000000000058
:04782D000000000057
:04782E000000000056
:04782F000000000055
:047830000000000054
:047831000000000053
:047832000000000052
:047833000000000051
:047834000000000050
:04783500000000004F
:04783600000000004E
:04783700000000004D
:04783800000000004C
:04783900000000004B
:04783A00000000004A
:04783B000000000049
:04783C000000000048
:04783D000000000047
:04783E000000000046
:04783F000000000045
:047840000000000044
:047841000000000043
:047842000000000042
:047843000000000041
:047844000000000040
:04784500000000003F
:04784600000000003E
:04784700000000003D
:04784800000000003C
:04784900000000003B
:04784A00000000003A
:04784B000000000039
:04784C000000000038
:04784D000000000037
:04784E000000000036
:04784F000000000035
:047850000000000034
:047851000000000033
:047852000000000032
:047853000000000031
:047854000000000030
:04785500000000002F
:04785600000000002E
:04785700000000002D
:04785800000000002C
:04785900000000002B
:04785A00000000002A
:04785B000000000029
:04785C000000000028
:04785D000000000027
:04785E000000000026
:04785F000000000025
:047860000000000024
:047861000000000023
:047862000000000022
:047863000000000021
:047864000000000020
:04786500000000001F
:04786600000000001E
:04786700000000001D
:04786800000000001C
:04786900000000001B
:04786A00000000001A
:04786B000000000019
:04786C000000000018
:04786D000000000017
:04786E000000000016
:04786F000000000015
:047870000000000014
:047871000000000013
:047872000000000012
:047873000000000011
:047874000000000010
:04787500000000000F
:04787600000000000E
:04787700000000000D
:04787800000000000C
:04787900000000000B
:04787A00000000000A
:04787B000000000009
:04787C000000000008
:04787D000000000007
:04787E000000000006
:04787F000000000005
:047880000000000004
:047881000000000003
:047882000000000002
:047883000000000001
:047884000000000000
:0478850000000000FF
:0478860000000000FE
:0478870000000000FD
:0478880000000000FC
:0478890000000000FB
:04788A0000000000FA
:04788B0000000000F9
:04788C0000000000F8
:04788D0000000000F7
:04788E0000000000F6
:04788F0000000000F5
:0478900000000000F4
:0478910000000000F3
:0478920000000000F2
:0478930000000000F1
:0478940000000000F0
:0478950000000000EF
:0478960000000000EE
:0478970000000000ED
:0478980000000000EC
:0478990000000000EB
:04789A0000000000EA
:04789B0000000000E9
:04789C0000000000E8
:04789D0000000000E7
:04789E0000000000E6
:04789F0000000000E5
:0478A00000000000E4
:0478A10000000000E3
:0478A20000000000E2
:0478A30000000000E1
:0478A40000000000E0
:0478A50000000000DF
:0478A60000000000DE
:0478A70000000000DD
:0478A80000000000DC
:0478A90000000000DB
:0478AA0000000000DA
:0478AB0000000000D9
:0478AC0000000000D8
:0478AD0000000000D7
:0478AE0000000000D6
:0478AF0000000000D5
:0478B00000000000D4
:0478B10000000000D3
:0478B20000000000D2
:0478B30000000000D1
:0478B40000000000D0
:0478B50000000000CF
:0478B60000000000CE
:0478B70000000000CD
:0478B80000000000CC
:0478B90000000000CB
:0478BA0000000000CA
:0478BB0000000000C9
:0478BC0000000000C8
:0478BD0000000000C7
:0478BE0000000000C6
:0478BF0000000000C5
:0478C00000000000C4
:0478C10000000000C3
:0478C20000000000C2
:0478C30000000000C1
:0478C40000000000C0
:0478C50000000000BF
:0478C60000000000BE
:0478C70000000000BD
:0478C80000000000BC
:0478C90000000000BB
:0478CA0000000000BA
:0478CB0000000000B9
:0478CC0000000000B8
:0478CD0000000000B7
:0478CE0000000000B6
:0478CF0000000000B5
:0478D00000000000B4
:0478D10000000000B3
:0478D20000000000B2
:0478D30000000000B1
:0478D40000000000B0
:0478D50000000000AF
:0478D60000000000AE
:0478D70000000000AD
:0478D80000000000AC
:0478D90000000000AB
:0478DA0000000000AA
:0478DB0000000000A9
:0478DC0000000000A8
:0478DD0000000000A7
:0478DE0000000000A6
:0478DF0000000000A5
:0478E00000000000A4
:0478E10000000000A3
:0478E20000000000A2
:0478E30000000000A1
:0478E40000000000A0
:0478E500000000009F
:0478E600000000009E
:0478E700000000009D
:0478E800000000009C
:0478E900000000009B
:0478EA00000000009A
:0478EB000000000099
:0478EC000000000098
:0478ED000000000097
:0478EE000000000096
:0478EF000000000095
:0478F0000000000094
:0478F1000000000093
:0478F2000000000092
:0478F3000000000091
:0478F4000000000090
:0478F500000000008F
:0478F600000000008E
:0478F700000000008D
:0478F800000000008C
:0478F900000000008B
:0478FA00000000008A
:0478FB000000000089
:0478FC000000000088
:0478FD000000000087
:0478FE000000000086
:0478FF000000000085
:047900000000000083
:047901000000000082
:047902000000000081
:047903000000000080
:04790400000000007F
:04790500000000007E
:04790600000000007D
:04790700000000007C
:04790800000000007B
:04790900000000007A
:04790A000000000079
:04790B000000000078
:04790C000000000077
:04790D000000000076
:04790E000000000075
:04790F000000000074
:047910000000000073
:047911000000000072
:047912000000000071
:047913000000000070
:04791400000000006F
:04791500000000006E
:04791600000000006D
:04791700000000006C
:04791800000000006B
:04791900000000006A
:04791A000000000069
:04791B000000000068
:04791C000000000067
:04791D000000000066
:04791E000000000065
:04791F000000000064
:047920000000000063
:047921000000000062
:047922000000000061
:047923000000000060
:04792400000000005F
:04792500000000005E
:04792600000000005D
:04792700000000005C
:04792800000000005B
:04792900000000005A
:04792A000000000059
:04792B000000000058
:04792C000000000057
:04792D000000000056
:04792E000000000055
:04792F000000000054
:047930000000000053
:047931000000000052
:047932000000000051
:047933000000000050
:04793400000000004F
:04793500000000004E
:04793600000000004D
:04793700000000004C
:04793800000000004B
:04793900000000004A
:04793A000000000049
:04793B000000000048
:04793C000000000047
:04793D000000000046
:04793E000000000045
:04793F000000000044
:047940000000000043
:047941000000000042
:047942000000000041
:047943000000000040
:04794400000000003F
:04794500000000003E
:04794600000000003D
:04794700000000003C
:04794800000000003B
:04794900000000003A
:04794A000000000039
:04794B000000000038
:04794C000000000037
:04794D000000000036
:04794E000000000035
:04794F000000000034
:047950000000000033
:047951000000000032
:047952000000000031
:047953000000000030
:04795400000000002F
:04795500000000002E
:04795600000000002D
:04795700000000002C
:04795800000000002B
:04795900000000002A
:04795A000000000029
:04795B000000000028
:04795C000000000027
:04795D000000000026
:04795E000000000025
:04795F000000000024
:047960000000000023
:047961000000000022
:047962000000000021
:047963000000000020
:04796400000000001F
:04796500000000001E
:04796600000000001D
:04796700000000001C
:04796800000000001B
:04796900000000001A
:04796A000000000019
:04796B000000000018
:04796C000000000017
:04796D000000000016
:04796E000000000015
:04796F000000000014
:047970000000000013
:047971000000000012
:047972000000000011
:047973000000000010
:04797400000000000F
:04797500000000000E
:04797600000000000D
:04797700000000000C
:04797800000000000B
:04797900000000000A
:04797A000000000009
:04797B000000000008
:04797C000000000007
:04797D000000000006
:04797E000000000005
:04797F000000000004
:047980000000000003
:047981000000000002
:047982000000000001
:047983000000000000
:0479840000000000FF
:0479850000000000FE
:0479860000000000FD
:0479870000000000FC
:0479880000000000FB
:0479890000000000FA
:04798A0000000000F9
:04798B0000000000F8
:04798C0000000000F7
:04798D0000000000F6
:04798E0000000000F5
:04798F0000000000F4
:0479900000000000F3
:0479910000000000F2
:0479920000000000F1
:0479930000000000F0
:0479940000000000EF
:0479950000000000EE
:0479960000000000ED
:0479970000000000EC
:0479980000000000EB
:0479990000000000EA
:04799A0000000000E9
:04799B0000000000E8
:04799C0000000000E7
:04799D0000000000E6
:04799E0000000000E5
:04799F0000000000E4
:0479A00000000000E3
:0479A10000000000E2
:0479A20000000000E1
:0479A30000000000E0
:0479A40000000000DF
:0479A50000000000DE
:0479A60000000000DD
:0479A70000000000DC
:0479A80000000000DB
:0479A90000000000DA
:0479AA0000000000D9
:0479AB0000000000D8
:0479AC0000000000D7
:0479AD0000000000D6
:0479AE0000000000D5
:0479AF0000000000D4
:0479B00000000000D3
:0479B10000000000D2
:0479B20000000000D1
:0479B30000000000D0
:0479B40000000000CF
:0479B50000000000CE
:0479B60000000000CD
:0479B70000000000CC
:0479B80000000000CB
:0479B90000000000CA
:0479BA0000000000C9
:0479BB0000000000C8
:0479BC0000000000C7
:0479BD0000000000C6
:0479BE0000000000C5
:0479BF0000000000C4
:0479C00000000000C3
:0479C10000000000C2
:0479C20000000000C1
:0479C30000000000C0
:0479C40000000000BF
:0479C50000000000BE
:0479C60000000000BD
:0479C70000000000BC
:0479C80000000000BB
:0479C90000000000BA
:0479CA0000000000B9
:0479CB0000000000B8
:0479CC0000000000B7
:0479CD0000000000B6
:0479CE0000000000B5
:0479CF0000000000B4
:0479D00000000000B3
:0479D10000000000B2
:0479D20000000000B1
:0479D30000000000B0
:0479D40000000000AF
:0479D50000000000AE
:0479D60000000000AD
:0479D70000000000AC
:0479D80000000000AB
:0479D90000000000AA
:0479DA0000000000A9
:0479DB0000000000A8
:0479DC0000000000A7
:0479DD0000000000A6
:0479DE0000000000A5
:0479DF0000000000A4
:0479E00000000000A3
:0479E10000000000A2
:0479E20000000000A1
:0479E30000000000A0
:0479E400000000009F
:0479E500000000009E
:0479E600000000009D
:0479E700000000009C
:0479E800000000009B
:0479E900000000009A
:0479EA000000000099
:0479EB000000000098
:0479EC000000000097
:0479ED000000000096
:0479EE000000000095
:0479EF000000000094
:0479F0000000000093
:0479F1000000000092
:0479F2000000000091
:0479F3000000000090
:0479F400000000008F
:0479F500000000008E
:0479F600000000008D
:0479F700000000008C
:0479F800000000008B
:0479F900000000008A
:0479FA000000000089
:0479FB000000000088
:0479FC000000000087
:0479FD000000000086
:0479FE000000000085
:0479FF000000000084
:047A00000000000082
:047A01000000000081
:047A02000000000080
:047A0300000000007F
:047A0400000000007E
:047A0500000000007D
:047A0600000000007C
:047A0700000000007B
:047A0800000000007A
:047A09000000000079
:047A0A000000000078
:047A0B000000000077
:047A0C000000000076
:047A0D000000000075
:047A0E000000000074
:047A0F000000000073
:047A10000000000072
:047A11000000000071
:047A12000000000070
:047A1300000000006F
:047A1400000000006E
:047A1500000000006D
:047A1600000000006C
:047A1700000000006B
:047A1800000000006A
:047A19000000000069
:047A1A000000000068
:047A1B000000000067
:047A1C000000000066
:047A1D000000000065
:047A1E000000000064
:047A1F000000000063
:047A20000000000062
:047A21000000000061
:047A22000000000060
:047A2300000000005F
:047A2400000000005E
:047A2500000000005D
:047A2600000000005C
:047A2700000000005B
:047A2800000000005A
:047A29000000000059
:047A2A000000000058
:047A2B000000000057
:047A2C000000000056
:047A2D000000000055
:047A2E000000000054
:047A2F000000000053
:047A30000000000052
:047A31000000000051
:047A32000000000050
:047A3300000000004F
:047A3400000000004E
:047A3500000000004D
:047A3600000000004C
:047A3700000000004B
:047A3800000000004A
:047A39000000000049
:047A3A000000000048
:047A3B000000000047
:047A3C000000000046
:047A3D000000000045
:047A3E000000000044
:047A3F000000000043
:047A40000000000042
:047A41000000000041
:047A42000000000040
:047A4300000000003F
:047A4400000000003E
:047A4500000000003D
:047A4600000000003C
:047A4700000000003B
:047A4800000000003A
:047A49000000000039
:047A4A000000000038
:047A4B000000000037
:047A4C000000000036
:047A4D000000000035
:047A4E000000000034
:047A4F000000000033
:047A50000000000032
:047A51000000000031
:047A52000000000030
:047A5300000000002F
:047A5400000000002E
:047A5500000000002D
:047A5600000000002C
:047A5700000000002B
:047A5800000000002A
:047A59000000000029
:047A5A000000000028
:047A5B000000000027
:047A5C000000000026
:047A5D000000000025
:047A5E000000000024
:047A5F000000000023
:047A60000000000022
:047A61000000000021
:047A62000000000020
:047A6300000000001F
:047A6400000000001E
:047A6500000000001D
:047A6600000000001C
:047A6700000000001B
:047A6800000000001A
:047A69000000000019
:047A6A000000000018
:047A6B000000000017
:047A6C000000000016
:047A6D000000000015
:047A6E000000000014
:047A6F000000000013
:047A70000000000012
:047A71000000000011
:047A72000000000010
:047A7300000000000F
:047A7400000000000E
:047A7500000000000D
:047A7600000000000C
:047A7700000000000B
:047A7800000000000A
:047A79000000000009
:047A7A000000000008
:047A7B000000000007
:047A7C000000000006
:047A7D000000000005
:047A7E000000000004
:047A7F000000000003
:047A80000000000002
:047A81000000000001
:047A82000000000000
:047A830000000000FF
:047A840000000000FE
:047A850000000000FD
:047A860000000000FC
:047A870000000000FB
:047A880000000000FA
:047A890000000000F9
:047A8A0000000000F8
:047A8B0000000000F7
:047A8C0000000000F6
:047A8D0000000000F5
:047A8E0000000000F4
:047A8F0000000000F3
:047A900000000000F2
:047A910000000000F1
:047A920000000000F0
:047A930000000000EF
:047A940000000000EE
:047A950000000000ED
:047A960000000000EC
:047A970000000000EB
:047A980000000000EA
:047A990000000000E9
:047A9A0000000000E8
:047A9B0000000000E7
:047A9C0000000000E6
:047A9D0000000000E5
:047A9E0000000000E4
:047A9F0000000000E3
:047AA00000000000E2
:047AA10000000000E1
:047AA20000000000E0
:047AA30000000000DF
:047AA40000000000DE
:047AA50000000000DD
:047AA60000000000DC
:047AA70000000000DB
:047AA80000000000DA
:047AA90000000000D9
:047AAA0000000000D8
:047AAB0000000000D7
:047AAC0000000000D6
:047AAD0000000000D5
:047AAE0000000000D4
:047AAF0000000000D3
:047AB00000000000D2
:047AB10000000000D1
:047AB20000000000D0
:047AB30000000000CF
:047AB40000000000CE
:047AB50000000000CD
:047AB60000000000CC
:047AB70000000000CB
:047AB80000000000CA
:047AB90000000000C9
:047ABA0000000000C8
:047ABB0000000000C7
:047ABC0000000000C6
:047ABD0000000000C5
:047ABE0000000000C4
:047ABF0000000000C3
:047AC00000000000C2
:047AC10000000000C1
:047AC20000000000C0
:047AC30000000000BF
:047AC40000000000BE
:047AC50000000000BD
:047AC60000000000BC
:047AC70000000000BB
:047AC80000000000BA
:047AC90000000000B9
:047ACA0000000000B8
:047ACB0000000000B7
:047ACC0000000000B6
:047ACD0000000000B5
:047ACE0000000000B4
:047ACF0000000000B3
:047AD00000000000B2
:047AD10000000000B1
:047AD20000000000B0
:047AD30000000000AF
:047AD40000000000AE
:047AD50000000000AD
:047AD60000000000AC
:047AD70000000000AB
:047AD80000000000AA
:047AD90000000000A9
:047ADA0000000000A8
:047ADB0000000000A7
:047ADC0000000000A6
:047ADD0000000000A5
:047ADE0000000000A4
:047ADF0000000000A3
:047AE00000000000A2
:047AE10000000000A1
:047AE20000000000A0
:047AE300000000009F
:047AE400000000009E
:047AE500000000009D
:047AE600000000009C
:047AE700000000009B
:047AE800000000009A
:047AE9000000000099
:047AEA000000000098
:047AEB000000000097
:047AEC000000000096
:047AED000000000095
:047AEE000000000094
:047AEF000000000093
:047AF0000000000092
:047AF1000000000091
:047AF2000000000090
:047AF300000000008F
:047AF400000000008E
:047AF500000000008D
:047AF600000000008C
:047AF700000000008B
:047AF800000000008A
:047AF9000000000089
:047AFA000000000088
:047AFB000000000087
:047AFC000000000086
:047AFD000000000085
:047AFE000000000084
:047AFF000000000083
:047B00000000000081
:047B01000000000080
:047B0200000000007F
:047B0300000000007E
:047B0400000000007D
:047B0500000000007C
:047B0600000000007B
:047B0700000000007A
:047B08000000000079
:047B09000000000078
:047B0A000000000077
:047B0B000000000076
:047B0C000000000075
:047B0D000000000074
:047B0E000000000073
:047B0F000000000072
:047B10000000000071
:047B11000000000070
:047B1200000000006F
:047B1300000000006E
:047B1400000000006D
:047B1500000000006C
:047B1600000000006B
:047B1700000000006A
:047B18000000000069
:047B19000000000068
:047B1A000000000067
:047B1B000000000066
:047B1C000000000065
:047B1D000000000064
:047B1E000000000063
:047B1F000000000062
:047B20000000000061
:047B21000000000060
:047B2200000000005F
:047B2300000000005E
:047B2400000000005D
:047B2500000000005C
:047B2600000000005B
:047B2700000000005A
:047B28000000000059
:047B29000000000058
:047B2A000000000057
:047B2B000000000056
:047B2C000000000055
:047B2D000000000054
:047B2E000000000053
:047B2F000000000052
:047B30000000000051
:047B31000000000050
:047B3200000000004F
:047B3300000000004E
:047B3400000000004D
:047B3500000000004C
:047B3600000000004B
:047B3700000000004A
:047B38000000000049
:047B39000000000048
:047B3A000000000047
:047B3B000000000046
:047B3C000000000045
:047B3D000000000044
:047B3E000000000043
:047B3F000000000042
:047B40000000000041
:047B41000000000040
:047B4200000000003F
:047B4300000000003E
:047B4400000000003D
:047B4500000000003C
:047B4600000000003B
:047B4700000000003A
:047B48000000000039
:047B49000000000038
:047B4A000000000037
:047B4B000000000036
:047B4C000000000035
:047B4D000000000034
:047B4E000000000033
:047B4F000000000032
:047B50000000000031
:047B51000000000030
:047B5200000000002F
:047B5300000000002E
:047B5400000000002D
:047B5500000000002C
:047B5600000000002B
:047B5700000000002A
:047B58000000000029
:047B59000000000028
:047B5A000000000027
:047B5B000000000026
:047B5C000000000025
:047B5D000000000024
:047B5E000000000023
:047B5F000000000022
:047B60000000000021
:047B61000000000020
:047B6200000000001F
:047B6300000000001E
:047B6400000000001D
:047B6500000000001C
:047B6600000000001B
:047B6700000000001A
:047B68000000000019
:047B69000000000018
:047B6A000000000017
:047B6B000000000016
:047B6C000000000015
:047B6D000000000014
:047B6E000000000013
:047B6F000000000012
:047B70000000000011
:047B71000000000010
:047B7200000000000F
:047B7300000000000E
:047B7400000000000D
:047B7500000000000C
:047B7600000000000B
:047B7700000000000A
:047B78000000000009
:047B79000000000008
:047B7A000000000007
:047B7B000000000006
:047B7C000000000005
:047B7D000000000004
:047B7E000000000003
:047B7F000000000002
:047B80000000000001
:047B81000000000000
:047B820000000000FF
:047B830000000000FE
:047B840000000000FD
:047B850000000000FC
:047B860000000000FB
:047B870000000000FA
:047B880000000000F9
:047B890000000000F8
:047B8A0000000000F7
:047B8B0000000000F6
:047B8C0000000000F5
:047B8D0000000000F4
:047B8E0000000000F3
:047B8F0000000000F2
:047B900000000000F1
:047B910000000000F0
:047B920000000000EF
:047B930000000000EE
:047B940000000000ED
:047B950000000000EC
:047B960000000000EB
:047B970000000000EA
:047B980000000000E9
:047B990000000000E8
:047B9A0000000000E7
:047B9B0000000000E6
:047B9C0000000000E5
:047B9D0000000000E4
:047B9E0000000000E3
:047B9F0000000000E2
:047BA00000000000E1
:047BA10000000000E0
:047BA20000000000DF
:047BA30000000000DE
:047BA40000000000DD
:047BA50000000000DC
:047BA60000000000DB
:047BA70000000000DA
:047BA80000000000D9
:047BA90000000000D8
:047BAA0000000000D7
:047BAB0000000000D6
:047BAC0000000000D5
:047BAD0000000000D4
:047BAE0000000000D3
:047BAF0000000000D2
:047BB00000000000D1
:047BB10000000000D0
:047BB20000000000CF
:047BB30000000000CE
:047BB40000000000CD
:047BB50000000000CC
:047BB60000000000CB
:047BB70000000000CA
:047BB80000000000C9
:047BB90000000000C8
:047BBA0000000000C7
:047BBB0000000000C6
:047BBC0000000000C5
:047BBD0000000000C4
:047BBE0000000000C3
:047BBF0000000000C2
:047BC00000000000C1
:047BC10000000000C0
:047BC20000000000BF
:047BC30000000000BE
:047BC40000000000BD
:047BC50000000000BC
:047BC60000000000BB
:047BC70000000000BA
:047BC80000000000B9
:047BC90000000000B8
:047BCA0000000000B7
:047BCB0000000000B6
:047BCC0000000000B5
:047BCD0000000000B4
:047BCE0000000000B3
:047BCF0000000000B2
:047BD00000000000B1
:047BD10000000000B0
:047BD20000000000AF
:047BD30000000000AE
:047BD40000000000AD
:047BD50000000000AC
:047BD60000000000AB
:047BD70000000000AA
:047BD80000000000A9
:047BD90000000000A8
:047BDA0000000000A7
:047BDB0000000000A6
:047BDC0000000000A5
:047BDD0000000000A4
:047BDE0000000000A3
:047BDF0000000000A2
:047BE00000000000A1
:047BE10000000000A0
:047BE200000000009F
:047BE300000000009E
:047BE400000000009D
:047BE500000000009C
:047BE600000000009B
:047BE700000000009A
:047BE8000000000099
:047BE9000000000098
:047BEA000000000097
:047BEB000000000096
:047BEC000000000095
:047BED000000000094
:047BEE000000000093
:047BEF000000000092
:047BF0000000000091
:047BF1000000000090
:047BF200000000008F
:047BF300000000008E
:047BF400000000008D
:047BF500000000008C
:047BF600000000008B
:047BF700000000008A
:047BF8000000000089
:047BF9000000000088
:047BFA000000000087
:047BFB000000000086
:047BFC000000000085
:047BFD000000000084
:047BFE000000000083
:047BFF000000000082
:047C00000000000080
:047C0100000000007F
:047C0200000000007E
:047C0300000000007D
:047C0400000000007C
:047C0500000000007B
:047C0600000000007A
:047C07000000000079
:047C08000000000078
:047C09000000000077
:047C0A000000000076
:047C0B000000000075
:047C0C000000000074
:047C0D000000000073
:047C0E000000000072
:047C0F000000000071
:047C10000000000070
:047C1100000000006F
:047C1200000000006E
:047C1300000000006D
:047C1400000000006C
:047C1500000000006B
:047C1600000000006A
:047C17000000000069
:047C18000000000068
:047C19000000000067
:047C1A000000000066
:047C1B000000000065
:047C1C000000000064
:047C1D000000000063
:047C1E000000000062
:047C1F000000000061
:047C20000000000060
:047C2100000000005F
:047C2200000000005E
:047C2300000000005D
:047C2400000000005C
:047C2500000000005B
:047C2600000000005A
:047C27000000000059
:047C28000000000058
:047C29000000000057
:047C2A000000000056
:047C2B000000000055
:047C2C000000000054
:047C2D000000000053
:047C2E000000000052
:047C2F000000000051
:047C30000000000050
:047C3100000000004F
:047C3200000000004E
:047C3300000000004D
:047C3400000000004C
:047C3500000000004B
:047C3600000000004A
:047C37000000000049
:047C38000000000048
:047C39000000000047
:047C3A000000000046
:047C3B000000000045
:047C3C000000000044
:047C3D000000000043
:047C3E000000000042
:047C3F000000000041
:047C40000000000040
:047C4100000000003F
:047C4200000000003E
:047C4300000000003D
:047C4400000000003C
:047C4500000000003B
:047C4600000000003A
:047C47000000000039
:047C48000000000038
:047C49000000000037
:047C4A000000000036
:047C4B000000000035
:047C4C000000000034
:047C4D000000000033
:047C4E000000000032
:047C4F000000000031
:047C50000000000030
:047C5100000000002F
:047C5200000000002E
:047C5300000000002D
:047C5400000000002C
:047C5500000000002B
:047C5600000000002A
:047C57000000000029
:047C58000000000028
:047C59000000000027
:047C5A000000000026
:047C5B000000000025
:047C5C000000000024
:047C5D000000000023
:047C5E000000000022
:047C5F000000000021
:047C60000000000020
:047C6100000000001F
:047C6200000000001E
:047C6300000000001D
:047C6400000000001C
:047C6500000000001B
:047C6600000000001A
:047C67000000000019
:047C68000000000018
:047C69000000000017
:047C6A000000000016
:047C6B000000000015
:047C6C000000000014
:047C6D000000000013
:047C6E000000000012
:047C6F000000000011
:047C70000000000010
:047C7100000000000F
:047C7200000000000E
:047C7300000000000D
:047C7400000000000C
:047C7500000000000B
:047C7600000000000A
:047C77000000000009
:047C78000000000008
:047C79000000000007
:047C7A000000000006
:047C7B000000000005
:047C7C000000000004
:047C7D000000000003
:047C7E000000000002
:047C7F000000000001
:047C80000000000000
:047C810000000000FF
:047C820000000000FE
:047C830000000000FD
:047C840000000000FC
:047C850000000000FB
:047C860000000000FA
:047C870000000000F9
:047C880000000000F8
:047C890000000000F7
:047C8A0000000000F6
:047C8B0000000000F5
:047C8C0000000000F4
:047C8D0000000000F3
:047C8E0000000000F2
:047C8F0000000000F1
:047C900000000000F0
:047C910000000000EF
:047C920000000000EE
:047C930000000000ED
:047C940000000000EC
:047C950000000000EB
:047C960000000000EA
:047C970000000000E9
:047C980000000000E8
:047C990000000000E7
:047C9A0000000000E6
:047C9B0000000000E5
:047C9C0000000000E4
:047C9D0000000000E3
:047C9E0000000000E2
:047C9F0000000000E1
:047CA00000000000E0
:047CA10000000000DF
:047CA20000000000DE
:047CA30000000000DD
:047CA40000000000DC
:047CA50000000000DB
:047CA60000000000DA
:047CA70000000000D9
:047CA80000000000D8
:047CA90000000000D7
:047CAA0000000000D6
:047CAB0000000000D5
:047CAC0000000000D4
:047CAD0000000000D3
:047CAE0000000000D2
:047CAF0000000000D1
:047CB00000000000D0
:047CB10000000000CF
:047CB20000000000CE
:047CB30000000000CD
:047CB40000000000CC
:047CB50000000000CB
:047CB60000000000CA
:047CB70000000000C9
:047CB80000000000C8
:047CB90000000000C7
:047CBA0000000000C6
:047CBB0000000000C5
:047CBC0000000000C4
:047CBD0000000000C3
:047CBE0000000000C2
:047CBF0000000000C1
:047CC00000000000C0
:047CC10000000000BF
:047CC20000000000BE
:047CC30000000000BD
:047CC40000000000BC
:047CC50000000000BB
:047CC60000000000BA
:047CC70000000000B9
:047CC80000000000B8
:047CC90000000000B7
:047CCA0000000000B6
:047CCB0000000000B5
:047CCC0000000000B4
:047CCD0000000000B3
:047CCE0000000000B2
:047CCF0000000000B1
:047CD00000000000B0
:047CD10000000000AF
:047CD20000000000AE
:047CD30000000000AD
:047CD40000000000AC
:047CD50000000000AB
:047CD60000000000AA
:047CD70000000000A9
:047CD80000000000A8
:047CD90000000000A7
:047CDA0000000000A6
:047CDB0000000000A5
:047CDC0000000000A4
:047CDD0000000000A3
:047CDE0000000000A2
:047CDF0000000000A1
:047CE00000000000A0
:047CE100000000009F
:047CE200000000009E
:047CE300000000009D
:047CE400000000009C
:047CE500000000009B
:047CE600000000009A
:047CE7000000000099
:047CE8000000000098
:047CE9000000000097
:047CEA000000000096
:047CEB000000000095
:047CEC000000000094
:047CED000000000093
:047CEE000000000092
:047CEF000000000091
:047CF0000000000090
:047CF100000000008F
:047CF200000000008E
:047CF300000000008D
:047CF400000000008C
:047CF500000000008B
:047CF600000000008A
:047CF7000000000089
:047CF8000000000088
:047CF9000000000087
:047CFA000000000086
:047CFB000000000085
:047CFC000000000084
:047CFD000000000083
:047CFE000000000082
:047CFF000000000081
:047D0000000000007F
:047D0100000000007E
:047D0200000000007D
:047D0300000000007C
:047D0400000000007B
:047D0500000000007A
:047D06000000000079
:047D07000000000078
:047D08000000000077
:047D09000000000076
:047D0A000000000075
:047D0B000000000074
:047D0C000000000073
:047D0D000000000072
:047D0E000000000071
:047D0F000000000070
:047D1000000000006F
:047D1100000000006E
:047D1200000000006D
:047D1300000000006C
:047D1400000000006B
:047D1500000000006A
:047D16000000000069
:047D17000000000068
:047D18000000000067
:047D19000000000066
:047D1A000000000065
:047D1B000000000064
:047D1C000000000063
:047D1D000000000062
:047D1E000000000061
:047D1F000000000060
:047D2000000000005F
:047D2100000000005E
:047D2200000000005D
:047D2300000000005C
:047D2400000000005B
:047D2500000000005A
:047D26000000000059
:047D27000000000058
:047D28000000000057
:047D29000000000056
:047D2A000000000055
:047D2B000000000054
:047D2C000000000053
:047D2D000000000052
:047D2E000000000051
:047D2F000000000050
:047D3000000000004F
:047D3100000000004E
:047D3200000000004D
:047D3300000000004C
:047D3400000000004B
:047D3500000000004A
:047D36000000000049
:047D37000000000048
:047D38000000000047
:047D39000000000046
:047D3A000000000045
:047D3B000000000044
:047D3C000000000043
:047D3D000000000042
:047D3E000000000041
:047D3F000000000040
:047D4000000000003F
:047D4100000000003E
:047D4200000000003D
:047D4300000000003C
:047D4400000000003B
:047D4500000000003A
:047D46000000000039
:047D47000000000038
:047D48000000000037
:047D49000000000036
:047D4A000000000035
:047D4B000000000034
:047D4C000000000033
:047D4D000000000032
:047D4E000000000031
:047D4F000000000030
:047D5000000000002F
:047D5100000000002E
:047D5200000000002D
:047D5300000000002C
:047D5400000000002B
:047D5500000000002A
:047D56000000000029
:047D57000000000028
:047D58000000000027
:047D59000000000026
:047D5A000000000025
:047D5B000000000024
:047D5C000000000023
:047D5D000000000022
:047D5E000000000021
:047D5F000000000020
:047D6000000000001F
:047D6100000000001E
:047D6200000000001D
:047D6300000000001C
:047D6400000000001B
:047D6500000000001A
:047D66000000000019
:047D67000000000018
:047D68000000000017
:047D69000000000016
:047D6A000000000015
:047D6B000000000014
:047D6C000000000013
:047D6D000000000012
:047D6E000000000011
:047D6F000000000010
:047D7000000000000F
:047D7100000000000E
:047D7200000000000D
:047D7300000000000C
:047D7400000000000B
:047D7500000000000A
:047D76000000000009
:047D77000000000008
:047D78000000000007
:047D79000000000006
:047D7A000000000005
:047D7B000000000004
:047D7C000000000003
:047D7D000000000002
:047D7E000000000001
:047D7F000000000000
:047D800000000000FF
:047D810000000000FE
:047D820000000000FD
:047D830000000000FC
:047D840000000000FB
:047D850000000000FA
:047D860000000000F9
:047D870000000000F8
:047D880000000000F7
:047D890000000000F6
:047D8A0000000000F5
:047D8B0000000000F4
:047D8C0000000000F3
:047D8D0000000000F2
:047D8E0000000000F1
:047D8F0000000000F0
:047D900000000000EF
:047D910000000000EE
:047D920000000000ED
:047D930000000000EC
:047D940000000000EB
:047D950000000000EA
:047D960000000000E9
:047D970000000000E8
:047D980000000000E7
:047D990000000000E6
:047D9A0000000000E5
:047D9B0000000000E4
:047D9C0000000000E3
:047D9D0000000000E2
:047D9E0000000000E1
:047D9F0000000000E0
:047DA00000000000DF
:047DA10000000000DE
:047DA20000000000DD
:047DA30000000000DC
:047DA40000000000DB
:047DA50000000000DA
:047DA60000000000D9
:047DA70000000000D8
:047DA80000000000D7
:047DA90000000000D6
:047DAA0000000000D5
:047DAB0000000000D4
:047DAC0000000000D3
:047DAD0000000000D2
:047DAE0000000000D1
:047DAF0000000000D0
:047DB00000000000CF
:047DB10000000000CE
:047DB20000000000CD
:047DB30000000000CC
:047DB40000000000CB
:047DB50000000000CA
:047DB60000000000C9
:047DB70000000000C8
:047DB80000000000C7
:047DB90000000000C6
:047DBA0000000000C5
:047DBB0000000000C4
:047DBC0000000000C3
:047DBD0000000000C2
:047DBE0000000000C1
:047DBF0000000000C0
:047DC00000000000BF
:047DC10000000000BE
:047DC20000000000BD
:047DC30000000000BC
:047DC40000000000BB
:047DC50000000000BA
:047DC60000000000B9
:047DC70000000000B8
:047DC80000000000B7
:047DC90000000000B6
:047DCA0000000000B5
:047DCB0000000000B4
:047DCC0000000000B3
:047DCD0000000000B2
:047DCE0000000000B1
:047DCF0000000000B0
:047DD00000000000AF
:047DD10000000000AE
:047DD20000000000AD
:047DD30000000000AC
:047DD40000000000AB
:047DD50000000000AA
:047DD60000000000A9
:047DD70000000000A8
:047DD80000000000A7
:047DD90000000000A6
:047DDA0000000000A5
:047DDB0000000000A4
:047DDC0000000000A3
:047DDD0000000000A2
:047DDE0000000000A1
:047DDF0000000000A0
:047DE000000000009F
:047DE100000000009E
:047DE200000000009D
:047DE300000000009C
:047DE400000000009B
:047DE500000000009A
:047DE6000000000099
:047DE7000000000098
:047DE8000000000097
:047DE9000000000096
:047DEA000000000095
:047DEB000000000094
:047DEC000000000093
:047DED000000000092
:047DEE000000000091
:047DEF000000000090
:047DF000000000008F
:047DF100000000008E
:047DF200000000008D
:047DF300000000008C
:047DF400000000008B
:047DF500000000008A
:047DF6000000000089
:047DF7000000000088
:047DF8000000000087
:047DF9000000000086
:047DFA000000000085
:047DFB000000000084
:047DFC000000000083
:047DFD000000000082
:047DFE000000000081
:047DFF000000000080
:047E0000000000007E
:047E0100000000007D
:047E0200000000007C
:047E0300000000007B
:047E0400000000007A
:047E05000000000079
:047E06000000000078
:047E07000000000077
:047E08000000000076
:047E09000000000075
:047E0A000000000074
:047E0B000000000073
:047E0C000000000072
:047E0D000000000071
:047E0E000000000070
:047E0F00000000006F
:047E1000000000006E
:047E1100000000006D
:047E1200000000006C
:047E1300000000006B
:047E1400000000006A
:047E15000000000069
:047E16000000000068
:047E17000000000067
:047E18000000000066
:047E19000000000065
:047E1A000000000064
:047E1B000000000063
:047E1C000000000062
:047E1D000000000061
:047E1E000000000060
:047E1F00000000005F
:047E2000000000005E
:047E2100000000005D
:047E2200000000005C
:047E2300000000005B
:047E2400000000005A
:047E25000000000059
:047E26000000000058
:047E27000000000057
:047E28000000000056
:047E29000000000055
:047E2A000000000054
:047E2B000000000053
:047E2C000000000052
:047E2D000000000051
:047E2E000000000050
:047E2F00000000004F
:047E3000000000004E
:047E3100000000004D
:047E3200000000004C
:047E3300000000004B
:047E3400000000004A
:047E35000000000049
:047E36000000000048
:047E37000000000047
:047E38000000000046
:047E39000000000045
:047E3A000000000044
:047E3B000000000043
:047E3C000000000042
:047E3D000000000041
:047E3E000000000040
:047E3F00000000003F
:047E4000000000003E
:047E4100000000003D
:047E4200000000003C
:047E4300000000003B
:047E4400000000003A
:047E45000000000039
:047E46000000000038
:047E47000000000037
:047E48000000000036
:047E49000000000035
:047E4A000000000034
:047E4B000000000033
:047E4C000000000032
:047E4D000000000031
:047E4E000000000030
:047E4F00000000002F
:047E5000000000002E
:047E5100000000002D
:047E5200000000002C
:047E5300000000002B
:047E5400000000002A
:047E55000000000029
:047E56000000000028
:047E57000000000027
:047E58000000000026
:047E59000000000025
:047E5A000000000024
:047E5B000000000023
:047E5C000000000022
:047E5D000000000021
:047E5E000000000020
:047E5F00000000001F
:047E6000000000001E
:047E6100000000001D
:047E6200000000001C
:047E6300000000001B
:047E6400000000001A
:047E65000000000019
:047E66000000000018
:047E67000000000017
:047E68000000000016
:047E69000000000015
:047E6A000000000014
:047E6B000000000013
:047E6C000000000012
:047E6D000000000011
:047E6E000000000010
:047E6F00000000000F
:047E7000000000000E
:047E7100000000000D
:047E7200000000000C
:047E7300000000000B
:047E7400000000000A
:047E75000000000009
:047E76000000000008
:047E77000000000007
:047E78000000000006
:047E79000000000005
:047E7A000000000004
:047E7B000000000003
:047E7C000000000002
:047E7D000000000001
:047E7E000000000000
:047E7F0000000000FF
:047E800000000000FE
:047E810000000000FD
:047E820000000000FC
:047E830000000000FB
:047E840000000000FA
:047E850000000000F9
:047E860000000000F8
:047E870000000000F7
:047E880000000000F6
:047E890000000000F5
:047E8A0000000000F4
:047E8B0000000000F3
:047E8C0000000000F2
:047E8D0000000000F1
:047E8E0000000000F0
:047E8F0000000000EF
:047E900000000000EE
:047E910000000000ED
:047E920000000000EC
:047E930000000000EB
:047E940000000000EA
:047E950000000000E9
:047E960000000000E8
:047E970000000000E7
:047E980000000000E6
:047E990000000000E5
:047E9A0000000000E4
:047E9B0000000000E3
:047E9C0000000000E2
:047E9D0000000000E1
:047E9E0000000000E0
:047E9F0000000000DF
:047EA00000000000DE
:047EA10000000000DD
:047EA20000000000DC
:047EA30000000000DB
:047EA40000000000DA
:047EA50000000000D9
:047EA60000000000D8
:047EA70000000000D7
:047EA80000000000D6
:047EA90000000000D5
:047EAA0000000000D4
:047EAB0000000000D3
:047EAC0000000000D2
:047EAD0000000000D1
:047EAE0000000000D0
:047EAF0000000000CF
:047EB00000000000CE
:047EB10000000000CD
:047EB20000000000CC
:047EB30000000000CB
:047EB40000000000CA
:047EB50000000000C9
:047EB60000000000C8
:047EB70000000000C7
:047EB80000000000C6
:047EB90000000000C5
:047EBA0000000000C4
:047EBB0000000000C3
:047EBC0000000000C2
:047EBD0000000000C1
:047EBE0000000000C0
:047EBF0000000000BF
:047EC00000000000BE
:047EC10000000000BD
:047EC20000000000BC
:047EC30000000000BB
:047EC40000000000BA
:047EC50000000000B9
:047EC60000000000B8
:047EC70000000000B7
:047EC80000000000B6
:047EC90000000000B5
:047ECA0000000000B4
:047ECB0000000000B3
:047ECC0000000000B2
:047ECD0000000000B1
:047ECE0000000000B0
:047ECF0000000000AF
:047ED00000000000AE
:047ED10000000000AD
:047ED20000000000AC
:047ED30000000000AB
:047ED40000000000AA
:047ED50000000000A9
:047ED60000000000A8
:047ED70000000000A7
:047ED80000000000A6
:047ED90000000000A5
:047EDA0000000000A4
:047EDB0000000000A3
:047EDC0000000000A2
:047EDD0000000000A1
:047EDE0000000000A0
:047EDF00000000009F
:047EE000000000009E
:047EE100000000009D
:047EE200000000009C
:047EE300000000009B
:047EE400000000009A
:047EE5000000000099
:047EE6000000000098
:047EE7000000000097
:047EE8000000000096
:047EE9000000000095
:047EEA000000000094
:047EEB000000000093
:047EEC000000000092
:047EED000000000091
:047EEE000000000090
:047EEF00000000008F
:047EF000000000008E
:047EF100000000008D
:047EF200000000008C
:047EF300000000008B
:047EF400000000008A
:047EF5000000000089
:047EF6000000000088
:047EF7000000000087
:047EF8000000000086
:047EF9000000000085
:047EFA000000000084
:047EFB000000000083
:047EFC000000000082
:047EFD000000000081
:047EFE000000000080
:047EFF00000000007F
:047F0000000000007D
:047F0100000000007C
:047F0200000000007B
:047F0300000000007A
:047F04000000000079
:047F05000000000078
:047F06000000000077
:047F07000000000076
:047F08000000000075
:047F09000000000074
:047F0A000000000073
:047F0B000000000072
:047F0C000000000071
:047F0D000000000070
:047F0E00000000006F
:047F0F00000000006E
:047F1000000000006D
:047F1100000000006C
:047F1200000000006B
:047F1300000000006A
:047F14000000000069
:047F15000000000068
:047F16000000000067
:047F17000000000066
:047F18000000000065
:047F19000000000064
:047F1A000000000063
:047F1B000000000062
:047F1C000000000061
:047F1D000000000060
:047F1E00000000005F
:047F1F00000000005E
:047F2000000000005D
:047F2100000000005C
:047F2200000000005B
:047F2300000000005A
:047F24000000000059
:047F25000000000058
:047F26000000000057
:047F27000000000056
:047F28000000000055
:047F29000000000054
:047F2A000000000053
:047F2B000000000052
:047F2C000000000051
:047F2D000000000050
:047F2E00000000004F
:047F2F00000000004E
:047F3000000000004D
:047F3100000000004C
:047F3200000000004B
:047F3300000000004A
:047F34000000000049
:047F35000000000048
:047F36000000000047
:047F37000000000046
:047F38000000000045
:047F39000000000044
:047F3A000000000043
:047F3B000000000042
:047F3C000000000041
:047F3D000000000040
:047F3E00000000003F
:047F3F00000000003E
:047F4000000000003D
:047F4100000000003C
:047F4200000000003B
:047F4300000000003A
:047F44000000000039
:047F45000000000038
:047F46000000000037
:047F47000000000036
:047F48000000000035
:047F49000000000034
:047F4A000000000033
:047F4B000000000032
:047F4C000000000031
:047F4D000000000030
:047F4E00000000002F
:047F4F00000000002E
:047F5000000000002D
:047F5100000000002C
:047F5200000000002B
:047F5300000000002A
:047F54000000000029
:047F55000000000028
:047F56000000000027
:047F57000000000026
:047F58000000000025
:047F59000000000024
:047F5A000000000023
:047F5B000000000022
:047F5C000000000021
:047F5D000000000020
:047F5E00000000001F
:047F5F00000000001E
:047F6000000000001D
:047F6100000000001C
:047F6200000000001B
:047F6300000000001A
:047F64000000000019
:047F65000000000018
:047F66000000000017
:047F67000000000016
:047F68000000000015
:047F69000000000014
:047F6A000000000013
:047F6B000000000012
:047F6C000000000011
:047F6D000000000010
:047F6E00000000000F
:047F6F00000000000E
:047F7000000000000D
:047F7100000000000C
:047F7200000000000B
:047F7300000000000A
:047F74000000000009
:047F75000000000008
:047F76000000000007
:047F77000000000006
:047F78000000000005
:047F79000000000004
:047F7A000000000003
:047F7B000000000002
:047F7C000000000001
:047F7D000000000000
:047F7E0000000000FF
:047F7F0000000000FE
:047F800000000000FD
:047F810000000000FC
:047F820000000000FB
:047F830000000000FA
:047F840000000000F9
:047F850000000000F8
:047F860000000000F7
:047F870000000000F6
:047F880000000000F5
:047F890000000000F4
:047F8A0000000000F3
:047F8B0000000000F2
:047F8C0000000000F1
:047F8D0000000000F0
:047F8E0000000000EF
:047F8F0000000000EE
:047F900000000000ED
:047F910000000000EC
:047F920000000000EB
:047F930000000000EA
:047F940000000000E9
:047F950000000000E8
:047F960000000000E7
:047F970000000000E6
:047F980000000000E5
:047F990000000000E4
:047F9A0000000000E3
:047F9B0000000000E2
:047F9C0000000000E1
:047F9D0000000000E0
:047F9E0000000000DF
:047F9F0000000000DE
:047FA00000000000DD
:047FA10000000000DC
:047FA20000000000DB
:047FA30000000000DA
:047FA40000000000D9
:047FA50000000000D8
:047FA60000000000D7
:047FA70000000000D6
:047FA80000000000D5
:047FA90000000000D4
:047FAA0000000000D3
:047FAB0000000000D2
:047FAC0000000000D1
:047FAD0000000000D0
:047FAE0000000000CF
:047FAF0000000000CE
:047FB00000000000CD
:047FB10000000000CC
:047FB20000000000CB
:047FB30000000000CA
:047FB40000000000C9
:047FB50000000000C8
:047FB60000000000C7
:047FB70000000000C6
:047FB80000000000C5
:047FB90000000000C4
:047FBA0000000000C3
:047FBB0000000000C2
:047FBC0000000000C1
:047FBD0000000000C0
:047FBE0000000000BF
:047FBF0000000000BE
:047FC00000000000BD
:047FC10000000000BC
:047FC20000000000BB
:047FC30000000000BA
:047FC40000000000B9
:047FC50000000000B8
:047FC60000000000B7
:047FC70000000000B6
:047FC80000000000B5
:047FC90000000000B4
:047FCA0000000000B3
:047FCB0000000000B2
:047FCC0000000000B1
:047FCD0000000000B0
:047FCE0000000000AF
:047FCF0000000000AE
:047FD00000000000AD
:047FD10000000000AC
:047FD20000000000AB
:047FD30000000000AA
:047FD40000000000A9
:047FD50000000000A8
:047FD60000000000A7
:047FD70000000000A6
:047FD80000000000A5
:047FD90000000000A4
:047FDA0000000000A3
:047FDB0000000000A2
:047FDC0000000000A1
:047FDD0000000000A0
:047FDE00000000009F
:047FDF00000000009E
:047FE000000000009D
:047FE100000000009C
:047FE200000000009B
:047FE300000000009A
:047FE4000000000099
:047FE5000000000098
:047FE6000000000097
:047FE7000000000096
:047FE8000000000095
:047FE9000000000094
:047FEA000000000093
:047FEB000000000092
:047FEC000000000091
:047FED000000000090
:047FEE00000000008F
:047FEF00000000008E
:047FF000000000008D
:047FF100000000008C
:047FF200000000008B
:047FF300000000008A
:047FF4000000000089
:047FF5000000000088
:047FF6000000000087
:047FF7000000000086
:047FF8000000000085
:047FF9000000000084
:047FFA000000000083
:047FFB000000000082
:047FFC000000000081
:047FFD000000000080
:047FFE00000000007F
:047FFF00000000007E
:00000001FF
